{
    "percentage_bucket_counter_full": {
        "rest": 100.0,
        "5": 87.0,
        "10": 96.0,
        "15": 98.4,
        "20": 99.6
    },
    "percentage_bucket_counter_generic": {
        "rest": 100.0,
        "5": 2.8000000000000003,
        "10": 4.8,
        "15": 6.2,
        "20": 6.7
    },
    "mean_budget_generic": 0.09802305891654646,
    "mean_add_points_generic": 214.74698795180723,
    "nr_func_modeled_generic": 83,
    "percentage_bucket_counter_gpr": {
        "rest": 100.0,
        "5": 9.1,
        "10": 14.2,
        "15": 17.1,
        "20": 18.4
    },
    "mean_add_points_gpr": 202.94392523364485,
    "mean_budget_gpr": 0.09925647258856486,
    "nr_func_modeled_gpr": 214,
    "percentage_bucket_counter_hybrid": {
        "rest": 100.0,
        "5": 9.1,
        "10": 14.2,
        "15": 17.1,
        "20": 18.4
    },
    "mean_budget_hybrid": 0.09925647258856486,
    "mean_add_points_hybrid": 202.94392523364485,
    "nr_func_modeled_hybrid": 214,
    "point_map_generic": {
        "(4, 10, 1000)": 1.6006006006006006,
        "(4, 10, 2000)": 9.64089521871821,
        "(4, 10, 3000)": 10.665987780040734,
        "(4, 10, 4000)": 12.09368635437882,
        "(4, 10, 5000)": 12.337741607324517,
        "(4, 20, 1000)": 2.0099118942731278,
        "(4, 20, 2000)": 12.54847645429363,
        "(4, 20, 3000)": 15.494252873563218,
        "(4, 20, 4000)": 20.761904761904763,
        "(4, 20, 5000)": 23.835164835164836,
        "(4, 30, 1000)": 3.0,
        "(4, 30, 2000)": 16.17058823529412,
        "(4, 30, 3000)": 21.553398058252426,
        "(4, 30, 4000)": 28.90717299578059,
        "(4, 30, 5000)": 32.507109004739334,
        "(4, 40, 1000)": 4.0,
        "(4, 40, 2000)": 19.434782608695652,
        "(4, 40, 3000)": 25.40357142857143,
        "(4, 40, 4000)": 34.21827411167513,
        "(4, 40, 5000)": 37.887005649717516,
        "(4, 50, 1000)": 5.0,
        "(4, 50, 2000)": 22.513422818791945,
        "(4, 50, 3000)": 28.653061224489797,
        "(4, 50, 4000)": 39.040462427745666,
        "(4, 50, 5000)": 43.2171052631579,
        "(8, 10, 1000)": 6.081528662420382,
        "(8, 10, 2000)": 17.415807560137456,
        "(8, 10, 3000)": 21.465201465201464,
        "(8, 10, 4000)": 26.0,
        "(8, 10, 5000)": 23.35135135135135,
        "(8, 20, 1000)": 14.670731707317072,
        "(8, 20, 2000)": 28.509225092250922,
        "(8, 20, 3000)": 36.80281690140845,
        "(8, 20, 4000)": 41.78918918918919,
        "(8, 20, 5000)": 45.765822784810126,
        "(8, 30, 1000)": 23.977941176470587,
        "(8, 30, 2000)": 37.28436018957346,
        "(8, 30, 3000)": 46.71153846153846,
        "(8, 30, 4000)": 51.57575757575758,
        "(8, 30, 5000)": 55.25,
        "(8, 40, 1000)": 28.378600823045268,
        "(8, 40, 2000)": 44.00588235294118,
        "(8, 40, 3000)": 52.18939393939394,
        "(8, 40, 4000)": 56.91752577319588,
        "(8, 40, 5000)": 59.91358024691358,
        "(8, 50, 1000)": 32.838427947598255,
        "(8, 50, 2000)": 47.724137931034484,
        "(8, 50, 3000)": 56.22105263157895,
        "(8, 50, 4000)": 60.35443037974684,
        "(8, 50, 5000)": 64.12962962962963,
        "(16, 10, 1000)": 7.081528662420382,
        "(16, 10, 2000)": 31.824,
        "(16, 10, 3000)": 39.00471698113208,
        "(16, 10, 4000)": 44.371428571428574,
        "(16, 10, 5000)": 32.139830508474574,
        "(16, 20, 1000)": 25.388429752066116,
        "(16, 20, 2000)": 50.452229299363054,
        "(16, 20, 3000)": 60.29761904761905,
        "(16, 20, 4000)": 64.76271186440678,
        "(16, 20, 5000)": 68.26470588235294,
        "(16, 30, 1000)": 41.608247422680414,
        "(16, 30, 2000)": 61.157303370786515,
        "(16, 30, 3000)": 70.36,
        "(16, 30, 4000)": 74.57142857142857,
        "(16, 30, 5000)": 78.33333333333333,
        "(16, 40, 1000)": 47.10967741935484,
        "(16, 40, 2000)": 66.69767441860465,
        "(16, 40, 3000)": 75.22222222222223,
        "(16, 40, 4000)": 80.0,
        "(16, 40, 5000)": 0,
        "(16, 50, 1000)": 53.0,
        "(16, 50, 2000)": 68.52,
        "(16, 50, 3000)": 77.66666666666667,
        "(16, 50, 4000)": 0,
        "(16, 50, 5000)": 0,
        "(32, 10, 1000)": 8.081528662420382,
        "(32, 10, 2000)": 49.96031746031746,
        "(32, 10, 3000)": 57.43835616438356,
        "(32, 10, 4000)": 65.95121951219512,
        "(32, 10, 5000)": 18.594594594594593,
        "(32, 20, 1000)": 29.46694214876033,
        "(32, 20, 2000)": 73.78571428571429,
        "(32, 20, 3000)": 0,
        "(32, 20, 4000)": 0,
        "(32, 20, 5000)": 0,
        "(32, 30, 1000)": 64.65217391304348,
        "(32, 30, 2000)": 0,
        "(32, 30, 3000)": 0,
        "(32, 30, 4000)": 0,
        "(32, 30, 5000)": 0,
        "(32, 40, 1000)": 72.64285714285714,
        "(32, 40, 2000)": 0,
        "(32, 40, 3000)": 0,
        "(32, 40, 4000)": 0,
        "(32, 40, 5000)": 0,
        "(32, 50, 1000)": 72.8,
        "(32, 50, 2000)": 0,
        "(32, 50, 3000)": 0,
        "(32, 50, 4000)": 0,
        "(32, 50, 5000)": 0,
        "(64, 10, 1000)": 9.081528662420382,
        "(64, 10, 2000)": 57.6,
        "(64, 10, 3000)": 0,
        "(64, 10, 4000)": 0,
        "(64, 10, 5000)": 10.0,
        "(64, 20, 1000)": 10.595238095238095,
        "(64, 20, 2000)": 0,
        "(64, 20, 3000)": 0,
        "(64, 20, 4000)": 0,
        "(64, 20, 5000)": 0,
        "(64, 30, 1000)": 0,
        "(64, 30, 2000)": 0,
        "(64, 30, 3000)": 0,
        "(64, 30, 4000)": 0,
        "(64, 30, 5000)": 0,
        "(64, 40, 1000)": 0,
        "(64, 40, 2000)": 0,
        "(64, 40, 3000)": 0,
        "(64, 40, 4000)": 0,
        "(64, 40, 5000)": 0,
        "(64, 50, 1000)": 0,
        "(64, 50, 2000)": 0,
        "(64, 50, 3000)": 0,
        "(64, 50, 4000)": 0,
        "(64, 50, 5000)": 0
    },
    "base_point_cost": 0.027666274373482305,
    "min_points": 13,
    "budget": 0.1
}