{
    "percentage_bucket_counter_full": {
        "rest": 100.0,
        "5": 87.0,
        "10": 96.0,
        "15": 98.4,
        "20": 99.6
    },
    "percentage_bucket_counter_generic": {
        "rest": 100.0,
        "5": 75.0,
        "10": 91.3,
        "15": 96.39999999999999,
        "20": 98.1
    },
    "mean_budget_generic": 39.34976426900316,
    "mean_add_points_generic": 439.61161161161164,
    "nr_func_modeled_generic": 999,
    "percentage_bucket_counter_gpr": {
        "rest": 100.0,
        "5": 79.10000000000001,
        "10": 95.0,
        "15": 97.8,
        "20": 99.2
    },
    "mean_add_points_gpr": 440.8014042126379,
    "mean_budget_gpr": 40.62924980345845,
    "nr_func_modeled_gpr": 997,
    "percentage_bucket_counter_hybrid": {
        "rest": 100.0,
        "5": 79.10000000000001,
        "10": 95.0,
        "15": 97.8,
        "20": 99.2
    },
    "mean_budget_hybrid": 40.62924980345845,
    "mean_add_points_hybrid": 440.8014042126379,
    "nr_func_modeled_hybrid": 997,
    "point_map_generic": {
        "(4, 10, 1000)": 1.617,
        "(4, 10, 2000)": 9.716,
        "(4, 10, 3000)": 10.88,
        "(4, 10, 4000)": 12.297,
        "(4, 10, 5000)": 12.679,
        "(4, 20, 1000)": 3.423,
        "(4, 20, 2000)": 13.759,
        "(4, 20, 3000)": 15.902,
        "(4, 20, 4000)": 19.435,
        "(4, 20, 5000)": 22.506,
        "(4, 30, 1000)": 5.143,
        "(4, 30, 2000)": 17.645,
        "(4, 30, 3000)": 22.065,
        "(4, 30, 4000)": 26.304,
        "(4, 30, 5000)": 29.618,
        "(4, 40, 1000)": 7.272,
        "(4, 40, 2000)": 21.396,
        "(4, 40, 3000)": 25.783,
        "(4, 40, 4000)": 32.717,
        "(4, 40, 5000)": 34.417,
        "(4, 50, 1000)": 9.147,
        "(4, 50, 2000)": 26.827,
        "(4, 50, 3000)": 31.337,
        "(4, 50, 4000)": 38.385,
        "(4, 50, 5000)": 42.085,
        "(8, 10, 1000)": 9.383,
        "(8, 10, 2000)": 22.338,
        "(8, 10, 3000)": 25.625,
        "(8, 10, 4000)": 31.159,
        "(8, 10, 5000)": 32.927,
        "(8, 20, 1000)": 20.752,
        "(8, 20, 2000)": 30.81,
        "(8, 20, 3000)": 36.504,
        "(8, 20, 4000)": 39.487,
        "(8, 20, 5000)": 43.163,
        "(8, 30, 1000)": 30.669,
        "(8, 30, 2000)": 37.296,
        "(8, 30, 3000)": 44.527,
        "(8, 30, 4000)": 48.716,
        "(8, 30, 5000)": 53.239,
        "(8, 40, 1000)": 36.378,
        "(8, 40, 2000)": 45.837,
        "(8, 40, 3000)": 50.412,
        "(8, 40, 4000)": 56.183,
        "(8, 40, 5000)": 58.293,
        "(8, 50, 1000)": 42.623,
        "(8, 50, 2000)": 50.196,
        "(8, 50, 3000)": 57.767,
        "(8, 50, 4000)": 59.361,
        "(8, 50, 5000)": 64.247,
        "(16, 10, 1000)": 16.175,
        "(16, 10, 2000)": 41.734,
        "(16, 10, 3000)": 47.377,
        "(16, 10, 4000)": 51.488,
        "(16, 10, 5000)": 51.698,
        "(16, 20, 1000)": 40.536,
        "(16, 20, 2000)": 51.349,
        "(16, 20, 3000)": 59.784,
        "(16, 20, 4000)": 62.944,
        "(16, 20, 5000)": 66.803,
        "(16, 30, 1000)": 51.522,
        "(16, 30, 2000)": 60.92,
        "(16, 30, 3000)": 68.886,
        "(16, 30, 4000)": 71.878,
        "(16, 30, 5000)": 73.779,
        "(16, 40, 1000)": 58.786,
        "(16, 40, 2000)": 70.126,
        "(16, 40, 3000)": 73.954,
        "(16, 40, 4000)": 78.986,
        "(16, 40, 5000)": 80.093,
        "(16, 50, 1000)": 67.296,
        "(16, 50, 2000)": 73.473,
        "(16, 50, 3000)": 78.856,
        "(16, 50, 4000)": 84.701,
        "(16, 50, 5000)": 86.562,
        "(32, 10, 1000)": 22.707,
        "(32, 10, 2000)": 66.765,
        "(32, 10, 3000)": 69.591,
        "(32, 10, 4000)": 76.83485309017225,
        "(32, 10, 5000)": 71.23132036847493,
        "(32, 20, 1000)": 59.077,
        "(32, 20, 2000)": 77.391,
        "(32, 20, 3000)": 84.194,
        "(32, 20, 4000)": 85.76204819277109,
        "(32, 20, 5000)": 91.84054910242872,
        "(32, 30, 1000)": 76.705,
        "(32, 30, 2000)": 85.892,
        "(32, 30, 3000)": 89.798,
        "(32, 30, 4000)": 95.98140495867769,
        "(32, 30, 5000)": 98.66631130063966,
        "(32, 40, 1000)": 83.13576494427558,
        "(32, 40, 2000)": 91.86902286902287,
        "(32, 40, 3000)": 96.0670794633643,
        "(32, 40, 4000)": 102.03395784543325,
        "(32, 40, 5000)": 101.93451720310766,
        "(32, 50, 1000)": 87.1628701594533,
        "(32, 50, 2000)": 96.81206496519721,
        "(32, 50, 3000)": 101.01182033096927,
        "(32, 50, 4000)": 101.6947004608295,
        "(32, 50, 5000)": 106.36647727272727,
        "(64, 10, 1000)": 25.80146290491118,
        "(64, 10, 2000)": 84.94682422451994,
        "(64, 10, 3000)": 91.6379781420765,
        "(64, 10, 4000)": 94.73050847457627,
        "(64, 10, 5000)": 87.10700636942676,
        "(64, 20, 1000)": 78.53968253968254,
        "(64, 20, 2000)": 99.37359900373599,
        "(64, 20, 3000)": 104.88150807899461,
        "(64, 20, 4000)": 107.87542087542087,
        "(64, 20, 5000)": 109.49521531100478,
        "(64, 30, 1000)": 95.47227191413238,
        "(64, 30, 2000)": 107.064453125,
        "(64, 30, 3000)": 113.58072289156627,
        "(64, 30, 4000)": 113.1355140186916,
        "(64, 30, 5000)": 117.47368421052632,
        "(64, 40, 1000)": 100.10123966942149,
        "(64, 40, 2000)": 111.57673267326733,
        "(64, 40, 3000)": 117.32661290322581,
        "(64, 40, 4000)": 113.28888888888889,
        "(64, 40, 5000)": 106.83050847457628,
        "(64, 50, 1000)": 101.87673611111111,
        "(64, 50, 2000)": 113.43006993006993,
        "(64, 50, 3000)": 118.42391304347827,
        "(64, 50, 4000)": 0,
        "(64, 50, 5000)": 0
    },
    "base_point_cost": 0.8019957405575612,
    "min_points": 13,
    "budget": 41.0
}