{
    "percentage_bucket_counter_full": {
        "rest": 100.0,
        "5": 87.0,
        "10": 96.0,
        "15": 98.4,
        "20": 99.6
    },
    "percentage_bucket_counter_generic": {
        "rest": 100.0,
        "5": 72.7,
        "10": 88.0,
        "15": 93.7,
        "20": 96.6
    },
    "mean_budget_generic": 27.78289974839989,
    "mean_add_points_generic": 417.3427135678392,
    "nr_func_modeled_generic": 995,
    "percentage_bucket_counter_gpr": {
        "rest": 100.0,
        "5": 76.0,
        "10": 91.3,
        "15": 95.8,
        "20": 97.39999999999999
    },
    "mean_add_points_gpr": 418.9428857715431,
    "mean_budget_gpr": 28.73829055519159,
    "nr_func_modeled_gpr": 998,
    "percentage_bucket_counter_hybrid": {
        "rest": 100.0,
        "5": 76.0,
        "10": 91.3,
        "15": 95.8,
        "20": 97.39999999999999
    },
    "mean_budget_hybrid": 28.73829055519159,
    "mean_add_points_hybrid": 418.9428857715431,
    "nr_func_modeled_hybrid": 998,
    "point_map_generic": {
        "(4, 10, 1000)": 1.617,
        "(4, 10, 2000)": 9.716,
        "(4, 10, 3000)": 10.88,
        "(4, 10, 4000)": 12.297,
        "(4, 10, 5000)": 12.679,
        "(4, 20, 1000)": 3.423,
        "(4, 20, 2000)": 13.759,
        "(4, 20, 3000)": 15.902,
        "(4, 20, 4000)": 19.435,
        "(4, 20, 5000)": 22.506,
        "(4, 30, 1000)": 5.143,
        "(4, 30, 2000)": 17.645,
        "(4, 30, 3000)": 22.065,
        "(4, 30, 4000)": 26.304,
        "(4, 30, 5000)": 29.618,
        "(4, 40, 1000)": 7.272,
        "(4, 40, 2000)": 21.396,
        "(4, 40, 3000)": 25.783,
        "(4, 40, 4000)": 32.717,
        "(4, 40, 5000)": 34.417,
        "(4, 50, 1000)": 9.147,
        "(4, 50, 2000)": 26.827,
        "(4, 50, 3000)": 31.337,
        "(4, 50, 4000)": 38.385,
        "(4, 50, 5000)": 42.085,
        "(8, 10, 1000)": 9.383,
        "(8, 10, 2000)": 22.338,
        "(8, 10, 3000)": 25.625,
        "(8, 10, 4000)": 31.159,
        "(8, 10, 5000)": 32.927,
        "(8, 20, 1000)": 20.752,
        "(8, 20, 2000)": 30.81,
        "(8, 20, 3000)": 36.504,
        "(8, 20, 4000)": 39.487,
        "(8, 20, 5000)": 43.163,
        "(8, 30, 1000)": 30.669,
        "(8, 30, 2000)": 37.296,
        "(8, 30, 3000)": 44.527,
        "(8, 30, 4000)": 48.716,
        "(8, 30, 5000)": 53.239,
        "(8, 40, 1000)": 36.378,
        "(8, 40, 2000)": 45.837,
        "(8, 40, 3000)": 50.412,
        "(8, 40, 4000)": 56.183,
        "(8, 40, 5000)": 58.293,
        "(8, 50, 1000)": 42.623,
        "(8, 50, 2000)": 50.196,
        "(8, 50, 3000)": 57.767,
        "(8, 50, 4000)": 59.361,
        "(8, 50, 5000)": 64.247,
        "(16, 10, 1000)": 16.175,
        "(16, 10, 2000)": 41.734,
        "(16, 10, 3000)": 47.377,
        "(16, 10, 4000)": 51.488,
        "(16, 10, 5000)": 51.698,
        "(16, 20, 1000)": 40.536,
        "(16, 20, 2000)": 51.349,
        "(16, 20, 3000)": 59.784,
        "(16, 20, 4000)": 62.944,
        "(16, 20, 5000)": 66.803,
        "(16, 30, 1000)": 51.522,
        "(16, 30, 2000)": 60.92,
        "(16, 30, 3000)": 68.886,
        "(16, 30, 4000)": 71.878,
        "(16, 30, 5000)": 73.779,
        "(16, 40, 1000)": 58.786,
        "(16, 40, 2000)": 70.126,
        "(16, 40, 3000)": 73.954,
        "(16, 40, 4000)": 78.986,
        "(16, 40, 5000)": 80.093,
        "(16, 50, 1000)": 65.52012711864407,
        "(16, 50, 2000)": 73.14401622718053,
        "(16, 50, 3000)": 78.51530612244898,
        "(16, 50, 4000)": 83.82092772384034,
        "(16, 50, 5000)": 86.03821656050955,
        "(32, 10, 1000)": 22.707,
        "(32, 10, 2000)": 66.72645290581163,
        "(32, 10, 3000)": 69.18833162743091,
        "(32, 10, 4000)": 75.55592105263158,
        "(32, 10, 5000)": 69.69441401971523,
        "(32, 20, 1000)": 59.077,
        "(32, 20, 2000)": 77.3608040201005,
        "(32, 20, 3000)": 83.8051948051948,
        "(32, 20, 4000)": 85.34744842562432,
        "(32, 20, 5000)": 91.5233644859813,
        "(32, 30, 1000)": 76.43091095189355,
        "(32, 30, 2000)": 85.74070138150903,
        "(32, 30, 3000)": 89.92239467849224,
        "(32, 30, 4000)": 96.34355828220859,
        "(32, 30, 5000)": 98.9058524173028,
        "(32, 40, 1000)": 81.35172413793103,
        "(32, 40, 2000)": 91.28380024360536,
        "(32, 40, 3000)": 96.34605597964376,
        "(32, 40, 4000)": 102.62068965517241,
        "(32, 40, 5000)": 101.73254086181278,
        "(32, 50, 1000)": 86.25062972292191,
        "(32, 50, 2000)": 96.86748633879782,
        "(32, 50, 3000)": 101.62773722627738,
        "(32, 50, 4000)": 101.57207890743551,
        "(32, 50, 5000)": 106.00592885375494,
        "(64, 10, 1000)": 16.488290398126463,
        "(64, 10, 2000)": 81.84303350970018,
        "(64, 10, 3000)": 88.63971880492092,
        "(64, 10, 4000)": 93.99240986717268,
        "(64, 10, 5000)": 82.72611464968153,
        "(64, 20, 1000)": 73.45926966292134,
        "(64, 20, 2000)": 98.59206349206349,
        "(64, 20, 3000)": 104.5952380952381,
        "(64, 20, 4000)": 107.04533333333333,
        "(64, 20, 5000)": 108.88888888888889,
        "(64, 30, 1000)": 93.84978540772532,
        "(64, 30, 2000)": 106.59619952494062,
        "(64, 30, 3000)": 113.26174496644295,
        "(64, 30, 4000)": 113.64571428571429,
        "(64, 30, 5000)": 116.48571428571428,
        "(64, 40, 1000)": 98.4927536231884,
        "(64, 40, 2000)": 110.05944055944056,
        "(64, 40, 3000)": 117.04545454545455,
        "(64, 40, 4000)": 0,
        "(64, 40, 5000)": 105.0,
        "(64, 50, 1000)": 100.73379629629629,
        "(64, 50, 2000)": 112.24365482233503,
        "(64, 50, 3000)": 117.1,
        "(64, 50, 4000)": 0,
        "(64, 50, 5000)": 0
    },
    "base_point_cost": 0.8019957405575612,
    "min_points": 13,
    "budget": 29.0
}