{
    "percentage_bucket_counter_full": {
        "rest": 100.0,
        "5": 87.0,
        "10": 96.0,
        "15": 98.4,
        "20": 99.6
    },
    "percentage_bucket_counter_generic": {
        "rest": 100.0,
        "5": 68.4,
        "10": 86.3,
        "15": 92.7,
        "20": 95.39999999999999
    },
    "mean_budget_generic": 18.281130366475924,
    "mean_add_points_generic": 387.97595190380764,
    "nr_func_modeled_generic": 998,
    "percentage_bucket_counter_gpr": {
        "rest": 100.0,
        "5": 73.2,
        "10": 88.4,
        "15": 94.1,
        "20": 96.2
    },
    "mean_add_points_gpr": 390.8811681772407,
    "mean_budget_gpr": 18.84249399013232,
    "nr_func_modeled_gpr": 993,
    "percentage_bucket_counter_hybrid": {
        "rest": 100.0,
        "5": 73.2,
        "10": 88.4,
        "15": 94.1,
        "20": 96.2
    },
    "mean_budget_hybrid": 18.84249399013232,
    "mean_add_points_hybrid": 390.8811681772407,
    "nr_func_modeled_hybrid": 993,
    "point_map_generic": {
        "(4, 10, 1000)": 1.617,
        "(4, 10, 2000)": 9.716,
        "(4, 10, 3000)": 10.88,
        "(4, 10, 4000)": 12.297,
        "(4, 10, 5000)": 12.679,
        "(4, 20, 1000)": 3.423,
        "(4, 20, 2000)": 13.759,
        "(4, 20, 3000)": 15.902,
        "(4, 20, 4000)": 19.435,
        "(4, 20, 5000)": 22.506,
        "(4, 30, 1000)": 5.143,
        "(4, 30, 2000)": 17.645,
        "(4, 30, 3000)": 22.065,
        "(4, 30, 4000)": 26.304,
        "(4, 30, 5000)": 29.618,
        "(4, 40, 1000)": 7.272,
        "(4, 40, 2000)": 21.396,
        "(4, 40, 3000)": 25.783,
        "(4, 40, 4000)": 32.717,
        "(4, 40, 5000)": 34.417,
        "(4, 50, 1000)": 9.147,
        "(4, 50, 2000)": 26.827,
        "(4, 50, 3000)": 31.337,
        "(4, 50, 4000)": 38.385,
        "(4, 50, 5000)": 42.085,
        "(8, 10, 1000)": 9.383,
        "(8, 10, 2000)": 22.338,
        "(8, 10, 3000)": 25.625,
        "(8, 10, 4000)": 31.159,
        "(8, 10, 5000)": 32.927,
        "(8, 20, 1000)": 20.752,
        "(8, 20, 2000)": 30.81,
        "(8, 20, 3000)": 36.504,
        "(8, 20, 4000)": 39.487,
        "(8, 20, 5000)": 43.163,
        "(8, 30, 1000)": 30.669,
        "(8, 30, 2000)": 37.296,
        "(8, 30, 3000)": 44.527,
        "(8, 30, 4000)": 48.716,
        "(8, 30, 5000)": 53.239,
        "(8, 40, 1000)": 36.378,
        "(8, 40, 2000)": 45.837,
        "(8, 40, 3000)": 50.412,
        "(8, 40, 4000)": 56.183,
        "(8, 40, 5000)": 58.293,
        "(8, 50, 1000)": 42.623,
        "(8, 50, 2000)": 50.196,
        "(8, 50, 3000)": 57.712424849699396,
        "(8, 50, 4000)": 59.361,
        "(8, 50, 5000)": 64.247,
        "(16, 10, 1000)": 16.175,
        "(16, 10, 2000)": 41.734,
        "(16, 10, 3000)": 47.377,
        "(16, 10, 4000)": 51.32661290322581,
        "(16, 10, 5000)": 50.45283018867924,
        "(16, 20, 1000)": 40.536,
        "(16, 20, 2000)": 51.349,
        "(16, 20, 3000)": 59.771771771771775,
        "(16, 20, 4000)": 62.80386178861789,
        "(16, 20, 5000)": 66.27157894736843,
        "(16, 30, 1000)": 51.522,
        "(16, 30, 2000)": 60.92,
        "(16, 30, 3000)": 68.87689202825429,
        "(16, 30, 4000)": 71.87267080745342,
        "(16, 30, 5000)": 73.70514165792235,
        "(16, 40, 1000)": 58.574747474747475,
        "(16, 40, 2000)": 69.05027322404372,
        "(16, 40, 3000)": 73.55027027027027,
        "(16, 40, 4000)": 78.96135831381733,
        "(16, 40, 5000)": 80.4041095890411,
        "(16, 50, 1000)": 63.78074245939675,
        "(16, 50, 2000)": 71.6158256880734,
        "(16, 50, 3000)": 77.64580873671783,
        "(16, 50, 4000)": 84.14833759590793,
        "(16, 50, 5000)": 86.08211920529801,
        "(32, 10, 1000)": 21.942190669371197,
        "(32, 10, 2000)": 64.93130630630631,
        "(32, 10, 3000)": 67.8803611738149,
        "(32, 10, 4000)": 74.1003717472119,
        "(32, 10, 5000)": 68.00240673886883,
        "(32, 20, 1000)": 58.06856540084388,
        "(32, 20, 2000)": 76.63321385902032,
        "(32, 20, 3000)": 83.38571428571429,
        "(32, 20, 4000)": 85.36306532663316,
        "(32, 20, 5000)": 91.16936671575847,
        "(32, 30, 1000)": 75.0185873605948,
        "(32, 30, 2000)": 85.65055248618785,
        "(32, 30, 3000)": 90.55845942228336,
        "(32, 30, 4000)": 97.11812297734627,
        "(32, 30, 5000)": 99.47124304267162,
        "(32, 40, 1000)": 80.2,
        "(32, 40, 2000)": 91.59111791730474,
        "(32, 40, 3000)": 97.22727272727273,
        "(32, 40, 4000)": 102.69214437367303,
        "(32, 40, 5000)": 101.77367205542726,
        "(32, 50, 1000)": 85.05337519623234,
        "(32, 50, 2000)": 96.71557971014492,
        "(32, 50, 3000)": 101.88955823293173,
        "(32, 50, 4000)": 101.09050772626932,
        "(32, 50, 5000)": 106.04561403508772,
        "(64, 10, 1000)": 9.544303797468354,
        "(64, 10, 2000)": 81.46768060836501,
        "(64, 10, 3000)": 88.0,
        "(64, 10, 4000)": 92.14318706697459,
        "(64, 10, 5000)": 76.98360655737704,
        "(64, 20, 1000)": 69.08059210526316,
        "(64, 20, 2000)": 97.45969498910675,
        "(64, 20, 3000)": 104.2,
        "(64, 20, 4000)": 106.52226720647774,
        "(64, 20, 5000)": 108.52409638554217,
        "(64, 30, 1000)": 92.64319248826291,
        "(64, 30, 2000)": 105.4968152866242,
        "(64, 30, 3000)": 113.07563025210084,
        "(64, 30, 4000)": 115.38888888888889,
        "(64, 30, 5000)": 0,
        "(64, 40, 1000)": 95.929203539823,
        "(64, 40, 2000)": 108.46111111111111,
        "(64, 40, 3000)": 118.0,
        "(64, 40, 4000)": 0,
        "(64, 40, 5000)": 0,
        "(64, 50, 1000)": 98.23397435897436,
        "(64, 50, 2000)": 111.00925925925925,
        "(64, 50, 3000)": 0,
        "(64, 50, 4000)": 0,
        "(64, 50, 5000)": 0
    },
    "base_point_cost": 0.8019957405575612,
    "min_points": 13,
    "budget": 19.0
}