{
    "percentage_bucket_counter_full": {
        "rest": 100.0,
        "5": 87.0,
        "10": 96.0,
        "15": 98.4,
        "20": 99.6
    },
    "percentage_bucket_counter_generic": {
        "rest": 100.0,
        "5": 16.0,
        "10": 24.5,
        "15": 28.999999999999996,
        "20": 32.2
    },
    "mean_budget_generic": 0.5788489697163799,
    "mean_add_points_generic": 271.37113402061857,
    "nr_func_modeled_generic": 388,
    "percentage_bucket_counter_gpr": {
        "rest": 100.0,
        "5": 21.8,
        "10": 29.9,
        "15": 33.6,
        "20": 36.7
    },
    "mean_add_points_gpr": 259.9840546697039,
    "mean_budget_gpr": 0.5955141447248155,
    "nr_func_modeled_gpr": 439,
    "percentage_bucket_counter_hybrid": {
        "rest": 100.0,
        "5": 21.7,
        "10": 29.799999999999997,
        "15": 33.5,
        "20": 36.6
    },
    "mean_budget_hybrid": 0.595494532210349,
    "mean_add_points_hybrid": 259.49545454545455,
    "nr_func_modeled_hybrid": 440,
    "point_map_generic": {
        "(4, 10, 1000)": 1.6006006006006006,
        "(4, 10, 2000)": 9.64089521871821,
        "(4, 10, 3000)": 10.665987780040734,
        "(4, 10, 4000)": 12.09368635437882,
        "(4, 10, 5000)": 12.337741607324517,
        "(4, 20, 1000)": 2.0822368421052633,
        "(4, 20, 2000)": 13.054263565891473,
        "(4, 20, 3000)": 15.772908366533864,
        "(4, 20, 4000)": 20.38924731182796,
        "(4, 20, 5000)": 23.949891067538125,
        "(4, 30, 1000)": 3.079034028540066,
        "(4, 30, 2000)": 16.605210420841683,
        "(4, 30, 3000)": 21.811203319502074,
        "(4, 30, 4000)": 28.36902050113895,
        "(4, 30, 5000)": 32.182464454976305,
        "(4, 40, 1000)": 4.125137211855105,
        "(4, 40, 2000)": 20.207243460764587,
        "(4, 40, 3000)": 26.48739495798319,
        "(4, 40, 4000)": 34.193236714975846,
        "(4, 40, 5000)": 37.81637717121588,
        "(4, 50, 1000)": 5.15257958287596,
        "(4, 50, 2000)": 24.34623217922607,
        "(4, 50, 3000)": 30.982721382289416,
        "(4, 50, 4000)": 39.03787878787879,
        "(4, 50, 5000)": 42.84636118598383,
        "(8, 10, 1000)": 6.145754119138149,
        "(8, 10, 2000)": 19.254504504504503,
        "(8, 10, 3000)": 23.663636363636364,
        "(8, 10, 4000)": 28.655011655011656,
        "(8, 10, 5000)": 27.871541501976285,
        "(8, 20, 1000)": 17.423008849557522,
        "(8, 20, 2000)": 29.930715935334874,
        "(8, 20, 3000)": 37.385714285714286,
        "(8, 20, 4000)": 42.15136476426799,
        "(8, 20, 5000)": 45.9088471849866,
        "(8, 30, 1000)": 26.94760820045558,
        "(8, 30, 2000)": 37.90758293838863,
        "(8, 30, 3000)": 46.67175572519084,
        "(8, 30, 4000)": 51.29360465116279,
        "(8, 30, 5000)": 55.0,
        "(8, 40, 1000)": 31.53095238095238,
        "(8, 40, 2000)": 44.42857142857143,
        "(8, 40, 3000)": 51.90419161676647,
        "(8, 40, 4000)": 56.80276816608997,
        "(8, 40, 5000)": 59.958015267175576,
        "(8, 50, 1000)": 35.92345679012346,
        "(8, 50, 2000)": 48.3232044198895,
        "(8, 50, 3000)": 56.396610169491524,
        "(8, 50, 4000)": 60.559701492537314,
        "(8, 50, 5000)": 64.21491228070175,
        "(16, 10, 1000)": 7.220532319391635,
        "(16, 10, 2000)": 35.860520094562645,
        "(16, 10, 3000)": 42.78316326530612,
        "(16, 10, 4000)": 47.24930747922438,
        "(16, 10, 5000)": 41.85141509433962,
        "(16, 20, 1000)": 31.633147113594042,
        "(16, 20, 2000)": 50.989528795811516,
        "(16, 20, 3000)": 60.32786885245902,
        "(16, 20, 4000)": 65.06274509803922,
        "(16, 20, 5000)": 68.51869158878505,
        "(16, 30, 1000)": 45.74151436031332,
        "(16, 30, 2000)": 61.033222591362126,
        "(16, 30, 3000)": 70.04608294930875,
        "(16, 30, 4000)": 73.6547619047619,
        "(16, 30, 5000)": 76.07971014492753,
        "(16, 40, 1000)": 51.152492668621704,
        "(16, 40, 2000)": 67.84482758620689,
        "(16, 40, 3000)": 74.47402597402598,
        "(16, 40, 4000)": 79.0695652173913,
        "(16, 40, 5000)": 80.93243243243244,
        "(16, 50, 1000)": 56.33980582524272,
        "(16, 50, 2000)": 70.98901098901099,
        "(16, 50, 3000)": 77.79310344827586,
        "(16, 50, 4000)": 82.4,
        "(16, 50, 5000)": 84.53571428571429,
        "(32, 10, 1000)": 8.318124207858048,
        "(32, 10, 2000)": 55.149068322981364,
        "(32, 10, 3000)": 60.39473684210526,
        "(32, 10, 4000)": 65.25906735751295,
        "(32, 10, 5000)": 45.64,
        "(32, 20, 1000)": 42.43691588785047,
        "(32, 20, 2000)": 74.35443037974683,
        "(32, 20, 3000)": 83.33962264150944,
        "(32, 20, 4000)": 87.48148148148148,
        "(32, 20, 5000)": 86.5,
        "(32, 30, 1000)": 63.37735849056604,
        "(32, 30, 2000)": 84.85714285714286,
        "(32, 30, 3000)": 94.0,
        "(32, 30, 4000)": 0,
        "(32, 30, 5000)": 0,
        "(32, 40, 1000)": 68.56962025316456,
        "(32, 40, 2000)": 88.36363636363636,
        "(32, 40, 3000)": 0,
        "(32, 40, 4000)": 0,
        "(32, 40, 5000)": 0,
        "(32, 50, 1000)": 72.23,
        "(32, 50, 2000)": 91.0,
        "(32, 50, 3000)": 0,
        "(32, 50, 4000)": 0,
        "(32, 50, 5000)": 0,
        "(64, 10, 1000)": 9.081528662420382,
        "(64, 10, 2000)": 68.23893805309734,
        "(64, 10, 3000)": 77.0,
        "(64, 10, 4000)": 74.72727272727273,
        "(64, 10, 5000)": 11.357894736842105,
        "(64, 20, 1000)": 36.1764705882353,
        "(64, 20, 2000)": 0,
        "(64, 20, 3000)": 0,
        "(64, 20, 4000)": 0,
        "(64, 20, 5000)": 0,
        "(64, 30, 1000)": 80.33333333333333,
        "(64, 30, 2000)": 0,
        "(64, 30, 3000)": 0,
        "(64, 30, 4000)": 0,
        "(64, 30, 5000)": 0,
        "(64, 40, 1000)": 0,
        "(64, 40, 2000)": 0,
        "(64, 40, 3000)": 0,
        "(64, 40, 4000)": 0,
        "(64, 40, 5000)": 0,
        "(64, 50, 1000)": 0,
        "(64, 50, 2000)": 0,
        "(64, 50, 3000)": 0,
        "(64, 50, 4000)": 0,
        "(64, 50, 5000)": 0
    },
    "base_point_cost": 0.10376336445642162,
    "min_points": 13,
    "budget": 0.6
}