{
    "percentage_bucket_counter_full": {
        "rest": 100.0,
        "5": 87.0,
        "10": 96.0,
        "15": 98.4,
        "20": 99.6
    },
    "percentage_bucket_counter_generic": {
        "rest": 100.0,
        "5": 78.4,
        "10": 94.5,
        "15": 97.7,
        "20": 99.2
    },
    "mean_budget_generic": 50.77708538345585,
    "mean_add_points_generic": 455.7592778335005,
    "nr_func_modeled_generic": 997,
    "percentage_bucket_counter_gpr": {
        "rest": 100.0,
        "5": 80.4,
        "10": 94.89999999999999,
        "15": 98.0,
        "20": 99.2
    },
    "mean_add_points_gpr": 456.74474474474476,
    "mean_budget_gpr": 52.499967344553646,
    "nr_func_modeled_gpr": 999,
    "percentage_bucket_counter_hybrid": {
        "rest": 100.0,
        "5": 80.4,
        "10": 94.89999999999999,
        "15": 98.0,
        "20": 99.2
    },
    "mean_budget_hybrid": 52.499967344553646,
    "mean_add_points_hybrid": 456.74474474474476,
    "nr_func_modeled_hybrid": 999,
    "point_map_generic": {
        "(4, 10, 1000)": 1.617,
        "(4, 10, 2000)": 9.716,
        "(4, 10, 3000)": 10.88,
        "(4, 10, 4000)": 12.297,
        "(4, 10, 5000)": 12.679,
        "(4, 20, 1000)": 3.423,
        "(4, 20, 2000)": 13.759,
        "(4, 20, 3000)": 15.902,
        "(4, 20, 4000)": 19.435,
        "(4, 20, 5000)": 22.506,
        "(4, 30, 1000)": 5.143,
        "(4, 30, 2000)": 17.645,
        "(4, 30, 3000)": 22.065,
        "(4, 30, 4000)": 26.304,
        "(4, 30, 5000)": 29.618,
        "(4, 40, 1000)": 7.272,
        "(4, 40, 2000)": 21.396,
        "(4, 40, 3000)": 25.783,
        "(4, 40, 4000)": 32.717,
        "(4, 40, 5000)": 34.417,
        "(4, 50, 1000)": 9.147,
        "(4, 50, 2000)": 26.827,
        "(4, 50, 3000)": 31.337,
        "(4, 50, 4000)": 38.385,
        "(4, 50, 5000)": 42.085,
        "(8, 10, 1000)": 9.383,
        "(8, 10, 2000)": 22.338,
        "(8, 10, 3000)": 25.625,
        "(8, 10, 4000)": 31.159,
        "(8, 10, 5000)": 32.927,
        "(8, 20, 1000)": 20.752,
        "(8, 20, 2000)": 30.81,
        "(8, 20, 3000)": 36.504,
        "(8, 20, 4000)": 39.487,
        "(8, 20, 5000)": 43.163,
        "(8, 30, 1000)": 30.669,
        "(8, 30, 2000)": 37.296,
        "(8, 30, 3000)": 44.527,
        "(8, 30, 4000)": 48.716,
        "(8, 30, 5000)": 53.239,
        "(8, 40, 1000)": 36.378,
        "(8, 40, 2000)": 45.837,
        "(8, 40, 3000)": 50.412,
        "(8, 40, 4000)": 56.183,
        "(8, 40, 5000)": 58.293,
        "(8, 50, 1000)": 42.623,
        "(8, 50, 2000)": 50.196,
        "(8, 50, 3000)": 57.767,
        "(8, 50, 4000)": 59.361,
        "(8, 50, 5000)": 64.247,
        "(16, 10, 1000)": 16.175,
        "(16, 10, 2000)": 41.734,
        "(16, 10, 3000)": 47.377,
        "(16, 10, 4000)": 51.488,
        "(16, 10, 5000)": 51.698,
        "(16, 20, 1000)": 40.536,
        "(16, 20, 2000)": 51.349,
        "(16, 20, 3000)": 59.784,
        "(16, 20, 4000)": 62.944,
        "(16, 20, 5000)": 66.803,
        "(16, 30, 1000)": 51.522,
        "(16, 30, 2000)": 60.92,
        "(16, 30, 3000)": 68.886,
        "(16, 30, 4000)": 71.878,
        "(16, 30, 5000)": 73.779,
        "(16, 40, 1000)": 58.786,
        "(16, 40, 2000)": 70.126,
        "(16, 40, 3000)": 73.954,
        "(16, 40, 4000)": 78.986,
        "(16, 40, 5000)": 80.093,
        "(16, 50, 1000)": 67.296,
        "(16, 50, 2000)": 73.473,
        "(16, 50, 3000)": 78.856,
        "(16, 50, 4000)": 84.701,
        "(16, 50, 5000)": 86.562,
        "(32, 10, 1000)": 22.707,
        "(32, 10, 2000)": 66.765,
        "(32, 10, 3000)": 69.591,
        "(32, 10, 4000)": 77.103,
        "(32, 10, 5000)": 71.895,
        "(32, 20, 1000)": 59.077,
        "(32, 20, 2000)": 77.391,
        "(32, 20, 3000)": 84.194,
        "(32, 20, 4000)": 85.807,
        "(32, 20, 5000)": 92.23380566801619,
        "(32, 30, 1000)": 76.705,
        "(32, 30, 2000)": 85.892,
        "(32, 30, 3000)": 89.798,
        "(32, 30, 4000)": 96.038,
        "(32, 30, 5000)": 98.80443548387096,
        "(32, 40, 1000)": 83.371,
        "(32, 40, 2000)": 92.23,
        "(32, 40, 3000)": 96.208,
        "(32, 40, 4000)": 102.047,
        "(32, 40, 5000)": 101.91182364729458,
        "(32, 50, 1000)": 87.88126361655773,
        "(32, 50, 2000)": 97.05561735261402,
        "(32, 50, 3000)": 101.18538713195201,
        "(32, 50, 4000)": 102.1248730964467,
        "(32, 50, 5000)": 106.86704545454545,
        "(64, 10, 1000)": 29.031062124248496,
        "(64, 10, 2000)": 88.9068100358423,
        "(64, 10, 3000)": 94.29054054054055,
        "(64, 10, 4000)": 96.28318584070796,
        "(64, 10, 5000)": 88.9154113557358,
        "(64, 20, 1000)": 81.2399193548387,
        "(64, 20, 2000)": 100.14405888538381,
        "(64, 20, 3000)": 105.37444279346211,
        "(64, 20, 4000)": 108.08239700374531,
        "(64, 20, 5000)": 110.23462783171522,
        "(64, 30, 1000)": 98.20266666666667,
        "(64, 30, 2000)": 107.62998624484182,
        "(64, 30, 3000)": 113.45889101338432,
        "(64, 30, 4000)": 113.01671732522796,
        "(64, 30, 5000)": 117.08278145695364,
        "(64, 40, 1000)": 101.12717770034843,
        "(64, 40, 2000)": 112.00411522633745,
        "(64, 40, 3000)": 117.71059431524547,
        "(64, 40, 4000)": 117.12903225806451,
        "(64, 40, 5000)": 108.98290598290598,
        "(64, 50, 1000)": 103.09756097560975,
        "(64, 50, 2000)": 114.16438356164383,
        "(64, 50, 3000)": 119.23979591836735,
        "(64, 50, 4000)": 0,
        "(64, 50, 5000)": 0
    },
    "base_point_cost": 0.8019957405575612,
    "min_points": 13,
    "budget": 53.0
}