{
    "percentage_bucket_counter_full": {
        "rest": 100.0,
        "5": 87.0,
        "10": 96.0,
        "15": 98.4,
        "20": 99.6
    },
    "percentage_bucket_counter_generic": {
        "rest": 100.0,
        "5": 63.7,
        "10": 84.3,
        "15": 91.10000000000001,
        "20": 94.1
    },
    "mean_budget_generic": 12.586529712911412,
    "mean_add_points_generic": 358.953722334004,
    "nr_func_modeled_generic": 994,
    "percentage_bucket_counter_gpr": {
        "rest": 100.0,
        "5": 71.6,
        "10": 88.1,
        "15": 94.19999999999999,
        "20": 96.0
    },
    "mean_add_points_gpr": 362.8407258064516,
    "mean_budget_gpr": 12.902838708672702,
    "nr_func_modeled_gpr": 992,
    "percentage_bucket_counter_hybrid": {
        "rest": 100.0,
        "5": 71.6,
        "10": 88.1,
        "15": 94.19999999999999,
        "20": 96.0
    },
    "mean_budget_hybrid": 12.902838708672702,
    "mean_add_points_hybrid": 362.8407258064516,
    "nr_func_modeled_hybrid": 992,
    "point_map_generic": {
        "(4, 10, 1000)": 1.617,
        "(4, 10, 2000)": 9.716,
        "(4, 10, 3000)": 10.88,
        "(4, 10, 4000)": 12.297,
        "(4, 10, 5000)": 12.679,
        "(4, 20, 1000)": 3.423,
        "(4, 20, 2000)": 13.759,
        "(4, 20, 3000)": 15.902,
        "(4, 20, 4000)": 19.435,
        "(4, 20, 5000)": 22.506,
        "(4, 30, 1000)": 5.143,
        "(4, 30, 2000)": 17.645,
        "(4, 30, 3000)": 22.065,
        "(4, 30, 4000)": 26.304,
        "(4, 30, 5000)": 29.618,
        "(4, 40, 1000)": 7.272,
        "(4, 40, 2000)": 21.396,
        "(4, 40, 3000)": 25.783,
        "(4, 40, 4000)": 32.717,
        "(4, 40, 5000)": 34.417,
        "(4, 50, 1000)": 9.147,
        "(4, 50, 2000)": 26.827,
        "(4, 50, 3000)": 31.337,
        "(4, 50, 4000)": 38.385,
        "(4, 50, 5000)": 42.085,
        "(8, 10, 1000)": 9.383,
        "(8, 10, 2000)": 22.338,
        "(8, 10, 3000)": 25.625,
        "(8, 10, 4000)": 31.159,
        "(8, 10, 5000)": 32.81124497991968,
        "(8, 20, 1000)": 20.752,
        "(8, 20, 2000)": 30.81,
        "(8, 20, 3000)": 36.504,
        "(8, 20, 4000)": 39.487,
        "(8, 20, 5000)": 43.163,
        "(8, 30, 1000)": 30.669,
        "(8, 30, 2000)": 37.296,
        "(8, 30, 3000)": 44.527,
        "(8, 30, 4000)": 48.716,
        "(8, 30, 5000)": 53.17540322580645,
        "(8, 40, 1000)": 36.378,
        "(8, 40, 2000)": 45.837,
        "(8, 40, 3000)": 50.412,
        "(8, 40, 4000)": 56.183,
        "(8, 40, 5000)": 58.293,
        "(8, 50, 1000)": 41.06910994764398,
        "(8, 50, 2000)": 49.20499479708637,
        "(8, 50, 3000)": 56.1773127753304,
        "(8, 50, 4000)": 58.735849056603776,
        "(8, 50, 5000)": 63.48237885462555,
        "(16, 10, 1000)": 16.092184368737474,
        "(16, 10, 2000)": 41.4354018311292,
        "(16, 10, 3000)": 46.637985309548796,
        "(16, 10, 4000)": 50.20021645021645,
        "(16, 10, 5000)": 49.22458100558659,
        "(16, 20, 1000)": 40.233502538071065,
        "(16, 20, 2000)": 51.26470588235294,
        "(16, 20, 3000)": 59.321311475409836,
        "(16, 20, 4000)": 62.375560538116595,
        "(16, 20, 5000)": 66.03788748564868,
        "(16, 30, 1000)": 51.19753086419753,
        "(16, 30, 2000)": 60.76734258271078,
        "(16, 30, 3000)": 68.96506024096385,
        "(16, 30, 4000)": 72.29963459196102,
        "(16, 30, 5000)": 74.32448733413752,
        "(16, 40, 1000)": 56.54682080924856,
        "(16, 40, 2000)": 68.67312661498708,
        "(16, 40, 3000)": 73.98562091503268,
        "(16, 40, 4000)": 79.6082191780822,
        "(16, 40, 5000)": 80.8890410958904,
        "(16, 50, 1000)": 62.74168797953964,
        "(16, 50, 2000)": 71.59407216494846,
        "(16, 50, 3000)": 78.56121045392022,
        "(16, 50, 4000)": 84.23019431988043,
        "(16, 50, 5000)": 85.77547770700637,
        "(32, 10, 1000)": 19.381914893617022,
        "(32, 10, 2000)": 62.81184210526316,
        "(32, 10, 3000)": 66.76025641025642,
        "(32, 10, 4000)": 72.46233382570162,
        "(32, 10, 5000)": 66.01383125864454,
        "(32, 20, 1000)": 55.871515151515155,
        "(32, 20, 2000)": 76.0968660968661,
        "(32, 20, 3000)": 83.10832025117739,
        "(32, 20, 4000)": 85.67225609756098,
        "(32, 20, 5000)": 90.88505747126437,
        "(32, 30, 1000)": 74.01369863013699,
        "(32, 30, 2000)": 85.58528428093645,
        "(32, 30, 3000)": 91.44673539518901,
        "(32, 30, 4000)": 97.67180616740089,
        "(32, 30, 5000)": 99.88333333333334,
        "(32, 40, 1000)": 79.20797227036395,
        "(32, 40, 2000)": 91.44660194174757,
        "(32, 40, 3000)": 97.67685589519651,
        "(32, 40, 4000)": 102.74172185430463,
        "(32, 40, 5000)": 102.38697318007662,
        "(32, 50, 1000)": 83.71176470588236,
        "(32, 50, 2000)": 96.02153110047847,
        "(32, 50, 3000)": 101.89197530864197,
        "(32, 50, 4000)": 101.37262357414448,
        "(32, 50, 5000)": 105.96062992125984,
        "(64, 10, 1000)": 9.544303797468354,
        "(64, 10, 2000)": 80.7905544147844,
        "(64, 10, 3000)": 86.55632183908045,
        "(64, 10, 4000)": 90.32080924855491,
        "(64, 10, 5000)": 72.8034398034398,
        "(64, 20, 1000)": 67.3800350262697,
        "(64, 20, 2000)": 96.67819148936171,
        "(64, 20, 3000)": 103.15853658536585,
        "(64, 20, 4000)": 106.05806451612904,
        "(64, 20, 5000)": 107.45238095238095,
        "(64, 30, 1000)": 90.14005602240897,
        "(64, 30, 2000)": 104.05140186915888,
        "(64, 30, 3000)": 113.26923076923077,
        "(64, 30, 4000)": 0,
        "(64, 30, 5000)": 0,
        "(64, 40, 1000)": 93.69858156028369,
        "(64, 40, 2000)": 107.89285714285714,
        "(64, 40, 3000)": 0,
        "(64, 40, 4000)": 0,
        "(64, 40, 5000)": 0,
        "(64, 50, 1000)": 95.70638297872341,
        "(64, 50, 2000)": 108.72,
        "(64, 50, 3000)": 0,
        "(64, 50, 4000)": 0,
        "(64, 50, 5000)": 0
    },
    "base_point_cost": 0.8019957405575612,
    "min_points": 13,
    "budget": 13.0
}