{
    "percentage_bucket_counter_full": {
        "rest": 100.0,
        "5": 87.0,
        "10": 96.0,
        "15": 98.4,
        "20": 99.6
    },
    "percentage_bucket_counter_generic": {
        "rest": 100.0,
        "5": 75.1,
        "10": 91.7,
        "15": 96.2,
        "20": 98.1
    },
    "mean_budget_generic": 40.24820337174099,
    "mean_add_points_generic": 441.03406813627254,
    "nr_func_modeled_generic": 998,
    "percentage_bucket_counter_gpr": {
        "rest": 100.0,
        "5": 78.9,
        "10": 94.8,
        "15": 98.2,
        "20": 99.2
    },
    "mean_add_points_gpr": 442.1392785571142,
    "mean_budget_gpr": 41.62541095736763,
    "nr_func_modeled_gpr": 998,
    "percentage_bucket_counter_hybrid": {
        "rest": 100.0,
        "5": 78.9,
        "10": 94.8,
        "15": 98.2,
        "20": 99.2
    },
    "mean_budget_hybrid": 41.62541095736763,
    "mean_add_points_hybrid": 442.1392785571142,
    "nr_func_modeled_hybrid": 998,
    "point_map_generic": {
        "(4, 10, 1000)": 1.617,
        "(4, 10, 2000)": 9.716,
        "(4, 10, 3000)": 10.88,
        "(4, 10, 4000)": 12.297,
        "(4, 10, 5000)": 12.679,
        "(4, 20, 1000)": 3.423,
        "(4, 20, 2000)": 13.759,
        "(4, 20, 3000)": 15.902,
        "(4, 20, 4000)": 19.435,
        "(4, 20, 5000)": 22.506,
        "(4, 30, 1000)": 5.143,
        "(4, 30, 2000)": 17.645,
        "(4, 30, 3000)": 22.065,
        "(4, 30, 4000)": 26.304,
        "(4, 30, 5000)": 29.618,
        "(4, 40, 1000)": 7.272,
        "(4, 40, 2000)": 21.396,
        "(4, 40, 3000)": 25.783,
        "(4, 40, 4000)": 32.717,
        "(4, 40, 5000)": 34.417,
        "(4, 50, 1000)": 9.147,
        "(4, 50, 2000)": 26.827,
        "(4, 50, 3000)": 31.337,
        "(4, 50, 4000)": 38.385,
        "(4, 50, 5000)": 42.085,
        "(8, 10, 1000)": 9.383,
        "(8, 10, 2000)": 22.338,
        "(8, 10, 3000)": 25.625,
        "(8, 10, 4000)": 31.159,
        "(8, 10, 5000)": 32.927,
        "(8, 20, 1000)": 20.752,
        "(8, 20, 2000)": 30.81,
        "(8, 20, 3000)": 36.504,
        "(8, 20, 4000)": 39.487,
        "(8, 20, 5000)": 43.163,
        "(8, 30, 1000)": 30.669,
        "(8, 30, 2000)": 37.296,
        "(8, 30, 3000)": 44.527,
        "(8, 30, 4000)": 48.716,
        "(8, 30, 5000)": 53.239,
        "(8, 40, 1000)": 36.378,
        "(8, 40, 2000)": 45.837,
        "(8, 40, 3000)": 50.412,
        "(8, 40, 4000)": 56.183,
        "(8, 40, 5000)": 58.293,
        "(8, 50, 1000)": 42.623,
        "(8, 50, 2000)": 50.196,
        "(8, 50, 3000)": 57.767,
        "(8, 50, 4000)": 59.361,
        "(8, 50, 5000)": 64.247,
        "(16, 10, 1000)": 16.175,
        "(16, 10, 2000)": 41.734,
        "(16, 10, 3000)": 47.377,
        "(16, 10, 4000)": 51.488,
        "(16, 10, 5000)": 51.698,
        "(16, 20, 1000)": 40.536,
        "(16, 20, 2000)": 51.349,
        "(16, 20, 3000)": 59.784,
        "(16, 20, 4000)": 62.944,
        "(16, 20, 5000)": 66.803,
        "(16, 30, 1000)": 51.522,
        "(16, 30, 2000)": 60.92,
        "(16, 30, 3000)": 68.886,
        "(16, 30, 4000)": 71.878,
        "(16, 30, 5000)": 73.779,
        "(16, 40, 1000)": 58.786,
        "(16, 40, 2000)": 70.126,
        "(16, 40, 3000)": 73.954,
        "(16, 40, 4000)": 78.986,
        "(16, 40, 5000)": 80.093,
        "(16, 50, 1000)": 67.296,
        "(16, 50, 2000)": 73.473,
        "(16, 50, 3000)": 78.856,
        "(16, 50, 4000)": 84.701,
        "(16, 50, 5000)": 86.562,
        "(32, 10, 1000)": 22.707,
        "(32, 10, 2000)": 66.765,
        "(32, 10, 3000)": 69.591,
        "(32, 10, 4000)": 76.95568982880161,
        "(32, 10, 5000)": 71.28089887640449,
        "(32, 20, 1000)": 59.077,
        "(32, 20, 2000)": 77.391,
        "(32, 20, 3000)": 84.194,
        "(32, 20, 4000)": 85.78456913827655,
        "(32, 20, 5000)": 91.86526315789473,
        "(32, 30, 1000)": 76.705,
        "(32, 30, 2000)": 85.892,
        "(32, 30, 3000)": 89.798,
        "(32, 30, 4000)": 95.98049281314168,
        "(32, 30, 5000)": 98.67301587301587,
        "(32, 40, 1000)": 83.22479838709677,
        "(32, 40, 2000)": 92.01637666325486,
        "(32, 40, 3000)": 96.1103166496425,
        "(32, 40, 4000)": 102.03665521191294,
        "(32, 40, 5000)": 101.93804347826087,
        "(32, 50, 1000)": 87.19750283768445,
        "(32, 50, 2000)": 96.82122260668973,
        "(32, 50, 3000)": 100.98830409356725,
        "(32, 50, 4000)": 101.6701030927835,
        "(32, 50, 5000)": 106.38068965517242,
        "(64, 10, 1000)": 26.518633540372672,
        "(64, 10, 2000)": 85.34826589595376,
        "(64, 10, 3000)": 91.91577540106952,
        "(64, 10, 4000)": 94.75885328836425,
        "(64, 10, 5000)": 87.18377693282636,
        "(64, 20, 1000)": 79.01553829078802,
        "(64, 20, 2000)": 99.4076354679803,
        "(64, 20, 3000)": 104.88888888888889,
        "(64, 20, 4000)": 107.91013071895425,
        "(64, 20, 5000)": 109.54734411085451,
        "(64, 30, 1000)": 95.58024691358025,
        "(64, 30, 2000)": 107.07293666026871,
        "(64, 30, 3000)": 113.61084905660377,
        "(64, 30, 4000)": 113.01339285714286,
        "(64, 30, 5000)": 117.527950310559,
        "(64, 40, 1000)": 100.19795918367348,
        "(64, 40, 2000)": 111.62591687041565,
        "(64, 40, 3000)": 117.37547892720306,
        "(64, 40, 4000)": 113.65573770491804,
        "(64, 40, 5000)": 106.875,
        "(64, 50, 1000)": 102.07142857142857,
        "(64, 50, 2000)": 113.47931034482758,
        "(64, 50, 3000)": 118.47368421052632,
        "(64, 50, 4000)": 0,
        "(64, 50, 5000)": 0
    },
    "base_point_cost": 0.8019957405575612,
    "min_points": 13,
    "budget": 42.0
}