{
    "percentage_bucket_counter_full": {
        "rest": 100.0,
        "5": 87.0,
        "10": 96.0,
        "15": 98.4,
        "20": 99.6
    },
    "percentage_bucket_counter_generic": {
        "rest": 100.0,
        "5": 16.2,
        "10": 25.900000000000002,
        "15": 30.2,
        "20": 33.5
    },
    "mean_budget_generic": 0.6756793353926227,
    "mean_add_points_generic": 276.88,
    "nr_func_modeled_generic": 400,
    "percentage_bucket_counter_gpr": {
        "rest": 100.0,
        "5": 21.9,
        "10": 31.3,
        "15": 36.1,
        "20": 39.900000000000006
    },
    "mean_add_points_gpr": 263.31722689075633,
    "mean_budget_gpr": 0.6949088186575606,
    "nr_func_modeled_gpr": 476,
    "percentage_bucket_counter_hybrid": {
        "rest": 100.0,
        "5": 22.0,
        "10": 31.3,
        "15": 36.1,
        "20": 39.800000000000004
    },
    "mean_budget_hybrid": 0.6949158941408013,
    "mean_add_points_hybrid": 263.32142857142856,
    "nr_func_modeled_hybrid": 476,
    "point_map_generic": {
        "(4, 10, 1000)": 1.6006006006006006,
        "(4, 10, 2000)": 9.64089521871821,
        "(4, 10, 3000)": 10.665987780040734,
        "(4, 10, 4000)": 12.09368635437882,
        "(4, 10, 5000)": 12.337741607324517,
        "(4, 20, 1000)": 2.0822368421052633,
        "(4, 20, 2000)": 13.072243346007605,
        "(4, 20, 3000)": 15.76171875,
        "(4, 20, 4000)": 20.317894736842106,
        "(4, 20, 5000)": 23.855626326963908,
        "(4, 30, 1000)": 3.079034028540066,
        "(4, 30, 2000)": 16.616141732283463,
        "(4, 30, 3000)": 21.778004073319757,
        "(4, 30, 4000)": 28.261061946902654,
        "(4, 30, 5000)": 32.22883295194508,
        "(4, 40, 1000)": 4.125137211855105,
        "(4, 40, 2000)": 20.19921104536489,
        "(4, 40, 3000)": 26.42622950819672,
        "(4, 40, 4000)": 34.276497695852534,
        "(4, 40, 5000)": 37.68181818181818,
        "(4, 50, 1000)": 5.15257958287596,
        "(4, 50, 2000)": 24.385229540918164,
        "(4, 50, 3000)": 30.987368421052633,
        "(4, 50, 4000)": 39.17985611510792,
        "(4, 50, 5000)": 42.69451697127937,
        "(8, 10, 1000)": 6.145754119138149,
        "(8, 10, 2000)": 19.408388520971304,
        "(8, 10, 3000)": 23.778761061946902,
        "(8, 10, 4000)": 28.853932584269664,
        "(8, 10, 5000)": 28.065384615384616,
        "(8, 20, 1000)": 17.606271777003485,
        "(8, 20, 2000)": 30.067264573991032,
        "(8, 20, 3000)": 37.440366972477065,
        "(8, 20, 4000)": 42.11694510739857,
        "(8, 20, 5000)": 46.03,
        "(8, 30, 1000)": 27.106904231625837,
        "(8, 30, 2000)": 37.958997722095674,
        "(8, 30, 3000)": 46.666666666666664,
        "(8, 30, 4000)": 51.439890710382514,
        "(8, 30, 5000)": 55.0030487804878,
        "(8, 40, 1000)": 31.724770642201836,
        "(8, 40, 2000)": 44.49753694581281,
        "(8, 40, 3000)": 51.99444444444445,
        "(8, 40, 4000)": 56.89333333333333,
        "(8, 40, 5000)": 60.225,
        "(8, 50, 1000)": 36.17298578199052,
        "(8, 50, 2000)": 48.32368421052632,
        "(8, 50, 3000)": 56.48253968253968,
        "(8, 50, 4000)": 60.562724014336915,
        "(8, 50, 5000)": 64.27868852459017,
        "(16, 10, 1000)": 7.220532319391635,
        "(16, 10, 2000)": 35.981351981351985,
        "(16, 10, 3000)": 43.157248157248155,
        "(16, 10, 4000)": 47.716931216931215,
        "(16, 10, 5000)": 42.26376146788991,
        "(16, 20, 1000)": 31.928308823529413,
        "(16, 20, 2000)": 51.13647642679901,
        "(16, 20, 3000)": 60.368580060422964,
        "(16, 20, 4000)": 64.88928571428572,
        "(16, 20, 5000)": 68.36134453781513,
        "(16, 30, 1000)": 45.987405541561714,
        "(16, 30, 2000)": 61.00925925925926,
        "(16, 30, 3000)": 69.92241379310344,
        "(16, 30, 4000)": 73.63440860215054,
        "(16, 30, 5000)": 76.25324675324676,
        "(16, 40, 1000)": 51.582417582417584,
        "(16, 40, 2000)": 67.86938775510204,
        "(16, 40, 3000)": 74.69411764705882,
        "(16, 40, 4000)": 78.83846153846154,
        "(16, 40, 5000)": 80.72448979591837,
        "(16, 50, 1000)": 56.74223602484472,
        "(16, 50, 2000)": 71.06161137440758,
        "(16, 50, 3000)": 78.00787401574803,
        "(16, 50, 4000)": 82.075,
        "(16, 50, 5000)": 84.34883720930233,
        "(32, 10, 1000)": 8.318124207858048,
        "(32, 10, 2000)": 55.66863905325444,
        "(32, 10, 3000)": 60.776595744680854,
        "(32, 10, 4000)": 65.94954128440367,
        "(32, 10, 5000)": 47.11654135338346,
        "(32, 20, 1000)": 43.533482142857146,
        "(32, 20, 2000)": 74.55113636363636,
        "(32, 20, 3000)": 83.4225352112676,
        "(32, 20, 4000)": 87.35897435897436,
        "(32, 20, 5000)": 87.28571428571429,
        "(32, 30, 1000)": 64.1004366812227,
        "(32, 30, 2000)": 84.85454545454546,
        "(32, 30, 3000)": 93.75,
        "(32, 30, 4000)": 0,
        "(32, 30, 5000)": 0,
        "(32, 40, 1000)": 69.00561797752809,
        "(32, 40, 2000)": 89.05555555555556,
        "(32, 40, 3000)": 0,
        "(32, 40, 4000)": 0,
        "(32, 40, 5000)": 0,
        "(32, 50, 1000)": 72.7457627118644,
        "(32, 50, 2000)": 93.5,
        "(32, 50, 3000)": 0,
        "(32, 50, 4000)": 0,
        "(32, 50, 5000)": 0,
        "(64, 10, 1000)": 9.081528662420382,
        "(64, 10, 2000)": 68.93846153846154,
        "(64, 10, 3000)": 76.2063492063492,
        "(64, 10, 4000)": 78.5625,
        "(64, 10, 5000)": 11.864583333333334,
        "(64, 20, 1000)": 38.6228813559322,
        "(64, 20, 2000)": 0,
        "(64, 20, 3000)": 0,
        "(64, 20, 4000)": 0,
        "(64, 20, 5000)": 0,
        "(64, 30, 1000)": 81.75,
        "(64, 30, 2000)": 0,
        "(64, 30, 3000)": 0,
        "(64, 30, 4000)": 0,
        "(64, 30, 5000)": 0,
        "(64, 40, 1000)": 0,
        "(64, 40, 2000)": 0,
        "(64, 40, 3000)": 0,
        "(64, 40, 4000)": 0,
        "(64, 40, 5000)": 0,
        "(64, 50, 1000)": 0,
        "(64, 50, 2000)": 0,
        "(64, 50, 3000)": 0,
        "(64, 50, 4000)": 0,
        "(64, 50, 5000)": 0
    },
    "base_point_cost": 0.1176270626894383,
    "min_points": 13,
    "budget": 0.7
}