{
    "percentage_bucket_counter_random": {
        "rest": 100.0,
        "5": 7.9,
        "10": 13.8,
        "15": 16.6,
        "20": 19.5
    },
    "mean_budget_random": 36.51220000000001,
    "mean_add_points_random": 215.636,
    "nr_func_modeled_random": 1000,
    "percentage_bucket_counter_grid": {
        "rest": 100.0,
        "5": 58.4,
        "10": 82.39999999999999,
        "15": 90.60000000000001,
        "20": 95.6
    },
    "mean_budget_grid": 34.47225396113411,
    "mean_add_points_grid": 113.58232931726907,
    "nr_func_modeled_grid": 996,
    "percentage_bucket_counter_bayesian": {
        "rest": 100.0,
        "5": 71.89999999999999,
        "10": 90.3,
        "15": 95.6,
        "20": 98.3
    },
    "mean_budget_bayesian": 36.811613218542284,
    "mean_add_points_bayesian": 429.364,
    "nr_func_modeled_bayesian": 1000,
    "percentage_bucket_counter_full": {
        "rest": 100.0,
        "5": 87.0,
        "10": 96.0,
        "15": 98.4,
        "20": 99.6
    },
    "percentage_bucket_counter_generic": {
        "rest": 100.0,
        "5": 73.2,
        "10": 90.8,
        "15": 95.89999999999999,
        "20": 97.8
    },
    "mean_budget_generic": 35.43283558032407,
    "mean_add_points_generic": 433.1062124248497,
    "nr_func_modeled_generic": 998,
    "percentage_bucket_counter_gpr": {
        "rest": 100.0,
        "5": 78.2,
        "10": 94.39999999999999,
        "15": 97.0,
        "20": 98.4
    },
    "mean_add_points_gpr": 434.2657973921765,
    "mean_budget_gpr": 36.66645434113268,
    "nr_func_modeled_gpr": 997,
    "percentage_bucket_counter_hybrid": {
        "rest": 100.0,
        "5": 78.2,
        "10": 94.39999999999999,
        "15": 97.0,
        "20": 98.4
    },
    "mean_budget_hybrid": 36.66645434113268,
    "mean_add_points_hybrid": 434.2657973921765,
    "nr_func_modeled_hybrid": 997,
    "point_map_generic": {
        "(4, 10, 1000)": 1.617,
        "(4, 10, 2000)": 9.716,
        "(4, 10, 3000)": 10.88,
        "(4, 10, 4000)": 12.297,
        "(4, 10, 5000)": 12.679,
        "(4, 20, 1000)": 3.423,
        "(4, 20, 2000)": 13.759,
        "(4, 20, 3000)": 15.902,
        "(4, 20, 4000)": 19.435,
        "(4, 20, 5000)": 22.506,
        "(4, 30, 1000)": 5.143,
        "(4, 30, 2000)": 17.645,
        "(4, 30, 3000)": 22.065,
        "(4, 30, 4000)": 26.304,
        "(4, 30, 5000)": 29.618,
        "(4, 40, 1000)": 7.272,
        "(4, 40, 2000)": 21.396,
        "(4, 40, 3000)": 25.783,
        "(4, 40, 4000)": 32.717,
        "(4, 40, 5000)": 34.417,
        "(4, 50, 1000)": 9.147,
        "(4, 50, 2000)": 26.827,
        "(4, 50, 3000)": 31.337,
        "(4, 50, 4000)": 38.385,
        "(4, 50, 5000)": 42.085,
        "(8, 10, 1000)": 9.383,
        "(8, 10, 2000)": 22.338,
        "(8, 10, 3000)": 25.625,
        "(8, 10, 4000)": 31.159,
        "(8, 10, 5000)": 32.927,
        "(8, 20, 1000)": 20.752,
        "(8, 20, 2000)": 30.81,
        "(8, 20, 3000)": 36.504,
        "(8, 20, 4000)": 39.487,
        "(8, 20, 5000)": 43.163,
        "(8, 30, 1000)": 30.669,
        "(8, 30, 2000)": 37.296,
        "(8, 30, 3000)": 44.527,
        "(8, 30, 4000)": 48.716,
        "(8, 30, 5000)": 53.239,
        "(8, 40, 1000)": 36.378,
        "(8, 40, 2000)": 45.837,
        "(8, 40, 3000)": 50.412,
        "(8, 40, 4000)": 56.183,
        "(8, 40, 5000)": 58.293,
        "(8, 50, 1000)": 42.623,
        "(8, 50, 2000)": 50.196,
        "(8, 50, 3000)": 57.767,
        "(8, 50, 4000)": 59.361,
        "(8, 50, 5000)": 64.247,
        "(16, 10, 1000)": 16.175,
        "(16, 10, 2000)": 41.734,
        "(16, 10, 3000)": 47.377,
        "(16, 10, 4000)": 51.488,
        "(16, 10, 5000)": 51.698,
        "(16, 20, 1000)": 40.536,
        "(16, 20, 2000)": 51.349,
        "(16, 20, 3000)": 59.784,
        "(16, 20, 4000)": 62.944,
        "(16, 20, 5000)": 66.803,
        "(16, 30, 1000)": 51.522,
        "(16, 30, 2000)": 60.92,
        "(16, 30, 3000)": 68.886,
        "(16, 30, 4000)": 71.878,
        "(16, 30, 5000)": 73.779,
        "(16, 40, 1000)": 58.786,
        "(16, 40, 2000)": 70.126,
        "(16, 40, 3000)": 73.954,
        "(16, 40, 4000)": 78.986,
        "(16, 40, 5000)": 80.093,
        "(16, 50, 1000)": 67.296,
        "(16, 50, 2000)": 73.473,
        "(16, 50, 3000)": 78.856,
        "(16, 50, 4000)": 84.65195586760281,
        "(16, 50, 5000)": 86.562,
        "(32, 10, 1000)": 22.707,
        "(32, 10, 2000)": 66.765,
        "(32, 10, 3000)": 69.591,
        "(32, 10, 4000)": 76.559670781893,
        "(32, 10, 5000)": 70.78623566214807,
        "(32, 20, 1000)": 59.077,
        "(32, 20, 2000)": 77.391,
        "(32, 20, 3000)": 84.16750250752257,
        "(32, 20, 4000)": 85.63404689092762,
        "(32, 20, 5000)": 91.6434023991276,
        "(32, 30, 1000)": 76.705,
        "(32, 30, 2000)": 85.892,
        "(32, 30, 3000)": 89.798,
        "(32, 30, 4000)": 96.0010649627263,
        "(32, 30, 5000)": 98.70444444444445,
        "(32, 40, 1000)": 82.37261146496816,
        "(32, 40, 2000)": 91.36593406593407,
        "(32, 40, 3000)": 95.98357064622125,
        "(32, 40, 4000)": 102.17955112219451,
        "(32, 40, 5000)": 102.02424242424243,
        "(32, 50, 1000)": 87.04032258064517,
        "(32, 50, 2000)": 96.76144578313253,
        "(32, 50, 3000)": 101.1301703163017,
        "(32, 50, 4000)": 101.66541822721598,
        "(32, 50, 5000)": 106.18068535825545,
        "(64, 10, 1000)": 23.35991379310345,
        "(64, 10, 2000)": 82.98042414355628,
        "(64, 10, 3000)": 90.47305389221557,
        "(64, 10, 4000)": 94.60975609756098,
        "(64, 10, 5000)": 86.11275167785234,
        "(64, 20, 1000)": 77.31503579952268,
        "(64, 20, 2000)": 99.1054054054054,
        "(64, 20, 3000)": 104.925,
        "(64, 20, 4000)": 107.59288537549408,
        "(64, 20, 5000)": 109.46368715083798,
        "(64, 30, 1000)": 94.99045801526718,
        "(64, 30, 2000)": 107.00416666666666,
        "(64, 30, 3000)": 113.48711340206185,
        "(64, 30, 4000)": 113.2358208955224,
        "(64, 30, 5000)": 117.09009009009009,
        "(64, 40, 1000)": 99.59691629955947,
        "(64, 40, 2000)": 111.08310249307479,
        "(64, 40, 3000)": 117.16931216931216,
        "(64, 40, 4000)": 112.4,
        "(64, 40, 5000)": 106.23404255319149,
        "(64, 50, 1000)": 101.48301886792453,
        "(64, 50, 2000)": 113.09689922480621,
        "(64, 50, 3000)": 118.27118644067797,
        "(64, 50, 4000)": 0,
        "(64, 50, 5000)": 0
    },
    "base_point_cost": 0.8019957405575612,
    "min_points": 13,
    "budget": 37.0
}