{
    "percentage_bucket_counter_random": {
        "rest": 100.0,
        "5": 7.9,
        "10": 13.8,
        "15": 16.6,
        "20": 19.5
    },
    "mean_budget_random": 47.44481999999999,
    "mean_add_points_random": 263.451,
    "nr_func_modeled_random": 1000,
    "percentage_bucket_counter_grid": {
        "rest": 100.0,
        "5": 65.8,
        "10": 89.0,
        "15": 95.39999999999999,
        "20": 98.4
    },
    "mean_budget_grid": 45.47982959418593,
    "mean_add_points_grid": 125.284,
    "nr_func_modeled_grid": 1000,
    "percentage_bucket_counter_bayesian": {
        "rest": 100.0,
        "5": 73.6,
        "10": 91.8,
        "15": 96.89999999999999,
        "20": 98.4
    },
    "mean_budget_bayesian": 47.77199806494547,
    "mean_add_points_bayesian": 446.53306613226454,
    "nr_func_modeled_bayesian": 998,
    "percentage_bucket_counter_full": {
        "rest": 100.0,
        "5": 87.0,
        "10": 96.0,
        "15": 98.4,
        "20": 99.6
    },
    "percentage_bucket_counter_generic": {
        "rest": 100.0,
        "5": 77.4,
        "10": 93.5,
        "15": 97.7,
        "20": 99.0
    },
    "mean_budget_generic": 46.06143419659556,
    "mean_add_points_generic": 449.53753753753756,
    "nr_func_modeled_generic": 999,
    "percentage_bucket_counter_gpr": {
        "rest": 100.0,
        "5": 80.5,
        "10": 95.0,
        "15": 98.2,
        "20": 99.4
    },
    "mean_add_points_gpr": 450.509,
    "mean_budget_gpr": 47.578313711052736,
    "nr_func_modeled_gpr": 1000,
    "percentage_bucket_counter_hybrid": {
        "rest": 100.0,
        "5": 80.5,
        "10": 95.0,
        "15": 98.2,
        "20": 99.4
    },
    "mean_budget_hybrid": 47.578313711052736,
    "mean_add_points_hybrid": 450.509,
    "nr_func_modeled_hybrid": 1000,
    "point_map_generic": {
        "(4, 10, 1000)": 1.617,
        "(4, 10, 2000)": 9.716,
        "(4, 10, 3000)": 10.88,
        "(4, 10, 4000)": 12.297,
        "(4, 10, 5000)": 12.679,
        "(4, 20, 1000)": 3.423,
        "(4, 20, 2000)": 13.759,
        "(4, 20, 3000)": 15.902,
        "(4, 20, 4000)": 19.435,
        "(4, 20, 5000)": 22.506,
        "(4, 30, 1000)": 5.143,
        "(4, 30, 2000)": 17.645,
        "(4, 30, 3000)": 22.065,
        "(4, 30, 4000)": 26.304,
        "(4, 30, 5000)": 29.618,
        "(4, 40, 1000)": 7.272,
        "(4, 40, 2000)": 21.396,
        "(4, 40, 3000)": 25.783,
        "(4, 40, 4000)": 32.717,
        "(4, 40, 5000)": 34.417,
        "(4, 50, 1000)": 9.147,
        "(4, 50, 2000)": 26.827,
        "(4, 50, 3000)": 31.337,
        "(4, 50, 4000)": 38.385,
        "(4, 50, 5000)": 42.085,
        "(8, 10, 1000)": 9.383,
        "(8, 10, 2000)": 22.338,
        "(8, 10, 3000)": 25.625,
        "(8, 10, 4000)": 31.159,
        "(8, 10, 5000)": 32.927,
        "(8, 20, 1000)": 20.752,
        "(8, 20, 2000)": 30.81,
        "(8, 20, 3000)": 36.504,
        "(8, 20, 4000)": 39.487,
        "(8, 20, 5000)": 43.163,
        "(8, 30, 1000)": 30.669,
        "(8, 30, 2000)": 37.296,
        "(8, 30, 3000)": 44.527,
        "(8, 30, 4000)": 48.716,
        "(8, 30, 5000)": 53.239,
        "(8, 40, 1000)": 36.378,
        "(8, 40, 2000)": 45.837,
        "(8, 40, 3000)": 50.412,
        "(8, 40, 4000)": 56.183,
        "(8, 40, 5000)": 58.293,
        "(8, 50, 1000)": 42.623,
        "(8, 50, 2000)": 50.196,
        "(8, 50, 3000)": 57.767,
        "(8, 50, 4000)": 59.361,
        "(8, 50, 5000)": 64.247,
        "(16, 10, 1000)": 16.175,
        "(16, 10, 2000)": 41.734,
        "(16, 10, 3000)": 47.377,
        "(16, 10, 4000)": 51.488,
        "(16, 10, 5000)": 51.698,
        "(16, 20, 1000)": 40.536,
        "(16, 20, 2000)": 51.349,
        "(16, 20, 3000)": 59.784,
        "(16, 20, 4000)": 62.944,
        "(16, 20, 5000)": 66.803,
        "(16, 30, 1000)": 51.522,
        "(16, 30, 2000)": 60.92,
        "(16, 30, 3000)": 68.886,
        "(16, 30, 4000)": 71.878,
        "(16, 30, 5000)": 73.779,
        "(16, 40, 1000)": 58.786,
        "(16, 40, 2000)": 70.126,
        "(16, 40, 3000)": 73.954,
        "(16, 40, 4000)": 78.986,
        "(16, 40, 5000)": 80.093,
        "(16, 50, 1000)": 67.296,
        "(16, 50, 2000)": 73.473,
        "(16, 50, 3000)": 78.856,
        "(16, 50, 4000)": 84.701,
        "(16, 50, 5000)": 86.562,
        "(32, 10, 1000)": 22.707,
        "(32, 10, 2000)": 66.765,
        "(32, 10, 3000)": 69.591,
        "(32, 10, 4000)": 77.103,
        "(32, 10, 5000)": 71.83166332665331,
        "(32, 20, 1000)": 59.077,
        "(32, 20, 2000)": 77.391,
        "(32, 20, 3000)": 84.194,
        "(32, 20, 4000)": 85.807,
        "(32, 20, 5000)": 92.07282051282051,
        "(32, 30, 1000)": 76.705,
        "(32, 30, 2000)": 85.892,
        "(32, 30, 3000)": 89.798,
        "(32, 30, 4000)": 96.038,
        "(32, 30, 5000)": 98.69834710743801,
        "(32, 40, 1000)": 83.371,
        "(32, 40, 2000)": 92.23,
        "(32, 40, 3000)": 96.208,
        "(32, 40, 4000)": 102.029501525941,
        "(32, 40, 5000)": 101.89877300613497,
        "(32, 50, 1000)": 87.42569832402235,
        "(32, 50, 2000)": 96.8921679909194,
        "(32, 50, 3000)": 100.97404063205417,
        "(32, 50, 4000)": 101.68995633187772,
        "(32, 50, 5000)": 106.62828535669587,
        "(64, 10, 1000)": 28.103448275862068,
        "(64, 10, 2000)": 87.49226804123711,
        "(64, 10, 3000)": 93.45988023952096,
        "(64, 10, 4000)": 95.49291338582677,
        "(64, 10, 5000)": 88.32338902147971,
        "(64, 20, 1000)": 80.64839710444674,
        "(64, 20, 2000)": 99.76923076923077,
        "(64, 20, 3000)": 105.10450160771704,
        "(64, 20, 4000)": 108.02617079889806,
        "(64, 20, 5000)": 109.8432122370937,
        "(64, 30, 1000)": 97.17655786350149,
        "(64, 30, 2000)": 107.25806451612904,
        "(64, 30, 3000)": 113.52521008403362,
        "(64, 30, 4000)": 112.83012259194396,
        "(64, 30, 5000)": 117.05172413793103,
        "(64, 40, 1000)": 100.70566037735848,
        "(64, 40, 2000)": 111.95154185022027,
        "(64, 40, 3000)": 117.60818713450293,
        "(64, 40, 4000)": 116.26162790697674,
        "(64, 40, 5000)": 107.55952380952381,
        "(64, 50, 1000)": 102.7028657616893,
        "(64, 50, 2000)": 114.0421686746988,
        "(64, 50, 3000)": 118.97435897435898,
        "(64, 50, 4000)": 0,
        "(64, 50, 5000)": 0
    },
    "base_point_cost": 0.8019957405575612,
    "min_points": 13,
    "budget": 48.0
}