{
    "percentage_bucket_counter_random": {
        "rest": 100.0,
        "5": 3.3000000000000003,
        "10": 7.1,
        "15": 8.9,
        "20": 10.8
    },
    "mean_budget_random": 0.526102280528238,
    "mean_add_points_random": 58.40833333333333,
    "nr_func_modeled_random": 480,
    "percentage_bucket_counter_grid": {
        "rest": 100.0,
        "5": 7.000000000000001,
        "10": 15.2,
        "15": 20.8,
        "20": 25.900000000000002
    },
    "mean_budget_grid": 0.7076754336519103,
    "mean_add_points_grid": 63.93333333333333,
    "nr_func_modeled_grid": 480,
    "percentage_bucket_counter_bayesian": {
        "rest": 100.0,
        "5": 30.0,
        "10": 39.5,
        "15": 43.5,
        "20": 46.300000000000004
    },
    "mean_budget_bayesian": 0.997173838476966,
    "mean_add_points_bayesian": 237.82118055555554,
    "nr_func_modeled_bayesian": 576,
    "percentage_bucket_counter_full": {
        "rest": 100.0,
        "5": 87.0,
        "10": 96.0,
        "15": 98.4,
        "20": 99.6
    },
    "percentage_bucket_counter_generic": {
        "rest": 100.0,
        "5": 20.5,
        "10": 31.7,
        "15": 36.6,
        "20": 40.0
    },
    "mean_budget_generic": 0.9583838636740595,
    "mean_add_points_generic": 288.05,
    "nr_func_modeled_generic": 480,
    "percentage_bucket_counter_gpr": {
        "rest": 100.0,
        "5": 30.099999999999998,
        "10": 39.800000000000004,
        "15": 44.1,
        "20": 46.400000000000006
    },
    "mean_add_points_gpr": 258.09375,
    "mean_budget_gpr": 0.9914042117519488,
    "nr_func_modeled_gpr": 576,
    "percentage_bucket_counter_hybrid": {
        "rest": 100.0,
        "5": 30.099999999999998,
        "10": 39.5,
        "15": 43.8,
        "20": 46.1
    },
    "mean_budget_hybrid": 0.9913315076913867,
    "mean_add_points_hybrid": 258.10243055555554,
    "nr_func_modeled_hybrid": 576,
    "point_map_generic": {
        "(4, 10, 1000)": 1.6006006006006006,
        "(4, 10, 2000)": 9.64089521871821,
        "(4, 10, 3000)": 10.665987780040734,
        "(4, 10, 4000)": 12.09368635437882,
        "(4, 10, 5000)": 12.337741607324517,
        "(4, 20, 1000)": 2.0822368421052633,
        "(4, 20, 2000)": 13.107861060329068,
        "(4, 20, 3000)": 15.73358348968105,
        "(4, 20, 4000)": 20.173387096774192,
        "(4, 20, 5000)": 23.74949494949495,
        "(4, 30, 1000)": 3.079034028540066,
        "(4, 30, 2000)": 16.629489603024574,
        "(4, 30, 3000)": 21.705653021442494,
        "(4, 30, 4000)": 28.010526315789473,
        "(4, 30, 5000)": 32.08704883227176,
        "(4, 40, 1000)": 4.125137211855105,
        "(4, 40, 2000)": 20.179924242424242,
        "(4, 40, 3000)": 26.283757338551858,
        "(4, 40, 4000)": 34.270212765957446,
        "(4, 40, 5000)": 37.530837004405285,
        "(4, 50, 1000)": 5.15257958287596,
        "(4, 50, 2000)": 24.423954372623573,
        "(4, 50, 3000)": 31.067460317460316,
        "(4, 50, 4000)": 39.100896860986545,
        "(4, 50, 5000)": 42.833723653395786,
        "(8, 10, 1000)": 6.145754119138149,
        "(8, 10, 2000)": 19.767295597484278,
        "(8, 10, 3000)": 24.031512605042018,
        "(8, 10, 4000)": 29.143763213530654,
        "(8, 10, 5000)": 28.654611211573236,
        "(8, 20, 1000)": 18.03361344537815,
        "(8, 20, 2000)": 30.264957264957264,
        "(8, 20, 3000)": 37.54112554112554,
        "(8, 20, 4000)": 42.283185840707965,
        "(8, 20, 5000)": 46.354838709677416,
        "(8, 30, 1000)": 27.323340471092077,
        "(8, 30, 2000)": 37.98704103671706,
        "(8, 30, 3000)": 46.58797327394209,
        "(8, 30, 4000)": 51.567961165048544,
        "(8, 30, 5000)": 55.07608695652174,
        "(8, 40, 1000)": 32.31182795698925,
        "(8, 40, 2000)": 44.72,
        "(8, 40, 3000)": 52.16421568627451,
        "(8, 40, 4000)": 57.155367231638415,
        "(8, 40, 5000)": 60.1608832807571,
        "(8, 50, 1000)": 36.527716186252775,
        "(8, 50, 2000)": 48.59144893111639,
        "(8, 50, 3000)": 56.71857923497268,
        "(8, 50, 4000)": 60.51384615384615,
        "(8, 50, 5000)": 64.37457044673539,
        "(16, 10, 1000)": 7.220532319391635,
        "(16, 10, 2000)": 36.680616740088105,
        "(16, 10, 3000)": 43.83599088838269,
        "(16, 10, 4000)": 48.626506024096386,
        "(16, 10, 5000)": 43.89495798319328,
        "(16, 20, 1000)": 32.787346221441126,
        "(16, 20, 2000)": 51.398148148148145,
        "(16, 20, 3000)": 60.53403141361257,
        "(16, 20, 4000)": 65.08895705521472,
        "(16, 20, 5000)": 68.38028169014085,
        "(16, 30, 1000)": 46.75529411764706,
        "(16, 30, 2000)": 61.06613756613756,
        "(16, 30, 3000)": 69.97849462365592,
        "(16, 30, 4000)": 73.84415584415585,
        "(16, 30, 5000)": 76.31122448979592,
        "(16, 40, 1000)": 52.40954773869347,
        "(16, 40, 2000)": 67.95033112582782,
        "(16, 40, 3000)": 75.00888888888889,
        "(16, 40, 4000)": 79.02439024390245,
        "(16, 40, 5000)": 81.08695652173913,
        "(16, 50, 1000)": 57.38483146067416,
        "(16, 50, 2000)": 71.38846153846154,
        "(16, 50, 3000)": 78.31176470588235,
        "(16, 50, 4000)": 82.85483870967742,
        "(16, 50, 5000)": 84.32530120481928,
        "(32, 10, 1000)": 8.318124207858048,
        "(32, 10, 2000)": 56.54223433242507,
        "(32, 10, 3000)": 61.946875,
        "(32, 10, 4000)": 66.56201550387597,
        "(32, 10, 5000)": 50.898360655737704,
        "(32, 20, 1000)": 45.36701030927835,
        "(32, 20, 2000)": 74.77021276595745,
        "(32, 20, 3000)": 83.55833333333334,
        "(32, 20, 4000)": 86.98630136986301,
        "(32, 20, 5000)": 89.0,
        "(32, 30, 1000)": 65.72401433691756,
        "(32, 30, 2000)": 84.9622641509434,
        "(32, 30, 3000)": 93.9375,
        "(32, 30, 4000)": 0,
        "(32, 30, 5000)": 0,
        "(32, 40, 1000)": 69.93087557603687,
        "(32, 40, 2000)": 89.13157894736842,
        "(32, 40, 3000)": 0,
        "(32, 40, 4000)": 0,
        "(32, 40, 5000)": 0,
        "(32, 50, 1000)": 73.07236842105263,
        "(32, 50, 2000)": 90.15384615384616,
        "(32, 50, 3000)": 0,
        "(32, 50, 4000)": 0,
        "(32, 50, 5000)": 0,
        "(64, 10, 1000)": 9.081528662420382,
        "(64, 10, 2000)": 69.4968944099379,
        "(64, 10, 3000)": 75.74489795918367,
        "(64, 10, 4000)": 80.08888888888889,
        "(64, 10, 5000)": 25.475,
        "(64, 20, 1000)": 42.82330827067669,
        "(64, 20, 2000)": 88.4,
        "(64, 20, 3000)": 0,
        "(64, 20, 4000)": 0,
        "(64, 20, 5000)": 0,
        "(64, 30, 1000)": 82.16363636363636,
        "(64, 30, 2000)": 0,
        "(64, 30, 3000)": 0,
        "(64, 30, 4000)": 0,
        "(64, 30, 5000)": 0,
        "(64, 40, 1000)": 81.44444444444444,
        "(64, 40, 2000)": 0,
        "(64, 40, 3000)": 0,
        "(64, 40, 4000)": 0,
        "(64, 40, 5000)": 0,
        "(64, 50, 1000)": 76.5,
        "(64, 50, 2000)": 0,
        "(64, 50, 3000)": 0,
        "(64, 50, 4000)": 0,
        "(64, 50, 5000)": 0
    },
    "base_point_cost": 0.18936380863331476,
    "min_points": 13,
    "budget": 0.9999999999999999
}