{
    "percentage_bucket_counter_random": {
        "rest": 100.0,
        "5": 7.9,
        "10": 13.8,
        "15": 16.6,
        "20": 19.5
    },
    "mean_budget_random": 96.69247,
    "mean_add_points_random": 477.454,
    "nr_func_modeled_random": 1000,
    "percentage_bucket_counter_grid": {
        "rest": 100.0,
        "5": 78.7,
        "10": 93.0,
        "15": 96.39999999999999,
        "20": 97.6
    },
    "mean_budget_grid": 96.65094285674593,
    "mean_add_points_grid": 315.05930470347647,
    "nr_func_modeled_grid": 978,
    "percentage_bucket_counter_bayesian": {
        "rest": 100.0,
        "5": 86.6,
        "10": 95.5,
        "15": 98.4,
        "20": 99.4
    },
    "mean_budget_bayesian": 96.17810844829388,
    "mean_add_points_bayesian": 497.2602602602603,
    "nr_func_modeled_bayesian": 999,
    "percentage_bucket_counter_full": {
        "rest": 100.0,
        "5": 87.0,
        "10": 96.0,
        "15": 98.4,
        "20": 99.6
    },
    "percentage_bucket_counter_generic": {
        "rest": 100.0,
        "5": 80.0,
        "10": 94.5,
        "15": 97.7,
        "20": 98.8
    },
    "mean_budget_generic": 90.70333224078003,
    "mean_add_points_generic": 495.7757757757758,
    "nr_func_modeled_generic": 999,
    "percentage_bucket_counter_gpr": {
        "rest": 100.0,
        "5": 85.8,
        "10": 95.6,
        "15": 98.3,
        "20": 99.5
    },
    "mean_add_points_gpr": 497.377,
    "mean_budget_gpr": 96.02599968910924,
    "nr_func_modeled_gpr": 1000,
    "percentage_bucket_counter_hybrid": {
        "rest": 100.0,
        "5": 85.8,
        "10": 95.6,
        "15": 98.3,
        "20": 99.5
    },
    "mean_budget_hybrid": 96.02599968910924,
    "mean_add_points_hybrid": 497.377,
    "nr_func_modeled_hybrid": 1000,
    "point_map_generic": {
        "(4, 10, 1000)": 1.617,
        "(4, 10, 2000)": 9.716,
        "(4, 10, 3000)": 10.88,
        "(4, 10, 4000)": 12.297,
        "(4, 10, 5000)": 12.679,
        "(4, 20, 1000)": 3.423,
        "(4, 20, 2000)": 13.759,
        "(4, 20, 3000)": 15.902,
        "(4, 20, 4000)": 19.435,
        "(4, 20, 5000)": 22.506,
        "(4, 30, 1000)": 5.143,
        "(4, 30, 2000)": 17.645,
        "(4, 30, 3000)": 22.065,
        "(4, 30, 4000)": 26.304,
        "(4, 30, 5000)": 29.618,
        "(4, 40, 1000)": 7.272,
        "(4, 40, 2000)": 21.396,
        "(4, 40, 3000)": 25.783,
        "(4, 40, 4000)": 32.717,
        "(4, 40, 5000)": 34.417,
        "(4, 50, 1000)": 9.147,
        "(4, 50, 2000)": 26.827,
        "(4, 50, 3000)": 31.337,
        "(4, 50, 4000)": 38.385,
        "(4, 50, 5000)": 42.085,
        "(8, 10, 1000)": 9.383,
        "(8, 10, 2000)": 22.338,
        "(8, 10, 3000)": 25.625,
        "(8, 10, 4000)": 31.159,
        "(8, 10, 5000)": 32.927,
        "(8, 20, 1000)": 20.752,
        "(8, 20, 2000)": 30.81,
        "(8, 20, 3000)": 36.504,
        "(8, 20, 4000)": 39.487,
        "(8, 20, 5000)": 43.163,
        "(8, 30, 1000)": 30.669,
        "(8, 30, 2000)": 37.296,
        "(8, 30, 3000)": 44.527,
        "(8, 30, 4000)": 48.716,
        "(8, 30, 5000)": 53.239,
        "(8, 40, 1000)": 36.378,
        "(8, 40, 2000)": 45.837,
        "(8, 40, 3000)": 50.412,
        "(8, 40, 4000)": 56.183,
        "(8, 40, 5000)": 58.293,
        "(8, 50, 1000)": 42.623,
        "(8, 50, 2000)": 50.196,
        "(8, 50, 3000)": 57.767,
        "(8, 50, 4000)": 59.361,
        "(8, 50, 5000)": 64.247,
        "(16, 10, 1000)": 16.175,
        "(16, 10, 2000)": 41.734,
        "(16, 10, 3000)": 47.377,
        "(16, 10, 4000)": 51.488,
        "(16, 10, 5000)": 51.698,
        "(16, 20, 1000)": 40.536,
        "(16, 20, 2000)": 51.349,
        "(16, 20, 3000)": 59.784,
        "(16, 20, 4000)": 62.944,
        "(16, 20, 5000)": 66.803,
        "(16, 30, 1000)": 51.522,
        "(16, 30, 2000)": 60.92,
        "(16, 30, 3000)": 68.886,
        "(16, 30, 4000)": 71.878,
        "(16, 30, 5000)": 73.779,
        "(16, 40, 1000)": 58.786,
        "(16, 40, 2000)": 70.126,
        "(16, 40, 3000)": 73.954,
        "(16, 40, 4000)": 78.986,
        "(16, 40, 5000)": 80.093,
        "(16, 50, 1000)": 67.296,
        "(16, 50, 2000)": 73.473,
        "(16, 50, 3000)": 78.856,
        "(16, 50, 4000)": 84.701,
        "(16, 50, 5000)": 86.562,
        "(32, 10, 1000)": 22.707,
        "(32, 10, 2000)": 66.765,
        "(32, 10, 3000)": 69.591,
        "(32, 10, 4000)": 77.103,
        "(32, 10, 5000)": 71.895,
        "(32, 20, 1000)": 59.077,
        "(32, 20, 2000)": 77.391,
        "(32, 20, 3000)": 84.194,
        "(32, 20, 4000)": 85.807,
        "(32, 20, 5000)": 92.401,
        "(32, 30, 1000)": 76.705,
        "(32, 30, 2000)": 85.892,
        "(32, 30, 3000)": 89.798,
        "(32, 30, 4000)": 96.038,
        "(32, 30, 5000)": 98.862,
        "(32, 40, 1000)": 83.371,
        "(32, 40, 2000)": 92.23,
        "(32, 40, 3000)": 96.208,
        "(32, 40, 4000)": 102.047,
        "(32, 40, 5000)": 101.92,
        "(32, 50, 1000)": 89.832,
        "(32, 50, 2000)": 98.599,
        "(32, 50, 3000)": 101.984,
        "(32, 50, 4000)": 102.244,
        "(32, 50, 5000)": 107.497,
        "(64, 10, 1000)": 29.191,
        "(64, 10, 2000)": 92.705,
        "(64, 10, 3000)": 96.036,
        "(64, 10, 4000)": 102.95491803278688,
        "(64, 10, 5000)": 92.592,
        "(64, 20, 1000)": 81.435,
        "(64, 20, 2000)": 100.421,
        "(64, 20, 3000)": 107.553,
        "(64, 20, 4000)": 109.089,
        "(64, 20, 5000)": 112.655,
        "(64, 30, 1000)": 101.714,
        "(64, 30, 2000)": 108.408,
        "(64, 30, 3000)": 115.197,
        "(64, 30, 4000)": 113.451,
        "(64, 30, 5000)": 118.73257023933402,
        "(64, 40, 1000)": 108.30861723446894,
        "(64, 40, 2000)": 113.948,
        "(64, 40, 3000)": 118.058,
        "(64, 40, 4000)": 117.975,
        "(64, 40, 5000)": 119.191,
        "(64, 50, 1000)": 107.783,
        "(64, 50, 2000)": 117.84084084084084,
        "(64, 50, 3000)": 120.552,
        "(64, 50, 4000)": 123.40752351097179,
        "(64, 50, 5000)": 123.26881720430107
    },
    "base_point_cost": 0.8019957405575612,
    "min_points": 13,
    "budget": 97.0
}