{
    "percentage_bucket_counter_random": {
        "rest": 100.0,
        "5": 7.9,
        "10": 13.8,
        "15": 16.6,
        "20": 19.5
    },
    "mean_budget_random": 8.584340000000001,
    "mean_add_points_random": 95.779,
    "nr_func_modeled_random": 1000,
    "percentage_bucket_counter_grid": {
        "rest": 100.0,
        "5": 34.1,
        "10": 48.5,
        "15": 57.599999999999994,
        "20": 64.1
    },
    "mean_budget_grid": 7.742297019154458,
    "mean_add_points_grid": 76.16816816816817,
    "nr_func_modeled_grid": 999,
    "percentage_bucket_counter_bayesian": {
        "rest": 100.0,
        "5": 66.7,
        "10": 83.2,
        "15": 87.7,
        "20": 90.4
    },
    "mean_budget_bayesian": 8.973845442386198,
    "mean_add_points_bayesian": 320.58584807492196,
    "nr_func_modeled_bayesian": 961,
    "percentage_bucket_counter_full": {
        "rest": 100.0,
        "5": 87.0,
        "10": 96.0,
        "15": 98.4,
        "20": 99.6
    },
    "percentage_bucket_counter_generic": {
        "rest": 100.0,
        "5": 57.8,
        "10": 78.10000000000001,
        "15": 85.39999999999999,
        "20": 87.6
    },
    "mean_budget_generic": 8.726948672261885,
    "mean_add_points_generic": 328.5263157894737,
    "nr_func_modeled_generic": 988,
    "percentage_bucket_counter_gpr": {
        "rest": 100.0,
        "5": 71.3,
        "10": 86.1,
        "15": 91.9,
        "20": 94.0
    },
    "mean_add_points_gpr": 334.64610717896863,
    "mean_budget_gpr": 8.940957564249265,
    "nr_func_modeled_gpr": 989,
    "percentage_bucket_counter_hybrid": {
        "rest": 100.0,
        "5": 71.3,
        "10": 86.1,
        "15": 91.9,
        "20": 94.0
    },
    "mean_budget_hybrid": 8.940957564249265,
    "mean_add_points_hybrid": 334.64610717896863,
    "nr_func_modeled_hybrid": 989,
    "point_map_generic": {
        "(4, 10, 1000)": 1.617,
        "(4, 10, 2000)": 9.716,
        "(4, 10, 3000)": 10.88,
        "(4, 10, 4000)": 12.297,
        "(4, 10, 5000)": 12.679,
        "(4, 20, 1000)": 3.423,
        "(4, 20, 2000)": 13.759,
        "(4, 20, 3000)": 15.902,
        "(4, 20, 4000)": 19.435,
        "(4, 20, 5000)": 22.506,
        "(4, 30, 1000)": 5.143,
        "(4, 30, 2000)": 17.645,
        "(4, 30, 3000)": 22.065,
        "(4, 30, 4000)": 26.304,
        "(4, 30, 5000)": 29.618,
        "(4, 40, 1000)": 7.272,
        "(4, 40, 2000)": 21.396,
        "(4, 40, 3000)": 25.783,
        "(4, 40, 4000)": 32.717,
        "(4, 40, 5000)": 34.417,
        "(4, 50, 1000)": 9.147,
        "(4, 50, 2000)": 26.827,
        "(4, 50, 3000)": 31.337,
        "(4, 50, 4000)": 38.385,
        "(4, 50, 5000)": 41.899295065458205,
        "(8, 10, 1000)": 9.383,
        "(8, 10, 2000)": 22.338,
        "(8, 10, 3000)": 25.625,
        "(8, 10, 4000)": 30.63065843621399,
        "(8, 10, 5000)": 31.511702127659575,
        "(8, 20, 1000)": 20.752,
        "(8, 20, 2000)": 30.81,
        "(8, 20, 3000)": 36.48997995991984,
        "(8, 20, 4000)": 39.37892603850051,
        "(8, 20, 5000)": 42.706932773109244,
        "(8, 30, 1000)": 30.669,
        "(8, 30, 2000)": 37.296,
        "(8, 30, 3000)": 44.53125,
        "(8, 30, 4000)": 48.713541666666664,
        "(8, 30, 5000)": 53.03186813186813,
        "(8, 40, 1000)": 36.00813008130081,
        "(8, 40, 2000)": 44.95106382978724,
        "(8, 40, 3000)": 50.07120085015941,
        "(8, 40, 4000)": 56.03850782190133,
        "(8, 40, 5000)": 58.74432497013142,
        "(8, 50, 1000)": 38.8971098265896,
        "(8, 50, 2000)": 47.655413271245635,
        "(8, 50, 3000)": 55.68688118811881,
        "(8, 50, 4000)": 58.56896551724138,
        "(8, 50, 5000)": 64.24258760107817,
        "(16, 10, 1000)": 15.391437308868502,
        "(16, 10, 2000)": 40.17991169977925,
        "(16, 10, 3000)": 45.557582668187,
        "(16, 10, 4000)": 49.30715123094959,
        "(16, 10, 5000)": 47.86269744835966,
        "(16, 20, 1000)": 38.94207650273224,
        "(16, 20, 2000)": 50.788526434195724,
        "(16, 20, 3000)": 59.02853598014888,
        "(16, 20, 4000)": 62.35552763819096,
        "(16, 20, 5000)": 66.10438144329896,
        "(16, 30, 1000)": 50.30313588850174,
        "(16, 30, 2000)": 60.75459317585302,
        "(16, 30, 3000)": 69.16834532374101,
        "(16, 30, 4000)": 73.11337209302326,
        "(16, 30, 5000)": 75.21783625730994,
        "(16, 40, 1000)": 55.64503311258278,
        "(16, 40, 2000)": 68.82282282282283,
        "(16, 40, 3000)": 74.63173652694611,
        "(16, 40, 4000)": 80.2168284789644,
        "(16, 40, 5000)": 81.36824324324324,
        "(16, 50, 1000)": 62.085798816568044,
        "(16, 50, 2000)": 72.26870229007633,
        "(16, 50, 3000)": 78.96758508914101,
        "(16, 50, 4000)": 84.312734082397,
        "(16, 50, 5000)": 85.69601677148847,
        "(32, 10, 1000)": 16.216610549943884,
        "(32, 10, 2000)": 60.30829420970266,
        "(32, 10, 3000)": 65.56360946745562,
        "(32, 10, 4000)": 70.91783216783217,
        "(32, 10, 5000)": 63.65127388535032,
        "(32, 20, 1000)": 53.4144645340751,
        "(32, 20, 2000)": 75.592082616179,
        "(32, 20, 3000)": 83.3883495145631,
        "(32, 20, 4000)": 86.36116504854368,
        "(32, 20, 5000)": 91.78589420654912,
        "(32, 30, 1000)": 72.44198895027624,
        "(32, 30, 2000)": 85.45967741935483,
        "(32, 30, 3000)": 92.34649122807018,
        "(32, 30, 4000)": 97.7602523659306,
        "(32, 30, 5000)": 100.0625,
        "(32, 40, 1000)": 77.82484725050917,
        "(32, 40, 2000)": 91.21190476190476,
        "(32, 40, 3000)": 98.28525641025641,
        "(32, 40, 4000)": 102.5721649484536,
        "(32, 40, 5000)": 103.41605839416059,
        "(32, 50, 1000)": 81.84507042253522,
        "(32, 50, 2000)": 95.49408284023669,
        "(32, 50, 3000)": 101.75117370892019,
        "(32, 50, 4000)": 103.00740740740741,
        "(32, 50, 5000)": 104.73913043478261,
        "(64, 10, 1000)": 9.427122940430925,
        "(64, 10, 2000)": 79.77345537757436,
        "(64, 10, 3000)": 84.775,
        "(64, 10, 4000)": 88.70731707317073,
        "(64, 10, 5000)": 67.54277286135694,
        "(64, 20, 1000)": 64.98674242424242,
        "(64, 20, 2000)": 95.55409836065574,
        "(64, 20, 3000)": 101.8993288590604,
        "(64, 20, 4000)": 105.45945945945945,
        "(64, 20, 5000)": 105.38888888888889,
        "(64, 30, 1000)": 88.14239482200647,
        "(64, 30, 2000)": 103.25925925925925,
        "(64, 30, 3000)": 0,
        "(64, 30, 4000)": 0,
        "(64, 30, 5000)": 0,
        "(64, 40, 1000)": 92.17372881355932,
        "(64, 40, 2000)": 108.4,
        "(64, 40, 3000)": 0,
        "(64, 40, 4000)": 0,
        "(64, 40, 5000)": 0,
        "(64, 50, 1000)": 93.47311827956989,
        "(64, 50, 2000)": 109.0,
        "(64, 50, 3000)": 0,
        "(64, 50, 4000)": 0,
        "(64, 50, 5000)": 0
    },
    "base_point_cost": 0.8019957405575612,
    "min_points": 13,
    "budget": 9.0
}