{
    "percentage_bucket_counter_random": {
        "rest": 100.0,
        "5": 7.9,
        "10": 13.8,
        "15": 16.6,
        "20": 19.5
    },
    "mean_budget_random": 43.28067,
    "mean_add_points_random": 244.75,
    "nr_func_modeled_random": 1000,
    "percentage_bucket_counter_grid": {
        "rest": 100.0,
        "5": 62.9,
        "10": 87.1,
        "15": 94.69999999999999,
        "20": 98.1
    },
    "mean_budget_grid": 41.58470686549631,
    "mean_add_points_grid": 121.184,
    "nr_func_modeled_grid": 1000,
    "percentage_bucket_counter_bayesian": {
        "rest": 100.0,
        "5": 72.5,
        "10": 90.7,
        "15": 96.2,
        "20": 98.4
    },
    "mean_budget_bayesian": 43.786471858928344,
    "mean_add_points_bayesian": 440.5841683366734,
    "nr_func_modeled_bayesian": 998,
    "percentage_bucket_counter_full": {
        "rest": 100.0,
        "5": 87.0,
        "10": 96.0,
        "15": 98.4,
        "20": 99.6
    },
    "percentage_bucket_counter_generic": {
        "rest": 100.0,
        "5": 74.4,
        "10": 91.7,
        "15": 96.89999999999999,
        "20": 98.4
    },
    "mean_budget_generic": 42.16102595471645,
    "mean_add_points_generic": 443.94383149448345,
    "nr_func_modeled_generic": 997,
    "percentage_bucket_counter_gpr": {
        "rest": 100.0,
        "5": 80.2,
        "10": 94.8,
        "15": 97.7,
        "20": 98.8
    },
    "mean_add_points_gpr": 445.1444332998997,
    "mean_budget_gpr": 43.601628153606555,
    "nr_func_modeled_gpr": 997,
    "percentage_bucket_counter_hybrid": {
        "rest": 100.0,
        "5": 80.2,
        "10": 94.8,
        "15": 97.7,
        "20": 98.8
    },
    "mean_budget_hybrid": 43.601628153606555,
    "mean_add_points_hybrid": 445.1444332998997,
    "nr_func_modeled_hybrid": 997,
    "point_map_generic": {
        "(4, 10, 1000)": 1.617,
        "(4, 10, 2000)": 9.716,
        "(4, 10, 3000)": 10.88,
        "(4, 10, 4000)": 12.297,
        "(4, 10, 5000)": 12.679,
        "(4, 20, 1000)": 3.423,
        "(4, 20, 2000)": 13.759,
        "(4, 20, 3000)": 15.902,
        "(4, 20, 4000)": 19.435,
        "(4, 20, 5000)": 22.506,
        "(4, 30, 1000)": 5.143,
        "(4, 30, 2000)": 17.645,
        "(4, 30, 3000)": 22.065,
        "(4, 30, 4000)": 26.304,
        "(4, 30, 5000)": 29.618,
        "(4, 40, 1000)": 7.272,
        "(4, 40, 2000)": 21.396,
        "(4, 40, 3000)": 25.783,
        "(4, 40, 4000)": 32.717,
        "(4, 40, 5000)": 34.417,
        "(4, 50, 1000)": 9.147,
        "(4, 50, 2000)": 26.827,
        "(4, 50, 3000)": 31.337,
        "(4, 50, 4000)": 38.385,
        "(4, 50, 5000)": 42.085,
        "(8, 10, 1000)": 9.383,
        "(8, 10, 2000)": 22.338,
        "(8, 10, 3000)": 25.625,
        "(8, 10, 4000)": 31.159,
        "(8, 10, 5000)": 32.927,
        "(8, 20, 1000)": 20.752,
        "(8, 20, 2000)": 30.81,
        "(8, 20, 3000)": 36.504,
        "(8, 20, 4000)": 39.487,
        "(8, 20, 5000)": 43.163,
        "(8, 30, 1000)": 30.669,
        "(8, 30, 2000)": 37.296,
        "(8, 30, 3000)": 44.527,
        "(8, 30, 4000)": 48.716,
        "(8, 30, 5000)": 53.239,
        "(8, 40, 1000)": 36.378,
        "(8, 40, 2000)": 45.837,
        "(8, 40, 3000)": 50.412,
        "(8, 40, 4000)": 56.183,
        "(8, 40, 5000)": 58.293,
        "(8, 50, 1000)": 42.623,
        "(8, 50, 2000)": 50.196,
        "(8, 50, 3000)": 57.767,
        "(8, 50, 4000)": 59.361,
        "(8, 50, 5000)": 64.247,
        "(16, 10, 1000)": 16.175,
        "(16, 10, 2000)": 41.734,
        "(16, 10, 3000)": 47.377,
        "(16, 10, 4000)": 51.488,
        "(16, 10, 5000)": 51.698,
        "(16, 20, 1000)": 40.536,
        "(16, 20, 2000)": 51.349,
        "(16, 20, 3000)": 59.784,
        "(16, 20, 4000)": 62.944,
        "(16, 20, 5000)": 66.803,
        "(16, 30, 1000)": 51.522,
        "(16, 30, 2000)": 60.92,
        "(16, 30, 3000)": 68.886,
        "(16, 30, 4000)": 71.878,
        "(16, 30, 5000)": 73.779,
        "(16, 40, 1000)": 58.786,
        "(16, 40, 2000)": 70.126,
        "(16, 40, 3000)": 73.954,
        "(16, 40, 4000)": 78.986,
        "(16, 40, 5000)": 80.093,
        "(16, 50, 1000)": 67.296,
        "(16, 50, 2000)": 73.473,
        "(16, 50, 3000)": 78.856,
        "(16, 50, 4000)": 84.701,
        "(16, 50, 5000)": 86.562,
        "(32, 10, 1000)": 22.707,
        "(32, 10, 2000)": 66.765,
        "(32, 10, 3000)": 69.591,
        "(32, 10, 4000)": 77.08208208208208,
        "(32, 10, 5000)": 71.41768292682927,
        "(32, 20, 1000)": 59.077,
        "(32, 20, 2000)": 77.391,
        "(32, 20, 3000)": 84.194,
        "(32, 20, 4000)": 85.807,
        "(32, 20, 5000)": 91.91431556948798,
        "(32, 30, 1000)": 76.705,
        "(32, 30, 2000)": 85.892,
        "(32, 30, 3000)": 89.798,
        "(32, 30, 4000)": 96.00708502024291,
        "(32, 30, 5000)": 98.68172268907563,
        "(32, 40, 1000)": 83.31695085255767,
        "(32, 40, 2000)": 92.12222222222222,
        "(32, 40, 3000)": 96.18090452261306,
        "(32, 40, 4000)": 102.04429678848284,
        "(32, 40, 5000)": 101.93319194061506,
        "(32, 50, 1000)": 87.24321266968326,
        "(32, 50, 2000)": 96.84174311926606,
        "(32, 50, 3000)": 100.95391705069125,
        "(32, 50, 4000)": 101.65536723163842,
        "(32, 50, 5000)": 106.36835106382979,
        "(64, 10, 1000)": 27.15605749486653,
        "(64, 10, 2000)": 86.10402219140083,
        "(64, 10, 3000)": 92.35788113695091,
        "(64, 10, 4000)": 94.97851239669421,
        "(64, 10, 5000)": 87.66501854140915,
        "(64, 20, 1000)": 79.64470842332614,
        "(64, 20, 2000)": 99.47653429602889,
        "(64, 20, 3000)": 104.95517241379311,
        "(64, 20, 4000)": 107.94915254237289,
        "(64, 20, 5000)": 109.69379014989293,
        "(64, 30, 1000)": 96.13333333333334,
        "(64, 30, 2000)": 107.10307414104882,
        "(64, 30, 3000)": 113.59772727272727,
        "(64, 30, 4000)": 112.82995951417004,
        "(64, 30, 5000)": 117.56043956043956,
        "(64, 40, 1000)": 100.42716535433071,
        "(64, 40, 2000)": 111.75650118203309,
        "(64, 40, 3000)": 117.45229681978799,
        "(64, 40, 4000)": 114.90322580645162,
        "(64, 40, 5000)": 107.11111111111111,
        "(64, 50, 1000)": 102.39804241435563,
        "(64, 50, 2000)": 113.66118421052632,
        "(64, 50, 3000)": 118.64957264957265,
        "(64, 50, 4000)": 0,
        "(64, 50, 5000)": 0
    },
    "base_point_cost": 0.8019957405575612,
    "min_points": 13,
    "budget": 44.0
}