{
    "percentage_bucket_counter_random": {
        "rest": 100.0,
        "5": 7.9,
        "10": 13.8,
        "15": 16.6,
        "20": 19.5
    },
    "mean_budget_random": 38.389410000000005,
    "mean_add_points_random": 223.59,
    "nr_func_modeled_random": 1000,
    "percentage_bucket_counter_grid": {
        "rest": 100.0,
        "5": 60.099999999999994,
        "10": 84.1,
        "15": 92.30000000000001,
        "20": 96.7
    },
    "mean_budget_grid": 36.477402763419484,
    "mean_add_points_grid": 115.74374374374375,
    "nr_func_modeled_grid": 999,
    "percentage_bucket_counter_bayesian": {
        "rest": 100.0,
        "5": 72.6,
        "10": 90.8,
        "15": 96.2,
        "20": 98.2
    },
    "mean_budget_bayesian": 38.79838721231827,
    "mean_add_points_bayesian": 432.9548192771084,
    "nr_func_modeled_bayesian": 996,
    "percentage_bucket_counter_full": {
        "rest": 100.0,
        "5": 87.0,
        "10": 96.0,
        "15": 98.4,
        "20": 99.6
    },
    "percentage_bucket_counter_generic": {
        "rest": 100.0,
        "5": 74.4,
        "10": 91.4,
        "15": 96.1,
        "20": 97.89999999999999
    },
    "mean_budget_generic": 37.40047843373189,
    "mean_add_points_generic": 436.5135406218656,
    "nr_func_modeled_generic": 997,
    "percentage_bucket_counter_gpr": {
        "rest": 100.0,
        "5": 78.4,
        "10": 94.6,
        "15": 97.3,
        "20": 99.1
    },
    "mean_add_points_gpr": 437.57057057057057,
    "mean_budget_gpr": 38.659263435248526,
    "nr_func_modeled_gpr": 999,
    "percentage_bucket_counter_hybrid": {
        "rest": 100.0,
        "5": 78.4,
        "10": 94.6,
        "15": 97.3,
        "20": 99.1
    },
    "mean_budget_hybrid": 38.659263435248526,
    "mean_add_points_hybrid": 437.57057057057057,
    "nr_func_modeled_hybrid": 999,
    "point_map_generic": {
        "(4, 10, 1000)": 1.617,
        "(4, 10, 2000)": 9.716,
        "(4, 10, 3000)": 10.88,
        "(4, 10, 4000)": 12.297,
        "(4, 10, 5000)": 12.679,
        "(4, 20, 1000)": 3.423,
        "(4, 20, 2000)": 13.759,
        "(4, 20, 3000)": 15.902,
        "(4, 20, 4000)": 19.435,
        "(4, 20, 5000)": 22.506,
        "(4, 30, 1000)": 5.143,
        "(4, 30, 2000)": 17.645,
        "(4, 30, 3000)": 22.065,
        "(4, 30, 4000)": 26.304,
        "(4, 30, 5000)": 29.618,
        "(4, 40, 1000)": 7.272,
        "(4, 40, 2000)": 21.396,
        "(4, 40, 3000)": 25.783,
        "(4, 40, 4000)": 32.717,
        "(4, 40, 5000)": 34.417,
        "(4, 50, 1000)": 9.147,
        "(4, 50, 2000)": 26.827,
        "(4, 50, 3000)": 31.337,
        "(4, 50, 4000)": 38.385,
        "(4, 50, 5000)": 42.085,
        "(8, 10, 1000)": 9.383,
        "(8, 10, 2000)": 22.338,
        "(8, 10, 3000)": 25.625,
        "(8, 10, 4000)": 31.159,
        "(8, 10, 5000)": 32.927,
        "(8, 20, 1000)": 20.752,
        "(8, 20, 2000)": 30.81,
        "(8, 20, 3000)": 36.504,
        "(8, 20, 4000)": 39.487,
        "(8, 20, 5000)": 43.163,
        "(8, 30, 1000)": 30.669,
        "(8, 30, 2000)": 37.296,
        "(8, 30, 3000)": 44.527,
        "(8, 30, 4000)": 48.716,
        "(8, 30, 5000)": 53.239,
        "(8, 40, 1000)": 36.378,
        "(8, 40, 2000)": 45.837,
        "(8, 40, 3000)": 50.412,
        "(8, 40, 4000)": 56.183,
        "(8, 40, 5000)": 58.293,
        "(8, 50, 1000)": 42.623,
        "(8, 50, 2000)": 50.196,
        "(8, 50, 3000)": 57.767,
        "(8, 50, 4000)": 59.361,
        "(8, 50, 5000)": 64.247,
        "(16, 10, 1000)": 16.175,
        "(16, 10, 2000)": 41.734,
        "(16, 10, 3000)": 47.377,
        "(16, 10, 4000)": 51.488,
        "(16, 10, 5000)": 51.698,
        "(16, 20, 1000)": 40.536,
        "(16, 20, 2000)": 51.349,
        "(16, 20, 3000)": 59.784,
        "(16, 20, 4000)": 62.944,
        "(16, 20, 5000)": 66.803,
        "(16, 30, 1000)": 51.522,
        "(16, 30, 2000)": 60.92,
        "(16, 30, 3000)": 68.886,
        "(16, 30, 4000)": 71.878,
        "(16, 30, 5000)": 73.779,
        "(16, 40, 1000)": 58.786,
        "(16, 40, 2000)": 70.126,
        "(16, 40, 3000)": 73.954,
        "(16, 40, 4000)": 78.986,
        "(16, 40, 5000)": 80.093,
        "(16, 50, 1000)": 67.296,
        "(16, 50, 2000)": 73.473,
        "(16, 50, 3000)": 78.856,
        "(16, 50, 4000)": 84.67967967967968,
        "(16, 50, 5000)": 86.562,
        "(32, 10, 1000)": 22.707,
        "(32, 10, 2000)": 66.765,
        "(32, 10, 3000)": 69.591,
        "(32, 10, 4000)": 76.65199590583418,
        "(32, 10, 5000)": 71.10802469135803,
        "(32, 20, 1000)": 59.077,
        "(32, 20, 2000)": 77.391,
        "(32, 20, 3000)": 84.194,
        "(32, 20, 4000)": 85.71140262361251,
        "(32, 20, 5000)": 91.7449088960343,
        "(32, 30, 1000)": 76.705,
        "(32, 30, 2000)": 85.892,
        "(32, 30, 3000)": 89.798,
        "(32, 30, 4000)": 95.98421052631579,
        "(32, 30, 5000)": 98.68655097613883,
        "(32, 40, 1000)": 82.77720207253886,
        "(32, 40, 2000)": 91.63578274760384,
        "(32, 40, 3000)": 96.03890641430074,
        "(32, 40, 4000)": 102.07030303030302,
        "(32, 40, 5000)": 101.91810841983852,
        "(32, 50, 1000)": 87.12242562929062,
        "(32, 50, 2000)": 96.79929161747343,
        "(32, 50, 3000)": 101.03345280764636,
        "(32, 50, 4000)": 101.7297619047619,
        "(32, 50, 5000)": 106.33284241531665,
        "(64, 10, 1000)": 24.480340063761954,
        "(64, 10, 2000)": 84.0062015503876,
        "(64, 10, 3000)": 91.13105413105413,
        "(64, 10, 4000)": 94.67066895368782,
        "(64, 10, 5000)": 86.67796610169492,
        "(64, 20, 1000)": 77.84364060676779,
        "(64, 20, 2000)": 99.25128205128205,
        "(64, 20, 3000)": 104.88619402985074,
        "(64, 20, 4000)": 107.68363636363637,
        "(64, 20, 5000)": 109.41052631578947,
        "(64, 30, 1000)": 95.21666666666667,
        "(64, 30, 2000)": 107.0523138832998,
        "(64, 30, 3000)": 113.53117206982543,
        "(64, 30, 4000)": 113.31937172774869,
        "(64, 30, 5000)": 117.29770992366412,
        "(64, 40, 1000)": 99.79354838709678,
        "(64, 40, 2000)": 111.3828125,
        "(64, 40, 3000)": 117.23148148148148,
        "(64, 40, 4000)": 112.29629629629629,
        "(64, 40, 5000)": 106.25925925925925,
        "(64, 50, 1000)": 101.68670309653916,
        "(64, 50, 2000)": 113.26568265682657,
        "(64, 50, 3000)": 118.41558441558442,
        "(64, 50, 4000)": 0,
        "(64, 50, 5000)": 0
    },
    "base_point_cost": 0.8019957405575612,
    "min_points": 13,
    "budget": 39.0
}