{
    "percentage_bucket_counter_random": {
        "rest": 100.0,
        "5": 7.8,
        "10": 13.700000000000001,
        "15": 16.3,
        "20": 19.2
    },
    "mean_budget_random": 3.5632850827677003,
    "mean_add_points_random": 68.37223340040241,
    "nr_func_modeled_random": 994,
    "percentage_bucket_counter_grid": {
        "rest": 100.0,
        "5": 18.9,
        "10": 31.8,
        "15": 38.4,
        "20": 44.800000000000004
    },
    "mean_budget_grid": 3.336500938700219,
    "mean_add_points_grid": 65.52169525731584,
    "nr_func_modeled_grid": 991,
    "percentage_bucket_counter_bayesian": {
        "rest": 100.0,
        "5": 54.1,
        "10": 69.39999999999999,
        "15": 74.7,
        "20": 77.5
    },
    "mean_budget_bayesian": 3.990693016981585,
    "mean_add_points_bayesian": 251.98166127292342,
    "nr_func_modeled_bayesian": 927,
    "percentage_bucket_counter_full": {
        "rest": 100.0,
        "5": 87.0,
        "10": 96.0,
        "15": 98.4,
        "20": 99.6
    },
    "percentage_bucket_counter_generic": {
        "rest": 100.0,
        "5": 45.2,
        "10": 60.9,
        "15": 68.10000000000001,
        "20": 71.8
    },
    "mean_budget_generic": 3.8953113964100456,
    "mean_add_points_generic": 244.24524312896406,
    "nr_func_modeled_generic": 946,
    "percentage_bucket_counter_gpr": {
        "rest": 100.0,
        "5": 62.9,
        "10": 78.8,
        "15": 82.5,
        "20": 86.1
    },
    "mean_add_points_gpr": 270.25737538148525,
    "mean_budget_gpr": 3.97497171580437,
    "nr_func_modeled_gpr": 983,
    "percentage_bucket_counter_hybrid": {
        "rest": 100.0,
        "5": 62.9,
        "10": 78.8,
        "15": 82.5,
        "20": 86.1
    },
    "mean_budget_hybrid": 3.97497171580437,
    "mean_add_points_hybrid": 270.25737538148525,
    "nr_func_modeled_hybrid": 983,
    "point_map_generic": {
        "(4, 10, 1000)": 1.6006006006006006,
        "(4, 10, 2000)": 9.711711711711711,
        "(4, 10, 3000)": 10.790322580645162,
        "(4, 10, 4000)": 12.15212981744422,
        "(4, 10, 5000)": 12.337741607324517,
        "(4, 20, 1000)": 3.3801404212637913,
        "(4, 20, 2000)": 13.752016129032258,
        "(4, 20, 3000)": 15.909827760891591,
        "(4, 20, 4000)": 19.31779661016949,
        "(4, 20, 5000)": 21.97398190045249,
        "(4, 30, 1000)": 5.074371859296482,
        "(4, 30, 2000)": 17.65341488277268,
        "(4, 30, 3000)": 22.049126637554586,
        "(4, 30, 4000)": 26.58456299659478,
        "(4, 30, 5000)": 29.737745098039216,
        "(4, 40, 1000)": 5.411205073995772,
        "(4, 40, 2000)": 21.37888198757764,
        "(4, 40, 3000)": 25.975929978118163,
        "(4, 40, 4000)": 33.40090771558245,
        "(4, 40, 5000)": 36.51971830985916,
        "(4, 50, 1000)": 5.2026286966046005,
        "(4, 50, 2000)": 23.719638242894057,
        "(4, 50, 3000)": 29.754957507082153,
        "(4, 50, 4000)": 38.774954627949185,
        "(4, 50, 5000)": 43.45643939393939,
        "(8, 10, 1000)": 8.103301384451544,
        "(8, 10, 2000)": 19.913151364764268,
        "(8, 10, 3000)": 22.841830065359478,
        "(8, 10, 4000)": 27.129213483146067,
        "(8, 10, 5000)": 27.833333333333332,
        "(8, 20, 1000)": 19.743333333333332,
        "(8, 20, 2000)": 29.37067773167358,
        "(8, 20, 3000)": 35.45889387144992,
        "(8, 20, 4000)": 39.06060606060606,
        "(8, 20, 5000)": 43.04716981132076,
        "(8, 30, 1000)": 28.26043165467626,
        "(8, 30, 2000)": 37.6709886547812,
        "(8, 30, 3000)": 45.91956124314442,
        "(8, 30, 4000)": 51.208955223880594,
        "(8, 30, 5000)": 56.011605415860735,
        "(8, 40, 1000)": 31.70288624787776,
        "(8, 40, 2000)": 44.824457593688365,
        "(8, 40, 3000)": 52.53907815631263,
        "(8, 40, 4000)": 58.75050301810865,
        "(8, 40, 5000)": 62.315240083507305,
        "(8, 50, 1000)": 36.34587813620072,
        "(8, 50, 2000)": 49.42430278884462,
        "(8, 50, 3000)": 58.446938775510205,
        "(8, 50, 4000)": 62.75365344467641,
        "(8, 50, 5000)": 66.575,
        "(16, 10, 1000)": 8.064950980392156,
        "(16, 10, 2000)": 35.377049180327866,
        "(16, 10, 3000)": 41.87352445193929,
        "(16, 10, 4000)": 46.70477815699659,
        "(16, 10, 5000)": 45.0811232449298,
        "(16, 20, 1000)": 34.55141579731744,
        "(16, 20, 2000)": 50.09269162210339,
        "(16, 20, 3000)": 59.428842504743834,
        "(16, 20, 4000)": 63.9921568627451,
        "(16, 20, 5000)": 68.04375,
        "(16, 30, 1000)": 48.08757637474542,
        "(16, 30, 2000)": 61.457556935817806,
        "(16, 30, 3000)": 70.59100642398288,
        "(16, 30, 4000)": 75.20327102803738,
        "(16, 30, 5000)": 77.78238341968913,
        "(16, 40, 1000)": 54.516460905349795,
        "(16, 40, 2000)": 68.96559139784947,
        "(16, 40, 3000)": 76.15130023640661,
        "(16, 40, 4000)": 80.70821529745042,
        "(16, 40, 5000)": 82.85987261146497,
        "(16, 50, 1000)": 60.23706896551724,
        "(16, 50, 2000)": 72.66203703703704,
        "(16, 50, 3000)": 79.91129032258064,
        "(16, 50, 4000)": 84.67326732673267,
        "(16, 50, 5000)": 86.3579766536965,
        "(32, 10, 1000)": 8.407594936708861,
        "(32, 10, 2000)": 58.16764132553606,
        "(32, 10, 3000)": 63.97795591182365,
        "(32, 10, 4000)": 69.92792792792793,
        "(32, 10, 5000)": 60.17706237424547,
        "(32, 20, 1000)": 50.225752508361204,
        "(32, 20, 2000)": 75.58333333333333,
        "(32, 20, 3000)": 83.78133333333334,
        "(32, 20, 4000)": 87.69180327868852,
        "(32, 20, 5000)": 91.18468468468468,
        "(32, 30, 1000)": 70.11316397228637,
        "(32, 30, 2000)": 85.05494505494505,
        "(32, 30, 3000)": 92.93697478991596,
        "(32, 30, 4000)": 97.09022556390977,
        "(32, 30, 5000)": 98.24657534246575,
        "(32, 40, 1000)": 75.25194805194805,
        "(32, 40, 2000)": 90.63018867924528,
        "(32, 40, 3000)": 97.82089552238806,
        "(32, 40, 4000)": 102.45833333333333,
        "(32, 40, 5000)": 100.0,
        "(32, 50, 1000)": 78.98192771084338,
        "(32, 50, 2000)": 93.90123456790124,
        "(32, 50, 3000)": 99.72916666666667,
        "(32, 50, 4000)": 100.5,
        "(32, 50, 5000)": 0,
        "(64, 10, 1000)": 9.427122940430925,
        "(64, 10, 2000)": 76.74242424242425,
        "(64, 10, 3000)": 81.64940239043824,
        "(64, 10, 4000)": 86.27,
        "(64, 10, 5000)": 58.572,
        "(64, 20, 1000)": 58.66203703703704,
        "(64, 20, 2000)": 93.18320610687023,
        "(64, 20, 3000)": 102.29629629629629,
        "(64, 20, 4000)": 0,
        "(64, 20, 5000)": 0,
        "(64, 30, 1000)": 84.23267326732673,
        "(64, 30, 2000)": 104.2,
        "(64, 30, 3000)": 0,
        "(64, 30, 4000)": 0,
        "(64, 30, 5000)": 0,
        "(64, 40, 1000)": 88.54193548387097,
        "(64, 40, 2000)": 0,
        "(64, 40, 3000)": 0,
        "(64, 40, 4000)": 0,
        "(64, 40, 5000)": 0,
        "(64, 50, 1000)": 91.00833333333334,
        "(64, 50, 2000)": 0,
        "(64, 50, 3000)": 0,
        "(64, 50, 4000)": 0,
        "(64, 50, 5000)": 0
    },
    "base_point_cost": 0.8019957405575612,
    "min_points": 13,
    "budget": 4.0
}