{
    "percentage_bucket_counter_random": {
        "rest": 100.0,
        "5": 7.9,
        "10": 13.8,
        "15": 16.6,
        "20": 19.5
    },
    "mean_budget_random": 51.193599999999996,
    "mean_add_points_random": 280.537,
    "nr_func_modeled_random": 1000,
    "percentage_bucket_counter_grid": {
        "rest": 100.0,
        "5": 67.7,
        "10": 90.0,
        "15": 95.7,
        "20": 98.6
    },
    "mean_budget_grid": 49.20120776087513,
    "mean_add_points_grid": 129.0941883767535,
    "nr_func_modeled_grid": 998,
    "percentage_bucket_counter_bayesian": {
        "rest": 100.0,
        "5": 74.4,
        "10": 93.10000000000001,
        "15": 97.6,
        "20": 99.5
    },
    "mean_budget_bayesian": 51.750008702187024,
    "mean_add_points_bayesian": 452.596,
    "nr_func_modeled_bayesian": 1000,
    "percentage_bucket_counter_full": {
        "rest": 100.0,
        "5": 87.0,
        "10": 96.0,
        "15": 98.4,
        "20": 99.6
    },
    "percentage_bucket_counter_generic": {
        "rest": 100.0,
        "5": 78.3,
        "10": 94.6,
        "15": 98.3,
        "20": 99.4
    },
    "mean_budget_generic": 49.88384912750812,
    "mean_add_points_generic": 454.6226226226226,
    "nr_func_modeled_generic": 999,
    "percentage_bucket_counter_gpr": {
        "rest": 100.0,
        "5": 81.0,
        "10": 95.0,
        "15": 98.0,
        "20": 99.4
    },
    "mean_add_points_gpr": 455.5681362725451,
    "mean_budget_gpr": 51.53672839365636,
    "nr_func_modeled_gpr": 998,
    "percentage_bucket_counter_hybrid": {
        "rest": 100.0,
        "5": 81.0,
        "10": 95.0,
        "15": 98.0,
        "20": 99.4
    },
    "mean_budget_hybrid": 51.53672839365636,
    "mean_add_points_hybrid": 455.5681362725451,
    "nr_func_modeled_hybrid": 998,
    "point_map_generic": {
        "(4, 10, 1000)": 1.617,
        "(4, 10, 2000)": 9.716,
        "(4, 10, 3000)": 10.88,
        "(4, 10, 4000)": 12.297,
        "(4, 10, 5000)": 12.679,
        "(4, 20, 1000)": 3.423,
        "(4, 20, 2000)": 13.759,
        "(4, 20, 3000)": 15.902,
        "(4, 20, 4000)": 19.435,
        "(4, 20, 5000)": 22.506,
        "(4, 30, 1000)": 5.143,
        "(4, 30, 2000)": 17.645,
        "(4, 30, 3000)": 22.065,
        "(4, 30, 4000)": 26.304,
        "(4, 30, 5000)": 29.618,
        "(4, 40, 1000)": 7.272,
        "(4, 40, 2000)": 21.396,
        "(4, 40, 3000)": 25.783,
        "(4, 40, 4000)": 32.717,
        "(4, 40, 5000)": 34.417,
        "(4, 50, 1000)": 9.147,
        "(4, 50, 2000)": 26.827,
        "(4, 50, 3000)": 31.337,
        "(4, 50, 4000)": 38.385,
        "(4, 50, 5000)": 42.085,
        "(8, 10, 1000)": 9.383,
        "(8, 10, 2000)": 22.338,
        "(8, 10, 3000)": 25.625,
        "(8, 10, 4000)": 31.159,
        "(8, 10, 5000)": 32.927,
        "(8, 20, 1000)": 20.752,
        "(8, 20, 2000)": 30.81,
        "(8, 20, 3000)": 36.504,
        "(8, 20, 4000)": 39.487,
        "(8, 20, 5000)": 43.163,
        "(8, 30, 1000)": 30.669,
        "(8, 30, 2000)": 37.296,
        "(8, 30, 3000)": 44.527,
        "(8, 30, 4000)": 48.716,
        "(8, 30, 5000)": 53.239,
        "(8, 40, 1000)": 36.378,
        "(8, 40, 2000)": 45.837,
        "(8, 40, 3000)": 50.412,
        "(8, 40, 4000)": 56.183,
        "(8, 40, 5000)": 58.293,
        "(8, 50, 1000)": 42.623,
        "(8, 50, 2000)": 50.196,
        "(8, 50, 3000)": 57.767,
        "(8, 50, 4000)": 59.361,
        "(8, 50, 5000)": 64.247,
        "(16, 10, 1000)": 16.175,
        "(16, 10, 2000)": 41.734,
        "(16, 10, 3000)": 47.377,
        "(16, 10, 4000)": 51.488,
        "(16, 10, 5000)": 51.698,
        "(16, 20, 1000)": 40.536,
        "(16, 20, 2000)": 51.349,
        "(16, 20, 3000)": 59.784,
        "(16, 20, 4000)": 62.944,
        "(16, 20, 5000)": 66.803,
        "(16, 30, 1000)": 51.522,
        "(16, 30, 2000)": 60.92,
        "(16, 30, 3000)": 68.886,
        "(16, 30, 4000)": 71.878,
        "(16, 30, 5000)": 73.779,
        "(16, 40, 1000)": 58.786,
        "(16, 40, 2000)": 70.126,
        "(16, 40, 3000)": 73.954,
        "(16, 40, 4000)": 78.986,
        "(16, 40, 5000)": 80.093,
        "(16, 50, 1000)": 67.296,
        "(16, 50, 2000)": 73.473,
        "(16, 50, 3000)": 78.856,
        "(16, 50, 4000)": 84.701,
        "(16, 50, 5000)": 86.562,
        "(32, 10, 1000)": 22.707,
        "(32, 10, 2000)": 66.765,
        "(32, 10, 3000)": 69.591,
        "(32, 10, 4000)": 77.103,
        "(32, 10, 5000)": 71.86086086086087,
        "(32, 20, 1000)": 59.077,
        "(32, 20, 2000)": 77.391,
        "(32, 20, 3000)": 84.194,
        "(32, 20, 4000)": 85.807,
        "(32, 20, 5000)": 92.1829268292683,
        "(32, 30, 1000)": 76.705,
        "(32, 30, 2000)": 85.892,
        "(32, 30, 3000)": 89.798,
        "(32, 30, 4000)": 96.038,
        "(32, 30, 5000)": 98.77710233029381,
        "(32, 40, 1000)": 83.371,
        "(32, 40, 2000)": 92.23,
        "(32, 40, 3000)": 96.208,
        "(32, 40, 4000)": 102.047,
        "(32, 40, 5000)": 101.90452261306532,
        "(32, 50, 1000)": 87.7609649122807,
        "(32, 50, 2000)": 97.02232142857143,
        "(32, 50, 3000)": 101.11233480176212,
        "(32, 50, 4000)": 102.03604531410916,
        "(32, 50, 5000)": 106.7782909930716,
        "(64, 10, 1000)": 29.031062124248496,
        "(64, 10, 2000)": 88.56934306569343,
        "(64, 10, 3000)": 94.21088435374149,
        "(64, 10, 4000)": 96.15946348733235,
        "(64, 10, 5000)": 88.78296382730456,
        "(64, 20, 1000)": 81.18888888888888,
        "(64, 20, 2000)": 100.09447983014861,
        "(64, 20, 3000)": 105.3030303030303,
        "(64, 20, 4000)": 108.0506329113924,
        "(64, 20, 5000)": 110.18481848184818,
        "(64, 30, 1000)": 97.8879781420765,
        "(64, 30, 2000)": 107.53200568990043,
        "(64, 30, 3000)": 113.4661508704062,
        "(64, 30, 4000)": 113.02173913043478,
        "(64, 30, 5000)": 117.0204081632653,
        "(64, 40, 1000)": 101.0530035335689,
        "(64, 40, 2000)": 112.0125,
        "(64, 40, 3000)": 117.69028871391076,
        "(64, 40, 4000)": 116.8715953307393,
        "(64, 40, 5000)": 108.78181818181818,
        "(64, 50, 1000)": 102.99709724238026,
        "(64, 50, 2000)": 114.11864406779661,
        "(64, 50, 3000)": 119.17553191489361,
        "(64, 50, 4000)": 0,
        "(64, 50, 5000)": 0
    },
    "base_point_cost": 0.8019957405575612,
    "min_points": 13,
    "budget": 52.0
}