{
    "percentage_bucket_counter_random": {
        "rest": 100.0,
        "5": 7.9,
        "10": 13.8,
        "15": 16.6,
        "20": 19.5
    },
    "mean_budget_random": 11.50005,
    "mean_add_points_random": 111.237,
    "nr_func_modeled_random": 1000,
    "percentage_bucket_counter_grid": {
        "rest": 100.0,
        "5": 41.8,
        "10": 58.199999999999996,
        "15": 69.19999999999999,
        "20": 75.0
    },
    "mean_budget_grid": 10.524807111095518,
    "mean_add_points_grid": 81.204,
    "nr_func_modeled_grid": 1000,
    "percentage_bucket_counter_bayesian": {
        "rest": 100.0,
        "5": 74.0,
        "10": 87.3,
        "15": 91.4,
        "20": 94.39999999999999
    },
    "mean_budget_bayesian": 11.95717422574893,
    "mean_add_points_bayesian": 345.0997942386831,
    "nr_func_modeled_bayesian": 972,
    "percentage_bucket_counter_full": {
        "rest": 100.0,
        "5": 87.0,
        "10": 96.0,
        "15": 98.4,
        "20": 99.6
    },
    "percentage_bucket_counter_generic": {
        "rest": 100.0,
        "5": 62.7,
        "10": 83.39999999999999,
        "15": 90.8,
        "20": 94.0
    },
    "mean_budget_generic": 11.633421372487033,
    "mean_add_points_generic": 352.3460764587525,
    "nr_func_modeled_generic": 994,
    "percentage_bucket_counter_gpr": {
        "rest": 100.0,
        "5": 72.1,
        "10": 88.1,
        "15": 93.8,
        "20": 95.5
    },
    "mean_add_points_gpr": 357.039314516129,
    "mean_budget_gpr": 11.914809638038932,
    "nr_func_modeled_gpr": 992,
    "percentage_bucket_counter_hybrid": {
        "rest": 100.0,
        "5": 72.1,
        "10": 88.1,
        "15": 93.8,
        "20": 95.5
    },
    "mean_budget_hybrid": 11.914809638038932,
    "mean_add_points_hybrid": 357.039314516129,
    "nr_func_modeled_hybrid": 992,
    "point_map_generic": {
        "(4, 10, 1000)": 1.617,
        "(4, 10, 2000)": 9.716,
        "(4, 10, 3000)": 10.88,
        "(4, 10, 4000)": 12.297,
        "(4, 10, 5000)": 12.679,
        "(4, 20, 1000)": 3.423,
        "(4, 20, 2000)": 13.759,
        "(4, 20, 3000)": 15.902,
        "(4, 20, 4000)": 19.435,
        "(4, 20, 5000)": 22.506,
        "(4, 30, 1000)": 5.143,
        "(4, 30, 2000)": 17.645,
        "(4, 30, 3000)": 22.065,
        "(4, 30, 4000)": 26.304,
        "(4, 30, 5000)": 29.618,
        "(4, 40, 1000)": 7.272,
        "(4, 40, 2000)": 21.396,
        "(4, 40, 3000)": 25.783,
        "(4, 40, 4000)": 32.717,
        "(4, 40, 5000)": 34.417,
        "(4, 50, 1000)": 9.147,
        "(4, 50, 2000)": 26.827,
        "(4, 50, 3000)": 31.337,
        "(4, 50, 4000)": 38.385,
        "(4, 50, 5000)": 42.085,
        "(8, 10, 1000)": 9.383,
        "(8, 10, 2000)": 22.338,
        "(8, 10, 3000)": 25.625,
        "(8, 10, 4000)": 31.159,
        "(8, 10, 5000)": 32.563894523326574,
        "(8, 20, 1000)": 20.752,
        "(8, 20, 2000)": 30.81,
        "(8, 20, 3000)": 36.504,
        "(8, 20, 4000)": 39.487,
        "(8, 20, 5000)": 43.163,
        "(8, 30, 1000)": 30.669,
        "(8, 30, 2000)": 37.296,
        "(8, 30, 3000)": 44.527,
        "(8, 30, 4000)": 48.716,
        "(8, 30, 5000)": 53.111680327868854,
        "(8, 40, 1000)": 36.378,
        "(8, 40, 2000)": 45.837,
        "(8, 40, 3000)": 50.412,
        "(8, 40, 4000)": 56.11746987951807,
        "(8, 40, 5000)": 58.29364278506559,
        "(8, 50, 1000)": 40.572649572649574,
        "(8, 50, 2000)": 48.655913978494624,
        "(8, 50, 3000)": 55.954802259887,
        "(8, 50, 4000)": 58.481601731601735,
        "(8, 50, 5000)": 63.56562137049942,
        "(16, 10, 1000)": 16.037111334002006,
        "(16, 10, 2000)": 41.1849173553719,
        "(16, 10, 3000)": 46.37112299465241,
        "(16, 10, 4000)": 49.91261061946903,
        "(16, 10, 5000)": 49.14173228346457,
        "(16, 20, 1000)": 40.08188331627431,
        "(16, 20, 2000)": 51.17113402061856,
        "(16, 20, 3000)": 59.19638826185101,
        "(16, 20, 4000)": 62.33676975945017,
        "(16, 20, 5000)": 66.0233644859813,
        "(16, 30, 1000)": 51.04916317991632,
        "(16, 30, 2000)": 60.77111111111111,
        "(16, 30, 3000)": 68.985,
        "(16, 30, 4000)": 72.36363636363636,
        "(16, 30, 5000)": 74.42274412855377,
        "(16, 40, 1000)": 56.25178147268409,
        "(16, 40, 2000)": 68.71238348868175,
        "(16, 40, 3000)": 74.18503401360545,
        "(16, 40, 4000)": 79.77903682719547,
        "(16, 40, 5000)": 80.98997134670488,
        "(16, 50, 1000)": 62.532194480946124,
        "(16, 50, 2000)": 71.83758389261745,
        "(16, 50, 3000)": 78.69350282485875,
        "(16, 50, 4000)": 84.20977917981072,
        "(16, 50, 5000)": 85.8097643097643,
        "(32, 10, 1000)": 18.761290322580646,
        "(32, 10, 2000)": 62.28454172366621,
        "(32, 10, 3000)": 66.5489417989418,
        "(32, 10, 4000)": 72.1935975609756,
        "(32, 10, 5000)": 65.42918454935622,
        "(32, 20, 1000)": 55.507444168734494,
        "(32, 20, 2000)": 75.95118343195266,
        "(32, 20, 3000)": 83.14402618657938,
        "(32, 20, 4000)": 85.8468899521531,
        "(32, 20, 5000)": 91.10887096774194,
        "(32, 30, 1000)": 73.67363344051446,
        "(32, 30, 2000)": 85.52631578947368,
        "(32, 30, 3000)": 91.69090909090909,
        "(32, 30, 4000)": 97.70813397129187,
        "(32, 30, 5000)": 100.0210843373494,
        "(32, 40, 1000)": 78.94474153297682,
        "(32, 40, 2000)": 91.417004048583,
        "(32, 40, 3000)": 97.90823529411765,
        "(32, 40, 4000)": 102.82022471910112,
        "(32, 40, 5000)": 103.0,
        "(32, 50, 1000)": 83.32443531827515,
        "(32, 50, 2000)": 95.84343434343434,
        "(32, 50, 3000)": 102.06825938566553,
        "(32, 50, 4000)": 101.21030042918454,
        "(32, 50, 5000)": 106.1747572815534,
        "(64, 10, 1000)": 9.544303797468354,
        "(64, 10, 2000)": 80.58526315789474,
        "(64, 10, 3000)": 86.13734939759036,
        "(64, 10, 4000)": 89.94224924012158,
        "(64, 10, 5000)": 71.5706940874036,
        "(64, 20, 1000)": 66.94474153297682,
        "(64, 20, 2000)": 96.49166666666666,
        "(64, 20, 3000)": 102.88,
        "(64, 20, 4000)": 105.92857142857143,
        "(64, 20, 5000)": 106.75409836065573,
        "(64, 30, 1000)": 89.72832369942196,
        "(64, 30, 2000)": 103.81481481481481,
        "(64, 30, 3000)": 113.22222222222223,
        "(64, 30, 4000)": 0,
        "(64, 30, 5000)": 0,
        "(64, 40, 1000)": 93.3029197080292,
        "(64, 40, 2000)": 108.09574468085107,
        "(64, 40, 3000)": 0,
        "(64, 40, 4000)": 0,
        "(64, 40, 5000)": 0,
        "(64, 50, 1000)": 95.04017857142857,
        "(64, 50, 2000)": 107.76470588235294,
        "(64, 50, 3000)": 0,
        "(64, 50, 4000)": 0,
        "(64, 50, 5000)": 0
    },
    "base_point_cost": 0.8019957405575612,
    "min_points": 13,
    "budget": 12.0
}