{
    "percentage_bucket_counter_full": {
        "rest": 100.0,
        "5": 91.66666666666666,
        "10": 100.0,
        "15": 100.0,
        "20": 100.0
    },
    "percentage_bucket_counter_generic": {
        "rest": 100.0,
        "5": 58.333333333333336,
        "10": 66.66666666666666,
        "15": 66.66666666666666,
        "20": 66.66666666666666
    },
    "mean_budget_generic": 0.7688149625393753,
    "mean_add_points_generic": 156.11111111111111,
    "nr_func_modeled_generic": 9,
    "percentage_bucket_counter_gpr": {
        "rest": 100.0,
        "5": 75.0,
        "10": 91.66666666666666,
        "15": 91.66666666666666,
        "20": 91.66666666666666
    },
    "mean_add_points_gpr": 142.75,
    "mean_budget_gpr": 0.7967661050588662,
    "nr_func_modeled_gpr": 12,
    "percentage_bucket_counter_hybrid": {
        "rest": 100.0,
        "5": 66.66666666666666,
        "10": 91.66666666666666,
        "15": 91.66666666666666,
        "20": 91.66666666666666
    },
    "mean_budget_hybrid": 0.7960769760560269,
    "mean_add_points_hybrid": 144.41666666666666,
    "nr_func_modeled_hybrid": 12,
    "base_point_cost": 0.28941812102083586,
    "min_points": 13,
    "budget": 0.7999999999999999
}