{
    "percentage_bucket_counter_full": {
        "rest": 100.0,
        "5": 91.66666666666666,
        "10": 100.0,
        "15": 100.0,
        "20": 100.0
    },
    "percentage_bucket_counter_generic": {
        "rest": 100.0,
        "5": 91.66666666666666,
        "10": 91.66666666666666,
        "15": 91.66666666666666,
        "20": 91.66666666666666
    },
    "mean_budget_generic": 52.624806625726386,
    "mean_add_points_generic": 488.3333333333333,
    "nr_func_modeled_generic": 12,
    "percentage_bucket_counter_gpr": {
        "rest": 100.0,
        "5": 75.0,
        "10": 83.33333333333334,
        "15": 100.0,
        "20": 100.0
    },
    "mean_add_points_gpr": 486.0,
    "mean_budget_gpr": 54.667362947341054,
    "nr_func_modeled_gpr": 12,
    "percentage_bucket_counter_hybrid": {
        "rest": 100.0,
        "5": 75.0,
        "10": 83.33333333333334,
        "15": 91.66666666666666,
        "20": 100.0
    },
    "mean_budget_hybrid": 54.61577603125892,
    "mean_add_points_hybrid": 485.9166666666667,
    "nr_func_modeled_hybrid": 12,
    "base_point_cost": 0.28941812102083586,
    "min_points": 13,
    "budget": 55
}