{
    "percentage_bucket_counter_full": {
        "rest": 100.0,
        "5": 91.66666666666666,
        "10": 100.0,
        "15": 100.0,
        "20": 100.0
    },
    "percentage_bucket_counter_generic": {
        "rest": 100.0,
        "5": 83.33333333333334,
        "10": 83.33333333333334,
        "15": 83.33333333333334,
        "20": 83.33333333333334
    },
    "mean_budget_generic": 15.421116992472866,
    "mean_add_points_generic": 391.25,
    "nr_func_modeled_generic": 12,
    "percentage_bucket_counter_gpr": {
        "rest": 100.0,
        "5": 75.0,
        "10": 83.33333333333334,
        "15": 83.33333333333334,
        "20": 83.33333333333334
    },
    "mean_add_points_gpr": 382.8181818181818,
    "mean_budget_gpr": 15.95339910290329,
    "nr_func_modeled_gpr": 11,
    "percentage_bucket_counter_hybrid": {
        "rest": 100.0,
        "5": 75.0,
        "10": 83.33333333333334,
        "15": 83.33333333333334,
        "20": 83.33333333333334
    },
    "mean_budget_hybrid": 15.948943672168339,
    "mean_add_points_hybrid": 382.8181818181818,
    "nr_func_modeled_hybrid": 11,
    "base_point_cost": 0.28941812102083586,
    "min_points": 13,
    "budget": 16
}