{
    "percentage_bucket_counter_full": {
        "rest": 100.0,
        "5": 91.66666666666666,
        "10": 100.0,
        "15": 100.0,
        "20": 100.0
    },
    "percentage_bucket_counter_generic": {
        "rest": 100.0,
        "5": 83.33333333333334,
        "10": 83.33333333333334,
        "15": 83.33333333333334,
        "20": 83.33333333333334
    },
    "mean_budget_generic": 9.742241402538133,
    "mean_add_points_generic": 350.0,
    "nr_func_modeled_generic": 12,
    "percentage_bucket_counter_gpr": {
        "rest": 100.0,
        "5": 75.0,
        "10": 75.0,
        "15": 75.0,
        "20": 83.33333333333334
    },
    "mean_add_points_gpr": 335.75,
    "mean_budget_gpr": 9.980657648702973,
    "nr_func_modeled_gpr": 12,
    "percentage_bucket_counter_hybrid": {
        "rest": 100.0,
        "5": 75.0,
        "10": 75.0,
        "15": 75.0,
        "20": 83.33333333333334
    },
    "mean_budget_hybrid": 9.97350975955264,
    "mean_add_points_hybrid": 335.9166666666667,
    "nr_func_modeled_hybrid": 12,
    "base_point_cost": 0.28941812102083586,
    "min_points": 13,
    "budget": 10
}