{
    "percentage_bucket_counter_full": {
        "rest": 100.0,
        "5": 91.66666666666666,
        "10": 100.0,
        "15": 100.0,
        "20": 100.0
    },
    "percentage_bucket_counter_generic": {
        "rest": 100.0,
        "5": 83.33333333333334,
        "10": 91.66666666666666,
        "15": 91.66666666666666,
        "20": 91.66666666666666
    },
    "mean_budget_generic": 41.58167939299759,
    "mean_add_points_generic": 472.0833333333333,
    "nr_func_modeled_generic": 12,
    "percentage_bucket_counter_gpr": {
        "rest": 100.0,
        "5": 83.33333333333334,
        "10": 91.66666666666666,
        "15": 91.66666666666666,
        "20": 91.66666666666666
    },
    "mean_add_points_gpr": 470.72727272727275,
    "mean_budget_gpr": 42.819925321543536,
    "nr_func_modeled_gpr": 11,
    "percentage_bucket_counter_hybrid": {
        "rest": 100.0,
        "5": 83.33333333333334,
        "10": 91.66666666666666,
        "15": 91.66666666666666,
        "20": 91.66666666666666
    },
    "mean_budget_hybrid": 42.82851778073154,
    "mean_add_points_hybrid": 470.72727272727275,
    "nr_func_modeled_hybrid": 11,
    "base_point_cost": 0.28941812102083586,
    "min_points": 13,
    "budget": 43
}