{
    "percentage_bucket_counter_full": {
        "rest": 100.0,
        "5": 87.9,
        "10": 95.5,
        "15": 98.3,
        "20": 99.7
    },
    "percentage_bucket_counter_generic": {
        "rest": 100.0,
        "5": 35.8,
        "10": 40.2,
        "15": 42.8,
        "20": 44.6
    },
    "mean_budget_generic": 0.8616015170830291,
    "mean_add_points_generic": 283.55274261603375,
    "nr_func_modeled_generic": 474,
    "percentage_bucket_counter_gpr": {
        "rest": 100.0,
        "5": 39.2,
        "10": 43.0,
        "15": 46.0,
        "20": 47.9
    },
    "mean_add_points_gpr": 261.31826401446654,
    "mean_budget_gpr": 0.8923641779583062,
    "nr_func_modeled_gpr": 553,
    "percentage_bucket_counter_hybrid": {
        "rest": 100.0,
        "5": 39.1,
        "10": 42.9,
        "15": 45.9,
        "20": 47.8
    },
    "mean_budget_hybrid": 0.89235940224619,
    "mean_add_points_hybrid": 261.3254972875226,
    "nr_func_modeled_hybrid": 553,
    "point_map_generic": {
        "(4, 10, 1000)": 1.155155155155155,
        "(4, 10, 2000)": 9.89879759519038,
        "(4, 10, 3000)": 10.938816449348044,
        "(4, 10, 4000)": 12.015045135406218,
        "(4, 10, 5000)": 12.887775551102205,
        "(4, 20, 1000)": 2.0741116751269035,
        "(4, 20, 2000)": 14.075819672131148,
        "(4, 20, 3000)": 16.96659707724426,
        "(4, 20, 4000)": 20.590336134453782,
        "(4, 20, 5000)": 24.24579831932773,
        "(4, 30, 1000)": 3.073170731707317,
        "(4, 30, 2000)": 17.616494845360826,
        "(4, 30, 3000)": 22.74105263157895,
        "(4, 30, 4000)": 27.85531914893617,
        "(4, 30, 5000)": 32.02370689655172,
        "(4, 40, 1000)": 4.114837398373984,
        "(4, 40, 2000)": 21.60455486542443,
        "(4, 40, 3000)": 28.110169491525422,
        "(4, 40, 4000)": 34.07625272331155,
        "(4, 40, 5000)": 37.805936073059364,
        "(4, 50, 1000)": 5.141260162601626,
        "(4, 50, 2000)": 25.887265135699373,
        "(4, 50, 3000)": 32.85217391304348,
        "(4, 50, 4000)": 38.78181818181818,
        "(4, 50, 5000)": 42.4218009478673,
        "(8, 10, 1000)": 6.060887512899897,
        "(8, 10, 2000)": 19.628450106157114,
        "(8, 10, 3000)": 24.293617021276596,
        "(8, 10, 4000)": 28.799568965517242,
        "(8, 10, 5000)": 31.79443254817987,
        "(8, 20, 1000)": 20.62962962962963,
        "(8, 20, 2000)": 30.13390928725702,
        "(8, 20, 3000)": 37.24070021881838,
        "(8, 20, 4000)": 42.326530612244895,
        "(8, 20, 5000)": 46.37914691943128,
        "(8, 30, 1000)": 27.23060344827586,
        "(8, 30, 2000)": 38.296052631578945,
        "(8, 30, 3000)": 46.252847380410024,
        "(8, 30, 4000)": 51.34074074074074,
        "(8, 30, 5000)": 54.63636363636363,
        "(8, 40, 1000)": 32.40087145969499,
        "(8, 40, 2000)": 44.54090909090909,
        "(8, 40, 3000)": 52.08142493638677,
        "(8, 40, 4000)": 56.8421052631579,
        "(8, 40, 5000)": 60.06410256410256,
        "(8, 50, 1000)": 36.57528089887641,
        "(8, 50, 2000)": 48.708641975308645,
        "(8, 50, 3000)": 56.28813559322034,
        "(8, 50, 4000)": 60.73529411764706,
        "(8, 50, 5000)": 64.22183098591549,
        "(16, 10, 1000)": 7.120743034055727,
        "(16, 10, 2000)": 36.8165548098434,
        "(16, 10, 3000)": 43.754672897196265,
        "(16, 10, 4000)": 48.305,
        "(16, 10, 5000)": 50.47814910025707,
        "(16, 20, 1000)": 38.01301518438178,
        "(16, 20, 2000)": 51.973684210526315,
        "(16, 20, 3000)": 60.21236559139785,
        "(16, 20, 4000)": 65.02572347266882,
        "(16, 20, 5000)": 68.45018450184502,
        "(16, 30, 1000)": 46.94915254237288,
        "(16, 30, 2000)": 61.43016759776536,
        "(16, 30, 3000)": 69.62264150943396,
        "(16, 30, 4000)": 73.73488372093023,
        "(16, 30, 5000)": 76.47777777777777,
        "(16, 40, 1000)": 52.37662337662338,
        "(16, 40, 2000)": 67.49826989619378,
        "(16, 40, 3000)": 74.9,
        "(16, 40, 4000)": 78.80645161290323,
        "(16, 40, 5000)": 81.43442622950819,
        "(16, 50, 1000)": 56.71469740634006,
        "(16, 50, 2000)": 71.375,
        "(16, 50, 3000)": 78.29220779220779,
        "(16, 50, 4000)": 82.01785714285714,
        "(16, 50, 5000)": 84.23611111111111,
        "(32, 10, 1000)": 8.202270381836945,
        "(32, 10, 2000)": 56.111111111111114,
        "(32, 10, 3000)": 62.16447368421053,
        "(32, 10, 4000)": 66.15079365079364,
        "(32, 10, 5000)": 64.82629107981221,
        "(32, 20, 1000)": 55.42307692307692,
        "(32, 20, 2000)": 74.74418604651163,
        "(32, 20, 3000)": 83.15315315315316,
        "(32, 20, 4000)": 87.37037037037037,
        "(32, 20, 5000)": 89.1304347826087,
        "(32, 30, 1000)": 64.95348837209302,
        "(32, 30, 2000)": 84.83505154639175,
        "(32, 30, 3000)": 93.8,
        "(32, 30, 4000)": 0,
        "(32, 30, 5000)": 0,
        "(32, 40, 1000)": 69.40201005025126,
        "(32, 40, 2000)": 89.1875,
        "(32, 40, 3000)": 0,
        "(32, 40, 4000)": 0,
        "(32, 40, 5000)": 0,
        "(32, 50, 1000)": 72.08391608391608,
        "(32, 50, 2000)": 89.66666666666667,
        "(32, 50, 3000)": 0,
        "(32, 50, 4000)": 0,
        "(32, 50, 5000)": 0,
        "(64, 10, 1000)": 9.007253886010362,
        "(64, 10, 2000)": 68.84563758389261,
        "(64, 10, 3000)": 76.11363636363636,
        "(64, 10, 4000)": 79.46153846153847,
        "(64, 10, 5000)": 45.625,
        "(64, 20, 1000)": 63.526666666666664,
        "(64, 20, 2000)": 85.66666666666667,
        "(64, 20, 3000)": 0,
        "(64, 20, 4000)": 0,
        "(64, 20, 5000)": 0,
        "(64, 30, 1000)": 81.22727272727273,
        "(64, 30, 2000)": 0,
        "(64, 30, 3000)": 0,
        "(64, 30, 4000)": 0,
        "(64, 30, 5000)": 0,
        "(64, 40, 1000)": 76.5,
        "(64, 40, 2000)": 0,
        "(64, 40, 3000)": 0,
        "(64, 40, 4000)": 0,
        "(64, 40, 5000)": 0,
        "(64, 50, 1000)": 0,
        "(64, 50, 2000)": 0,
        "(64, 50, 3000)": 0,
        "(64, 50, 4000)": 0,
        "(64, 50, 5000)": 0
    },
    "base_point_cost": 0.15878517745903037,
    "min_points": 13,
    "budget": 0.8999999999999999
}