{
    "percentage_bucket_counter_full": {
        "rest": 100.0,
        "5": 87.9,
        "10": 95.5,
        "15": 98.3,
        "20": 99.7
    },
    "percentage_bucket_counter_generic": {
        "rest": 100.0,
        "5": 86.0,
        "10": 93.8,
        "15": 97.0,
        "20": 98.0
    },
    "mean_budget_generic": 40.22928690289819,
    "mean_add_points_generic": 441.1124497991968,
    "nr_func_modeled_generic": 996,
    "percentage_bucket_counter_gpr": {
        "rest": 100.0,
        "5": 86.4,
        "10": 94.69999999999999,
        "15": 97.5,
        "20": 98.9
    },
    "mean_add_points_gpr": 442.16132264529057,
    "mean_budget_gpr": 41.61132231575092,
    "nr_func_modeled_gpr": 998,
    "percentage_bucket_counter_hybrid": {
        "rest": 100.0,
        "5": 86.4,
        "10": 94.69999999999999,
        "15": 97.5,
        "20": 98.9
    },
    "mean_budget_hybrid": 41.61132231575092,
    "mean_add_points_hybrid": 442.16132264529057,
    "nr_func_modeled_hybrid": 998,
    "point_map_generic": {
        "(4, 10, 1000)": 1.172,
        "(4, 10, 2000)": 9.907,
        "(4, 10, 3000)": 10.971,
        "(4, 10, 4000)": 12.038,
        "(4, 10, 5000)": 12.922,
        "(4, 20, 1000)": 2.304,
        "(4, 20, 2000)": 14.29,
        "(4, 20, 3000)": 16.761,
        "(4, 20, 4000)": 19.801,
        "(4, 20, 5000)": 22.963,
        "(4, 30, 1000)": 3.378,
        "(4, 30, 2000)": 18.22,
        "(4, 30, 3000)": 22.222,
        "(4, 30, 4000)": 25.953,
        "(4, 30, 5000)": 29.475,
        "(4, 40, 1000)": 4.563,
        "(4, 40, 2000)": 22.839,
        "(4, 40, 3000)": 27.496,
        "(4, 40, 4000)": 32.168,
        "(4, 40, 5000)": 35.32,
        "(4, 50, 1000)": 5.682,
        "(4, 50, 2000)": 28.139,
        "(4, 50, 3000)": 33.178,
        "(4, 50, 4000)": 37.807,
        "(4, 50, 5000)": 41.342,
        "(8, 10, 1000)": 6.664,
        "(8, 10, 2000)": 21.937,
        "(8, 10, 3000)": 26.142,
        "(8, 10, 4000)": 30.426,
        "(8, 10, 5000)": 33.884,
        "(8, 20, 1000)": 22.736,
        "(8, 20, 2000)": 30.374,
        "(8, 20, 3000)": 35.819,
        "(8, 20, 4000)": 39.869,
        "(8, 20, 5000)": 43.764,
        "(8, 30, 1000)": 30.342,
        "(8, 30, 2000)": 38.03,
        "(8, 30, 3000)": 43.941,
        "(8, 30, 4000)": 48.326,
        "(8, 30, 5000)": 52.327,
        "(8, 40, 1000)": 36.843,
        "(8, 40, 2000)": 45.281,
        "(8, 40, 3000)": 50.642,
        "(8, 40, 4000)": 55.42,
        "(8, 40, 5000)": 58.684,
        "(8, 50, 1000)": 42.762,
        "(8, 50, 2000)": 50.845,
        "(8, 50, 3000)": 56.905,
        "(8, 50, 4000)": 60.462,
        "(8, 50, 5000)": 64.346,
        "(16, 10, 1000)": 8.55,
        "(16, 10, 2000)": 41.858,
        "(16, 10, 3000)": 47.34,
        "(16, 10, 4000)": 51.691,
        "(16, 10, 5000)": 55.062,
        "(16, 20, 1000)": 43.841,
        "(16, 20, 2000)": 52.72,
        "(16, 20, 3000)": 58.972,
        "(16, 20, 4000)": 63.176,
        "(16, 20, 5000)": 67.06,
        "(16, 30, 1000)": 52.556,
        "(16, 30, 2000)": 61.575,
        "(16, 30, 3000)": 67.708,
        "(16, 30, 4000)": 71.751,
        "(16, 30, 5000)": 75.0,
        "(16, 40, 1000)": 59.507,
        "(16, 40, 2000)": 68.869,
        "(16, 40, 3000)": 73.959,
        "(16, 40, 4000)": 78.46,
        "(16, 40, 5000)": 81.28,
        "(16, 50, 1000)": 65.901,
        "(16, 50, 2000)": 73.91,
        "(16, 50, 3000)": 79.332,
        "(16, 50, 4000)": 83.888,
        "(16, 50, 5000)": 86.726,
        "(32, 10, 1000)": 10.351,
        "(32, 10, 2000)": 65.968,
        "(32, 10, 3000)": 70.846,
        "(32, 10, 4000)": 75.99195979899497,
        "(32, 10, 5000)": 77.77641025641026,
        "(32, 20, 1000)": 67.105,
        "(32, 20, 2000)": 77.496,
        "(32, 20, 3000)": 83.304,
        "(32, 20, 4000)": 86.895,
        "(32, 20, 5000)": 90.91136600625651,
        "(32, 30, 1000)": 76.787,
        "(32, 30, 2000)": 85.657,
        "(32, 30, 3000)": 90.662,
        "(32, 30, 4000)": 95.2246963562753,
        "(32, 30, 5000)": 98.33403582718651,
        "(32, 40, 1000)": 83.11411411411412,
        "(32, 40, 2000)": 91.66261398176292,
        "(32, 40, 3000)": 96.54508196721312,
        "(32, 40, 4000)": 101.18826135105205,
        "(32, 40, 5000)": 103.23444444444445,
        "(32, 50, 1000)": 86.23024830699774,
        "(32, 50, 2000)": 95.61257142857143,
        "(32, 50, 3000)": 100.75290023201856,
        "(32, 50, 4000)": 103.769322235434,
        "(32, 50, 5000)": 106.72099447513813,
        "(64, 10, 1000)": 11.510574018126889,
        "(64, 10, 2000)": 88.18192771084337,
        "(64, 10, 3000)": 92.70202020202021,
        "(64, 10, 4000)": 95.17283950617283,
        "(64, 10, 5000)": 96.5048678720445,
        "(64, 20, 1000)": 89.48685714285715,
        "(64, 20, 2000)": 99.92838541666667,
        "(64, 20, 3000)": 104.9448275862069,
        "(64, 20, 4000)": 108.29947460595447,
        "(64, 20, 5000)": 109.8433734939759,
        "(64, 30, 1000)": 96.75840978593273,
        "(64, 30, 2000)": 107.21804511278195,
        "(64, 30, 3000)": 113.33720930232558,
        "(64, 30, 4000)": 115.8176291793313,
        "(64, 30, 5000)": 117.5670731707317,
        "(64, 40, 1000)": 100.51310861423221,
        "(64, 40, 2000)": 111.63260340632604,
        "(64, 40, 3000)": 117.32075471698113,
        "(64, 40, 4000)": 120.6,
        "(64, 40, 5000)": 112.4,
        "(64, 50, 1000)": 102.44901960784314,
        "(64, 50, 2000)": 113.47404844290658,
        "(64, 50, 3000)": 118.4795918367347,
        "(64, 50, 4000)": 0,
        "(64, 50, 5000)": 0
    },
    "base_point_cost": 0.814049148102858,
    "min_points": 13,
    "budget": 42.0
}