{
    "percentage_bucket_counter_full": {
        "rest": 100.0,
        "5": 87.9,
        "10": 95.5,
        "15": 98.3,
        "20": 99.7
    },
    "percentage_bucket_counter_generic": {
        "rest": 100.0,
        "5": 84.39999999999999,
        "10": 91.60000000000001,
        "15": 96.1,
        "20": 97.89999999999999
    },
    "mean_budget_generic": 26.81041893214265,
    "mean_add_points_generic": 415.3540621865597,
    "nr_func_modeled_generic": 997,
    "percentage_bucket_counter_gpr": {
        "rest": 100.0,
        "5": 85.8,
        "10": 93.4,
        "15": 96.6,
        "20": 97.89999999999999
    },
    "mean_add_points_gpr": 416.9527638190955,
    "mean_budget_gpr": 27.736142048337307,
    "nr_func_modeled_gpr": 995,
    "percentage_bucket_counter_hybrid": {
        "rest": 100.0,
        "5": 85.8,
        "10": 93.4,
        "15": 96.6,
        "20": 97.89999999999999
    },
    "mean_budget_hybrid": 27.736142048337307,
    "mean_add_points_hybrid": 416.9527638190955,
    "nr_func_modeled_hybrid": 995,
    "point_map_generic": {
        "(4, 10, 1000)": 1.172,
        "(4, 10, 2000)": 9.907,
        "(4, 10, 3000)": 10.971,
        "(4, 10, 4000)": 12.038,
        "(4, 10, 5000)": 12.922,
        "(4, 20, 1000)": 2.304,
        "(4, 20, 2000)": 14.29,
        "(4, 20, 3000)": 16.761,
        "(4, 20, 4000)": 19.801,
        "(4, 20, 5000)": 22.963,
        "(4, 30, 1000)": 3.378,
        "(4, 30, 2000)": 18.22,
        "(4, 30, 3000)": 22.222,
        "(4, 30, 4000)": 25.953,
        "(4, 30, 5000)": 29.475,
        "(4, 40, 1000)": 4.563,
        "(4, 40, 2000)": 22.839,
        "(4, 40, 3000)": 27.496,
        "(4, 40, 4000)": 32.168,
        "(4, 40, 5000)": 35.32,
        "(4, 50, 1000)": 5.682,
        "(4, 50, 2000)": 28.139,
        "(4, 50, 3000)": 33.178,
        "(4, 50, 4000)": 37.807,
        "(4, 50, 5000)": 41.342,
        "(8, 10, 1000)": 6.664,
        "(8, 10, 2000)": 21.937,
        "(8, 10, 3000)": 26.142,
        "(8, 10, 4000)": 30.426,
        "(8, 10, 5000)": 33.884,
        "(8, 20, 1000)": 22.736,
        "(8, 20, 2000)": 30.374,
        "(8, 20, 3000)": 35.819,
        "(8, 20, 4000)": 39.869,
        "(8, 20, 5000)": 43.764,
        "(8, 30, 1000)": 30.342,
        "(8, 30, 2000)": 38.03,
        "(8, 30, 3000)": 43.941,
        "(8, 30, 4000)": 48.326,
        "(8, 30, 5000)": 52.327,
        "(8, 40, 1000)": 36.843,
        "(8, 40, 2000)": 45.281,
        "(8, 40, 3000)": 50.642,
        "(8, 40, 4000)": 55.42,
        "(8, 40, 5000)": 58.684,
        "(8, 50, 1000)": 42.762,
        "(8, 50, 2000)": 50.845,
        "(8, 50, 3000)": 56.905,
        "(8, 50, 4000)": 60.462,
        "(8, 50, 5000)": 64.346,
        "(16, 10, 1000)": 8.55,
        "(16, 10, 2000)": 41.858,
        "(16, 10, 3000)": 47.34,
        "(16, 10, 4000)": 51.691,
        "(16, 10, 5000)": 55.062,
        "(16, 20, 1000)": 43.841,
        "(16, 20, 2000)": 52.72,
        "(16, 20, 3000)": 58.972,
        "(16, 20, 4000)": 63.176,
        "(16, 20, 5000)": 67.06,
        "(16, 30, 1000)": 52.556,
        "(16, 30, 2000)": 61.575,
        "(16, 30, 3000)": 67.708,
        "(16, 30, 4000)": 71.751,
        "(16, 30, 5000)": 75.0,
        "(16, 40, 1000)": 59.507,
        "(16, 40, 2000)": 68.869,
        "(16, 40, 3000)": 73.959,
        "(16, 40, 4000)": 78.46,
        "(16, 40, 5000)": 81.28,
        "(16, 50, 1000)": 64.4329140461216,
        "(16, 50, 2000)": 73.35728952772074,
        "(16, 50, 3000)": 78.61151832460733,
        "(16, 50, 4000)": 83.04705882352941,
        "(16, 50, 5000)": 86.09978308026031,
        "(32, 10, 1000)": 10.351,
        "(32, 10, 2000)": 65.8995983935743,
        "(32, 10, 3000)": 70.18958333333333,
        "(32, 10, 4000)": 74.61857923497267,
        "(32, 10, 5000)": 76.43159065628475,
        "(32, 20, 1000)": 67.07515030060121,
        "(32, 20, 2000)": 77.41015228426396,
        "(32, 20, 3000)": 82.93939393939394,
        "(32, 20, 4000)": 86.40625,
        "(32, 20, 5000)": 90.58101851851852,
        "(32, 30, 1000)": 76.36760124610592,
        "(32, 30, 2000)": 85.48922413793103,
        "(32, 30, 3000)": 90.86306098964327,
        "(32, 30, 4000)": 95.58980582524272,
        "(32, 30, 5000)": 98.59689922480621,
        "(32, 40, 1000)": 81.06519208381839,
        "(32, 40, 2000)": 90.99136868064119,
        "(32, 40, 3000)": 96.92782152230971,
        "(32, 40, 4000)": 101.90536723163842,
        "(32, 40, 5000)": 103.17749603803486,
        "(32, 50, 1000)": 85.26375,
        "(32, 50, 2000)": 95.67702702702702,
        "(32, 50, 3000)": 101.51492537313433,
        "(32, 50, 4000)": 103.82392026578073,
        "(32, 50, 5000)": 106.3046218487395,
        "(64, 10, 1000)": 10.87525354969574,
        "(64, 10, 2000)": 82.58516020236088,
        "(64, 10, 3000)": 89.7190635451505,
        "(64, 10, 4000)": 93.38593155893535,
        "(64, 10, 5000)": 93.42992424242425,
        "(64, 20, 1000)": 85.5890625,
        "(64, 20, 2000)": 98.70175438596492,
        "(64, 20, 3000)": 104.61368653421634,
        "(64, 20, 4000)": 107.35310734463278,
        "(64, 20, 5000)": 109.09420289855072,
        "(64, 30, 1000)": 94.21900826446281,
        "(64, 30, 2000)": 106.68115942028986,
        "(64, 30, 3000)": 112.96949152542373,
        "(64, 30, 4000)": 115.36363636363636,
        "(64, 30, 5000)": 116.08,
        "(64, 40, 1000)": 98.28883495145631,
        "(64, 40, 2000)": 110.00352112676056,
        "(64, 40, 3000)": 117.05194805194805,
        "(64, 40, 4000)": 0,
        "(64, 40, 5000)": 0,
        "(64, 50, 1000)": 100.55795148247978,
        "(64, 50, 2000)": 112.10994764397905,
        "(64, 50, 3000)": 117.5,
        "(64, 50, 4000)": 0,
        "(64, 50, 5000)": 0
    },
    "base_point_cost": 0.814049148102858,
    "min_points": 13,
    "budget": 28.0
}