{
    "percentage_bucket_counter_full": {
        "rest": 100.0,
        "5": 87.9,
        "10": 95.5,
        "15": 98.3,
        "20": 99.7
    },
    "percentage_bucket_counter_generic": {
        "rest": 100.0,
        "5": 84.6,
        "10": 92.10000000000001,
        "15": 96.0,
        "20": 97.8
    },
    "mean_budget_generic": 27.786095519564412,
    "mean_add_points_generic": 417.4698795180723,
    "nr_func_modeled_generic": 996,
    "percentage_bucket_counter_gpr": {
        "rest": 100.0,
        "5": 85.9,
        "10": 93.7,
        "15": 96.89999999999999,
        "20": 98.2
    },
    "mean_add_points_gpr": 419.1223671013039,
    "mean_budget_gpr": 28.722923018159126,
    "nr_func_modeled_gpr": 997,
    "percentage_bucket_counter_hybrid": {
        "rest": 100.0,
        "5": 85.9,
        "10": 93.7,
        "15": 96.89999999999999,
        "20": 98.2
    },
    "mean_budget_hybrid": 28.722923018159126,
    "mean_add_points_hybrid": 419.1223671013039,
    "nr_func_modeled_hybrid": 997,
    "point_map_generic": {
        "(4, 10, 1000)": 1.172,
        "(4, 10, 2000)": 9.907,
        "(4, 10, 3000)": 10.971,
        "(4, 10, 4000)": 12.038,
        "(4, 10, 5000)": 12.922,
        "(4, 20, 1000)": 2.304,
        "(4, 20, 2000)": 14.29,
        "(4, 20, 3000)": 16.761,
        "(4, 20, 4000)": 19.801,
        "(4, 20, 5000)": 22.963,
        "(4, 30, 1000)": 3.378,
        "(4, 30, 2000)": 18.22,
        "(4, 30, 3000)": 22.222,
        "(4, 30, 4000)": 25.953,
        "(4, 30, 5000)": 29.475,
        "(4, 40, 1000)": 4.563,
        "(4, 40, 2000)": 22.839,
        "(4, 40, 3000)": 27.496,
        "(4, 40, 4000)": 32.168,
        "(4, 40, 5000)": 35.32,
        "(4, 50, 1000)": 5.682,
        "(4, 50, 2000)": 28.139,
        "(4, 50, 3000)": 33.178,
        "(4, 50, 4000)": 37.807,
        "(4, 50, 5000)": 41.342,
        "(8, 10, 1000)": 6.664,
        "(8, 10, 2000)": 21.937,
        "(8, 10, 3000)": 26.142,
        "(8, 10, 4000)": 30.426,
        "(8, 10, 5000)": 33.884,
        "(8, 20, 1000)": 22.736,
        "(8, 20, 2000)": 30.374,
        "(8, 20, 3000)": 35.819,
        "(8, 20, 4000)": 39.869,
        "(8, 20, 5000)": 43.764,
        "(8, 30, 1000)": 30.342,
        "(8, 30, 2000)": 38.03,
        "(8, 30, 3000)": 43.941,
        "(8, 30, 4000)": 48.326,
        "(8, 30, 5000)": 52.327,
        "(8, 40, 1000)": 36.843,
        "(8, 40, 2000)": 45.281,
        "(8, 40, 3000)": 50.642,
        "(8, 40, 4000)": 55.42,
        "(8, 40, 5000)": 58.684,
        "(8, 50, 1000)": 42.762,
        "(8, 50, 2000)": 50.845,
        "(8, 50, 3000)": 56.905,
        "(8, 50, 4000)": 60.462,
        "(8, 50, 5000)": 64.346,
        "(16, 10, 1000)": 8.55,
        "(16, 10, 2000)": 41.858,
        "(16, 10, 3000)": 47.34,
        "(16, 10, 4000)": 51.691,
        "(16, 10, 5000)": 55.062,
        "(16, 20, 1000)": 43.841,
        "(16, 20, 2000)": 52.72,
        "(16, 20, 3000)": 58.972,
        "(16, 20, 4000)": 63.176,
        "(16, 20, 5000)": 67.06,
        "(16, 30, 1000)": 52.556,
        "(16, 30, 2000)": 61.575,
        "(16, 30, 3000)": 67.708,
        "(16, 30, 4000)": 71.751,
        "(16, 30, 5000)": 75.0,
        "(16, 40, 1000)": 59.507,
        "(16, 40, 2000)": 68.869,
        "(16, 40, 3000)": 73.959,
        "(16, 40, 4000)": 78.46,
        "(16, 40, 5000)": 81.28,
        "(16, 50, 1000)": 64.68607068607069,
        "(16, 50, 2000)": 73.5412004069176,
        "(16, 50, 3000)": 78.82268041237113,
        "(16, 50, 4000)": 83.07553191489362,
        "(16, 50, 5000)": 86.13326226012794,
        "(32, 10, 1000)": 10.351,
        "(32, 10, 2000)": 65.968,
        "(32, 10, 3000)": 70.36045314109165,
        "(32, 10, 4000)": 74.76648648648649,
        "(32, 10, 5000)": 76.47782705099779,
        "(32, 20, 1000)": 67.09009009009009,
        "(32, 20, 2000)": 77.46177062374245,
        "(32, 20, 3000)": 82.99253731343283,
        "(32, 20, 4000)": 86.42209944751382,
        "(32, 20, 5000)": 90.57159221076746,
        "(32, 30, 1000)": 76.44387229660144,
        "(32, 30, 2000)": 85.5052966101695,
        "(32, 30, 3000)": 90.82332955832389,
        "(32, 30, 4000)": 95.5683192261185,
        "(32, 30, 5000)": 98.53383458646617,
        "(32, 40, 1000)": 81.22171428571428,
        "(32, 40, 2000)": 90.94698795180723,
        "(32, 40, 3000)": 96.80872913992297,
        "(32, 40, 4000)": 101.83241758241758,
        "(32, 40, 5000)": 103.18923076923078,
        "(32, 50, 1000)": 85.34777227722772,
        "(32, 50, 2000)": 95.63576158940397,
        "(32, 50, 3000)": 101.47406340057637,
        "(32, 50, 4000)": 103.86495176848875,
        "(32, 50, 5000)": 106.50299401197604,
        "(64, 10, 1000)": 11.06072874493927,
        "(64, 10, 2000)": 83.04426229508196,
        "(64, 10, 3000)": 89.97553017944536,
        "(64, 10, 4000)": 93.54802259887006,
        "(64, 10, 5000)": 93.80109489051095,
        "(64, 20, 1000)": 85.89110429447852,
        "(64, 20, 2000)": 98.7521663778163,
        "(64, 20, 3000)": 104.59611231101512,
        "(64, 20, 4000)": 107.35245901639344,
        "(64, 20, 5000)": 109.06643356643356,
        "(64, 30, 1000)": 94.49698189134809,
        "(64, 30, 2000)": 106.70334928229666,
        "(64, 30, 3000)": 113.0,
        "(64, 30, 4000)": 115.43065693430657,
        "(64, 30, 5000)": 116.51351351351352,
        "(64, 40, 1000)": 98.31961259079903,
        "(64, 40, 2000)": 110.1734693877551,
        "(64, 40, 3000)": 117.02247191011236,
        "(64, 40, 4000)": 0,
        "(64, 40, 5000)": 0,
        "(64, 50, 1000)": 100.71693121693121,
        "(64, 50, 2000)": 112.17948717948718,
        "(64, 50, 3000)": 116.92307692307692,
        "(64, 50, 4000)": 0,
        "(64, 50, 5000)": 0
    },
    "base_point_cost": 0.814049148102858,
    "min_points": 13,
    "budget": 29.0
}