{
    "percentage_bucket_counter_full": {
        "rest": 100.0,
        "5": 87.9,
        "10": 95.5,
        "15": 98.3,
        "20": 99.7
    },
    "percentage_bucket_counter_generic": {
        "rest": 100.0,
        "5": 29.299999999999997,
        "10": 33.0,
        "15": 35.9,
        "20": 36.7
    },
    "mean_budget_generic": 0.6755312578885745,
    "mean_add_points_generic": 276.5230769230769,
    "nr_func_modeled_generic": 390,
    "percentage_bucket_counter_gpr": {
        "rest": 100.0,
        "5": 34.5,
        "10": 38.1,
        "15": 40.9,
        "20": 42.8
    },
    "mean_add_points_gpr": 261.784355179704,
    "mean_budget_gpr": 0.6947221025759525,
    "nr_func_modeled_gpr": 473,
    "percentage_bucket_counter_hybrid": {
        "rest": 100.0,
        "5": 34.300000000000004,
        "10": 37.8,
        "15": 40.6,
        "20": 42.4
    },
    "mean_budget_hybrid": 0.6947275065505036,
    "mean_add_points_hybrid": 261.76532769556025,
    "nr_func_modeled_hybrid": 473,
    "point_map_generic": {
        "(4, 10, 1000)": 1.155155155155155,
        "(4, 10, 2000)": 9.89879759519038,
        "(4, 10, 3000)": 10.938816449348044,
        "(4, 10, 4000)": 12.015045135406218,
        "(4, 10, 5000)": 12.887775551102205,
        "(4, 20, 1000)": 2.0741116751269035,
        "(4, 20, 2000)": 14.078389830508474,
        "(4, 20, 3000)": 17.025917926565874,
        "(4, 20, 4000)": 20.729847494553375,
        "(4, 20, 5000)": 24.336263736263735,
        "(4, 30, 1000)": 3.073170731707317,
        "(4, 30, 2000)": 17.641025641025642,
        "(4, 30, 3000)": 22.85339168490153,
        "(4, 30, 4000)": 28.06,
        "(4, 30, 5000)": 32.12585812356979,
        "(4, 40, 1000)": 4.114837398373984,
        "(4, 40, 2000)": 21.676659528907923,
        "(4, 40, 3000)": 28.284140969162994,
        "(4, 40, 4000)": 34.02777777777778,
        "(4, 40, 5000)": 37.97826086956522,
        "(4, 50, 1000)": 5.141260162601626,
        "(4, 50, 2000)": 25.9025974025974,
        "(4, 50, 3000)": 32.975,
        "(4, 50, 4000)": 38.894988066825775,
        "(4, 50, 5000)": 42.361757105943155,
        "(8, 10, 1000)": 6.060887512899897,
        "(8, 10, 2000)": 19.333333333333332,
        "(8, 10, 3000)": 24.07300884955752,
        "(8, 10, 4000)": 28.6,
        "(8, 10, 5000)": 31.44943820224719,
        "(8, 20, 1000)": 20.335456475583864,
        "(8, 20, 2000)": 29.977578475336323,
        "(8, 20, 3000)": 37.17351598173516,
        "(8, 20, 4000)": 42.21241050119332,
        "(8, 20, 5000)": 46.14141414141414,
        "(8, 30, 1000)": 27.033407572383073,
        "(8, 30, 2000)": 38.25114155251141,
        "(8, 30, 3000)": 46.309178743961354,
        "(8, 30, 4000)": 51.305177111716624,
        "(8, 30, 5000)": 54.646525679758305,
        "(8, 40, 1000)": 31.907834101382488,
        "(8, 40, 2000)": 44.3838630806846,
        "(8, 40, 3000)": 51.99166666666667,
        "(8, 40, 4000)": 56.703947368421055,
        "(8, 40, 5000)": 60.245551601423486,
        "(8, 50, 1000)": 36.28978622327791,
        "(8, 50, 2000)": 48.53968253968254,
        "(8, 50, 3000)": 56.199367088607595,
        "(8, 50, 4000)": 60.892857142857146,
        "(8, 50, 5000)": 64.21399176954732,
        "(16, 10, 1000)": 7.120743034055727,
        "(16, 10, 2000)": 36.24355971896956,
        "(16, 10, 3000)": 43.221130221130224,
        "(16, 10, 4000)": 47.757333333333335,
        "(16, 10, 5000)": 49.61388888888889,
        "(16, 20, 1000)": 37.393181818181816,
        "(16, 20, 2000)": 51.8325,
        "(16, 20, 3000)": 60.07761194029851,
        "(16, 20, 4000)": 64.95390070921985,
        "(16, 20, 5000)": 68.41772151898734,
        "(16, 30, 1000)": 46.53400503778337,
        "(16, 30, 2000)": 61.44859813084112,
        "(16, 30, 3000)": 69.61111111111111,
        "(16, 30, 4000)": 73.54838709677419,
        "(16, 30, 5000)": 76.58278145695364,
        "(16, 40, 1000)": 51.89385474860335,
        "(16, 40, 2000)": 67.43724696356276,
        "(16, 40, 3000)": 74.70689655172414,
        "(16, 40, 4000)": 78.5530303030303,
        "(16, 40, 5000)": 80.93617021276596,
        "(16, 50, 1000)": 56.23219814241486,
        "(16, 50, 2000)": 71.28571428571429,
        "(16, 50, 3000)": 78.04761904761905,
        "(16, 50, 4000)": 81.64285714285714,
        "(16, 50, 5000)": 84.4,
        "(32, 10, 1000)": 8.202270381836945,
        "(32, 10, 2000)": 55.57058823529412,
        "(32, 10, 3000)": 61.41240875912409,
        "(32, 10, 4000)": 65.76681614349776,
        "(32, 10, 5000)": 63.195767195767196,
        "(32, 20, 1000)": 54.5207100591716,
        "(32, 20, 2000)": 74.5625,
        "(32, 20, 3000)": 83.18666666666667,
        "(32, 20, 4000)": 88.02857142857142,
        "(32, 20, 5000)": 87.7,
        "(32, 30, 1000)": 64.16666666666667,
        "(32, 30, 2000)": 84.85714285714286,
        "(32, 30, 3000)": 93.66666666666667,
        "(32, 30, 4000)": 0,
        "(32, 30, 5000)": 0,
        "(32, 40, 1000)": 69.10112359550561,
        "(32, 40, 2000)": 88.82352941176471,
        "(32, 40, 3000)": 0,
        "(32, 40, 4000)": 0,
        "(32, 40, 5000)": 0,
        "(32, 50, 1000)": 72.31666666666666,
        "(32, 50, 2000)": 90.33333333333333,
        "(32, 50, 3000)": 0,
        "(32, 50, 4000)": 0,
        "(32, 50, 5000)": 0,
        "(64, 10, 1000)": 9.007253886010362,
        "(64, 10, 2000)": 68.62121212121212,
        "(64, 10, 3000)": 76.43548387096774,
        "(64, 10, 4000)": 79.27777777777777,
        "(64, 10, 5000)": 19.63157894736842,
        "(64, 20, 1000)": 60.984,
        "(64, 20, 2000)": 0,
        "(64, 20, 3000)": 0,
        "(64, 20, 4000)": 0,
        "(64, 20, 5000)": 0,
        "(64, 30, 1000)": 82.6,
        "(64, 30, 2000)": 0,
        "(64, 30, 3000)": 0,
        "(64, 30, 4000)": 0,
        "(64, 30, 5000)": 0,
        "(64, 40, 1000)": 0,
        "(64, 40, 2000)": 0,
        "(64, 40, 3000)": 0,
        "(64, 40, 4000)": 0,
        "(64, 40, 5000)": 0,
        "(64, 50, 1000)": 0,
        "(64, 50, 2000)": 0,
        "(64, 50, 3000)": 0,
        "(64, 50, 4000)": 0,
        "(64, 50, 5000)": 0
    },
    "base_point_cost": 0.11848821258291148,
    "min_points": 13,
    "budget": 0.7
}