{
    "percentage_bucket_counter_random": {
        "rest": 100.0,
        "5": 12.9,
        "10": 16.3,
        "15": 20.200000000000003,
        "20": 22.1
    },
    "mean_budget_random": 3.57164247231702,
    "mean_add_points_random": 68.31180625630677,
    "nr_func_modeled_random": 991,
    "percentage_bucket_counter_grid": {
        "rest": 100.0,
        "5": 22.900000000000002,
        "10": 34.2,
        "15": 41.4,
        "20": 46.1
    },
    "mean_budget_grid": 3.353474392964164,
    "mean_add_points_grid": 65.49290060851926,
    "nr_func_modeled_grid": 986,
    "percentage_bucket_counter_bayesian": {
        "rest": 100.0,
        "5": 71.1,
        "10": 77.3,
        "15": 79.7,
        "20": 82.69999999999999
    },
    "mean_budget_bayesian": 3.991151411292483,
    "mean_add_points_bayesian": 252.74451754385964,
    "nr_func_modeled_bayesian": 912,
    "percentage_bucket_counter_full": {
        "rest": 100.0,
        "5": 86.9,
        "10": 96.0,
        "15": 98.5,
        "20": 99.7
    },
    "percentage_bucket_counter_generic": {
        "rest": 100.0,
        "5": 57.9,
        "10": 68.5,
        "15": 70.6,
        "20": 74.1
    },
    "mean_budget_generic": 3.8938447518571686,
    "mean_add_points_generic": 246.68112798264642,
    "nr_func_modeled_generic": 922,
    "percentage_bucket_counter_gpr": {
        "rest": 100.0,
        "5": 76.8,
        "10": 86.3,
        "15": 88.2,
        "20": 91.5
    },
    "mean_add_points_gpr": 270.25152129817445,
    "mean_budget_gpr": 3.9749138967626823,
    "nr_func_modeled_gpr": 986,
    "percentage_bucket_counter_hybrid": {
        "rest": 100.0,
        "5": 76.8,
        "10": 86.3,
        "15": 88.2,
        "20": 91.5
    },
    "mean_budget_hybrid": 3.9749138967626823,
    "mean_add_points_hybrid": 270.25152129817445,
    "nr_func_modeled_hybrid": 986,
    "point_map_generic": {
        "(4, 10, 1000)": 1.3253253253253254,
        "(4, 10, 2000)": 9.704704704704705,
        "(4, 10, 3000)": 10.929789368104313,
        "(4, 10, 4000)": 12.055276381909549,
        "(4, 10, 5000)": 12.704522613065327,
        "(4, 20, 1000)": 2.785140562248996,
        "(4, 20, 2000)": 13.874239350912779,
        "(4, 20, 3000)": 16.561475409836067,
        "(4, 20, 4000)": 19.54406964091404,
        "(4, 20, 5000)": 22.162763466042154,
        "(4, 30, 1000)": 4.178894472361809,
        "(4, 30, 2000)": 17.63971340839304,
        "(4, 30, 3000)": 22.468478260869563,
        "(4, 30, 4000)": 26.434682080924855,
        "(4, 30, 5000)": 29.743396226415094,
        "(4, 40, 1000)": 4.703933747412008,
        "(4, 40, 2000)": 21.787974683544302,
        "(4, 40, 3000)": 27.44331065759637,
        "(4, 40, 4000)": 33.32253086419753,
        "(4, 40, 5000)": 37.264566929133856,
        "(4, 50, 1000)": 5.171398527865405,
        "(4, 50, 2000)": 23.7088948787062,
        "(4, 50, 3000)": 30.912974683544302,
        "(4, 50, 4000)": 39.043137254901964,
        "(4, 50, 5000)": 43.66067864271457,
        "(8, 10, 1000)": 7.078698845750262,
        "(8, 10, 2000)": 19.49240506329114,
        "(8, 10, 3000)": 22.785714285714285,
        "(8, 10, 4000)": 26.76068376068376,
        "(8, 10, 5000)": 28.90960451977401,
        "(8, 20, 1000)": 20.236175115207374,
        "(8, 20, 2000)": 29.132956152758133,
        "(8, 20, 3000)": 35.06948640483384,
        "(8, 20, 4000)": 39.232919254658384,
        "(8, 20, 5000)": 43.340255591054316,
        "(8, 30, 1000)": 28.10948905109489,
        "(8, 30, 2000)": 38.06896551724138,
        "(8, 30, 3000)": 45.806691449814124,
        "(8, 30, 4000)": 51.21904761904762,
        "(8, 30, 5000)": 56.11067193675889,
        "(8, 40, 1000)": 31.66725978647687,
        "(8, 40, 2000)": 44.7429718875502,
        "(8, 40, 3000)": 52.63488843813388,
        "(8, 40, 4000)": 58.61663286004057,
        "(8, 40, 5000)": 62.34873949579832,
        "(8, 50, 1000)": 36.63670411985019,
        "(8, 50, 2000)": 49.743434343434345,
        "(8, 50, 3000)": 58.22718052738337,
        "(8, 50, 4000)": 63.016806722689076,
        "(8, 50, 5000)": 66.5079365079365,
        "(16, 10, 1000)": 7.408833522083805,
        "(16, 10, 2000)": 35.527182866556835,
        "(16, 10, 3000)": 41.896610169491524,
        "(16, 10, 4000)": 46.821917808219176,
        "(16, 10, 5000)": 48.069651741293534,
        "(16, 20, 1000)": 35.819182389937104,
        "(16, 20, 2000)": 50.7394495412844,
        "(16, 20, 3000)": 59.178368121442126,
        "(16, 20, 4000)": 64.07086614173228,
        "(16, 20, 5000)": 68.15416666666667,
        "(16, 30, 1000)": 48.445807770961146,
        "(16, 30, 2000)": 61.75,
        "(16, 30, 3000)": 70.31837606837607,
        "(16, 30, 4000)": 75.1934731934732,
        "(16, 30, 5000)": 78.00259067357513,
        "(16, 40, 1000)": 54.771134020618554,
        "(16, 40, 2000)": 68.70752688172043,
        "(16, 40, 3000)": 76.15366430260048,
        "(16, 40, 4000)": 80.57703081232494,
        "(16, 40, 5000)": 83.12140575079871,
        "(16, 50, 1000)": 59.86422413793103,
        "(16, 50, 2000)": 72.69675925925925,
        "(16, 50, 3000)": 79.8319783197832,
        "(16, 50, 4000)": 84.42904290429043,
        "(16, 50, 5000)": 86.284046692607,
        "(32, 10, 1000)": 8.342075256556443,
        "(32, 10, 2000)": 58.019493177387915,
        "(32, 10, 3000)": 64.41818181818182,
        "(32, 10, 4000)": 69.62192393736018,
        "(32, 10, 5000)": 66.44343891402715,
        "(32, 20, 1000)": 53.2397137745975,
        "(32, 20, 2000)": 75.67117117117117,
        "(32, 20, 3000)": 83.64721485411141,
        "(32, 20, 4000)": 87.91666666666667,
        "(32, 20, 5000)": 91.11061946902655,
        "(32, 30, 1000)": 70.16359447004608,
        "(32, 30, 2000)": 85.01092896174863,
        "(32, 30, 3000)": 93.02145922746782,
        "(32, 30, 4000)": 96.92805755395683,
        "(32, 30, 5000)": 97.85333333333334,
        "(32, 40, 1000)": 75.27131782945736,
        "(32, 40, 2000)": 90.63533834586467,
        "(32, 40, 3000)": 97.91269841269842,
        "(32, 40, 4000)": 101.84848484848484,
        "(32, 40, 5000)": 100.8,
        "(32, 50, 1000)": 78.76646706586827,
        "(32, 50, 2000)": 93.66265060240964,
        "(32, 50, 3000)": 99.52,
        "(32, 50, 4000)": 103.5,
        "(32, 50, 5000)": 0,
        "(64, 10, 1000)": 9.358447488584474,
        "(64, 10, 2000)": 76.75226586102718,
        "(64, 10, 3000)": 81.728,
        "(64, 10, 4000)": 86.07692307692308,
        "(64, 10, 5000)": 71.11675126903553,
        "(64, 20, 1000)": 63.25888324873097,
        "(64, 20, 2000)": 93.51937984496124,
        "(64, 20, 3000)": 102.25925925925925,
        "(64, 20, 4000)": 0,
        "(64, 20, 5000)": 0,
        "(64, 30, 1000)": 84.1980198019802,
        "(64, 30, 2000)": 104.3,
        "(64, 30, 3000)": 0,
        "(64, 30, 4000)": 0,
        "(64, 30, 5000)": 0,
        "(64, 40, 1000)": 88.49044585987261,
        "(64, 40, 2000)": 0,
        "(64, 40, 3000)": 0,
        "(64, 40, 4000)": 0,
        "(64, 40, 5000)": 0,
        "(64, 50, 1000)": 91.20689655172414,
        "(64, 50, 2000)": 0,
        "(64, 50, 3000)": 0,
        "(64, 50, 4000)": 0,
        "(64, 50, 5000)": 0
    },
    "base_point_cost": 0.8105520881980329,
    "min_points": 13,
    "budget": 4.0
}