{
    "percentage_bucket_counter_random": {
        "rest": 100.0,
        "5": 8.3,
        "10": 10.299999999999999,
        "15": 12.7,
        "20": 13.8
    },
    "mean_budget_random": 0.5264035756070551,
    "mean_add_points_random": 58.37916666666667,
    "nr_func_modeled_random": 480,
    "percentage_bucket_counter_grid": {
        "rest": 100.0,
        "5": 9.9,
        "10": 18.8,
        "15": 24.9,
        "20": 30.099999999999998
    },
    "mean_budget_grid": 0.7072954212850604,
    "mean_add_points_grid": 63.875,
    "nr_func_modeled_grid": 480,
    "percentage_bucket_counter_bayesian": {
        "rest": 100.0,
        "5": 38.3,
        "10": 43.2,
        "15": 46.1,
        "20": 48.3
    },
    "mean_budget_bayesian": 0.9973027426777806,
    "mean_add_points_bayesian": 238.56445993031357,
    "nr_func_modeled_bayesian": 574,
    "percentage_bucket_counter_full": {
        "rest": 100.0,
        "5": 86.9,
        "10": 96.0,
        "15": 98.5,
        "20": 99.7
    },
    "percentage_bucket_counter_generic": {
        "rest": 100.0,
        "5": 32.0,
        "10": 37.7,
        "15": 41.099999999999994,
        "20": 43.5
    },
    "mean_budget_generic": 0.9582625726990374,
    "mean_add_points_generic": 287.975,
    "nr_func_modeled_generic": 480,
    "percentage_bucket_counter_gpr": {
        "rest": 100.0,
        "5": 38.3,
        "10": 43.1,
        "15": 46.6,
        "20": 48.699999999999996
    },
    "mean_add_points_gpr": 258.9703832752613,
    "mean_budget_gpr": 0.9920622281843028,
    "nr_func_modeled_gpr": 574,
    "percentage_bucket_counter_hybrid": {
        "rest": 100.0,
        "5": 38.0,
        "10": 42.699999999999996,
        "15": 46.1,
        "20": 48.3
    },
    "mean_budget_hybrid": 0.9919836537416303,
    "mean_add_points_hybrid": 258.97909407665503,
    "nr_func_modeled_hybrid": 574,
    "point_map_generic": {
        "(4, 10, 1000)": 1.3253253253253254,
        "(4, 10, 2000)": 9.687437185929648,
        "(4, 10, 3000)": 10.894366197183098,
        "(4, 10, 4000)": 12.041247484909457,
        "(4, 10, 5000)": 12.704522613065327,
        "(4, 20, 1000)": 2.077812828601472,
        "(4, 20, 2000)": 13.426386233269598,
        "(4, 20, 3000)": 16.657894736842106,
        "(4, 20, 4000)": 20.460743801652892,
        "(4, 20, 5000)": 24.093360995850624,
        "(4, 30, 1000)": 3.0757894736842104,
        "(4, 30, 2000)": 16.86460348162476,
        "(4, 30, 3000)": 22.54320987654321,
        "(4, 30, 4000)": 27.86315789473684,
        "(4, 30, 5000)": 32.031847133757964,
        "(4, 40, 1000)": 4.118947368421052,
        "(4, 40, 2000)": 20.637596899224807,
        "(4, 40, 3000)": 27.675619834710744,
        "(4, 40, 4000)": 34.16737288135593,
        "(4, 40, 5000)": 37.732300884955755,
        "(4, 50, 1000)": 5.146315789473684,
        "(4, 50, 2000)": 24.799220272904485,
        "(4, 50, 3000)": 32.54831932773109,
        "(4, 50, 4000)": 38.88590604026846,
        "(4, 50, 5000)": 42.56440281030445,
        "(8, 10, 1000)": 6.1061643835616435,
        "(8, 10, 2000)": 19.72117400419287,
        "(8, 10, 3000)": 24.21638655462185,
        "(8, 10, 4000)": 29.0126582278481,
        "(8, 10, 5000)": 30.63672654690619,
        "(8, 20, 1000)": 18.88351254480287,
        "(8, 20, 2000)": 30.184154175588866,
        "(8, 20, 3000)": 37.35064935064935,
        "(8, 20, 4000)": 42.34368070953437,
        "(8, 20, 5000)": 46.41339491916859,
        "(8, 30, 1000)": 27.284796573875802,
        "(8, 30, 2000)": 38.18142548596112,
        "(8, 30, 3000)": 46.38752783964365,
        "(8, 30, 4000)": 51.45278450363196,
        "(8, 30, 5000)": 54.810810810810814,
        "(8, 40, 1000)": 32.390086206896555,
        "(8, 40, 2000)": 44.619153674832965,
        "(8, 40, 3000)": 52.20343137254902,
        "(8, 40, 4000)": 57.128133704735376,
        "(8, 40, 5000)": 60.17868338557994,
        "(8, 50, 1000)": 36.63636363636363,
        "(8, 50, 2000)": 48.73095238095238,
        "(8, 50, 3000)": 56.53133514986376,
        "(8, 50, 4000)": 60.70987654320987,
        "(8, 50, 5000)": 64.35494880546075,
        "(16, 10, 1000)": 7.172374429223744,
        "(16, 10, 2000)": 36.87885462555066,
        "(16, 10, 3000)": 43.91818181818182,
        "(16, 10, 4000)": 48.657766990291265,
        "(16, 10, 5000)": 48.190588235294115,
        "(16, 20, 1000)": 34.353932584269664,
        "(16, 20, 2000)": 51.806526806526804,
        "(16, 20, 3000)": 60.354330708661415,
        "(16, 20, 4000)": 65.1319018404908,
        "(16, 20, 5000)": 68.43859649122807,
        "(16, 30, 1000)": 47.131764705882354,
        "(16, 30, 2000)": 61.35656836461126,
        "(16, 30, 3000)": 69.79003558718861,
        "(16, 30, 4000)": 73.7725321888412,
        "(16, 30, 5000)": 76.57512953367876,
        "(16, 40, 1000)": 52.593434343434346,
        "(16, 40, 2000)": 67.72185430463576,
        "(16, 40, 3000)": 74.96444444444444,
        "(16, 40, 4000)": 78.85454545454546,
        "(16, 40, 5000)": 81.37956204379562,
        "(16, 50, 1000)": 57.03055555555556,
        "(16, 50, 2000)": 71.42248062015504,
        "(16, 50, 3000)": 78.3076923076923,
        "(16, 50, 4000)": 82.592,
        "(16, 50, 5000)": 84.47674418604652,
        "(32, 10, 1000)": 8.261415525114156,
        "(32, 10, 2000)": 56.4141689373297,
        "(32, 10, 3000)": 62.293375394321764,
        "(32, 10, 4000)": 66.4618320610687,
        "(32, 10, 5000)": 59.44664031620553,
        "(32, 20, 1000)": 48.4527027027027,
        "(32, 20, 2000)": 74.84549356223177,
        "(32, 20, 3000)": 83.41176470588235,
        "(32, 20, 4000)": 87.20833333333333,
        "(32, 20, 5000)": 88.72413793103448,
        "(32, 30, 1000)": 65.64855072463769,
        "(32, 30, 2000)": 84.87037037037037,
        "(32, 30, 3000)": 94.0,
        "(32, 30, 4000)": 0,
        "(32, 30, 5000)": 0,
        "(32, 40, 1000)": 69.87155963302752,
        "(32, 40, 2000)": 89.07894736842105,
        "(32, 40, 3000)": 0,
        "(32, 40, 4000)": 0,
        "(32, 40, 5000)": 0,
        "(32, 50, 1000)": 72.70063694267516,
        "(32, 50, 2000)": 90.66666666666667,
        "(32, 50, 3000)": 0,
        "(32, 50, 4000)": 0,
        "(32, 50, 5000)": 0,
        "(64, 10, 1000)": 9.047018348623853,
        "(64, 10, 2000)": 69.42857142857143,
        "(64, 10, 3000)": 75.71134020618557,
        "(64, 10, 4000)": 80.04347826086956,
        "(64, 10, 5000)": 35.10606060606061,
        "(64, 20, 1000)": 48.10526315789474,
        "(64, 20, 2000)": 87.25,
        "(64, 20, 3000)": 0,
        "(64, 20, 4000)": 0,
        "(64, 20, 5000)": 0,
        "(64, 30, 1000)": 82.28571428571429,
        "(64, 30, 2000)": 0,
        "(64, 30, 3000)": 0,
        "(64, 30, 4000)": 0,
        "(64, 30, 5000)": 0,
        "(64, 40, 1000)": 81.5,
        "(64, 40, 2000)": 0,
        "(64, 40, 3000)": 0,
        "(64, 40, 4000)": 0,
        "(64, 40, 5000)": 0,
        "(64, 50, 1000)": 91.0,
        "(64, 50, 2000)": 0,
        "(64, 50, 3000)": 0,
        "(64, 50, 4000)": 0,
        "(64, 50, 5000)": 0
    },
    "base_point_cost": 0.18724710644582426,
    "min_points": 13,
    "budget": 0.9999999999999999
}