{
    "percentage_bucket_counter_random": {
        "rest": 100.0,
        "5": 13.200000000000001,
        "10": 16.8,
        "15": 20.7,
        "20": 22.6
    },
    "mean_budget_random": 30.26435,
    "mean_add_points_random": 192.366,
    "nr_func_modeled_random": 1000,
    "percentage_bucket_counter_grid": {
        "rest": 100.0,
        "5": 70.1,
        "10": 89.8,
        "15": 95.6,
        "20": 98.3
    },
    "mean_budget_grid": 28.753735636884535,
    "mean_add_points_grid": 106.77077077077077,
    "nr_func_modeled_grid": 999,
    "percentage_bucket_counter_bayesian": {
        "rest": 100.0,
        "5": 82.8,
        "10": 92.7,
        "15": 95.5,
        "20": 97.8
    },
    "mean_budget_bayesian": 30.83134307538432,
    "mean_add_points_bayesian": 417.7414829659319,
    "nr_func_modeled_bayesian": 998,
    "percentage_bucket_counter_full": {
        "rest": 100.0,
        "5": 86.9,
        "10": 96.0,
        "15": 98.5,
        "20": 99.7
    },
    "percentage_bucket_counter_generic": {
        "rest": 100.0,
        "5": 82.5,
        "10": 92.4,
        "15": 95.7,
        "20": 97.6
    },
    "mean_budget_generic": 29.732378621294448,
    "mean_add_points_generic": 421.6924623115578,
    "nr_func_modeled_generic": 995,
    "percentage_bucket_counter_gpr": {
        "rest": 100.0,
        "5": 84.1,
        "10": 94.39999999999999,
        "15": 96.7,
        "20": 98.1
    },
    "mean_add_points_gpr": 423.24524524524526,
    "mean_budget_gpr": 30.718492569696664,
    "nr_func_modeled_gpr": 999,
    "percentage_bucket_counter_hybrid": {
        "rest": 100.0,
        "5": 84.1,
        "10": 94.39999999999999,
        "15": 96.7,
        "20": 98.1
    },
    "mean_budget_hybrid": 30.718492569696664,
    "mean_add_points_hybrid": 423.24524524524526,
    "nr_func_modeled_hybrid": 999,
    "point_map_generic": {
        "(4, 10, 1000)": 1.342,
        "(4, 10, 2000)": 9.709,
        "(4, 10, 3000)": 10.963,
        "(4, 10, 4000)": 12.102,
        "(4, 10, 5000)": 12.799,
        "(4, 20, 1000)": 2.844,
        "(4, 20, 2000)": 13.877,
        "(4, 20, 3000)": 16.554,
        "(4, 20, 4000)": 19.707,
        "(4, 20, 5000)": 22.842,
        "(4, 30, 1000)": 4.252,
        "(4, 30, 2000)": 17.621,
        "(4, 30, 3000)": 22.345,
        "(4, 30, 4000)": 26.051,
        "(4, 30, 5000)": 29.527,
        "(4, 40, 1000)": 5.906,
        "(4, 40, 2000)": 21.747,
        "(4, 40, 3000)": 27.109,
        "(4, 40, 4000)": 32.385,
        "(4, 40, 5000)": 34.977,
        "(4, 50, 1000)": 7.363,
        "(4, 50, 2000)": 26.937,
        "(4, 50, 3000)": 32.757,
        "(4, 50, 4000)": 38.024,
        "(4, 50, 5000)": 41.614,
        "(8, 10, 1000)": 8.133,
        "(8, 10, 2000)": 22.085,
        "(8, 10, 3000)": 25.943,
        "(8, 10, 4000)": 30.704,
        "(8, 10, 5000)": 33.653,
        "(8, 20, 1000)": 21.506,
        "(8, 20, 2000)": 30.541,
        "(8, 20, 3000)": 36.045,
        "(8, 20, 4000)": 39.704,
        "(8, 20, 5000)": 43.523,
        "(8, 30, 1000)": 30.464,
        "(8, 30, 2000)": 37.729,
        "(8, 30, 3000)": 44.182,
        "(8, 30, 4000)": 48.452,
        "(8, 30, 5000)": 52.67,
        "(8, 40, 1000)": 36.671,
        "(8, 40, 2000)": 45.519,
        "(8, 40, 3000)": 50.524,
        "(8, 40, 4000)": 55.73,
        "(8, 40, 5000)": 58.488,
        "(8, 50, 1000)": 42.739,
        "(8, 50, 2000)": 50.581,
        "(8, 50, 3000)": 57.27,
        "(8, 50, 4000)": 60.0,
        "(8, 50, 5000)": 64.294,
        "(16, 10, 1000)": 12.595,
        "(16, 10, 2000)": 41.836,
        "(16, 10, 3000)": 47.36,
        "(16, 10, 4000)": 51.618,
        "(16, 10, 5000)": 53.918,
        "(16, 20, 1000)": 41.358,
        "(16, 20, 2000)": 52.176,
        "(16, 20, 3000)": 59.276,
        "(16, 20, 4000)": 63.08,
        "(16, 20, 5000)": 66.954,
        "(16, 30, 1000)": 52.177,
        "(16, 30, 2000)": 61.343,
        "(16, 30, 3000)": 68.224,
        "(16, 30, 4000)": 71.786,
        "(16, 30, 5000)": 74.47,
        "(16, 40, 1000)": 59.245,
        "(16, 40, 2000)": 69.413,
        "(16, 40, 3000)": 73.959,
        "(16, 40, 4000)": 78.673,
        "(16, 40, 5000)": 80.775,
        "(16, 50, 1000)": 65.5437693099897,
        "(16, 50, 2000)": 73.57142857142857,
        "(16, 50, 3000)": 78.95151515151515,
        "(16, 50, 4000)": 83.49367088607595,
        "(16, 50, 5000)": 86.30650154798762,
        "(32, 10, 1000)": 16.814,
        "(32, 10, 2000)": 66.301,
        "(32, 10, 3000)": 70.06693711967546,
        "(32, 10, 4000)": 75.42598509052183,
        "(32, 10, 5000)": 74.24209378407852,
        "(32, 20, 1000)": 62.1,
        "(32, 20, 2000)": 77.45,
        "(32, 20, 3000)": 83.46465696465697,
        "(32, 20, 4000)": 86.03101604278075,
        "(32, 20, 5000)": 90.9685393258427,
        "(32, 30, 1000)": 76.54268292682927,
        "(32, 30, 2000)": 85.62525879917185,
        "(32, 30, 3000)": 90.35490830636462,
        "(32, 30, 4000)": 95.79460093896714,
        "(32, 30, 5000)": 98.72558714462299,
        "(32, 40, 1000)": 81.41282339707537,
        "(32, 40, 2000)": 91.00468384074941,
        "(32, 40, 3000)": 96.40147783251231,
        "(32, 40, 4000)": 102.11096075778079,
        "(32, 40, 5000)": 102.55346820809248,
        "(32, 50, 1000)": 85.93179049939098,
        "(32, 50, 2000)": 96.03457106274007,
        "(32, 50, 3000)": 101.42936288088643,
        "(32, 50, 4000)": 102.85228951255539,
        "(32, 50, 5000)": 106.30258302583026,
        "(64, 10, 1000)": 15.899150743099788,
        "(64, 10, 2000)": 82.34966216216216,
        "(64, 10, 3000)": 89.82009724473258,
        "(64, 10, 4000)": 93.93211009174311,
        "(64, 10, 5000)": 90.73311897106109,
        "(64, 20, 1000)": 78.37988826815642,
        "(64, 20, 2000)": 98.94303797468355,
        "(64, 20, 3000)": 104.72349272349273,
        "(64, 20, 4000)": 107.36548223350253,
        "(64, 20, 5000)": 108.95145631067962,
        "(64, 30, 1000)": 94.45638945233266,
        "(64, 30, 2000)": 106.8211009174312,
        "(64, 30, 3000)": 113.16566265060241,
        "(64, 30, 4000)": 114.70157068062828,
        "(64, 30, 5000)": 116.85964912280701,
        "(64, 40, 1000)": 98.80281690140845,
        "(64, 40, 2000)": 110.43910256410257,
        "(64, 40, 3000)": 116.93103448275862,
        "(64, 40, 4000)": 0,
        "(64, 40, 5000)": 106.0,
        "(64, 50, 1000)": 101.14976958525345,
        "(64, 50, 2000)": 112.44549763033176,
        "(64, 50, 3000)": 116.94444444444444,
        "(64, 50, 4000)": 0,
        "(64, 50, 5000)": 0
    },
    "base_point_cost": 0.8105520881980329,
    "min_points": 13,
    "budget": 31.0
}