{
    "percentage_bucket_counter_random": {
        "rest": 100.0,
        "5": 7.5,
        "10": 9.2,
        "15": 11.4,
        "20": 12.4
    },
    "mean_budget_random": 0.31584901039328694,
    "mean_add_points_random": 58.07158836689038,
    "nr_func_modeled_random": 447,
    "percentage_bucket_counter_grid": {
        "rest": 100.0,
        "5": 8.7,
        "10": 15.0,
        "15": 20.200000000000003,
        "20": 24.5
    },
    "mean_budget_grid": 0.41890652925776495,
    "mean_add_points_grid": 61.44469525959368,
    "nr_func_modeled_grid": 443,
    "percentage_bucket_counter_bayesian": {
        "rest": 100.0,
        "5": 19.1,
        "10": 20.7,
        "15": 22.2,
        "20": 23.5
    },
    "mean_budget_bayesian": 0.5985472946215283,
    "mean_add_points_bayesian": 246.27509293680296,
    "nr_func_modeled_bayesian": 269,
    "percentage_bucket_counter_full": {
        "rest": 100.0,
        "5": 86.9,
        "10": 96.0,
        "15": 98.5,
        "20": 99.7
    },
    "percentage_bucket_counter_generic": {
        "rest": 100.0,
        "5": 23.9,
        "10": 29.599999999999998,
        "15": 33.0,
        "20": 34.5
    },
    "mean_budget_generic": 0.5785035610910912,
    "mean_add_points_generic": 274.54068241469815,
    "nr_func_modeled_generic": 381,
    "percentage_bucket_counter_gpr": {
        "rest": 100.0,
        "5": 29.599999999999998,
        "10": 35.3,
        "15": 38.9,
        "20": 40.699999999999996
    },
    "mean_add_points_gpr": 259.91266375545854,
    "mean_budget_gpr": 0.5951482860373962,
    "nr_func_modeled_gpr": 458,
    "percentage_bucket_counter_hybrid": {
        "rest": 100.0,
        "5": 29.7,
        "10": 35.3,
        "15": 38.9,
        "20": 40.699999999999996
    },
    "mean_budget_hybrid": 0.5951725046000922,
    "mean_add_points_hybrid": 258.9760869565217,
    "nr_func_modeled_hybrid": 460,
    "point_map_generic": {
        "(4, 10, 1000)": 1.3253253253253254,
        "(4, 10, 2000)": 9.687437185929648,
        "(4, 10, 3000)": 10.894366197183098,
        "(4, 10, 4000)": 12.041247484909457,
        "(4, 10, 5000)": 12.704522613065327,
        "(4, 20, 1000)": 2.077812828601472,
        "(4, 20, 2000)": 13.390243902439025,
        "(4, 20, 3000)": 16.751619870410366,
        "(4, 20, 4000)": 20.699779249448124,
        "(4, 20, 5000)": 24.313199105145415,
        "(4, 30, 1000)": 3.0757894736842104,
        "(4, 30, 2000)": 16.86652977412731,
        "(4, 30, 3000)": 22.729074889867842,
        "(4, 30, 4000)": 28.23972602739726,
        "(4, 30, 5000)": 32.15439429928741,
        "(4, 40, 1000)": 4.118947368421052,
        "(4, 40, 2000)": 20.694845360824743,
        "(4, 40, 3000)": 27.97772828507795,
        "(4, 40, 4000)": 34.019277108433734,
        "(4, 40, 5000)": 38.027363184079604,
        "(4, 50, 1000)": 5.146315789473684,
        "(4, 50, 2000)": 24.769874476987447,
        "(4, 50, 3000)": 32.58715596330275,
        "(4, 50, 4000)": 38.82025316455696,
        "(4, 50, 5000)": 42.666666666666664,
        "(8, 10, 1000)": 6.1061643835616435,
        "(8, 10, 2000)": 19.18552036199095,
        "(8, 10, 3000)": 23.845454545454544,
        "(8, 10, 4000)": 28.57638888888889,
        "(8, 10, 5000)": 29.98237885462555,
        "(8, 20, 1000)": 18.291666666666668,
        "(8, 20, 2000)": 29.863741339491916,
        "(8, 20, 3000)": 37.20952380952381,
        "(8, 20, 4000)": 42.21393034825871,
        "(8, 20, 5000)": 45.946236559139784,
        "(8, 30, 1000)": 26.88100686498856,
        "(8, 30, 2000)": 38.10926365795724,
        "(8, 30, 3000)": 46.48860759493671,
        "(8, 30, 4000)": 51.20402298850575,
        "(8, 30, 5000)": 54.69055374592834,
        "(8, 40, 1000)": 31.61004784688995,
        "(8, 40, 2000)": 44.29667519181586,
        "(8, 40, 3000)": 51.888888888888886,
        "(8, 40, 4000)": 56.61937716262976,
        "(8, 40, 5000)": 59.89272030651341,
        "(8, 50, 1000)": 36.01980198019802,
        "(8, 50, 2000)": 48.48618784530387,
        "(8, 50, 3000)": 56.16216216216216,
        "(8, 50, 4000)": 60.756554307116104,
        "(8, 50, 5000)": 64.10964912280701,
        "(16, 10, 1000)": 7.172374429223744,
        "(16, 10, 2000)": 36.0661938534279,
        "(16, 10, 3000)": 42.813299232736576,
        "(16, 10, 4000)": 47.34903047091413,
        "(16, 10, 5000)": 46.47721179624665,
        "(16, 20, 1000)": 33.213572854291414,
        "(16, 20, 2000)": 51.46031746031746,
        "(16, 20, 3000)": 60.192182410423456,
        "(16, 20, 4000)": 65.09019607843138,
        "(16, 20, 5000)": 68.60093896713614,
        "(16, 30, 1000)": 46.06036745406824,
        "(16, 30, 2000)": 61.32,
        "(16, 30, 3000)": 69.85253456221199,
        "(16, 30, 4000)": 73.60818713450293,
        "(16, 30, 5000)": 76.23529411764706,
        "(16, 40, 1000)": 51.370588235294115,
        "(16, 40, 2000)": 67.625,
        "(16, 40, 3000)": 74.44444444444444,
        "(16, 40, 4000)": 78.88888888888889,
        "(16, 40, 5000)": 81.19718309859155,
        "(16, 50, 1000)": 55.9903536977492,
        "(16, 50, 2000)": 71.03296703296704,
        "(16, 50, 3000)": 77.83760683760684,
        "(16, 50, 4000)": 82.07142857142857,
        "(16, 50, 5000)": 84.78571428571429,
        "(32, 10, 1000)": 8.204571428571429,
        "(32, 10, 2000)": 54.97839506172839,
        "(32, 10, 3000)": 60.650190114068444,
        "(32, 10, 4000)": 65.28934010152284,
        "(32, 10, 5000)": 54.94358974358974,
        "(32, 20, 1000)": 45.794871794871796,
        "(32, 20, 2000)": 74.37974683544304,
        "(32, 20, 3000)": 83.125,
        "(32, 20, 4000)": 87.5,
        "(32, 20, 5000)": 86.5,
        "(32, 30, 1000)": 63.52336448598131,
        "(32, 30, 2000)": 84.80952380952381,
        "(32, 30, 3000)": 94.0,
        "(32, 30, 4000)": 0,
        "(32, 30, 5000)": 0,
        "(32, 40, 1000)": 68.48101265822785,
        "(32, 40, 2000)": 88.36363636363636,
        "(32, 40, 3000)": 0,
        "(32, 40, 4000)": 0,
        "(32, 40, 5000)": 0,
        "(32, 50, 1000)": 72.31067961165049,
        "(32, 50, 2000)": 90.0,
        "(32, 50, 3000)": 0,
        "(32, 50, 4000)": 0,
        "(32, 50, 5000)": 0,
        "(64, 10, 1000)": 9.047018348623853,
        "(64, 10, 2000)": 68.11304347826086,
        "(64, 10, 3000)": 76.88888888888889,
        "(64, 10, 4000)": 74.36363636363636,
        "(64, 10, 5000)": 12.954545454545455,
        "(64, 20, 1000)": 40.81111111111111,
        "(64, 20, 2000)": 0,
        "(64, 20, 3000)": 0,
        "(64, 20, 4000)": 0,
        "(64, 20, 5000)": 0,
        "(64, 30, 1000)": 80.57142857142857,
        "(64, 30, 2000)": 0,
        "(64, 30, 3000)": 0,
        "(64, 30, 4000)": 0,
        "(64, 30, 5000)": 0,
        "(64, 40, 1000)": 0,
        "(64, 40, 2000)": 0,
        "(64, 40, 3000)": 0,
        "(64, 40, 4000)": 0,
        "(64, 40, 5000)": 0,
        "(64, 50, 1000)": 0,
        "(64, 50, 2000)": 0,
        "(64, 50, 3000)": 0,
        "(64, 50, 4000)": 0,
        "(64, 50, 5000)": 0
    },
    "base_point_cost": 0.10430467325270464,
    "min_points": 13,
    "budget": 0.6
}