{
    "percentage_bucket_counter_random": {
        "rest": 100.0,
        "5": 13.200000000000001,
        "10": 16.8,
        "15": 20.7,
        "20": 22.6
    },
    "mean_budget_random": 16.631059999999998,
    "mean_add_points_random": 138.037,
    "nr_func_modeled_random": 1000,
    "percentage_bucket_counter_grid": {
        "rest": 100.0,
        "5": 59.699999999999996,
        "10": 75.9,
        "15": 84.0,
        "20": 86.8
    },
    "mean_budget_grid": 15.40319430468799,
    "mean_add_points_grid": 89.04,
    "nr_func_modeled_grid": 1000,
    "percentage_bucket_counter_bayesian": {
        "rest": 100.0,
        "5": 83.1,
        "10": 90.5,
        "15": 94.8,
        "20": 96.2
    },
    "mean_budget_bayesian": 16.922356766221633,
    "mean_add_points_bayesian": 372.4934143870314,
    "nr_func_modeled_bayesian": 987,
    "percentage_bucket_counter_full": {
        "rest": 100.0,
        "5": 86.9,
        "10": 96.0,
        "15": 98.5,
        "20": 99.7
    },
    "percentage_bucket_counter_generic": {
        "rest": 100.0,
        "5": 81.0,
        "10": 90.10000000000001,
        "15": 94.69999999999999,
        "20": 96.39999999999999
    },
    "mean_budget_generic": 16.401021051014435,
    "mean_add_points_generic": 380.0684793554884,
    "nr_func_modeled_generic": 993,
    "percentage_bucket_counter_gpr": {
        "rest": 100.0,
        "5": 82.69999999999999,
        "10": 91.0,
        "15": 95.39999999999999,
        "20": 97.0
    },
    "mean_add_points_gpr": 382.84692849949647,
    "mean_budget_gpr": 16.861956603871967,
    "nr_func_modeled_gpr": 993,
    "percentage_bucket_counter_hybrid": {
        "rest": 100.0,
        "5": 82.69999999999999,
        "10": 91.0,
        "15": 95.39999999999999,
        "20": 97.0
    },
    "mean_budget_hybrid": 16.861956603871967,
    "mean_add_points_hybrid": 382.84692849949647,
    "nr_func_modeled_hybrid": 993,
    "point_map_generic": {
        "(4, 10, 1000)": 1.342,
        "(4, 10, 2000)": 9.709,
        "(4, 10, 3000)": 10.963,
        "(4, 10, 4000)": 12.102,
        "(4, 10, 5000)": 12.799,
        "(4, 20, 1000)": 2.844,
        "(4, 20, 2000)": 13.877,
        "(4, 20, 3000)": 16.554,
        "(4, 20, 4000)": 19.707,
        "(4, 20, 5000)": 22.842,
        "(4, 30, 1000)": 4.252,
        "(4, 30, 2000)": 17.621,
        "(4, 30, 3000)": 22.345,
        "(4, 30, 4000)": 26.051,
        "(4, 30, 5000)": 29.527,
        "(4, 40, 1000)": 5.906,
        "(4, 40, 2000)": 21.747,
        "(4, 40, 3000)": 27.109,
        "(4, 40, 4000)": 32.385,
        "(4, 40, 5000)": 34.977,
        "(4, 50, 1000)": 7.363,
        "(4, 50, 2000)": 26.937,
        "(4, 50, 3000)": 32.757,
        "(4, 50, 4000)": 38.024,
        "(4, 50, 5000)": 41.614,
        "(8, 10, 1000)": 8.133,
        "(8, 10, 2000)": 22.085,
        "(8, 10, 3000)": 25.943,
        "(8, 10, 4000)": 30.704,
        "(8, 10, 5000)": 33.653,
        "(8, 20, 1000)": 21.506,
        "(8, 20, 2000)": 30.541,
        "(8, 20, 3000)": 36.045,
        "(8, 20, 4000)": 39.704,
        "(8, 20, 5000)": 43.523,
        "(8, 30, 1000)": 30.464,
        "(8, 30, 2000)": 37.729,
        "(8, 30, 3000)": 44.182,
        "(8, 30, 4000)": 48.452,
        "(8, 30, 5000)": 52.67,
        "(8, 40, 1000)": 36.671,
        "(8, 40, 2000)": 45.519,
        "(8, 40, 3000)": 50.524,
        "(8, 40, 4000)": 55.73,
        "(8, 40, 5000)": 58.488,
        "(8, 50, 1000)": 42.739,
        "(8, 50, 2000)": 50.55455455455456,
        "(8, 50, 3000)": 56.940222897669706,
        "(8, 50, 4000)": 59.98198198198198,
        "(8, 50, 5000)": 64.16028225806451,
        "(16, 10, 1000)": 12.595,
        "(16, 10, 2000)": 41.836,
        "(16, 10, 3000)": 47.36,
        "(16, 10, 4000)": 51.11099691675231,
        "(16, 10, 5000)": 52.57218683651805,
        "(16, 20, 1000)": 41.358,
        "(16, 20, 2000)": 52.176,
        "(16, 20, 3000)": 59.22434607645875,
        "(16, 20, 4000)": 62.7871235721703,
        "(16, 20, 5000)": 66.32510729613733,
        "(16, 30, 1000)": 52.177,
        "(16, 30, 2000)": 61.335005015045134,
        "(16, 30, 3000)": 68.21406411582213,
        "(16, 30, 4000)": 71.83867521367522,
        "(16, 30, 5000)": 74.44880174291939,
        "(16, 40, 1000)": 58.02566844919786,
        "(16, 40, 2000)": 68.21636771300449,
        "(16, 40, 3000)": 73.57012542759406,
        "(16, 40, 4000)": 78.81672816728167,
        "(16, 40, 5000)": 81.37174721189591,
        "(16, 50, 1000)": 62.730496453900706,
        "(16, 50, 2000)": 71.67657550535077,
        "(16, 50, 3000)": 77.9595588235294,
        "(16, 50, 4000)": 83.90545938748336,
        "(16, 50, 5000)": 86.03541076487252,
        "(32, 10, 1000)": 16.026342451874367,
        "(32, 10, 2000)": 64.2242774566474,
        "(32, 10, 3000)": 68.2046783625731,
        "(32, 10, 4000)": 73.28169014084507,
        "(32, 10, 5000)": 72.2175572519084,
        "(32, 20, 1000)": 60.38907469342252,
        "(32, 20, 2000)": 76.54728877679698,
        "(32, 20, 3000)": 82.9532967032967,
        "(32, 20, 4000)": 86.08918918918918,
        "(32, 20, 5000)": 90.66251944012441,
        "(32, 30, 1000)": 74.8015873015873,
        "(32, 30, 2000)": 85.49277456647398,
        "(32, 30, 3000)": 91.33031674208145,
        "(32, 30, 4000)": 96.94903339191565,
        "(32, 30, 5000)": 99.58110882956879,
        "(32, 40, 1000)": 79.93657817109144,
        "(32, 40, 2000)": 91.38585209003216,
        "(32, 40, 3000)": 97.57565217391304,
        "(32, 40, 4000)": 102.28941176470589,
        "(32, 40, 5000)": 102.53208556149733,
        "(32, 50, 1000)": 84.25291181364393,
        "(32, 50, 2000)": 95.95610687022901,
        "(32, 50, 3000)": 101.85354691075514,
        "(32, 50, 4000)": 102.80165289256199,
        "(32, 50, 5000)": 106.49122807017544,
        "(64, 10, 1000)": 9.464082098061574,
        "(64, 10, 2000)": 81.24710424710425,
        "(64, 10, 3000)": 87.90965092402465,
        "(64, 10, 4000)": 91.621103117506,
        "(64, 10, 5000)": 84.3103448275862,
        "(64, 20, 1000)": 72.67615658362989,
        "(64, 20, 2000)": 97.53395784543325,
        "(64, 20, 3000)": 103.89542483660131,
        "(64, 20, 4000)": 106.63761467889908,
        "(64, 20, 5000)": 108.64539007092199,
        "(64, 30, 1000)": 91.98514851485149,
        "(64, 30, 2000)": 105.18374558303887,
        "(64, 30, 3000)": 112.92592592592592,
        "(64, 30, 4000)": 115.6,
        "(64, 30, 5000)": 0,
        "(64, 40, 1000)": 95.26543209876543,
        "(64, 40, 2000)": 108.26347305389221,
        "(64, 40, 3000)": 0,
        "(64, 40, 4000)": 0,
        "(64, 40, 5000)": 0,
        "(64, 50, 1000)": 97.70503597122303,
        "(64, 50, 2000)": 110.51315789473684,
        "(64, 50, 3000)": 0,
        "(64, 50, 4000)": 0,
        "(64, 50, 5000)": 0
    },
    "base_point_cost": 0.8105520881980329,
    "min_points": 13,
    "budget": 17.0
}