{
    "percentage_bucket_counter_random": {
        "rest": 100.0,
        "5": 13.200000000000001,
        "10": 16.8,
        "15": 20.7,
        "20": 22.6
    },
    "mean_budget_random": 65.50528,
    "mean_add_points_random": 334.893,
    "nr_func_modeled_random": 1000,
    "percentage_bucket_counter_grid": {
        "rest": 100.0,
        "5": 82.8,
        "10": 94.89999999999999,
        "15": 97.7,
        "20": 99.2
    },
    "mean_budget_grid": 62.88504555044182,
    "mean_add_points_grid": 150.15015015015015,
    "nr_func_modeled_grid": 999,
    "percentage_bucket_counter_bayesian": {
        "rest": 100.0,
        "5": 87.7,
        "10": 96.0,
        "15": 97.7,
        "20": 99.2
    },
    "mean_budget_bayesian": 65.65047516169447,
    "mean_add_points_bayesian": 469.2374749498998,
    "nr_func_modeled_bayesian": 998,
    "percentage_bucket_counter_full": {
        "rest": 100.0,
        "5": 86.9,
        "10": 96.0,
        "15": 98.5,
        "20": 99.7
    },
    "percentage_bucket_counter_generic": {
        "rest": 100.0,
        "5": 86.6,
        "10": 95.89999999999999,
        "15": 98.4,
        "20": 99.4
    },
    "mean_budget_generic": 63.16901627417543,
    "mean_add_points_generic": 469.852,
    "nr_func_modeled_generic": 1000,
    "percentage_bucket_counter_gpr": {
        "rest": 100.0,
        "5": 86.5,
        "10": 96.0,
        "15": 98.2,
        "20": 99.2
    },
    "mean_add_points_gpr": 470.8998998998999,
    "mean_budget_gpr": 65.38495801775471,
    "nr_func_modeled_gpr": 999,
    "percentage_bucket_counter_hybrid": {
        "rest": 100.0,
        "5": 86.5,
        "10": 96.0,
        "15": 98.2,
        "20": 99.2
    },
    "mean_budget_hybrid": 65.38495801775471,
    "mean_add_points_hybrid": 470.8998998998999,
    "nr_func_modeled_hybrid": 999,
    "point_map_generic": {
        "(4, 10, 1000)": 1.342,
        "(4, 10, 2000)": 9.709,
        "(4, 10, 3000)": 10.963,
        "(4, 10, 4000)": 12.102,
        "(4, 10, 5000)": 12.799,
        "(4, 20, 1000)": 2.844,
        "(4, 20, 2000)": 13.877,
        "(4, 20, 3000)": 16.554,
        "(4, 20, 4000)": 19.707,
        "(4, 20, 5000)": 22.842,
        "(4, 30, 1000)": 4.252,
        "(4, 30, 2000)": 17.621,
        "(4, 30, 3000)": 22.345,
        "(4, 30, 4000)": 26.051,
        "(4, 30, 5000)": 29.527,
        "(4, 40, 1000)": 5.906,
        "(4, 40, 2000)": 21.747,
        "(4, 40, 3000)": 27.109,
        "(4, 40, 4000)": 32.385,
        "(4, 40, 5000)": 34.977,
        "(4, 50, 1000)": 7.363,
        "(4, 50, 2000)": 26.937,
        "(4, 50, 3000)": 32.757,
        "(4, 50, 4000)": 38.024,
        "(4, 50, 5000)": 41.614,
        "(8, 10, 1000)": 8.133,
        "(8, 10, 2000)": 22.085,
        "(8, 10, 3000)": 25.943,
        "(8, 10, 4000)": 30.704,
        "(8, 10, 5000)": 33.653,
        "(8, 20, 1000)": 21.506,
        "(8, 20, 2000)": 30.541,
        "(8, 20, 3000)": 36.045,
        "(8, 20, 4000)": 39.704,
        "(8, 20, 5000)": 43.523,
        "(8, 30, 1000)": 30.464,
        "(8, 30, 2000)": 37.729,
        "(8, 30, 3000)": 44.182,
        "(8, 30, 4000)": 48.452,
        "(8, 30, 5000)": 52.67,
        "(8, 40, 1000)": 36.671,
        "(8, 40, 2000)": 45.519,
        "(8, 40, 3000)": 50.524,
        "(8, 40, 4000)": 55.73,
        "(8, 40, 5000)": 58.488,
        "(8, 50, 1000)": 42.739,
        "(8, 50, 2000)": 50.581,
        "(8, 50, 3000)": 57.27,
        "(8, 50, 4000)": 60.0,
        "(8, 50, 5000)": 64.294,
        "(16, 10, 1000)": 12.595,
        "(16, 10, 2000)": 41.836,
        "(16, 10, 3000)": 47.36,
        "(16, 10, 4000)": 51.618,
        "(16, 10, 5000)": 53.918,
        "(16, 20, 1000)": 41.358,
        "(16, 20, 2000)": 52.176,
        "(16, 20, 3000)": 59.276,
        "(16, 20, 4000)": 63.08,
        "(16, 20, 5000)": 66.954,
        "(16, 30, 1000)": 52.177,
        "(16, 30, 2000)": 61.343,
        "(16, 30, 3000)": 68.224,
        "(16, 30, 4000)": 71.786,
        "(16, 30, 5000)": 74.47,
        "(16, 40, 1000)": 59.245,
        "(16, 40, 2000)": 69.413,
        "(16, 40, 3000)": 73.959,
        "(16, 40, 4000)": 78.673,
        "(16, 40, 5000)": 80.775,
        "(16, 50, 1000)": 66.486,
        "(16, 50, 2000)": 73.702,
        "(16, 50, 3000)": 79.128,
        "(16, 50, 4000)": 84.25,
        "(16, 50, 5000)": 86.623,
        "(32, 10, 1000)": 16.814,
        "(32, 10, 2000)": 66.301,
        "(32, 10, 3000)": 70.31,
        "(32, 10, 4000)": 76.537,
        "(32, 10, 5000)": 76.071,
        "(32, 20, 1000)": 62.1,
        "(32, 20, 2000)": 77.45,
        "(32, 20, 3000)": 83.697,
        "(32, 20, 4000)": 86.418,
        "(32, 20, 5000)": 91.802,
        "(32, 30, 1000)": 76.734,
        "(32, 30, 2000)": 85.758,
        "(32, 30, 3000)": 90.272,
        "(32, 30, 4000)": 95.588,
        "(32, 30, 5000)": 98.685,
        "(32, 40, 1000)": 83.208,
        "(32, 40, 2000)": 91.963,
        "(32, 40, 3000)": 96.43,
        "(32, 40, 4000)": 101.545,
        "(32, 40, 5000)": 102.595,
        "(32, 50, 1000)": 89.188,
        "(32, 50, 2000)": 97.876,
        "(32, 50, 3000)": 101.85,
        "(32, 50, 4000)": 103.313,
        "(32, 50, 5000)": 107.65865865865865,
        "(64, 10, 1000)": 20.955,
        "(64, 10, 2000)": 91.66902119071645,
        "(64, 10, 3000)": 95.97394789579158,
        "(64, 10, 4000)": 97.35686274509804,
        "(64, 10, 5000)": 95.47058823529412,
        "(64, 20, 1000)": 84.898,
        "(64, 20, 2000)": 100.893,
        "(64, 20, 3000)": 107.03645833333333,
        "(64, 20, 4000)": 108.57644394110986,
        "(64, 20, 5000)": 111.14178168130489,
        "(64, 30, 1000)": 101.04170905391658,
        "(64, 30, 2000)": 108.34994913530011,
        "(64, 30, 3000)": 113.38282387190684,
        "(64, 30, 4000)": 114.02660217654172,
        "(64, 30, 5000)": 117.31492842535788,
        "(64, 40, 1000)": 102.52769679300292,
        "(64, 40, 2000)": 111.9217791411043,
        "(64, 40, 3000)": 117.62449799196787,
        "(64, 40, 4000)": 118.97795591182364,
        "(64, 40, 5000)": 116.90196078431373,
        "(64, 50, 1000)": 104.48575305291723,
        "(64, 50, 2000)": 114.22519083969466,
        "(64, 50, 3000)": 119.47962382445141,
        "(64, 50, 4000)": 122.38297872340425,
        "(64, 50, 5000)": 0
    },
    "base_point_cost": 0.8105520881980329,
    "min_points": 13,
    "budget": 66.0
}