{
    "percentage_bucket_counter_random": {
        "rest": 100.0,
        "5": 5.11,
        "10": 6.460000000000001,
        "15": 7.829999999999999,
        "20": 8.59
    },
    "mean_budget_random": 0.4811866810331422,
    "mean_add_points_random": 36.9054054054054,
    "nr_func_modeled_random": 962,
    "percentage_bucket_counter_grid": {
        "rest": 100.0,
        "5": 3.95,
        "10": 4.43,
        "15": 5.36,
        "20": 5.57
    },
    "mean_budget_grid": 0.44133529548985695,
    "mean_add_points_grid": 36.0,
    "nr_func_modeled_grid": 962,
    "percentage_bucket_counter_bayesian": {
        "rest": 100.0,
        "5": 12.950000000000001,
        "10": 14.24,
        "15": 15.950000000000001,
        "20": 16.66
    },
    "mean_budget_bayesian": 0.6914414268719088,
    "mean_add_points_bayesian": 50.6842397336293,
    "nr_func_modeled_bayesian": 1802,
    "percentage_bucket_counter_full": {
        "rest": 100.0,
        "5": 85.67,
        "10": 93.36,
        "15": 97.7,
        "20": 99.92999999999999
    },
    "percentage_bucket_counter_generic": {
        "rest": 100.0,
        "5": 5.35,
        "10": 6.859999999999999,
        "15": 8.110000000000001,
        "20": 8.58
    },
    "mean_budget_generic": 0.6296401668981259,
    "mean_add_points_generic": 55.16793066088841,
    "nr_func_modeled_generic": 923,
    "percentage_bucket_counter_gpr": {
        "rest": 100.0,
        "5": 12.520000000000001,
        "10": 14.89,
        "15": 17.0,
        "20": 17.560000000000002
    },
    "mean_add_points_gpr": 53.006856540084385,
    "mean_budget_gpr": 0.6800935952930471,
    "nr_func_modeled_gpr": 1896,
    "percentage_bucket_counter_hybrid": {
        "rest": 100.0,
        "5": 12.46,
        "10": 14.81,
        "15": 16.939999999999998,
        "20": 17.5
    },
    "mean_budget_hybrid": 0.6799427758922643,
    "mean_add_points_hybrid": 52.9249343832021,
    "nr_func_modeled_hybrid": 1905,
    "point_map_generic": {
        "(4, 10)": 1.0,
        "(4, 20)": 2.0,
        "(4, 30)": 3.0,
        "(4, 40)": 4.0,
        "(4, 50)": 5.0,
        "(8, 10)": 6.0,
        "(8, 20)": 9.784552845528456,
        "(8, 30)": 10.666304347826086,
        "(8, 40)": 12.211711711711711,
        "(8, 50)": 13.628774422735347,
        "(16, 10)": 7.0,
        "(16, 20)": 12.539141414141413,
        "(16, 30)": 13.96881496881497,
        "(16, 40)": 16.007751937984494,
        "(16, 50)": 17.333333333333332,
        "(32, 10)": 8.0,
        "(32, 20)": 13.705479452054794,
        "(32, 30)": 8.0,
        "(32, 40)": 0,
        "(32, 50)": 0,
        "(64, 10)": 9.0,
        "(64, 20)": 9.0,
        "(64, 30)": 9.0,
        "(64, 40)": 0,
        "(64, 50)": 0
    },
    "base_point_cost": 0.358678509971202,
    "min_points": 9,
    "budget": 0.7
}