{
    "percentage_bucket_counter_random": {
        "rest": 100.0,
        "5": 18.77,
        "10": 22.16,
        "15": 24.75,
        "20": 26.490000000000002
    },
    "mean_budget_random": 1.606008344132384,
    "mean_add_points_random": 37.371883656509695,
    "nr_func_modeled_random": 2888,
    "percentage_bucket_counter_grid": {
        "rest": 100.0,
        "5": 13.26,
        "10": 15.509999999999998,
        "15": 17.83,
        "20": 18.68
    },
    "mean_budget_grid": 1.442078632983199,
    "mean_add_points_grid": 36.43951473136915,
    "nr_func_modeled_grid": 2885,
    "percentage_bucket_counter_bayesian": {
        "rest": 100.0,
        "5": 31.819999999999997,
        "10": 33.18,
        "15": 36.67,
        "20": 38.01
    },
    "mean_budget_bayesian": 2.95936949686842,
    "mean_add_points_bayesian": 58.06712328767123,
    "nr_func_modeled_bayesian": 4380,
    "percentage_bucket_counter_full": {
        "rest": 100.0,
        "5": 85.67,
        "10": 93.36,
        "15": 97.7,
        "20": 99.92999999999999
    },
    "percentage_bucket_counter_generic": {
        "rest": 100.0,
        "5": 20.599999999999998,
        "10": 23.189999999999998,
        "15": 25.779999999999998,
        "20": 26.76
    },
    "mean_budget_generic": 2.55192194944876,
    "mean_add_points_generic": 65.87260703097807,
    "nr_func_modeled_generic": 2873,
    "percentage_bucket_counter_gpr": {
        "rest": 100.0,
        "5": 31.680000000000003,
        "10": 34.36,
        "15": 38.01,
        "20": 39.61
    },
    "mean_add_points_gpr": 60.46237533998187,
    "mean_budget_gpr": 2.894596174448918,
    "nr_func_modeled_gpr": 4412,
    "percentage_bucket_counter_hybrid": {
        "rest": 100.0,
        "5": 31.55,
        "10": 34.23,
        "15": 37.89,
        "20": 39.489999999999995
    },
    "mean_budget_hybrid": 2.894092412376289,
    "mean_add_points_hybrid": 60.47290863749716,
    "nr_func_modeled_hybrid": 4411,
    "point_map_generic": {
        "(4, 10)": 1.0,
        "(4, 20)": 2.0,
        "(4, 30)": 3.0,
        "(4, 40)": 4.0,
        "(4, 50)": 5.0,
        "(8, 10)": 6.0,
        "(8, 20)": 9.927322591703806,
        "(8, 30)": 10.905621096460791,
        "(8, 40)": 12.271501457725947,
        "(8, 50)": 13.56722354813047,
        "(16, 10)": 7.0,
        "(16, 20)": 13.025725836089673,
        "(16, 30)": 14.738125262715426,
        "(16, 40)": 16.155916993830623,
        "(16, 50)": 17.385239852398524,
        "(32, 10)": 8.0,
        "(32, 20)": 16.743312464428,
        "(32, 30)": 18.072108843537414,
        "(32, 40)": 20.0,
        "(32, 50)": 0,
        "(64, 10)": 9.0,
        "(64, 20)": 9.0,
        "(64, 30)": 9.0,
        "(64, 40)": 0,
        "(64, 50)": 0
    },
    "base_point_cost": 1.199537376875483,
    "min_points": 9,
    "budget": 3.0
}