{
    "percentage_bucket_counter_random": {
        "rest": 100.0,
        "5": 85.63,
        "10": 93.35,
        "15": 97.69,
        "20": 99.92999999999999
    },
    "mean_budget_random": 73.007767,
    "mean_add_points_random": 84.7329,
    "nr_func_modeled_random": 10000,
    "percentage_bucket_counter_grid": {
        "rest": 100.0,
        "5": 82.89,
        "10": 92.49000000000001,
        "15": 96.87,
        "20": 99.74
    },
    "mean_budget_grid": 63.69500514754134,
    "mean_add_points_grid": 52.491698339667934,
    "nr_func_modeled_grid": 9998,
    "percentage_bucket_counter_bayesian": {
        "rest": 100.0,
        "5": 85.74000000000001,
        "10": 93.42,
        "15": 97.76,
        "20": 99.92999999999999
    },
    "mean_budget_bayesian": 76.28601449229147,
    "mean_add_points_bayesian": 95.51315131513151,
    "nr_func_modeled_bayesian": 9999,
    "percentage_bucket_counter_full": {
        "rest": 100.0,
        "5": 85.67,
        "10": 93.36,
        "15": 97.7,
        "20": 99.92999999999999
    },
    "percentage_bucket_counter_generic": {
        "rest": 100.0,
        "5": 83.58,
        "10": 93.33,
        "15": 97.38,
        "20": 99.76
    },
    "mean_budget_generic": 65.32485324481871,
    "mean_add_points_generic": 94.36807361472295,
    "nr_func_modeled_generic": 9998,
    "percentage_bucket_counter_gpr": {
        "rest": 100.0,
        "5": 85.76,
        "10": 93.44,
        "15": 97.77,
        "20": 99.92999999999999
    },
    "mean_add_points_gpr": 95.8050805080508,
    "mean_budget_gpr": 75.27204241368827,
    "nr_func_modeled_gpr": 9999,
    "percentage_bucket_counter_hybrid": {
        "rest": 100.0,
        "5": 85.76,
        "10": 93.44,
        "15": 97.77,
        "20": 99.92999999999999
    },
    "mean_budget_hybrid": 75.27204241368827,
    "mean_add_points_hybrid": 95.8050805080508,
    "nr_func_modeled_hybrid": 9999,
    "point_map_generic": {
        "(4, 10)": 1.0,
        "(4, 20)": 2.0,
        "(4, 30)": 3.0,
        "(4, 40)": 4.0,
        "(4, 50)": 5.0,
        "(8, 10)": 6.0565,
        "(8, 20)": 9.9885,
        "(8, 30)": 11.0944,
        "(8, 40)": 12.4362,
        "(8, 50)": 13.8631,
        "(16, 10)": 7.08,
        "(16, 20)": 13.0757,
        "(16, 30)": 14.728,
        "(16, 40)": 16.3136,
        "(16, 50)": 17.6692,
        "(32, 10)": 8.1272,
        "(32, 20)": 17.0279,
        "(32, 30)": 18.7408,
        "(32, 40)": 20.231,
        "(32, 50)": 21.4425,
        "(64, 10)": 9.112393376818867,
        "(64, 20)": 21.2058,
        "(64, 30)": 22.759351870374076,
        "(64, 40)": 23.993118496139644,
        "(64, 50)": 0
    },
    "base_point_cost": 4.446068947260631,
    "min_points": 9,
    "budget": 78.0
}