{
    "percentage_bucket_counter_random": {
        "rest": 100.0,
        "5": 41.02,
        "10": 46.03,
        "15": 49.230000000000004,
        "20": 51.129999999999995
    },
    "mean_budget_random": 6.978410025586381,
    "mean_add_points_random": 42.51950254381006,
    "nr_func_modeled_random": 5307,
    "percentage_bucket_counter_grid": {
        "rest": 100.0,
        "5": 27.810000000000002,
        "10": 32.910000000000004,
        "15": 36.85,
        "20": 38.800000000000004
    },
    "mean_budget_grid": 4.8688486262918484,
    "mean_add_points_grid": 37.82811911044101,
    "nr_func_modeled_grid": 5306,
    "percentage_bucket_counter_bayesian": {
        "rest": 100.0,
        "5": 59.72,
        "10": 61.69,
        "15": 66.27,
        "20": 68.28999999999999
    },
    "mean_budget_bayesian": 7.864676533156938,
    "mean_add_points_bayesian": 61.36856988957716,
    "nr_func_modeled_bayesian": 7426,
    "percentage_bucket_counter_full": {
        "rest": 100.0,
        "5": 85.67,
        "10": 93.36,
        "15": 97.7,
        "20": 99.92999999999999
    },
    "percentage_bucket_counter_generic": {
        "rest": 100.0,
        "5": 41.339999999999996,
        "10": 43.61,
        "15": 47.52,
        "20": 49.01
    },
    "mean_budget_generic": 6.930843752041996,
    "mean_add_points_generic": 68.61544270341703,
    "nr_func_modeled_generic": 5297,
    "percentage_bucket_counter_gpr": {
        "rest": 100.0,
        "5": 60.6,
        "10": 64.03,
        "15": 68.89,
        "20": 70.23
    },
    "mean_add_points_gpr": 63.69991944146079,
    "mean_budget_gpr": 7.756985122382215,
    "nr_func_modeled_gpr": 7448,
    "percentage_bucket_counter_hybrid": {
        "rest": 100.0,
        "5": 60.129999999999995,
        "10": 63.55,
        "15": 68.39,
        "20": 69.73
    },
    "mean_budget_hybrid": 7.755884330382628,
    "mean_add_points_hybrid": 63.69781178681702,
    "nr_func_modeled_hybrid": 7449,
    "point_map_generic": {
        "(4, 10)": 1.0,
        "(4, 20)": 2.0,
        "(4, 30)": 3.0,
        "(4, 40)": 4.0,
        "(4, 50)": 5.0,
        "(8, 10)": 6.0,
        "(8, 20)": 9.95963442498096,
        "(8, 30)": 11.051836734693877,
        "(8, 40)": 12.186150234741785,
        "(8, 50)": 13.466572504708099,
        "(16, 10)": 7.0,
        "(16, 20)": 13.006895153112959,
        "(16, 30)": 14.833971291866028,
        "(16, 40)": 16.219468112574233,
        "(16, 50)": 17.382933495293045,
        "(32, 10)": 8.0,
        "(32, 20)": 16.827687383302212,
        "(32, 30)": 18.67836482838411,
        "(32, 40)": 20.0205237084218,
        "(32, 50)": 21.027972027972027,
        "(64, 10)": 9.0,
        "(64, 20)": 18.953629032258064,
        "(64, 30)": 9.0,
        "(64, 40)": 0,
        "(64, 50)": 0
    },
    "base_point_cost": 2.743087384618671,
    "min_points": 9,
    "budget": 8.0
}