{
    "percentage_bucket_counter_random": {
        "rest": 100.0,
        "5": 80.02,
        "10": 89.55,
        "15": 93.71000000000001,
        "20": 96.3
    },
    "mean_budget_random": 18.532273541259663,
    "mean_add_points_random": 48.74936347896934,
    "nr_func_modeled_random": 9819,
    "percentage_bucket_counter_grid": {
        "rest": 100.0,
        "5": 59.19,
        "10": 65.73,
        "15": 69.82000000000001,
        "20": 72.58
    },
    "mean_budget_grid": 15.01478438498543,
    "mean_add_points_grid": 39.43392766174223,
    "nr_func_modeled_grid": 9815,
    "percentage_bucket_counter_bayesian": {
        "rest": 100.0,
        "5": 83.94,
        "10": 91.36,
        "15": 96.63000000000001,
        "20": 98.75
    },
    "mean_budget_bayesian": 19.530738292507543,
    "mean_add_points_bayesian": 76.41975185111066,
    "nr_func_modeled_bayesian": 9994,
    "percentage_bucket_counter_full": {
        "rest": 100.0,
        "5": 85.67,
        "10": 93.36,
        "15": 97.7,
        "20": 99.92999999999999
    },
    "percentage_bucket_counter_generic": {
        "rest": 100.0,
        "5": 79.78,
        "10": 85.6,
        "15": 91.89,
        "20": 93.96
    },
    "mean_budget_generic": 17.524586473160447,
    "mean_add_points_generic": 71.0030744004919,
    "nr_func_modeled_generic": 9758,
    "percentage_bucket_counter_gpr": {
        "rest": 100.0,
        "5": 82.88,
        "10": 90.48,
        "15": 95.78,
        "20": 98.39
    },
    "mean_add_points_gpr": 77.778444911438,
    "mean_budget_gpr": 19.188909954883464,
    "nr_func_modeled_gpr": 9993,
    "percentage_bucket_counter_hybrid": {
        "rest": 100.0,
        "5": 82.88,
        "10": 90.48,
        "15": 95.78,
        "20": 98.39
    },
    "mean_budget_hybrid": 19.18884542258872,
    "mean_add_points_hybrid": 77.78174722305614,
    "nr_func_modeled_hybrid": 9993,
    "point_map_generic": {
        "(4, 10)": 1.0,
        "(4, 20)": 2.0,
        "(4, 30)": 3.0,
        "(4, 40)": 4.0,
        "(4, 50)": 5.0,
        "(8, 10)": 6.026529996985228,
        "(8, 20)": 9.979378238341969,
        "(8, 30)": 11.09898290867149,
        "(8, 40)": 12.477020772790873,
        "(8, 50)": 13.936817472698907,
        "(16, 10)": 7.0227868521879415,
        "(16, 20)": 12.887392755004766,
        "(16, 30)": 14.65034066075331,
        "(16, 40)": 16.241472933989478,
        "(16, 50)": 17.45344374873763,
        "(32, 10)": 8.0,
        "(32, 20)": 16.61878966104318,
        "(32, 30)": 18.705743043220842,
        "(32, 40)": 20.175103937393004,
        "(32, 50)": 21.234966979492526,
        "(64, 10)": 9.0,
        "(64, 20)": 20.26441146013117,
        "(64, 30)": 17.546583850931675,
        "(64, 40)": 0,
        "(64, 50)": 0
    },
    "base_point_cost": 4.446068947260631,
    "min_points": 9,
    "budget": 20.0
}