{
    "percentage_bucket_counter_random": {
        "rest": 100.0,
        "5": 82.83,
        "10": 92.74,
        "15": 96.81,
        "20": 99.71
    },
    "mean_budget_random": 27.163142999999998,
    "mean_add_points_random": 56.3991,
    "nr_func_modeled_random": 10000,
    "percentage_bucket_counter_grid": {
        "rest": 100.0,
        "5": 67.86,
        "10": 75.56,
        "15": 79.27,
        "20": 82.23
    },
    "mean_budget_grid": 19.883323617088138,
    "mean_add_points_grid": 40.898179635927185,
    "nr_func_modeled_grid": 9998,
    "percentage_bucket_counter_bayesian": {
        "rest": 100.0,
        "5": 83.83,
        "10": 92.43,
        "15": 96.89999999999999,
        "20": 99.8
    },
    "mean_budget_bayesian": 28.200300780648714,
    "mean_add_points_bayesian": 81.546818727491,
    "nr_func_modeled_bayesian": 9996,
    "percentage_bucket_counter_full": {
        "rest": 100.0,
        "5": 85.67,
        "10": 93.36,
        "15": 97.7,
        "20": 99.92999999999999
    },
    "percentage_bucket_counter_generic": {
        "rest": 100.0,
        "5": 82.73,
        "10": 89.94,
        "15": 95.62,
        "20": 98.11999999999999
    },
    "mean_budget_generic": 25.056758546925057,
    "mean_add_points_generic": 81.04476715072609,
    "nr_func_modeled_generic": 9985,
    "percentage_bucket_counter_gpr": {
        "rest": 100.0,
        "5": 83.7,
        "10": 92.62,
        "15": 96.65,
        "20": 99.03999999999999
    },
    "mean_add_points_gpr": 83.16896896896897,
    "mean_budget_gpr": 27.624221437403072,
    "nr_func_modeled_gpr": 9990,
    "percentage_bucket_counter_hybrid": {
        "rest": 100.0,
        "5": 83.7,
        "10": 92.62,
        "15": 96.65,
        "20": 99.03999999999999
    },
    "mean_budget_hybrid": 27.62408962572612,
    "mean_add_points_hybrid": 83.17087087087087,
    "nr_func_modeled_hybrid": 9990,
    "point_map_generic": {
        "(4, 10)": 1.0,
        "(4, 20)": 2.0,
        "(4, 30)": 3.0,
        "(4, 40)": 4.0,
        "(4, 50)": 5.0,
        "(8, 10)": 6.0565,
        "(8, 20)": 9.9885,
        "(8, 30)": 11.0944,
        "(8, 40)": 12.4362,
        "(8, 50)": 13.8631,
        "(16, 10)": 7.078615723144629,
        "(16, 20)": 13.073265939345411,
        "(16, 30)": 14.727618666132585,
        "(16, 40)": 16.314637344900635,
        "(16, 50)": 17.427104003735263,
        "(32, 10)": 8.074111267322756,
        "(32, 20)": 16.95084435839518,
        "(32, 30)": 18.689551881140666,
        "(32, 40)": 20.15566265060241,
        "(32, 50)": 21.24846690632269,
        "(64, 10)": 9.0,
        "(64, 20)": 20.538972948188903,
        "(64, 30)": 22.083333333333332,
        "(64, 40)": 0,
        "(64, 50)": 0
    },
    "base_point_cost": 4.446068947260631,
    "min_points": 9,
    "budget": 29.0
}