{
    "percentage_bucket_counter_random": {
        "rest": 100.0,
        "5": 85.69,
        "10": 93.44,
        "15": 97.75,
        "20": 99.92999999999999
    },
    "mean_budget_random": 72.063999,
    "mean_add_points_random": 84.0109,
    "nr_func_modeled_random": 10000,
    "percentage_bucket_counter_grid": {
        "rest": 100.0,
        "5": 82.73,
        "10": 92.4,
        "15": 96.76,
        "20": 99.7
    },
    "mean_budget_grid": 60.91945091231935,
    "mean_add_points_grid": 51.47848709225536,
    "nr_func_modeled_grid": 9994,
    "percentage_bucket_counter_bayesian": {
        "rest": 100.0,
        "5": 85.71,
        "10": 93.42,
        "15": 97.75,
        "20": 99.92
    },
    "mean_budget_bayesian": 73.30092261608162,
    "mean_add_points_bayesian": 94.85237047409481,
    "nr_func_modeled_bayesian": 9998,
    "percentage_bucket_counter_full": {
        "rest": 100.0,
        "5": 85.67,
        "10": 93.36,
        "15": 97.7,
        "20": 99.92999999999999
    },
    "percentage_bucket_counter_generic": {
        "rest": 100.0,
        "5": 83.57,
        "10": 93.35,
        "15": 97.39999999999999,
        "20": 99.78
    },
    "mean_budget_generic": 63.663762573870834,
    "mean_add_points_generic": 93.9724,
    "nr_func_modeled_generic": 10000,
    "percentage_bucket_counter_gpr": {
        "rest": 100.0,
        "5": 85.76,
        "10": 93.44,
        "15": 97.77,
        "20": 99.92
    },
    "mean_add_points_gpr": 95.25545109021805,
    "mean_budget_gpr": 72.10330686166124,
    "nr_func_modeled_gpr": 9998,
    "percentage_bucket_counter_hybrid": {
        "rest": 100.0,
        "5": 85.76,
        "10": 93.44,
        "15": 97.77,
        "20": 99.92
    },
    "mean_budget_hybrid": 72.10330686166124,
    "mean_add_points_hybrid": 95.25545109021805,
    "nr_func_modeled_hybrid": 9998,
    "point_map_generic": {
        "(4, 10)": 1.0,
        "(4, 20)": 2.0,
        "(4, 30)": 3.0,
        "(4, 40)": 4.0,
        "(4, 50)": 5.0,
        "(8, 10)": 6.0565,
        "(8, 20)": 9.9885,
        "(8, 30)": 11.0944,
        "(8, 40)": 12.4362,
        "(8, 50)": 13.8631,
        "(16, 10)": 7.08,
        "(16, 20)": 13.0757,
        "(16, 30)": 14.728,
        "(16, 40)": 16.3136,
        "(16, 50)": 17.6692,
        "(32, 10)": 8.1272,
        "(32, 20)": 17.0279,
        "(32, 30)": 18.7408,
        "(32, 40)": 20.231,
        "(32, 50)": 21.4425,
        "(64, 10)": 9.112393376818867,
        "(64, 20)": 21.2058,
        "(64, 30)": 22.75799637899819,
        "(64, 40)": 23.99283439490446,
        "(64, 50)": 0
    },
    "base_point_cost": 4.446068947260631,
    "min_points": 9,
    "budget": 75.0
}