{
    "percentage_bucket_counter_random": {
        "rest": 100.0,
        "5": 2.9499999999999997,
        "10": 3.83,
        "15": 4.67,
        "20": 5.33
    },
    "mean_budget_random": 0.39008187867989397,
    "mean_add_points_random": 36.822429906542055,
    "nr_func_modeled_random": 642,
    "percentage_bucket_counter_grid": {
        "rest": 100.0,
        "5": 2.2800000000000002,
        "10": 2.64,
        "15": 3.25,
        "20": 3.37
    },
    "mean_budget_grid": 0.3654037354920323,
    "mean_add_points_grid": 36.0,
    "nr_func_modeled_grid": 642,
    "percentage_bucket_counter_bayesian": {
        "rest": 100.0,
        "5": 8.85,
        "10": 9.99,
        "15": 11.35,
        "20": 11.88
    },
    "mean_budget_bayesian": 0.4949196038026337,
    "mean_add_points_bayesian": 48.81605611847233,
    "nr_func_modeled_bayesian": 1283,
    "percentage_bucket_counter_full": {
        "rest": 100.0,
        "5": 85.67,
        "10": 93.36,
        "15": 97.7,
        "20": 99.92999999999999
    },
    "percentage_bucket_counter_generic": {
        "rest": 100.0,
        "5": 2.9899999999999998,
        "10": 3.8600000000000003,
        "15": 4.67,
        "20": 4.97
    },
    "mean_budget_generic": 0.46042395807865677,
    "mean_add_points_generic": 52.891938250428815,
    "nr_func_modeled_generic": 583,
    "percentage_bucket_counter_gpr": {
        "rest": 100.0,
        "5": 8.93,
        "10": 10.9,
        "15": 12.25,
        "20": 12.740000000000002
    },
    "mean_add_points_gpr": 50.89762076423936,
    "mean_budget_gpr": 0.4862011887370742,
    "nr_func_modeled_gpr": 1387,
    "percentage_bucket_counter_hybrid": {
        "rest": 100.0,
        "5": 8.89,
        "10": 10.83,
        "15": 12.27,
        "20": 12.76
    },
    "mean_budget_hybrid": 0.4861216030033456,
    "mean_add_points_hybrid": 50.87976961843052,
    "nr_func_modeled_hybrid": 1389,
    "point_map_generic": {
        "(4, 10)": 1.0,
        "(4, 20)": 2.0,
        "(4, 30)": 3.0,
        "(4, 40)": 4.0,
        "(4, 50)": 5.0,
        "(8, 10)": 6.0,
        "(8, 20)": 9.683582089552239,
        "(8, 30)": 10.502407704654896,
        "(8, 40)": 12.181176470588236,
        "(8, 50)": 13.583850931677018,
        "(16, 10)": 7.0,
        "(16, 20)": 12.363083164300203,
        "(16, 30)": 13.234875444839858,
        "(16, 40)": 16.0,
        "(16, 50)": 18.0,
        "(32, 10)": 8.0,
        "(32, 20)": 10.613333333333333,
        "(32, 30)": 8.0,
        "(32, 40)": 0,
        "(32, 50)": 0,
        "(64, 10)": 9.0,
        "(64, 20)": 9.0,
        "(64, 30)": 9.0,
        "(64, 40)": 0,
        "(64, 50)": 0
    },
    "base_point_cost": 0.281088578083181,
    "min_points": 9,
    "budget": 0.5
}