{
    "percentage_bucket_counter_random": {
        "rest": 100.0,
        "5": 28.07,
        "10": 31.96,
        "15": 35.42,
        "20": 36.95
    },
    "mean_budget_random": 4.0051345307038,
    "mean_add_points_random": 39.539010708822026,
    "nr_func_modeled_random": 3922,
    "percentage_bucket_counter_grid": {
        "rest": 100.0,
        "5": 18.709999999999997,
        "10": 22.770000000000003,
        "15": 26.02,
        "20": 27.450000000000003
    },
    "mean_budget_grid": 2.9833644645296333,
    "mean_add_points_grid": 37.314942528735635,
    "nr_func_modeled_grid": 3915,
    "percentage_bucket_counter_bayesian": {
        "rest": 100.0,
        "5": 45.5,
        "10": 47.199999999999996,
        "15": 51.300000000000004,
        "20": 53.13
    },
    "mean_budget_bayesian": 4.934719502880647,
    "mean_add_points_bayesian": 58.680301047120416,
    "nr_func_modeled_bayesian": 6112,
    "percentage_bucket_counter_full": {
        "rest": 100.0,
        "5": 85.67,
        "10": 93.36,
        "15": 97.7,
        "20": 99.92999999999999
    },
    "percentage_bucket_counter_generic": {
        "rest": 100.0,
        "5": 28.360000000000003,
        "10": 31.019999999999996,
        "15": 34.37,
        "20": 35.57
    },
    "mean_budget_generic": 4.253584707512556,
    "mean_add_points_generic": 67.61435897435898,
    "nr_func_modeled_generic": 3900,
    "percentage_bucket_counter_gpr": {
        "rest": 100.0,
        "5": 47.760000000000005,
        "10": 50.370000000000005,
        "15": 54.769999999999996,
        "20": 56.269999999999996
    },
    "mean_add_points_gpr": 61.03519061583578,
    "mean_budget_gpr": 4.841257402383563,
    "nr_func_modeled_gpr": 6138,
    "percentage_bucket_counter_hybrid": {
        "rest": 100.0,
        "5": 47.0,
        "10": 49.6,
        "15": 54.02,
        "20": 55.48
    },
    "mean_budget_hybrid": 4.840060893228613,
    "mean_add_points_hybrid": 61.016276041666664,
    "nr_func_modeled_hybrid": 6144,
    "point_map_generic": {
        "(4, 10)": 1.0,
        "(4, 20)": 2.0,
        "(4, 30)": 3.0,
        "(4, 40)": 4.0,
        "(4, 50)": 5.0,
        "(8, 10)": 6.0,
        "(8, 20)": 9.945219638242895,
        "(8, 30)": 10.926318651441001,
        "(8, 40)": 12.22206664799776,
        "(8, 50)": 13.53866203301477,
        "(16, 10)": 7.0,
        "(16, 20)": 13.164036076662908,
        "(16, 30)": 14.801150121065374,
        "(16, 40)": 16.20471596998928,
        "(16, 50)": 17.37600716204118,
        "(32, 10)": 8.0,
        "(32, 20)": 16.893100833965125,
        "(32, 30)": 18.52449379490529,
        "(32, 40)": 20.0,
        "(32, 50)": 21.0,
        "(64, 10)": 9.0,
        "(64, 20)": 13.0,
        "(64, 30)": 9.0,
        "(64, 40)": 0,
        "(64, 50)": 0
    },
    "base_point_cost": 1.9870847835289458,
    "min_points": 9,
    "budget": 5.0
}