{
    "percentage_bucket_counter_random": {
        "rest": 100.0,
        "5": 85.65,
        "10": 93.41000000000001,
        "15": 97.72,
        "20": 99.92999999999999
    },
    "mean_budget_random": 67.569294,
    "mean_add_points_random": 81.7757,
    "nr_func_modeled_random": 10000,
    "percentage_bucket_counter_grid": {
        "rest": 100.0,
        "5": 82.48,
        "10": 92.43,
        "15": 96.8,
        "20": 99.74
    },
    "mean_budget_grid": 55.93909226255365,
    "mean_add_points_grid": 49.86997399479896,
    "nr_func_modeled_grid": 9998,
    "percentage_bucket_counter_bayesian": {
        "rest": 100.0,
        "5": 85.72999999999999,
        "10": 93.49,
        "15": 97.77,
        "20": 99.92999999999999
    },
    "mean_budget_bayesian": 68.24197308450937,
    "mean_add_points_bayesian": 93.83078307830783,
    "nr_func_modeled_bayesian": 9999,
    "percentage_bucket_counter_full": {
        "rest": 100.0,
        "5": 85.67,
        "10": 93.36,
        "15": 97.7,
        "20": 99.92999999999999
    },
    "percentage_bucket_counter_generic": {
        "rest": 100.0,
        "5": 83.58,
        "10": 93.35,
        "15": 97.39999999999999,
        "20": 99.78
    },
    "mean_budget_generic": 60.372937591052484,
    "mean_add_points_generic": 93.226,
    "nr_func_modeled_generic": 10000,
    "percentage_bucket_counter_gpr": {
        "rest": 100.0,
        "5": 85.84,
        "10": 93.45,
        "15": 97.78,
        "20": 99.92999999999999
    },
    "mean_add_points_gpr": 94.32453245324533,
    "mean_budget_gpr": 67.32253570478532,
    "nr_func_modeled_gpr": 9999,
    "percentage_bucket_counter_hybrid": {
        "rest": 100.0,
        "5": 85.84,
        "10": 93.45,
        "15": 97.78,
        "20": 99.92999999999999
    },
    "mean_budget_hybrid": 67.32249428891777,
    "mean_add_points_hybrid": 94.32453245324533,
    "nr_func_modeled_hybrid": 9999,
    "point_map_generic": {
        "(4, 10)": 1.0,
        "(4, 20)": 2.0,
        "(4, 30)": 3.0,
        "(4, 40)": 4.0,
        "(4, 50)": 5.0,
        "(8, 10)": 6.0565,
        "(8, 20)": 9.9885,
        "(8, 30)": 11.0944,
        "(8, 40)": 12.4362,
        "(8, 50)": 13.8631,
        "(16, 10)": 7.08,
        "(16, 20)": 13.0757,
        "(16, 30)": 14.728,
        "(16, 40)": 16.3136,
        "(16, 50)": 17.6692,
        "(32, 10)": 8.1272,
        "(32, 20)": 17.0279,
        "(32, 30)": 18.7408,
        "(32, 40)": 20.231,
        "(32, 50)": 21.44122061030515,
        "(64, 10)": 9.108211202569764,
        "(64, 20)": 21.2058,
        "(64, 30)": 22.744558870368405,
        "(64, 40)": 23.99756031444836,
        "(64, 50)": 0
    },
    "base_point_cost": 4.446068947260631,
    "min_points": 9,
    "budget": 70.0
}