{
    "percentage_bucket_counter_random": {
        "rest": 100.0,
        "5": 85.63,
        "10": 93.35,
        "15": 97.69,
        "20": 99.92999999999999
    },
    "mean_budget_random": 77.675405,
    "mean_add_points_random": 85.9028,
    "nr_func_modeled_random": 10000,
    "percentage_bucket_counter_grid": {
        "rest": 100.0,
        "5": 83.12,
        "10": 92.43,
        "15": 96.81,
        "20": 99.68
    },
    "mean_budget_grid": 65.29019681637759,
    "mean_add_points_grid": 53.110088070456364,
    "nr_func_modeled_grid": 9992,
    "percentage_bucket_counter_bayesian": {
        "rest": 100.0,
        "5": 85.74000000000001,
        "10": 93.47,
        "15": 97.76,
        "20": 99.94
    },
    "mean_budget_bayesian": 77.8962829427443,
    "mean_add_points_bayesian": 95.9554,
    "nr_func_modeled_bayesian": 10000,
    "percentage_bucket_counter_full": {
        "rest": 100.0,
        "5": 85.67,
        "10": 93.36,
        "15": 97.7,
        "20": 99.92999999999999
    },
    "percentage_bucket_counter_generic": {
        "rest": 100.0,
        "5": 83.54,
        "10": 93.28999999999999,
        "15": 97.34,
        "20": 99.72
    },
    "mean_budget_generic": 66.52427575455278,
    "mean_add_points_generic": 94.66079647788673,
    "nr_func_modeled_generic": 9994,
    "percentage_bucket_counter_gpr": {
        "rest": 100.0,
        "5": 85.77,
        "10": 93.45,
        "15": 97.78,
        "20": 99.94
    },
    "mean_add_points_gpr": 96.1497,
    "mean_budget_gpr": 77.20107732919968,
    "nr_func_modeled_gpr": 10000,
    "percentage_bucket_counter_hybrid": {
        "rest": 100.0,
        "5": 85.77,
        "10": 93.45,
        "15": 97.78,
        "20": 99.94
    },
    "mean_budget_hybrid": 77.20107732919968,
    "mean_add_points_hybrid": 96.1497,
    "nr_func_modeled_hybrid": 10000,
    "point_map_generic": {
        "(4, 10)": 1.0,
        "(4, 20)": 2.0,
        "(4, 30)": 3.0,
        "(4, 40)": 4.0,
        "(4, 50)": 5.0,
        "(8, 10)": 6.0565,
        "(8, 20)": 9.9885,
        "(8, 30)": 11.0944,
        "(8, 40)": 12.4362,
        "(8, 50)": 13.8631,
        "(16, 10)": 7.08,
        "(16, 20)": 13.0757,
        "(16, 30)": 14.728,
        "(16, 40)": 16.3136,
        "(16, 50)": 17.6692,
        "(32, 10)": 8.1272,
        "(32, 20)": 17.0279,
        "(32, 30)": 18.7408,
        "(32, 40)": 20.231,
        "(32, 50)": 21.4425,
        "(64, 10)": 9.112393376818867,
        "(64, 20)": 21.2058,
        "(64, 30)": 22.7594,
        "(64, 40)": 23.993571535356555,
        "(64, 50)": 0
    },
    "base_point_cost": 4.446068947260631,
    "min_points": 9,
    "budget": 80.0
}