{
    "percentage_bucket_counter_random": {
        "rest": 100.0,
        "5": 85.66,
        "10": 93.39,
        "15": 97.69,
        "20": 99.92999999999999
    },
    "mean_budget_random": 63.237854999999996,
    "mean_add_points_random": 79.8438,
    "nr_func_modeled_random": 10000,
    "percentage_bucket_counter_grid": {
        "rest": 100.0,
        "5": 82.49,
        "10": 92.46,
        "15": 96.81,
        "20": 99.76
    },
    "mean_budget_grid": 53.077913980564425,
    "mean_add_points_grid": 48.88088808880888,
    "nr_func_modeled_grid": 9999,
    "percentage_bucket_counter_bayesian": {
        "rest": 100.0,
        "5": 85.76,
        "10": 93.43,
        "15": 97.76,
        "20": 99.92
    },
    "mean_budget_bayesian": 64.30443914186621,
    "mean_add_points_bayesian": 92.89467893578716,
    "nr_func_modeled_bayesian": 9998,
    "percentage_bucket_counter_full": {
        "rest": 100.0,
        "5": 85.67,
        "10": 93.36,
        "15": 97.7,
        "20": 99.92999999999999
    },
    "percentage_bucket_counter_generic": {
        "rest": 100.0,
        "5": 83.76,
        "10": 93.37,
        "15": 97.36,
        "20": 99.72999999999999
    },
    "mean_budget_generic": 57.10925387798666,
    "mean_add_points_generic": 92.47894368310493,
    "nr_func_modeled_generic": 9997,
    "percentage_bucket_counter_gpr": {
        "rest": 100.0,
        "5": 85.57000000000001,
        "10": 93.49,
        "15": 97.77,
        "20": 99.92
    },
    "mean_add_points_gpr": 93.55201040208041,
    "mean_budget_gpr": 63.627104383955725,
    "nr_func_modeled_gpr": 9998,
    "percentage_bucket_counter_hybrid": {
        "rest": 100.0,
        "5": 85.57000000000001,
        "10": 93.49,
        "15": 97.77,
        "20": 99.92
    },
    "mean_budget_hybrid": 63.627158970814854,
    "mean_add_points_hybrid": 93.55211042208441,
    "nr_func_modeled_hybrid": 9998,
    "point_map_generic": {
        "(4, 10)": 1.0,
        "(4, 20)": 2.0,
        "(4, 30)": 3.0,
        "(4, 40)": 4.0,
        "(4, 50)": 5.0,
        "(8, 10)": 6.0565,
        "(8, 20)": 9.9885,
        "(8, 30)": 11.0944,
        "(8, 40)": 12.4362,
        "(8, 50)": 13.8631,
        "(16, 10)": 7.08,
        "(16, 20)": 13.0757,
        "(16, 30)": 14.728,
        "(16, 40)": 16.3136,
        "(16, 50)": 17.6692,
        "(32, 10)": 8.1272,
        "(32, 20)": 17.0279,
        "(32, 30)": 18.7408,
        "(32, 40)": 20.231,
        "(32, 50)": 21.440296266639976,
        "(64, 10)": 9.092854989448297,
        "(64, 20)": 21.205084576118505,
        "(64, 30)": 22.709490461241245,
        "(64, 40)": 23.997317236753858,
        "(64, 50)": 0
    },
    "base_point_cost": 4.446068947260631,
    "min_points": 9,
    "budget": 66.0
}