{
    "percentage_bucket_counter_random": {
        "rest": 100.0,
        "5": 44.93,
        "10": 50.12,
        "15": 53.56999999999999,
        "20": 55.46
    },
    "mean_budget_random": 8.009467978820481,
    "mean_add_points_random": 43.47952397619881,
    "nr_func_modeled_random": 5714,
    "percentage_bucket_counter_grid": {
        "rest": 100.0,
        "5": 30.759999999999998,
        "10": 36.25,
        "15": 40.660000000000004,
        "20": 42.809999999999995
    },
    "mean_budget_grid": 5.510909286347518,
    "mean_add_points_grid": 37.97689884494225,
    "nr_func_modeled_grid": 5714,
    "percentage_bucket_counter_bayesian": {
        "rest": 100.0,
        "5": 64.53999999999999,
        "10": 67.44,
        "15": 72.3,
        "20": 74.35000000000001
    },
    "mean_budget_bayesian": 8.839129358926172,
    "mean_add_points_bayesian": 61.414224893563734,
    "nr_func_modeled_bayesian": 7986,
    "percentage_bucket_counter_full": {
        "rest": 100.0,
        "5": 85.67,
        "10": 93.36,
        "15": 97.7,
        "20": 99.92999999999999
    },
    "percentage_bucket_counter_generic": {
        "rest": 100.0,
        "5": 44.9,
        "10": 47.349999999999994,
        "15": 51.38,
        "20": 52.839999999999996
    },
    "mean_budget_generic": 7.819178082483484,
    "mean_add_points_generic": 69.04562268803946,
    "nr_func_modeled_generic": 5677,
    "percentage_bucket_counter_gpr": {
        "rest": 100.0,
        "5": 65.03999999999999,
        "10": 69.14,
        "15": 73.9,
        "20": 75.44999999999999
    },
    "mean_add_points_gpr": 63.712589073634206,
    "mean_budget_gpr": 8.73331652208876,
    "nr_func_modeled_gpr": 7999,
    "percentage_bucket_counter_hybrid": {
        "rest": 100.0,
        "5": 64.63,
        "10": 68.7,
        "15": 73.46000000000001,
        "20": 75.03
    },
    "mean_budget_hybrid": 8.732676862431255,
    "mean_add_points_hybrid": 63.706786651668544,
    "nr_func_modeled_hybrid": 8001,
    "point_map_generic": {
        "(4, 10)": 1.0,
        "(4, 20)": 2.0,
        "(4, 30)": 3.0,
        "(4, 40)": 4.0,
        "(4, 50)": 5.0,
        "(8, 10)": 6.0,
        "(8, 20)": 9.962583833392165,
        "(8, 30)": 11.08294760229587,
        "(8, 40)": 12.179901301031853,
        "(8, 50)": 13.447505080153533,
        "(16, 10)": 7.0,
        "(16, 20)": 12.999426166794185,
        "(16, 30)": 14.822937625754527,
        "(16, 40)": 16.214580801944106,
        "(16, 50)": 17.392947103274558,
        "(32, 10)": 8.0,
        "(32, 20)": 16.70526062935383,
        "(32, 30)": 18.703323055841043,
        "(32, 40)": 20.03388822829964,
        "(32, 50)": 21.055555555555557,
        "(64, 10)": 9.0,
        "(64, 20)": 19.35007385524372,
        "(64, 30)": 9.0,
        "(64, 40)": 0,
        "(64, 50)": 0
    },
    "base_point_cost": 3.1511898197138963,
    "min_points": 9,
    "budget": 9.0
}