{
    "percentage_bucket_counter_random": {
        "rest": 100.0,
        "5": 17.7,
        "10": 21.5,
        "15": 24.3,
        "20": 26.0
    },
    "mean_budget_random": 60.28973,
    "mean_add_points_random": 311.983,
    "nr_func_modeled_random": 1000,
    "percentage_bucket_counter_grid": {
        "rest": 100.0,
        "5": 86.0,
        "10": 95.0,
        "15": 97.0,
        "20": 99.2
    },
    "mean_budget_grid": 58.08394859994042,
    "mean_add_points_grid": 141.95787362086259,
    "nr_func_modeled_grid": 997,
    "percentage_bucket_counter_bayesian": {
        "rest": 100.0,
        "5": 87.1,
        "10": 95.3,
        "15": 97.1,
        "20": 98.8
    },
    "mean_budget_bayesian": 60.687847390575484,
    "mean_add_points_bayesian": 463.79175050301814,
    "nr_func_modeled_bayesian": 994,
    "percentage_bucket_counter_full": {
        "rest": 100.0,
        "5": 87.9,
        "10": 95.5,
        "15": 98.3,
        "20": 99.7
    },
    "percentage_bucket_counter_generic": {
        "rest": 100.0,
        "5": 86.6,
        "10": 94.8,
        "15": 97.7,
        "20": 99.2
    },
    "mean_budget_generic": 58.49464527678018,
    "mean_add_points_generic": 464.7607607607608,
    "nr_func_modeled_generic": 999,
    "percentage_bucket_counter_gpr": {
        "rest": 100.0,
        "5": 87.3,
        "10": 95.8,
        "15": 97.89999999999999,
        "20": 99.3
    },
    "mean_add_points_gpr": 465.7054108216433,
    "mean_budget_gpr": 60.43896575165418,
    "nr_func_modeled_gpr": 998,
    "percentage_bucket_counter_hybrid": {
        "rest": 100.0,
        "5": 87.3,
        "10": 95.8,
        "15": 97.89999999999999,
        "20": 99.3
    },
    "mean_budget_hybrid": 60.43896575165418,
    "mean_add_points_hybrid": 465.7054108216433,
    "nr_func_modeled_hybrid": 998,
    "point_map_generic": {
        "(4, 10, 1000)": 1.172,
        "(4, 10, 2000)": 9.907,
        "(4, 10, 3000)": 10.971,
        "(4, 10, 4000)": 12.038,
        "(4, 10, 5000)": 12.922,
        "(4, 20, 1000)": 2.304,
        "(4, 20, 2000)": 14.29,
        "(4, 20, 3000)": 16.761,
        "(4, 20, 4000)": 19.801,
        "(4, 20, 5000)": 22.963,
        "(4, 30, 1000)": 3.378,
        "(4, 30, 2000)": 18.22,
        "(4, 30, 3000)": 22.222,
        "(4, 30, 4000)": 25.953,
        "(4, 30, 5000)": 29.475,
        "(4, 40, 1000)": 4.563,
        "(4, 40, 2000)": 22.839,
        "(4, 40, 3000)": 27.496,
        "(4, 40, 4000)": 32.168,
        "(4, 40, 5000)": 35.32,
        "(4, 50, 1000)": 5.682,
        "(4, 50, 2000)": 28.139,
        "(4, 50, 3000)": 33.178,
        "(4, 50, 4000)": 37.807,
        "(4, 50, 5000)": 41.342,
        "(8, 10, 1000)": 6.664,
        "(8, 10, 2000)": 21.937,
        "(8, 10, 3000)": 26.142,
        "(8, 10, 4000)": 30.426,
        "(8, 10, 5000)": 33.884,
        "(8, 20, 1000)": 22.736,
        "(8, 20, 2000)": 30.374,
        "(8, 20, 3000)": 35.819,
        "(8, 20, 4000)": 39.869,
        "(8, 20, 5000)": 43.764,
        "(8, 30, 1000)": 30.342,
        "(8, 30, 2000)": 38.03,
        "(8, 30, 3000)": 43.941,
        "(8, 30, 4000)": 48.326,
        "(8, 30, 5000)": 52.327,
        "(8, 40, 1000)": 36.843,
        "(8, 40, 2000)": 45.281,
        "(8, 40, 3000)": 50.642,
        "(8, 40, 4000)": 55.42,
        "(8, 40, 5000)": 58.684,
        "(8, 50, 1000)": 42.762,
        "(8, 50, 2000)": 50.845,
        "(8, 50, 3000)": 56.905,
        "(8, 50, 4000)": 60.462,
        "(8, 50, 5000)": 64.346,
        "(16, 10, 1000)": 8.55,
        "(16, 10, 2000)": 41.858,
        "(16, 10, 3000)": 47.34,
        "(16, 10, 4000)": 51.691,
        "(16, 10, 5000)": 55.062,
        "(16, 20, 1000)": 43.841,
        "(16, 20, 2000)": 52.72,
        "(16, 20, 3000)": 58.972,
        "(16, 20, 4000)": 63.176,
        "(16, 20, 5000)": 67.06,
        "(16, 30, 1000)": 52.556,
        "(16, 30, 2000)": 61.575,
        "(16, 30, 3000)": 67.708,
        "(16, 30, 4000)": 71.751,
        "(16, 30, 5000)": 75.0,
        "(16, 40, 1000)": 59.507,
        "(16, 40, 2000)": 68.869,
        "(16, 40, 3000)": 73.959,
        "(16, 40, 4000)": 78.46,
        "(16, 40, 5000)": 81.28,
        "(16, 50, 1000)": 65.901,
        "(16, 50, 2000)": 73.91,
        "(16, 50, 3000)": 79.332,
        "(16, 50, 4000)": 83.888,
        "(16, 50, 5000)": 86.726,
        "(32, 10, 1000)": 10.351,
        "(32, 10, 2000)": 65.968,
        "(32, 10, 3000)": 70.846,
        "(32, 10, 4000)": 76.102,
        "(32, 10, 5000)": 78.347,
        "(32, 20, 1000)": 67.105,
        "(32, 20, 2000)": 77.496,
        "(32, 20, 3000)": 83.304,
        "(32, 20, 4000)": 86.895,
        "(32, 20, 5000)": 91.344,
        "(32, 30, 1000)": 76.787,
        "(32, 30, 2000)": 85.657,
        "(32, 30, 3000)": 90.662,
        "(32, 30, 4000)": 95.262,
        "(32, 30, 5000)": 98.506,
        "(32, 40, 1000)": 83.129,
        "(32, 40, 2000)": 91.783,
        "(32, 40, 3000)": 96.651,
        "(32, 40, 4000)": 101.146,
        "(32, 40, 5000)": 103.151,
        "(32, 50, 1000)": 88.65365365365365,
        "(32, 50, 2000)": 97.09494949494949,
        "(32, 50, 3000)": 101.71385542168674,
        "(32, 50, 4000)": 104.17051153460382,
        "(32, 50, 5000)": 107.61831275720165,
        "(64, 10, 1000)": 12.165,
        "(64, 10, 2000)": 91.03018108651912,
        "(64, 10, 3000)": 95.22012578616352,
        "(64, 10, 4000)": 97.58560794044665,
        "(64, 10, 5000)": 98.21997621878715,
        "(64, 20, 1000)": 91.243,
        "(64, 20, 2000)": 101.275,
        "(64, 20, 3000)": 106.34797297297297,
        "(64, 20, 4000)": 108.71290711700844,
        "(64, 20, 5000)": 111.03840877914952,
        "(64, 30, 1000)": 100.28226652675761,
        "(64, 30, 2000)": 108.16192560175055,
        "(64, 30, 3000)": 113.15397082658022,
        "(64, 30, 4000)": 115.0338733431517,
        "(64, 30, 5000)": 117.48195876288659,
        "(64, 40, 1000)": 102.08405797101449,
        "(64, 40, 2000)": 111.73524720893143,
        "(64, 40, 3000)": 117.69716775599129,
        "(64, 40, 4000)": 120.40181268882175,
        "(64, 40, 5000)": 119.16455696202532,
        "(64, 50, 1000)": 104.43128654970761,
        "(64, 50, 2000)": 114.13374485596708,
        "(64, 50, 3000)": 119.61710037174721,
        "(64, 50, 4000)": 122.0,
        "(64, 50, 5000)": 0
    },
    "base_point_cost": 0.814049148102858,
    "min_points": 13,
    "budget": 61.0
}