{
    "percentage_bucket_counter_random": {
        "rest": 100.0,
        "5": 17.7,
        "10": 21.5,
        "15": 24.3,
        "20": 26.0
    },
    "mean_budget_random": 33.49286,
    "mean_add_points_random": 202.708,
    "nr_func_modeled_random": 1000,
    "percentage_bucket_counter_grid": {
        "rest": 100.0,
        "5": 83.1,
        "10": 93.30000000000001,
        "15": 97.6,
        "20": 98.8
    },
    "mean_budget_grid": 31.652593235227595,
    "mean_add_points_grid": 109.993993993994,
    "nr_func_modeled_grid": 999,
    "percentage_bucket_counter_bayesian": {
        "rest": 100.0,
        "5": 86.6,
        "10": 93.4,
        "15": 96.39999999999999,
        "20": 98.1
    },
    "mean_budget_bayesian": 33.81714547948353,
    "mean_add_points_bayesian": 424.09154929577466,
    "nr_func_modeled_bayesian": 994,
    "percentage_bucket_counter_full": {
        "rest": 100.0,
        "5": 87.9,
        "10": 95.5,
        "15": 98.3,
        "20": 99.7
    },
    "percentage_bucket_counter_generic": {
        "rest": 100.0,
        "5": 85.5,
        "10": 93.10000000000001,
        "15": 96.6,
        "20": 98.1
    },
    "mean_budget_generic": 32.594745807119374,
    "mean_add_points_generic": 427.7234468937876,
    "nr_func_modeled_generic": 998,
    "percentage_bucket_counter_gpr": {
        "rest": 100.0,
        "5": 86.0,
        "10": 94.5,
        "15": 97.3,
        "20": 98.3
    },
    "mean_add_points_gpr": 429.07723169508523,
    "mean_budget_gpr": 33.693308703359506,
    "nr_func_modeled_gpr": 997,
    "percentage_bucket_counter_hybrid": {
        "rest": 100.0,
        "5": 86.0,
        "10": 94.5,
        "15": 97.3,
        "20": 98.3
    },
    "mean_budget_hybrid": 33.693308703359506,
    "mean_add_points_hybrid": 429.07723169508523,
    "nr_func_modeled_hybrid": 997,
    "point_map_generic": {
        "(4, 10, 1000)": 1.172,
        "(4, 10, 2000)": 9.907,
        "(4, 10, 3000)": 10.971,
        "(4, 10, 4000)": 12.038,
        "(4, 10, 5000)": 12.922,
        "(4, 20, 1000)": 2.304,
        "(4, 20, 2000)": 14.29,
        "(4, 20, 3000)": 16.761,
        "(4, 20, 4000)": 19.801,
        "(4, 20, 5000)": 22.963,
        "(4, 30, 1000)": 3.378,
        "(4, 30, 2000)": 18.22,
        "(4, 30, 3000)": 22.222,
        "(4, 30, 4000)": 25.953,
        "(4, 30, 5000)": 29.475,
        "(4, 40, 1000)": 4.563,
        "(4, 40, 2000)": 22.839,
        "(4, 40, 3000)": 27.496,
        "(4, 40, 4000)": 32.168,
        "(4, 40, 5000)": 35.32,
        "(4, 50, 1000)": 5.682,
        "(4, 50, 2000)": 28.139,
        "(4, 50, 3000)": 33.178,
        "(4, 50, 4000)": 37.807,
        "(4, 50, 5000)": 41.342,
        "(8, 10, 1000)": 6.664,
        "(8, 10, 2000)": 21.937,
        "(8, 10, 3000)": 26.142,
        "(8, 10, 4000)": 30.426,
        "(8, 10, 5000)": 33.884,
        "(8, 20, 1000)": 22.736,
        "(8, 20, 2000)": 30.374,
        "(8, 20, 3000)": 35.819,
        "(8, 20, 4000)": 39.869,
        "(8, 20, 5000)": 43.764,
        "(8, 30, 1000)": 30.342,
        "(8, 30, 2000)": 38.03,
        "(8, 30, 3000)": 43.941,
        "(8, 30, 4000)": 48.326,
        "(8, 30, 5000)": 52.327,
        "(8, 40, 1000)": 36.843,
        "(8, 40, 2000)": 45.281,
        "(8, 40, 3000)": 50.642,
        "(8, 40, 4000)": 55.42,
        "(8, 40, 5000)": 58.684,
        "(8, 50, 1000)": 42.762,
        "(8, 50, 2000)": 50.845,
        "(8, 50, 3000)": 56.905,
        "(8, 50, 4000)": 60.462,
        "(8, 50, 5000)": 64.346,
        "(16, 10, 1000)": 8.55,
        "(16, 10, 2000)": 41.858,
        "(16, 10, 3000)": 47.34,
        "(16, 10, 4000)": 51.691,
        "(16, 10, 5000)": 55.062,
        "(16, 20, 1000)": 43.841,
        "(16, 20, 2000)": 52.72,
        "(16, 20, 3000)": 58.972,
        "(16, 20, 4000)": 63.176,
        "(16, 20, 5000)": 67.06,
        "(16, 30, 1000)": 52.556,
        "(16, 30, 2000)": 61.575,
        "(16, 30, 3000)": 67.708,
        "(16, 30, 4000)": 71.751,
        "(16, 30, 5000)": 75.0,
        "(16, 40, 1000)": 59.507,
        "(16, 40, 2000)": 68.869,
        "(16, 40, 3000)": 73.959,
        "(16, 40, 4000)": 78.46,
        "(16, 40, 5000)": 81.28,
        "(16, 50, 1000)": 65.80240722166499,
        "(16, 50, 2000)": 73.91,
        "(16, 50, 3000)": 79.29559118236473,
        "(16, 50, 4000)": 83.69433198380567,
        "(16, 50, 5000)": 86.61150353178607,
        "(32, 10, 1000)": 10.351,
        "(32, 10, 2000)": 65.968,
        "(32, 10, 3000)": 70.846,
        "(32, 10, 4000)": 75.38565488565489,
        "(32, 10, 5000)": 77.00535331905782,
        "(32, 20, 1000)": 67.105,
        "(32, 20, 2000)": 77.496,
        "(32, 20, 3000)": 83.22064777327935,
        "(32, 20, 4000)": 86.61755485893417,
        "(32, 20, 5000)": 90.59140969162996,
        "(32, 30, 1000)": 76.77577577577577,
        "(32, 30, 2000)": 85.62776659959759,
        "(32, 30, 3000)": 90.66937945066124,
        "(32, 30, 4000)": 95.33924611973393,
        "(32, 30, 5000)": 98.50522648083624,
        "(32, 40, 1000)": 81.8642779587405,
        "(32, 40, 2000)": 90.9247191011236,
        "(32, 40, 3000)": 96.42420681551117,
        "(32, 40, 4000)": 101.48600508905852,
        "(32, 40, 5000)": 103.30904183535762,
        "(32, 50, 1000)": 85.86783625730995,
        "(32, 50, 2000)": 95.53026634382567,
        "(32, 50, 3000)": 101.11366538952745,
        "(32, 50, 4000)": 103.8853591160221,
        "(32, 50, 5000)": 106.51096121416526,
        "(64, 10, 1000)": 11.06072874493927,
        "(64, 10, 2000)": 85.24891461649783,
        "(64, 10, 3000)": 91.02061855670104,
        "(64, 10, 4000)": 94.11478260869565,
        "(64, 10, 5000)": 94.93311582381729,
        "(64, 20, 1000)": 87.50675675675676,
        "(64, 20, 2000)": 99.13470681458003,
        "(64, 20, 3000)": 104.86254980079681,
        "(64, 20, 4000)": 107.86150234741784,
        "(64, 20, 5000)": 109.27217125382263,
        "(64, 30, 1000)": 95.36263736263736,
        "(64, 30, 2000)": 107.01086956521739,
        "(64, 30, 3000)": 113.1763085399449,
        "(64, 30, 4000)": 115.81904761904762,
        "(64, 30, 5000)": 116.8735632183908,
        "(64, 40, 1000)": 99.34513274336283,
        "(64, 40, 2000)": 110.72835820895523,
        "(64, 40, 3000)": 117.0122699386503,
        "(64, 40, 4000)": 0,
        "(64, 40, 5000)": 0,
        "(64, 50, 1000)": 101.76801801801801,
        "(64, 50, 2000)": 112.76793248945148,
        "(64, 50, 3000)": 117.44117647058823,
        "(64, 50, 4000)": 0,
        "(64, 50, 5000)": 0
    },
    "base_point_cost": 0.814049148102858,
    "min_points": 13,
    "budget": 34.0
}