{
    "percentage_bucket_counter_random": {
        "rest": 100.0,
        "5": 17.7,
        "10": 21.5,
        "15": 24.3,
        "20": 26.0
    },
    "mean_budget_random": 39.330400000000004,
    "mean_add_points_random": 227.441,
    "nr_func_modeled_random": 1000,
    "percentage_bucket_counter_grid": {
        "rest": 100.0,
        "5": 85.3,
        "10": 94.19999999999999,
        "15": 97.6,
        "20": 98.8
    },
    "mean_budget_grid": 37.47315004446608,
    "mean_add_points_grid": 116.47247247247248,
    "nr_func_modeled_grid": 999,
    "percentage_bucket_counter_bayesian": {
        "rest": 100.0,
        "5": 86.7,
        "10": 94.8,
        "15": 97.5,
        "20": 98.9
    },
    "mean_budget_bayesian": 39.803703980366045,
    "mean_add_points_bayesian": 434.54108216432866,
    "nr_func_modeled_bayesian": 998,
    "percentage_bucket_counter_full": {
        "rest": 100.0,
        "5": 87.9,
        "10": 95.5,
        "15": 98.3,
        "20": 99.7
    },
    "percentage_bucket_counter_generic": {
        "rest": 100.0,
        "5": 85.8,
        "10": 93.5,
        "15": 96.6,
        "20": 97.8
    },
    "mean_budget_generic": 38.346657050863676,
    "mean_add_points_generic": 438.03015075376885,
    "nr_func_modeled_generic": 995,
    "percentage_bucket_counter_gpr": {
        "rest": 100.0,
        "5": 86.5,
        "10": 94.8,
        "15": 97.7,
        "20": 99.0
    },
    "mean_add_points_gpr": 439.11,
    "mean_budget_gpr": 39.63545424791731,
    "nr_func_modeled_gpr": 1000,
    "percentage_bucket_counter_hybrid": {
        "rest": 100.0,
        "5": 86.5,
        "10": 94.8,
        "15": 97.7,
        "20": 99.0
    },
    "mean_budget_hybrid": 39.63545424791731,
    "mean_add_points_hybrid": 439.11,
    "nr_func_modeled_hybrid": 1000,
    "point_map_generic": {
        "(4, 10, 1000)": 1.172,
        "(4, 10, 2000)": 9.907,
        "(4, 10, 3000)": 10.971,
        "(4, 10, 4000)": 12.038,
        "(4, 10, 5000)": 12.922,
        "(4, 20, 1000)": 2.304,
        "(4, 20, 2000)": 14.29,
        "(4, 20, 3000)": 16.761,
        "(4, 20, 4000)": 19.801,
        "(4, 20, 5000)": 22.963,
        "(4, 30, 1000)": 3.378,
        "(4, 30, 2000)": 18.22,
        "(4, 30, 3000)": 22.222,
        "(4, 30, 4000)": 25.953,
        "(4, 30, 5000)": 29.475,
        "(4, 40, 1000)": 4.563,
        "(4, 40, 2000)": 22.839,
        "(4, 40, 3000)": 27.496,
        "(4, 40, 4000)": 32.168,
        "(4, 40, 5000)": 35.32,
        "(4, 50, 1000)": 5.682,
        "(4, 50, 2000)": 28.139,
        "(4, 50, 3000)": 33.178,
        "(4, 50, 4000)": 37.807,
        "(4, 50, 5000)": 41.342,
        "(8, 10, 1000)": 6.664,
        "(8, 10, 2000)": 21.937,
        "(8, 10, 3000)": 26.142,
        "(8, 10, 4000)": 30.426,
        "(8, 10, 5000)": 33.884,
        "(8, 20, 1000)": 22.736,
        "(8, 20, 2000)": 30.374,
        "(8, 20, 3000)": 35.819,
        "(8, 20, 4000)": 39.869,
        "(8, 20, 5000)": 43.764,
        "(8, 30, 1000)": 30.342,
        "(8, 30, 2000)": 38.03,
        "(8, 30, 3000)": 43.941,
        "(8, 30, 4000)": 48.326,
        "(8, 30, 5000)": 52.327,
        "(8, 40, 1000)": 36.843,
        "(8, 40, 2000)": 45.281,
        "(8, 40, 3000)": 50.642,
        "(8, 40, 4000)": 55.42,
        "(8, 40, 5000)": 58.684,
        "(8, 50, 1000)": 42.762,
        "(8, 50, 2000)": 50.845,
        "(8, 50, 3000)": 56.905,
        "(8, 50, 4000)": 60.462,
        "(8, 50, 5000)": 64.346,
        "(16, 10, 1000)": 8.55,
        "(16, 10, 2000)": 41.858,
        "(16, 10, 3000)": 47.34,
        "(16, 10, 4000)": 51.691,
        "(16, 10, 5000)": 55.062,
        "(16, 20, 1000)": 43.841,
        "(16, 20, 2000)": 52.72,
        "(16, 20, 3000)": 58.972,
        "(16, 20, 4000)": 63.176,
        "(16, 20, 5000)": 67.06,
        "(16, 30, 1000)": 52.556,
        "(16, 30, 2000)": 61.575,
        "(16, 30, 3000)": 67.708,
        "(16, 30, 4000)": 71.751,
        "(16, 30, 5000)": 75.0,
        "(16, 40, 1000)": 59.507,
        "(16, 40, 2000)": 68.869,
        "(16, 40, 3000)": 73.959,
        "(16, 40, 4000)": 78.46,
        "(16, 40, 5000)": 81.28,
        "(16, 50, 1000)": 65.901,
        "(16, 50, 2000)": 73.91,
        "(16, 50, 3000)": 79.332,
        "(16, 50, 4000)": 83.888,
        "(16, 50, 5000)": 86.726,
        "(32, 10, 1000)": 10.351,
        "(32, 10, 2000)": 65.968,
        "(32, 10, 3000)": 70.846,
        "(32, 10, 4000)": 75.88484848484849,
        "(32, 10, 5000)": 77.6687306501548,
        "(32, 20, 1000)": 67.105,
        "(32, 20, 2000)": 77.496,
        "(32, 20, 3000)": 83.304,
        "(32, 20, 4000)": 86.82980866062437,
        "(32, 20, 5000)": 90.85699263932702,
        "(32, 30, 1000)": 76.787,
        "(32, 30, 2000)": 85.657,
        "(32, 30, 3000)": 90.662,
        "(32, 30, 4000)": 95.21855670103093,
        "(32, 30, 5000)": 98.34185303514377,
        "(32, 40, 1000)": 82.98385469223007,
        "(32, 40, 2000)": 91.48082901554405,
        "(32, 40, 3000)": 96.50941422594143,
        "(32, 40, 4000)": 101.18025258323766,
        "(32, 40, 5000)": 103.30705882352942,
        "(32, 50, 1000)": 86.16118047673099,
        "(32, 50, 2000)": 95.60894495412845,
        "(32, 50, 3000)": 100.78798586572438,
        "(32, 50, 4000)": 103.85135135135135,
        "(32, 50, 5000)": 106.77187948350071,
        "(64, 10, 1000)": 11.510574018126889,
        "(64, 10, 2000)": 87.595,
        "(64, 10, 3000)": 92.35202086049544,
        "(64, 10, 4000)": 94.9015873015873,
        "(64, 10, 5000)": 96.16282420749279,
        "(64, 20, 1000)": 89.01542111506524,
        "(64, 20, 2000)": 99.75913396481732,
        "(64, 20, 3000)": 104.88729874776386,
        "(64, 20, 4000)": 108.21616541353383,
        "(64, 20, 5000)": 109.7023498694517,
        "(64, 30, 1000)": 96.27022653721683,
        "(64, 30, 2000)": 107.18074656188605,
        "(64, 30, 3000)": 113.30434782608695,
        "(64, 30, 4000)": 115.91973244147157,
        "(64, 30, 5000)": 117.45578231292517,
        "(64, 40, 1000)": 100.20039292730844,
        "(64, 40, 2000)": 111.50125313283208,
        "(64, 40, 3000)": 117.23628691983123,
        "(64, 40, 4000)": 121.0,
        "(64, 40, 5000)": 116.0,
        "(64, 50, 1000)": 102.15212981744422,
        "(64, 50, 2000)": 113.34642857142858,
        "(64, 50, 3000)": 118.32142857142857,
        "(64, 50, 4000)": 0,
        "(64, 50, 5000)": 0
    },
    "base_point_cost": 0.814049148102858,
    "min_points": 13,
    "budget": 40.0
}