{
    "percentage_bucket_counter_random": {
        "rest": 100.0,
        "5": 87.8,
        "10": 96.5,
        "15": 98.4,
        "20": 99.7
    },
    "mean_budget_random": 51.98366,
    "mean_add_points_random": 283.703,
    "nr_func_modeled_random": 1000,
    "percentage_bucket_counter_grid": {
        "rest": 100.0,
        "5": 86.5,
        "10": 95.19999999999999,
        "15": 97.39999999999999,
        "20": 99.3
    },
    "mean_budget_grid": 50.181919775207334,
    "mean_add_points_grid": 129.68168168168168,
    "nr_func_modeled_grid": 999,
    "percentage_bucket_counter_bayesian": {
        "rest": 100.0,
        "5": 86.9,
        "10": 95.3,
        "15": 97.5,
        "20": 99.1
    },
    "mean_budget_bayesian": 52.747879161381995,
    "mean_add_points_bayesian": 453.934869739479,
    "nr_func_modeled_bayesian": 998,
    "percentage_bucket_counter_full": {
        "rest": 100.0,
        "5": 87.9,
        "10": 95.5,
        "15": 98.3,
        "20": 99.7
    },
    "percentage_bucket_counter_generic": {
        "rest": 100.0,
        "5": 86.6,
        "10": 94.69999999999999,
        "15": 97.6,
        "20": 99.0
    },
    "mean_budget_generic": 50.79257707932662,
    "mean_add_points_generic": 455.6716716716717,
    "nr_func_modeled_generic": 999,
    "percentage_bucket_counter_gpr": {
        "rest": 100.0,
        "5": 86.9,
        "10": 95.3,
        "15": 98.0,
        "20": 99.1
    },
    "mean_add_points_gpr": 456.6482965931864,
    "mean_budget_gpr": 52.487423029792055,
    "nr_func_modeled_gpr": 998,
    "percentage_bucket_counter_hybrid": {
        "rest": 100.0,
        "5": 86.9,
        "10": 95.3,
        "15": 98.0,
        "20": 99.1
    },
    "mean_budget_hybrid": 52.487423029792055,
    "mean_add_points_hybrid": 456.6482965931864,
    "nr_func_modeled_hybrid": 998,
    "point_map_generic": {
        "(4, 10, 1000)": 1.172,
        "(4, 10, 2000)": 9.907,
        "(4, 10, 3000)": 10.971,
        "(4, 10, 4000)": 12.038,
        "(4, 10, 5000)": 12.922,
        "(4, 20, 1000)": 2.304,
        "(4, 20, 2000)": 14.29,
        "(4, 20, 3000)": 16.761,
        "(4, 20, 4000)": 19.801,
        "(4, 20, 5000)": 22.963,
        "(4, 30, 1000)": 3.378,
        "(4, 30, 2000)": 18.22,
        "(4, 30, 3000)": 22.222,
        "(4, 30, 4000)": 25.953,
        "(4, 30, 5000)": 29.475,
        "(4, 40, 1000)": 4.563,
        "(4, 40, 2000)": 22.839,
        "(4, 40, 3000)": 27.496,
        "(4, 40, 4000)": 32.168,
        "(4, 40, 5000)": 35.32,
        "(4, 50, 1000)": 5.682,
        "(4, 50, 2000)": 28.139,
        "(4, 50, 3000)": 33.178,
        "(4, 50, 4000)": 37.807,
        "(4, 50, 5000)": 41.342,
        "(8, 10, 1000)": 6.664,
        "(8, 10, 2000)": 21.937,
        "(8, 10, 3000)": 26.142,
        "(8, 10, 4000)": 30.426,
        "(8, 10, 5000)": 33.884,
        "(8, 20, 1000)": 22.736,
        "(8, 20, 2000)": 30.374,
        "(8, 20, 3000)": 35.819,
        "(8, 20, 4000)": 39.869,
        "(8, 20, 5000)": 43.764,
        "(8, 30, 1000)": 30.342,
        "(8, 30, 2000)": 38.03,
        "(8, 30, 3000)": 43.941,
        "(8, 30, 4000)": 48.326,
        "(8, 30, 5000)": 52.327,
        "(8, 40, 1000)": 36.843,
        "(8, 40, 2000)": 45.281,
        "(8, 40, 3000)": 50.642,
        "(8, 40, 4000)": 55.42,
        "(8, 40, 5000)": 58.684,
        "(8, 50, 1000)": 42.762,
        "(8, 50, 2000)": 50.845,
        "(8, 50, 3000)": 56.905,
        "(8, 50, 4000)": 60.462,
        "(8, 50, 5000)": 64.346,
        "(16, 10, 1000)": 8.55,
        "(16, 10, 2000)": 41.858,
        "(16, 10, 3000)": 47.34,
        "(16, 10, 4000)": 51.691,
        "(16, 10, 5000)": 55.062,
        "(16, 20, 1000)": 43.841,
        "(16, 20, 2000)": 52.72,
        "(16, 20, 3000)": 58.972,
        "(16, 20, 4000)": 63.176,
        "(16, 20, 5000)": 67.06,
        "(16, 30, 1000)": 52.556,
        "(16, 30, 2000)": 61.575,
        "(16, 30, 3000)": 67.708,
        "(16, 30, 4000)": 71.751,
        "(16, 30, 5000)": 75.0,
        "(16, 40, 1000)": 59.507,
        "(16, 40, 2000)": 68.869,
        "(16, 40, 3000)": 73.959,
        "(16, 40, 4000)": 78.46,
        "(16, 40, 5000)": 81.28,
        "(16, 50, 1000)": 65.901,
        "(16, 50, 2000)": 73.91,
        "(16, 50, 3000)": 79.332,
        "(16, 50, 4000)": 83.888,
        "(16, 50, 5000)": 86.726,
        "(32, 10, 1000)": 10.351,
        "(32, 10, 2000)": 65.968,
        "(32, 10, 3000)": 70.846,
        "(32, 10, 4000)": 76.102,
        "(32, 10, 5000)": 78.347,
        "(32, 20, 1000)": 67.105,
        "(32, 20, 2000)": 77.496,
        "(32, 20, 3000)": 83.304,
        "(32, 20, 4000)": 86.895,
        "(32, 20, 5000)": 91.31362725450902,
        "(32, 30, 1000)": 76.787,
        "(32, 30, 2000)": 85.657,
        "(32, 30, 3000)": 90.662,
        "(32, 30, 4000)": 95.262,
        "(32, 30, 5000)": 98.47389558232932,
        "(32, 40, 1000)": 83.129,
        "(32, 40, 2000)": 91.783,
        "(32, 40, 3000)": 96.651,
        "(32, 40, 4000)": 101.146,
        "(32, 40, 5000)": 103.1356783919598,
        "(32, 50, 1000)": 87.83195020746888,
        "(32, 50, 2000)": 96.06378378378379,
        "(32, 50, 3000)": 100.94353963083604,
        "(32, 50, 4000)": 103.90325972660358,
        "(32, 50, 5000)": 107.15046296296296,
        "(64, 10, 1000)": 11.970941883767535,
        "(64, 10, 2000)": 90.34486373165619,
        "(64, 10, 3000)": 94.13754227733935,
        "(64, 10, 4000)": 96.75957727873184,
        "(64, 10, 5000)": 97.74845105328377,
        "(64, 20, 1000)": 91.0939393939394,
        "(64, 20, 2000)": 100.88709677419355,
        "(64, 20, 3000)": 105.71821756225425,
        "(64, 20, 4000)": 108.51886792452831,
        "(64, 20, 5000)": 110.48648648648648,
        "(64, 30, 1000)": 98.85101311084624,
        "(64, 30, 2000)": 107.59550561797752,
        "(64, 30, 3000)": 113.1125703564728,
        "(64, 30, 4000)": 115.08587786259542,
        "(64, 30, 5000)": 117.19407894736842,
        "(64, 40, 1000)": 101.4160125588697,
        "(64, 40, 2000)": 111.88527724665391,
        "(64, 40, 3000)": 117.65051020408163,
        "(64, 40, 4000)": 120.33879781420765,
        "(64, 40, 5000)": 114.65,
        "(64, 50, 1000)": 103.66719492868462,
        "(64, 50, 2000)": 114.18848167539267,
        "(64, 50, 3000)": 119.19095477386935,
        "(64, 50, 4000)": 0,
        "(64, 50, 5000)": 0
    },
    "base_point_cost": 0.814049148102858,
    "min_points": 13,
    "budget": 53.0
}