{
    "percentage_bucket_counter_random": {
        "rest": 100.0,
        "5": 87.8,
        "10": 96.2,
        "15": 98.2,
        "20": 99.7
    },
    "mean_budget_random": 34.522270000000006,
    "mean_add_points_random": 206.713,
    "nr_func_modeled_random": 1000,
    "percentage_bucket_counter_grid": {
        "rest": 100.0,
        "5": 83.3,
        "10": 93.30000000000001,
        "15": 97.5,
        "20": 98.7
    },
    "mean_budget_grid": 32.59892355785101,
    "mean_add_points_grid": 111.11422845691382,
    "nr_func_modeled_grid": 998,
    "percentage_bucket_counter_bayesian": {
        "rest": 100.0,
        "5": 86.7,
        "10": 93.5,
        "15": 96.7,
        "20": 98.4
    },
    "mean_budget_bayesian": 34.81902059405015,
    "mean_add_points_bayesian": 425.9186746987952,
    "nr_func_modeled_bayesian": 996,
    "percentage_bucket_counter_full": {
        "rest": 100.0,
        "5": 87.9,
        "10": 95.5,
        "15": 98.3,
        "20": 99.7
    },
    "percentage_bucket_counter_generic": {
        "rest": 100.0,
        "5": 85.6,
        "10": 93.30000000000001,
        "15": 96.6,
        "20": 97.8
    },
    "mean_budget_generic": 33.54349801868935,
    "mean_add_points_generic": 429.6144578313253,
    "nr_func_modeled_generic": 996,
    "percentage_bucket_counter_gpr": {
        "rest": 100.0,
        "5": 86.4,
        "10": 94.69999999999999,
        "15": 97.6,
        "20": 98.7
    },
    "mean_add_points_gpr": 430.804,
    "mean_budget_gpr": 34.679058604065695,
    "nr_func_modeled_gpr": 1000,
    "percentage_bucket_counter_hybrid": {
        "rest": 100.0,
        "5": 86.4,
        "10": 94.69999999999999,
        "15": 97.6,
        "20": 98.7
    },
    "mean_budget_hybrid": 34.679058604065695,
    "mean_add_points_hybrid": 430.804,
    "nr_func_modeled_hybrid": 1000,
    "point_map_generic": {
        "(4, 10, 1000)": 1.172,
        "(4, 10, 2000)": 9.907,
        "(4, 10, 3000)": 10.971,
        "(4, 10, 4000)": 12.038,
        "(4, 10, 5000)": 12.922,
        "(4, 20, 1000)": 2.304,
        "(4, 20, 2000)": 14.29,
        "(4, 20, 3000)": 16.761,
        "(4, 20, 4000)": 19.801,
        "(4, 20, 5000)": 22.963,
        "(4, 30, 1000)": 3.378,
        "(4, 30, 2000)": 18.22,
        "(4, 30, 3000)": 22.222,
        "(4, 30, 4000)": 25.953,
        "(4, 30, 5000)": 29.475,
        "(4, 40, 1000)": 4.563,
        "(4, 40, 2000)": 22.839,
        "(4, 40, 3000)": 27.496,
        "(4, 40, 4000)": 32.168,
        "(4, 40, 5000)": 35.32,
        "(4, 50, 1000)": 5.682,
        "(4, 50, 2000)": 28.139,
        "(4, 50, 3000)": 33.178,
        "(4, 50, 4000)": 37.807,
        "(4, 50, 5000)": 41.342,
        "(8, 10, 1000)": 6.664,
        "(8, 10, 2000)": 21.937,
        "(8, 10, 3000)": 26.142,
        "(8, 10, 4000)": 30.426,
        "(8, 10, 5000)": 33.884,
        "(8, 20, 1000)": 22.736,
        "(8, 20, 2000)": 30.374,
        "(8, 20, 3000)": 35.819,
        "(8, 20, 4000)": 39.869,
        "(8, 20, 5000)": 43.764,
        "(8, 30, 1000)": 30.342,
        "(8, 30, 2000)": 38.03,
        "(8, 30, 3000)": 43.941,
        "(8, 30, 4000)": 48.326,
        "(8, 30, 5000)": 52.327,
        "(8, 40, 1000)": 36.843,
        "(8, 40, 2000)": 45.281,
        "(8, 40, 3000)": 50.642,
        "(8, 40, 4000)": 55.42,
        "(8, 40, 5000)": 58.684,
        "(8, 50, 1000)": 42.762,
        "(8, 50, 2000)": 50.845,
        "(8, 50, 3000)": 56.905,
        "(8, 50, 4000)": 60.462,
        "(8, 50, 5000)": 64.346,
        "(16, 10, 1000)": 8.55,
        "(16, 10, 2000)": 41.858,
        "(16, 10, 3000)": 47.34,
        "(16, 10, 4000)": 51.691,
        "(16, 10, 5000)": 55.062,
        "(16, 20, 1000)": 43.841,
        "(16, 20, 2000)": 52.72,
        "(16, 20, 3000)": 58.972,
        "(16, 20, 4000)": 63.176,
        "(16, 20, 5000)": 67.06,
        "(16, 30, 1000)": 52.556,
        "(16, 30, 2000)": 61.575,
        "(16, 30, 3000)": 67.708,
        "(16, 30, 4000)": 71.751,
        "(16, 30, 5000)": 75.0,
        "(16, 40, 1000)": 59.507,
        "(16, 40, 2000)": 68.869,
        "(16, 40, 3000)": 73.959,
        "(16, 40, 4000)": 78.46,
        "(16, 40, 5000)": 81.28,
        "(16, 50, 1000)": 65.83567134268537,
        "(16, 50, 2000)": 73.91,
        "(16, 50, 3000)": 79.332,
        "(16, 50, 4000)": 83.7754279959718,
        "(16, 50, 5000)": 86.64889336016097,
        "(32, 10, 1000)": 10.351,
        "(32, 10, 2000)": 65.968,
        "(32, 10, 3000)": 70.846,
        "(32, 10, 4000)": 75.5447991761071,
        "(32, 10, 5000)": 77.12964930924548,
        "(32, 20, 1000)": 67.105,
        "(32, 20, 2000)": 77.496,
        "(32, 20, 3000)": 83.29429429429429,
        "(32, 20, 4000)": 86.65352697095436,
        "(32, 20, 5000)": 90.624043715847,
        "(32, 30, 1000)": 76.787,
        "(32, 30, 2000)": 85.65130260521042,
        "(32, 30, 3000)": 90.66161616161617,
        "(32, 30, 4000)": 95.28524945770064,
        "(32, 30, 5000)": 98.4709236031927,
        "(32, 40, 1000)": 82.10160427807487,
        "(32, 40, 2000)": 91.0033296337403,
        "(32, 40, 3000)": 96.37687861271677,
        "(32, 40, 4000)": 101.44836272040303,
        "(32, 40, 5000)": 103.30411686586986,
        "(32, 50, 1000)": 85.9513325608343,
        "(32, 50, 2000)": 95.5525059665871,
        "(32, 50, 3000)": 101.03387703889587,
        "(32, 50, 4000)": 103.83827493261455,
        "(32, 50, 5000)": 106.53388429752066,
        "(64, 10, 1000)": 11.245454545454546,
        "(64, 10, 2000)": 85.86331938633194,
        "(64, 10, 3000)": 91.27625899280575,
        "(64, 10, 4000)": 94.22945205479452,
        "(64, 10, 5000)": 95.24006359300476,
        "(64, 20, 1000)": 87.7733860342556,
        "(64, 20, 2000)": 99.25115562403698,
        "(64, 20, 3000)": 104.86247544204322,
        "(64, 20, 4000)": 107.9297052154195,
        "(64, 20, 5000)": 109.43880597014926,
        "(64, 30, 1000)": 95.48462929475588,
        "(64, 30, 2000)": 107.05543710021323,
        "(64, 30, 3000)": 113.20430107526882,
        "(64, 30, 4000)": 115.75342465753425,
        "(64, 30, 5000)": 117.07920792079207,
        "(64, 40, 1000)": 99.47939262472885,
        "(64, 40, 2000)": 110.865889212828,
        "(64, 40, 3000)": 117.09142857142857,
        "(64, 40, 4000)": 0,
        "(64, 40, 5000)": 116.0,
        "(64, 50, 1000)": 101.8596881959911,
        "(64, 50, 2000)": 112.85365853658537,
        "(64, 50, 3000)": 117.675,
        "(64, 50, 4000)": 0,
        "(64, 50, 5000)": 0
    },
    "base_point_cost": 0.814049148102858,
    "min_points": 13,
    "budget": 35.0
}