{
    "percentage_bucket_counter_random": {
        "rest": 100.0,
        "5": 27.700000000000003,
        "10": 34.5,
        "15": 38.2,
        "20": 39.800000000000004
    },
    "mean_budget_random": 0.2703184681198437,
    "mean_add_points_random": 58.03472222222222,
    "nr_func_modeled_random": 432,
    "percentage_bucket_counter_grid": {
        "rest": 100.0,
        "5": 14.2,
        "10": 19.5,
        "15": 23.200000000000003,
        "20": 25.900000000000002
    },
    "mean_budget_grid": 0.34776047674241695,
    "mean_add_points_grid": 60.700934579439256,
    "nr_func_modeled_grid": 428,
    "percentage_bucket_counter_bayesian": {
        "rest": 100.0,
        "5": 17.4,
        "10": 18.4,
        "15": 20.0,
        "20": 20.9
    },
    "mean_budget_bayesian": 0.49891249453775516,
    "mean_add_points_bayesian": 245.8251121076233,
    "nr_func_modeled_bayesian": 223,
    "percentage_bucket_counter_full": {
        "rest": 100.0,
        "5": 87.9,
        "10": 95.5,
        "15": 98.3,
        "20": 99.7
    },
    "percentage_bucket_counter_generic": {
        "rest": 100.0,
        "5": 25.2,
        "10": 28.999999999999996,
        "15": 32.0,
        "20": 33.5
    },
    "mean_budget_generic": 0.4833657911944555,
    "mean_add_points_generic": 263.4972067039106,
    "nr_func_modeled_generic": 358,
    "percentage_bucket_counter_gpr": {
        "rest": 100.0,
        "5": 30.9,
        "10": 34.9,
        "15": 38.2,
        "20": 39.800000000000004
    },
    "mean_add_points_gpr": 257.9152941176471,
    "mean_budget_gpr": 0.49600993466457177,
    "nr_func_modeled_gpr": 425,
    "percentage_bucket_counter_hybrid": {
        "rest": 100.0,
        "5": 30.9,
        "10": 34.9,
        "15": 38.2,
        "20": 39.800000000000004
    },
    "mean_budget_hybrid": 0.4960154349737899,
    "mean_add_points_hybrid": 257.40845070422534,
    "nr_func_modeled_hybrid": 426,
    "point_map_generic": {
        "(4, 10, 1000)": 1.155155155155155,
        "(4, 10, 2000)": 9.89879759519038,
        "(4, 10, 3000)": 10.938816449348044,
        "(4, 10, 4000)": 12.015045135406218,
        "(4, 10, 5000)": 12.887775551102205,
        "(4, 20, 1000)": 2.0741116751269035,
        "(4, 20, 2000)": 14.082774049217003,
        "(4, 20, 3000)": 17.130733944954127,
        "(4, 20, 4000)": 20.92824074074074,
        "(4, 20, 5000)": 24.47887323943662,
        "(4, 30, 1000)": 3.073170731707317,
        "(4, 30, 2000)": 17.697516930022573,
        "(4, 30, 3000)": 23.02777777777778,
        "(4, 30, 4000)": 28.234597156398106,
        "(4, 30, 5000)": 32.18069306930693,
        "(4, 40, 1000)": 4.114837398373984,
        "(4, 40, 2000)": 21.794117647058822,
        "(4, 40, 3000)": 28.431603773584907,
        "(4, 40, 4000)": 34.12781954887218,
        "(4, 40, 5000)": 37.902116402116405,
        "(4, 50, 1000)": 5.141260162601626,
        "(4, 50, 2000)": 26.013793103448275,
        "(4, 50, 3000)": 32.98771498771499,
        "(4, 50, 4000)": 38.728,
        "(4, 50, 5000)": 42.31805157593123,
        "(8, 10, 1000)": 6.060887512899897,
        "(8, 10, 2000)": 19.016317016317018,
        "(8, 10, 3000)": 23.821176470588235,
        "(8, 10, 4000)": 28.30695443645084,
        "(8, 10, 5000)": 30.980722891566266,
        "(8, 20, 1000)": 19.90380313199105,
        "(8, 20, 2000)": 29.73758865248227,
        "(8, 20, 3000)": 37.1338199513382,
        "(8, 20, 4000)": 42.14545454545455,
        "(8, 20, 5000)": 45.73295454545455,
        "(8, 30, 1000)": 26.645390070921987,
        "(8, 30, 2000)": 38.207317073170735,
        "(8, 30, 3000)": 46.304,
        "(8, 30, 4000)": 50.88817891373802,
        "(8, 30, 5000)": 54.51929824561404,
        "(8, 40, 1000)": 31.520884520884522,
        "(8, 40, 2000)": 44.13066666666667,
        "(8, 40, 3000)": 51.85488958990536,
        "(8, 40, 4000)": 56.446886446886445,
        "(8, 40, 5000)": 59.97489539748954,
        "(8, 50, 1000)": 35.717557251908396,
        "(8, 50, 2000)": 48.33527696793003,
        "(8, 50, 3000)": 55.81684981684982,
        "(8, 50, 4000)": 60.753191489361704,
        "(8, 50, 5000)": 63.57213930348259,
        "(16, 10, 1000)": 7.120743034055727,
        "(16, 10, 2000)": 35.8239608801956,
        "(16, 10, 3000)": 42.39622641509434,
        "(16, 10, 4000)": 46.86430678466077,
        "(16, 10, 5000)": 48.87687687687688,
        "(16, 20, 1000)": 36.820754716981135,
        "(16, 20, 2000)": 51.55113636363637,
        "(16, 20, 3000)": 60.22775800711744,
        "(16, 20, 4000)": 65.04444444444445,
        "(16, 20, 5000)": 68.42328042328042,
        "(16, 30, 1000)": 45.82967032967033,
        "(16, 30, 2000)": 61.45421245421245,
        "(16, 30, 3000)": 69.5979381443299,
        "(16, 30, 4000)": 73.56953642384106,
        "(16, 30, 5000)": 76.29824561403508,
        "(16, 40, 1000)": 51.084375,
        "(16, 40, 2000)": 67.48584905660377,
        "(16, 40, 3000)": 74.44117647058823,
        "(16, 40, 4000)": 78.72727272727273,
        "(16, 40, 5000)": 80.82,
        "(16, 50, 1000)": 55.34722222222222,
        "(16, 50, 2000)": 71.06172839506173,
        "(16, 50, 3000)": 77.74489795918367,
        "(16, 50, 4000)": 81.75,
        "(16, 50, 5000)": 85.0,
        "(32, 10, 1000)": 8.107549120992761,
        "(32, 10, 2000)": 54.59,
        "(32, 10, 3000)": 59.94142259414226,
        "(32, 10, 4000)": 64.60227272727273,
        "(32, 10, 5000)": 61.23870967741936,
        "(32, 20, 1000)": 52.88175675675676,
        "(32, 20, 2000)": 74.66153846153846,
        "(32, 20, 3000)": 83.13636363636364,
        "(32, 20, 4000)": 87.3076923076923,
        "(32, 20, 5000)": 87.0,
        "(32, 30, 1000)": 63.09644670050761,
        "(32, 30, 2000)": 84.93939393939394,
        "(32, 30, 3000)": 0,
        "(32, 30, 4000)": 0,
        "(32, 30, 5000)": 0,
        "(32, 40, 1000)": 67.98529411764706,
        "(32, 40, 2000)": 88.57142857142857,
        "(32, 40, 3000)": 0,
        "(32, 40, 4000)": 0,
        "(32, 40, 5000)": 0,
        "(32, 50, 1000)": 71.97674418604652,
        "(32, 50, 2000)": 90.0,
        "(32, 50, 3000)": 0,
        "(32, 50, 4000)": 0,
        "(32, 50, 5000)": 0,
        "(64, 10, 1000)": 9.007253886010362,
        "(64, 10, 2000)": 66.98,
        "(64, 10, 3000)": 76.12903225806451,
        "(64, 10, 4000)": 72.9,
        "(64, 10, 5000)": 10.0,
        "(64, 20, 1000)": 58.32,
        "(64, 20, 2000)": 0,
        "(64, 20, 3000)": 0,
        "(64, 20, 4000)": 0,
        "(64, 20, 5000)": 0,
        "(64, 30, 1000)": 79.0,
        "(64, 30, 2000)": 0,
        "(64, 30, 3000)": 0,
        "(64, 30, 4000)": 0,
        "(64, 30, 5000)": 0,
        "(64, 40, 1000)": 0,
        "(64, 40, 2000)": 0,
        "(64, 40, 3000)": 0,
        "(64, 40, 4000)": 0,
        "(64, 40, 5000)": 0,
        "(64, 50, 1000)": 0,
        "(64, 50, 2000)": 0,
        "(64, 50, 3000)": 0,
        "(64, 50, 4000)": 0,
        "(64, 50, 5000)": 0
    },
    "base_point_cost": 0.07824068202956701,
    "min_points": 13,
    "budget": 0.5
}