{
    "percentage_bucket_counter_random": {
        "rest": 100.0,
        "5": 86.6,
        "10": 95.5,
        "15": 97.8,
        "20": 99.6
    },
    "mean_budget_random": 16.63471,
    "mean_add_points_random": 137.921,
    "nr_func_modeled_random": 1000,
    "percentage_bucket_counter_grid": {
        "rest": 100.0,
        "5": 68.10000000000001,
        "10": 77.8,
        "15": 82.69999999999999,
        "20": 85.1
    },
    "mean_budget_grid": 15.396632213932858,
    "mean_add_points_grid": 88.92184368737475,
    "nr_func_modeled_grid": 998,
    "percentage_bucket_counter_bayesian": {
        "rest": 100.0,
        "5": 85.3,
        "10": 89.60000000000001,
        "15": 94.8,
        "20": 96.1
    },
    "mean_budget_bayesian": 16.922434118238662,
    "mean_add_points_bayesian": 372.5833333333333,
    "nr_func_modeled_bayesian": 984,
    "percentage_bucket_counter_full": {
        "rest": 100.0,
        "5": 87.9,
        "10": 95.5,
        "15": 98.3,
        "20": 99.7
    },
    "percentage_bucket_counter_generic": {
        "rest": 100.0,
        "5": 85.1,
        "10": 90.3,
        "15": 95.3,
        "20": 96.8
    },
    "mean_budget_generic": 16.399214604912654,
    "mean_add_points_generic": 379.86746987951807,
    "nr_func_modeled_generic": 996,
    "percentage_bucket_counter_gpr": {
        "rest": 100.0,
        "5": 85.0,
        "10": 90.7,
        "15": 95.7,
        "20": 97.1
    },
    "mean_add_points_gpr": 382.8212851405622,
    "mean_budget_gpr": 16.863773871962145,
    "nr_func_modeled_gpr": 996,
    "percentage_bucket_counter_hybrid": {
        "rest": 100.0,
        "5": 85.0,
        "10": 90.7,
        "15": 95.7,
        "20": 97.1
    },
    "mean_budget_hybrid": 16.863773871962145,
    "mean_add_points_hybrid": 382.8212851405622,
    "nr_func_modeled_hybrid": 996,
    "point_map_generic": {
        "(4, 10, 1000)": 1.172,
        "(4, 10, 2000)": 9.907,
        "(4, 10, 3000)": 10.971,
        "(4, 10, 4000)": 12.038,
        "(4, 10, 5000)": 12.922,
        "(4, 20, 1000)": 2.304,
        "(4, 20, 2000)": 14.29,
        "(4, 20, 3000)": 16.761,
        "(4, 20, 4000)": 19.801,
        "(4, 20, 5000)": 22.963,
        "(4, 30, 1000)": 3.378,
        "(4, 30, 2000)": 18.22,
        "(4, 30, 3000)": 22.222,
        "(4, 30, 4000)": 25.953,
        "(4, 30, 5000)": 29.475,
        "(4, 40, 1000)": 4.563,
        "(4, 40, 2000)": 22.839,
        "(4, 40, 3000)": 27.496,
        "(4, 40, 4000)": 32.168,
        "(4, 40, 5000)": 35.32,
        "(4, 50, 1000)": 5.682,
        "(4, 50, 2000)": 28.139,
        "(4, 50, 3000)": 33.178,
        "(4, 50, 4000)": 37.807,
        "(4, 50, 5000)": 41.342,
        "(8, 10, 1000)": 6.664,
        "(8, 10, 2000)": 21.937,
        "(8, 10, 3000)": 26.142,
        "(8, 10, 4000)": 30.426,
        "(8, 10, 5000)": 33.884,
        "(8, 20, 1000)": 22.736,
        "(8, 20, 2000)": 30.374,
        "(8, 20, 3000)": 35.819,
        "(8, 20, 4000)": 39.869,
        "(8, 20, 5000)": 43.764,
        "(8, 30, 1000)": 30.342,
        "(8, 30, 2000)": 38.03,
        "(8, 30, 3000)": 43.941,
        "(8, 30, 4000)": 48.326,
        "(8, 30, 5000)": 52.327,
        "(8, 40, 1000)": 36.843,
        "(8, 40, 2000)": 45.281,
        "(8, 40, 3000)": 50.642,
        "(8, 40, 4000)": 55.42,
        "(8, 40, 5000)": 58.684,
        "(8, 50, 1000)": 42.728728728728726,
        "(8, 50, 2000)": 50.81881881881882,
        "(8, 50, 3000)": 56.72809667673716,
        "(8, 50, 4000)": 60.44444444444444,
        "(8, 50, 5000)": 64.17676767676768,
        "(16, 10, 1000)": 8.55,
        "(16, 10, 2000)": 41.858,
        "(16, 10, 3000)": 47.34,
        "(16, 10, 4000)": 51.165637860082306,
        "(16, 10, 5000)": 53.857900318133616,
        "(16, 20, 1000)": 43.841,
        "(16, 20, 2000)": 52.72,
        "(16, 20, 3000)": 58.95190380761523,
        "(16, 20, 4000)": 62.88577362409138,
        "(16, 20, 5000)": 66.43025751072962,
        "(16, 30, 1000)": 52.545545545545544,
        "(16, 30, 2000)": 61.566700100300906,
        "(16, 30, 3000)": 67.71267893660531,
        "(16, 30, 4000)": 71.80149413020277,
        "(16, 30, 5000)": 75.0121546961326,
        "(16, 40, 1000)": 58.18729817007535,
        "(16, 40, 2000)": 67.81042128603104,
        "(16, 40, 3000)": 73.55644241733181,
        "(16, 40, 4000)": 78.58873929008568,
        "(16, 40, 5000)": 81.90440251572328,
        "(16, 50, 1000)": 62.325908558030484,
        "(16, 50, 2000)": 71.90142517814726,
        "(16, 50, 3000)": 78.20395550061805,
        "(16, 50, 4000)": 83.51646903820817,
        "(16, 50, 5000)": 86.09732016925247,
        "(32, 10, 1000)": 9.946680080482897,
        "(32, 10, 2000)": 64.0183066361556,
        "(32, 10, 3000)": 68.64066193853428,
        "(32, 10, 4000)": 73.10340479192938,
        "(32, 10, 5000)": 74.92848020434228,
        "(32, 20, 1000)": 65.68337129840546,
        "(32, 20, 2000)": 76.59622641509434,
        "(32, 20, 3000)": 82.6617050067659,
        "(32, 20, 4000)": 86.54847645429363,
        "(32, 20, 5000)": 90.33792048929664,
        "(32, 30, 1000)": 74.83619550858653,
        "(32, 30, 2000)": 85.41666666666667,
        "(32, 30, 3000)": 91.74,
        "(32, 30, 4000)": 96.70984455958549,
        "(32, 30, 5000)": 99.38085539714868,
        "(32, 40, 1000)": 79.89512555391433,
        "(32, 40, 2000)": 91.29073482428115,
        "(32, 40, 3000)": 97.78108581436076,
        "(32, 40, 4000)": 101.98847926267281,
        "(32, 40, 5000)": 103.25277777777778,
        "(32, 50, 1000)": 83.9673735725938,
        "(32, 50, 2000)": 95.61781076066791,
        "(32, 50, 3000)": 101.77878103837472,
        "(32, 50, 4000)": 104.25892857142857,
        "(32, 50, 5000)": 106.49779735682819,
        "(64, 10, 1000)": 9.673175745118192,
        "(64, 10, 2000)": 81.18146718146718,
        "(64, 10, 3000)": 88.0082135523614,
        "(64, 10, 4000)": 91.52267303102626,
        "(64, 10, 5000)": 89.66133333333333,
        "(64, 20, 1000)": 81.73253493013972,
        "(64, 20, 2000)": 97.53956834532374,
        "(64, 20, 3000)": 103.97068403908794,
        "(64, 20, 4000)": 106.8177570093458,
        "(64, 20, 5000)": 108.67857142857143,
        "(64, 30, 1000)": 91.9950495049505,
        "(64, 30, 2000)": 105.20430107526882,
        "(64, 30, 3000)": 112.82926829268293,
        "(64, 30, 4000)": 116.25,
        "(64, 30, 5000)": 0,
        "(64, 40, 1000)": 95.18827160493827,
        "(64, 40, 2000)": 108.26347305389221,
        "(64, 40, 3000)": 0,
        "(64, 40, 4000)": 0,
        "(64, 40, 5000)": 0,
        "(64, 50, 1000)": 97.86181818181818,
        "(64, 50, 2000)": 110.53947368421052,
        "(64, 50, 3000)": 0,
        "(64, 50, 4000)": 0,
        "(64, 50, 5000)": 0
    },
    "base_point_cost": 0.814049148102858,
    "min_points": 13,
    "budget": 17.0
}