{
    "percentage_bucket_counter_random": {
        "rest": 100.0,
        "5": 47.599999999999994,
        "10": 55.1,
        "15": 59.4,
        "20": 61.5
    },
    "mean_budget_random": 2.692114418098267,
    "mean_add_points_random": 68.37733142037303,
    "nr_func_modeled_random": 697,
    "percentage_bucket_counter_grid": {
        "rest": 100.0,
        "5": 25.2,
        "10": 33.300000000000004,
        "15": 38.1,
        "20": 41.699999999999996
    },
    "mean_budget_grid": 2.423578669655282,
    "mean_add_points_grid": 67.7406340057637,
    "nr_func_modeled_grid": 694,
    "percentage_bucket_counter_bayesian": {
        "rest": 100.0,
        "5": 57.49999999999999,
        "10": 63.2,
        "15": 65.0,
        "20": 67.80000000000001
    },
    "mean_budget_bayesian": 2.9931567612069103,
    "mean_add_points_bayesian": 221.78482446206115,
    "nr_func_modeled_bayesian": 883,
    "percentage_bucket_counter_full": {
        "rest": 100.0,
        "5": 87.9,
        "10": 95.5,
        "15": 98.3,
        "20": 99.7
    },
    "percentage_bucket_counter_generic": {
        "rest": 100.0,
        "5": 47.9,
        "10": 52.6,
        "15": 55.60000000000001,
        "20": 57.3
    },
    "mean_budget_generic": 2.8995704678839114,
    "mean_add_points_generic": 276.6865671641791,
    "nr_func_modeled_generic": 670,
    "percentage_bucket_counter_gpr": {
        "rest": 100.0,
        "5": 74.4,
        "10": 82.3,
        "15": 84.5,
        "20": 86.8
    },
    "mean_add_points_gpr": 246.336820083682,
    "mean_budget_gpr": 2.981276489928439,
    "nr_func_modeled_gpr": 956,
    "percentage_bucket_counter_hybrid": {
        "rest": 100.0,
        "5": 74.5,
        "10": 82.6,
        "15": 84.8,
        "20": 87.1
    },
    "mean_budget_hybrid": 2.9812802187797107,
    "mean_add_points_hybrid": 246.16718913270637,
    "nr_func_modeled_hybrid": 957,
    "point_map_generic": {
        "(4, 10, 1000)": 1.155155155155155,
        "(4, 10, 2000)": 9.89879759519038,
        "(4, 10, 3000)": 10.938816449348044,
        "(4, 10, 4000)": 12.015045135406218,
        "(4, 10, 5000)": 12.887775551102205,
        "(4, 20, 1000)": 2.215291750503018,
        "(4, 20, 2000)": 14.381294964028777,
        "(4, 20, 3000)": 16.872919818456882,
        "(4, 20, 4000)": 19.90077519379845,
        "(4, 20, 5000)": 23.042721518987342,
        "(4, 30, 1000)": 3.253024193548387,
        "(4, 30, 2000)": 18.778625954198475,
        "(4, 30, 3000)": 23.361842105263158,
        "(4, 30, 4000)": 27.7834179357022,
        "(4, 30, 5000)": 31.641739130434782,
        "(4, 40, 1000)": 4.136040609137056,
        "(4, 40, 2000)": 21.309568480300186,
        "(4, 40, 3000)": 27.893145161290324,
        "(4, 40, 4000)": 33.835699797160245,
        "(4, 40, 5000)": 38.21906693711968,
        "(4, 50, 1000)": 5.165482233502538,
        "(4, 50, 2000)": 25.666023166023166,
        "(4, 50, 3000)": 32.913131313131316,
        "(4, 50, 4000)": 39.12778904665314,
        "(4, 50, 5000)": 43.4928716904277,
        "(8, 10, 1000)": 6.09989701338826,
        "(8, 10, 2000)": 19.023961661341854,
        "(8, 10, 3000)": 22.985270049099835,
        "(8, 10, 4000)": 27.059701492537314,
        "(8, 10, 5000)": 30.16777408637874,
        "(8, 20, 1000)": 21.352564102564102,
        "(8, 20, 2000)": 29.718804920913882,
        "(8, 20, 3000)": 36.075134168157426,
        "(8, 20, 4000)": 40.83063063063063,
        "(8, 20, 5000)": 45.16849816849817,
        "(8, 30, 1000)": 27.879446640316207,
        "(8, 30, 2000)": 38.43434343434343,
        "(8, 30, 3000)": 46.07085020242915,
        "(8, 30, 4000)": 51.67004048582996,
        "(8, 30, 5000)": 56.02685950413223,
        "(8, 40, 1000)": 32.81927710843374,
        "(8, 40, 2000)": 44.82113821138211,
        "(8, 40, 3000)": 52.638775510204084,
        "(8, 40, 4000)": 58.33264033264033,
        "(8, 40, 5000)": 61.94013303769401,
        "(8, 50, 1000)": 37.59674134419552,
        "(8, 50, 2000)": 49.83606557377049,
        "(8, 50, 3000)": 57.825630252100844,
        "(8, 50, 4000)": 62.519101123595505,
        "(8, 50, 5000)": 66.03381642512078,
        "(16, 10, 1000)": 7.1721649484536085,
        "(16, 10, 2000)": 35.89007092198582,
        "(16, 10, 3000)": 42.544464609800364,
        "(16, 10, 4000)": 47.575139146567714,
        "(16, 10, 5000)": 50.47014925373134,
        "(16, 20, 1000)": 39.14259259259259,
        "(16, 20, 2000)": 51.66990291262136,
        "(16, 20, 3000)": 59.73346693386774,
        "(16, 20, 4000)": 64.87949260042284,
        "(16, 20, 5000)": 68.73193473193473,
        "(16, 30, 1000)": 48.560165975103736,
        "(16, 30, 2000)": 61.83686440677966,
        "(16, 30, 3000)": 70.13303769401331,
        "(16, 30, 4000)": 74.69974554707379,
        "(16, 30, 5000)": 77.62931034482759,
        "(16, 40, 1000)": 54.41914893617021,
        "(16, 40, 2000)": 68.21748878923766,
        "(16, 40, 3000)": 75.62077922077923,
        "(16, 40, 4000)": 79.94753086419753,
        "(16, 40, 5000)": 82.50909090909092,
        "(16, 50, 1000)": 59.42197802197802,
        "(16, 50, 2000)": 72.4029484029484,
        "(16, 50, 3000)": 79.41033434650456,
        "(16, 50, 4000)": 83.58712121212122,
        "(16, 50, 5000)": 86.00884955752213,
        "(32, 10, 1000)": 8.275257731958764,
        "(32, 10, 2000)": 57.71747967479675,
        "(32, 10, 3000)": 64.35729847494554,
        "(32, 10, 4000)": 69.33665835411472,
        "(32, 10, 5000)": 70.02666666666667,
        "(32, 20, 1000)": 59.038054968287526,
        "(32, 20, 2000)": 75.48058252427184,
        "(32, 20, 3000)": 83.41104294478528,
        "(32, 20, 4000)": 87.72,
        "(32, 20, 5000)": 90.2289156626506,
        "(32, 30, 1000)": 69.32592592592593,
        "(32, 30, 2000)": 84.85099337748345,
        "(32, 30, 3000)": 93.0828729281768,
        "(32, 30, 4000)": 96.80412371134021,
        "(32, 30, 5000)": 96.85,
        "(32, 40, 1000)": 74.3887323943662,
        "(32, 40, 2000)": 90.18134715025907,
        "(32, 40, 3000)": 97.63013698630137,
        "(32, 40, 4000)": 101.33333333333333,
        "(32, 40, 5000)": 98.0,
        "(32, 50, 1000)": 77.2406779661017,
        "(32, 50, 2000)": 92.70175438596492,
        "(32, 50, 3000)": 99.0,
        "(32, 50, 4000)": 0,
        "(32, 50, 5000)": 0,
        "(64, 10, 1000)": 9.291021671826625,
        "(64, 10, 2000)": 75.62080536912751,
        "(64, 10, 3000)": 80.72972972972973,
        "(64, 10, 4000)": 84.21739130434783,
        "(64, 10, 5000)": 77.92647058823529,
        "(64, 20, 1000)": 72.04946996466431,
        "(64, 20, 2000)": 92.79310344827586,
        "(64, 20, 3000)": 101.25,
        "(64, 20, 4000)": 0,
        "(64, 20, 5000)": 0,
        "(64, 30, 1000)": 82.90395480225989,
        "(64, 30, 2000)": 105.0,
        "(64, 30, 3000)": 0,
        "(64, 30, 4000)": 0,
        "(64, 30, 5000)": 0,
        "(64, 40, 1000)": 87.93023255813954,
        "(64, 40, 2000)": 0,
        "(64, 40, 3000)": 0,
        "(64, 40, 4000)": 0,
        "(64, 40, 5000)": 0,
        "(64, 50, 1000)": 89.55263157894737,
        "(64, 50, 2000)": 0,
        "(64, 50, 3000)": 0,
        "(64, 50, 4000)": 0,
        "(64, 50, 5000)": 0
    },
    "base_point_cost": 0.814049148102858,
    "min_points": 13,
    "budget": 3.0
}