{
    "percentage_bucket_counter_random": {
        "rest": 100.0,
        "5": 86.1,
        "10": 95.39999999999999,
        "15": 97.8,
        "20": 99.5
    },
    "mean_budget_random": 19.57256,
    "mean_add_points_random": 153.545,
    "nr_func_modeled_random": 1000,
    "percentage_bucket_counter_grid": {
        "rest": 100.0,
        "5": 75.8,
        "10": 85.5,
        "15": 90.0,
        "20": 92.4
    },
    "mean_budget_grid": 18.246709524348272,
    "mean_add_points_grid": 93.10552763819095,
    "nr_func_modeled_grid": 995,
    "percentage_bucket_counter_bayesian": {
        "rest": 100.0,
        "5": 84.7,
        "10": 89.9,
        "15": 95.1,
        "20": 96.5
    },
    "mean_budget_bayesian": 19.900745924757768,
    "mean_add_points_bayesian": 384.6934010152284,
    "nr_func_modeled_bayesian": 985,
    "percentage_bucket_counter_full": {
        "rest": 100.0,
        "5": 87.9,
        "10": 95.5,
        "15": 98.3,
        "20": 99.7
    },
    "percentage_bucket_counter_generic": {
        "rest": 100.0,
        "5": 85.7,
        "10": 90.9,
        "15": 96.0,
        "20": 97.3
    },
    "mean_budget_generic": 19.26504035235224,
    "mean_add_points_generic": 391.9559118236473,
    "nr_func_modeled_generic": 998,
    "percentage_bucket_counter_gpr": {
        "rest": 100.0,
        "5": 85.39999999999999,
        "10": 91.60000000000001,
        "15": 96.0,
        "20": 97.6
    },
    "mean_add_points_gpr": 394.2615230460922,
    "mean_budget_gpr": 19.819921609937158,
    "nr_func_modeled_gpr": 998,
    "percentage_bucket_counter_hybrid": {
        "rest": 100.0,
        "5": 85.39999999999999,
        "10": 91.60000000000001,
        "15": 96.0,
        "20": 97.6
    },
    "mean_budget_hybrid": 19.819921609937158,
    "mean_add_points_hybrid": 394.2615230460922,
    "nr_func_modeled_hybrid": 998,
    "point_map_generic": {
        "(4, 10, 1000)": 1.172,
        "(4, 10, 2000)": 9.907,
        "(4, 10, 3000)": 10.971,
        "(4, 10, 4000)": 12.038,
        "(4, 10, 5000)": 12.922,
        "(4, 20, 1000)": 2.304,
        "(4, 20, 2000)": 14.29,
        "(4, 20, 3000)": 16.761,
        "(4, 20, 4000)": 19.801,
        "(4, 20, 5000)": 22.963,
        "(4, 30, 1000)": 3.378,
        "(4, 30, 2000)": 18.22,
        "(4, 30, 3000)": 22.222,
        "(4, 30, 4000)": 25.953,
        "(4, 30, 5000)": 29.475,
        "(4, 40, 1000)": 4.563,
        "(4, 40, 2000)": 22.839,
        "(4, 40, 3000)": 27.496,
        "(4, 40, 4000)": 32.168,
        "(4, 40, 5000)": 35.32,
        "(4, 50, 1000)": 5.682,
        "(4, 50, 2000)": 28.139,
        "(4, 50, 3000)": 33.178,
        "(4, 50, 4000)": 37.807,
        "(4, 50, 5000)": 41.342,
        "(8, 10, 1000)": 6.664,
        "(8, 10, 2000)": 21.937,
        "(8, 10, 3000)": 26.142,
        "(8, 10, 4000)": 30.426,
        "(8, 10, 5000)": 33.884,
        "(8, 20, 1000)": 22.736,
        "(8, 20, 2000)": 30.374,
        "(8, 20, 3000)": 35.819,
        "(8, 20, 4000)": 39.869,
        "(8, 20, 5000)": 43.764,
        "(8, 30, 1000)": 30.342,
        "(8, 30, 2000)": 38.03,
        "(8, 30, 3000)": 43.941,
        "(8, 30, 4000)": 48.326,
        "(8, 30, 5000)": 52.327,
        "(8, 40, 1000)": 36.843,
        "(8, 40, 2000)": 45.281,
        "(8, 40, 3000)": 50.642,
        "(8, 40, 4000)": 55.42,
        "(8, 40, 5000)": 58.684,
        "(8, 50, 1000)": 42.762,
        "(8, 50, 2000)": 50.845,
        "(8, 50, 3000)": 56.905,
        "(8, 50, 4000)": 60.462,
        "(8, 50, 5000)": 64.346,
        "(16, 10, 1000)": 8.55,
        "(16, 10, 2000)": 41.858,
        "(16, 10, 3000)": 47.34,
        "(16, 10, 4000)": 51.62988966900702,
        "(16, 10, 5000)": 54.34297520661157,
        "(16, 20, 1000)": 43.841,
        "(16, 20, 2000)": 52.72,
        "(16, 20, 3000)": 58.972,
        "(16, 20, 4000)": 63.14643931795386,
        "(16, 20, 5000)": 66.61730969760167,
        "(16, 30, 1000)": 52.556,
        "(16, 30, 2000)": 61.575,
        "(16, 30, 3000)": 67.708,
        "(16, 30, 4000)": 71.73252279635258,
        "(16, 30, 5000)": 74.89738219895288,
        "(16, 40, 1000)": 59.34375,
        "(16, 40, 2000)": 68.33679833679834,
        "(16, 40, 3000)": 73.7006237006237,
        "(16, 40, 4000)": 78.37934904601572,
        "(16, 40, 5000)": 81.4920091324201,
        "(16, 50, 1000)": 62.94683257918552,
        "(16, 50, 2000)": 72.10580204778157,
        "(16, 50, 3000)": 78.0807962529274,
        "(16, 50, 4000)": 83.26732673267327,
        "(16, 50, 5000)": 86.15444015444015,
        "(32, 10, 1000)": 10.07730923694779,
        "(32, 10, 2000)": 64.46799116997792,
        "(32, 10, 3000)": 69.05448354143019,
        "(32, 10, 4000)": 73.60190703218117,
        "(32, 10, 5000)": 75.3639661426844,
        "(32, 20, 1000)": 66.3904255319149,
        "(32, 20, 2000)": 76.77517564402811,
        "(32, 20, 3000)": 82.68910648714811,
        "(32, 20, 4000)": 86.44654088050315,
        "(32, 20, 5000)": 90.30362116991644,
        "(32, 30, 1000)": 75.25270758122744,
        "(32, 30, 2000)": 85.41286863270777,
        "(32, 30, 3000)": 91.34758620689655,
        "(32, 30, 4000)": 96.41538461538461,
        "(32, 30, 5000)": 99.16637781629116,
        "(32, 40, 1000)": 80.25167336010709,
        "(32, 40, 2000)": 91.27014925373135,
        "(32, 40, 3000)": 97.51834130781499,
        "(32, 40, 4000)": 102.04046242774567,
        "(32, 40, 5000)": 103.35240274599542,
        "(32, 50, 1000)": 84.42166910688141,
        "(32, 50, 2000)": 95.80602006688963,
        "(32, 50, 3000)": 101.67043314500941,
        "(32, 50, 4000)": 103.98839907192576,
        "(32, 50, 5000)": 106.37620578778134,
        "(64, 10, 1000)": 9.956967213114755,
        "(64, 10, 2000)": 81.3588785046729,
        "(64, 10, 3000)": 88.496138996139,
        "(64, 10, 4000)": 92.0066371681416,
        "(64, 10, 5000)": 90.82296650717703,
        "(64, 20, 1000)": 82.96268656716418,
        "(64, 20, 2000)": 97.84868421052632,
        "(64, 20, 3000)": 104.28333333333333,
        "(64, 20, 4000)": 106.85826771653544,
        "(64, 20, 5000)": 108.8361581920904,
        "(64, 30, 1000)": 92.85185185185185,
        "(64, 30, 2000)": 105.84097859327217,
        "(64, 30, 3000)": 112.97945205479452,
        "(64, 30, 4000)": 116.08695652173913,
        "(64, 30, 5000)": 0,
        "(64, 40, 1000)": 96.21428571428571,
        "(64, 40, 2000)": 108.70157068062828,
        "(64, 40, 3000)": 117.0,
        "(64, 40, 4000)": 0,
        "(64, 40, 5000)": 0,
        "(64, 50, 1000)": 98.61616161616162,
        "(64, 50, 2000)": 111.06557377049181,
        "(64, 50, 3000)": 0,
        "(64, 50, 4000)": 0,
        "(64, 50, 5000)": 0
    },
    "base_point_cost": 0.814049148102858,
    "min_points": 13,
    "budget": 20.0
}