{
    "percentage_bucket_counter_random": {
        "rest": 100.0,
        "5": 86.6,
        "10": 96.0,
        "15": 98.1,
        "20": 99.6
    },
    "mean_budget_random": 22.49131,
    "mean_add_points_random": 167.691,
    "nr_func_modeled_random": 1000,
    "percentage_bucket_counter_grid": {
        "rest": 100.0,
        "5": 80.7,
        "10": 91.2,
        "15": 95.3,
        "20": 97.5
    },
    "mean_budget_grid": 21.155428740739747,
    "mean_add_points_grid": 97.116,
    "nr_func_modeled_grid": 1000,
    "percentage_bucket_counter_bayesian": {
        "rest": 100.0,
        "5": 84.6,
        "10": 91.4,
        "15": 95.19999999999999,
        "20": 96.7
    },
    "mean_budget_bayesian": 22.88432349577492,
    "mean_add_points_bayesian": 395.70719351570415,
    "nr_func_modeled_bayesian": 987,
    "percentage_bucket_counter_full": {
        "rest": 100.0,
        "5": 87.9,
        "10": 95.5,
        "15": 98.3,
        "20": 99.7
    },
    "percentage_bucket_counter_generic": {
        "rest": 100.0,
        "5": 85.9,
        "10": 91.5,
        "15": 96.2,
        "20": 97.6
    },
    "mean_budget_generic": 22.044217548312417,
    "mean_add_points_generic": 401.8098098098098,
    "nr_func_modeled_generic": 999,
    "percentage_bucket_counter_gpr": {
        "rest": 100.0,
        "5": 85.0,
        "10": 92.7,
        "15": 96.2,
        "20": 97.89999999999999
    },
    "mean_add_points_gpr": 404.02510040160644,
    "mean_budget_gpr": 22.79534198192845,
    "nr_func_modeled_gpr": 996,
    "percentage_bucket_counter_hybrid": {
        "rest": 100.0,
        "5": 85.0,
        "10": 92.7,
        "15": 96.2,
        "20": 97.89999999999999
    },
    "mean_budget_hybrid": 22.79534198192845,
    "mean_add_points_hybrid": 404.02510040160644,
    "nr_func_modeled_hybrid": 996,
    "point_map_generic": {
        "(4, 10, 1000)": 1.172,
        "(4, 10, 2000)": 9.907,
        "(4, 10, 3000)": 10.971,
        "(4, 10, 4000)": 12.038,
        "(4, 10, 5000)": 12.922,
        "(4, 20, 1000)": 2.304,
        "(4, 20, 2000)": 14.29,
        "(4, 20, 3000)": 16.761,
        "(4, 20, 4000)": 19.801,
        "(4, 20, 5000)": 22.963,
        "(4, 30, 1000)": 3.378,
        "(4, 30, 2000)": 18.22,
        "(4, 30, 3000)": 22.222,
        "(4, 30, 4000)": 25.953,
        "(4, 30, 5000)": 29.475,
        "(4, 40, 1000)": 4.563,
        "(4, 40, 2000)": 22.839,
        "(4, 40, 3000)": 27.496,
        "(4, 40, 4000)": 32.168,
        "(4, 40, 5000)": 35.32,
        "(4, 50, 1000)": 5.682,
        "(4, 50, 2000)": 28.139,
        "(4, 50, 3000)": 33.178,
        "(4, 50, 4000)": 37.807,
        "(4, 50, 5000)": 41.342,
        "(8, 10, 1000)": 6.664,
        "(8, 10, 2000)": 21.937,
        "(8, 10, 3000)": 26.142,
        "(8, 10, 4000)": 30.426,
        "(8, 10, 5000)": 33.884,
        "(8, 20, 1000)": 22.736,
        "(8, 20, 2000)": 30.374,
        "(8, 20, 3000)": 35.819,
        "(8, 20, 4000)": 39.869,
        "(8, 20, 5000)": 43.764,
        "(8, 30, 1000)": 30.342,
        "(8, 30, 2000)": 38.03,
        "(8, 30, 3000)": 43.941,
        "(8, 30, 4000)": 48.326,
        "(8, 30, 5000)": 52.327,
        "(8, 40, 1000)": 36.843,
        "(8, 40, 2000)": 45.281,
        "(8, 40, 3000)": 50.642,
        "(8, 40, 4000)": 55.42,
        "(8, 40, 5000)": 58.684,
        "(8, 50, 1000)": 42.762,
        "(8, 50, 2000)": 50.845,
        "(8, 50, 3000)": 56.905,
        "(8, 50, 4000)": 60.462,
        "(8, 50, 5000)": 64.346,
        "(16, 10, 1000)": 8.55,
        "(16, 10, 2000)": 41.858,
        "(16, 10, 3000)": 47.34,
        "(16, 10, 4000)": 51.691,
        "(16, 10, 5000)": 54.84561049445005,
        "(16, 20, 1000)": 43.841,
        "(16, 20, 2000)": 52.72,
        "(16, 20, 3000)": 58.972,
        "(16, 20, 4000)": 63.176,
        "(16, 20, 5000)": 66.8443540183113,
        "(16, 30, 1000)": 52.556,
        "(16, 30, 2000)": 61.575,
        "(16, 30, 3000)": 67.708,
        "(16, 30, 4000)": 71.751,
        "(16, 30, 5000)": 74.91938775510204,
        "(16, 40, 1000)": 59.507,
        "(16, 40, 2000)": 68.70332996972755,
        "(16, 40, 3000)": 73.94994994994995,
        "(16, 40, 4000)": 78.35222672064778,
        "(16, 40, 5000)": 81.34378265412748,
        "(16, 50, 1000)": 63.464835164835165,
        "(16, 50, 2000)": 72.35281146637266,
        "(16, 50, 3000)": 78.15789473684211,
        "(16, 50, 4000)": 83.0,
        "(16, 50, 5000)": 86.24667472793229,
        "(32, 10, 1000)": 10.214428857715431,
        "(32, 10, 2000)": 65.17350157728707,
        "(32, 10, 3000)": 69.3414364640884,
        "(32, 10, 4000)": 74.25197740112995,
        "(32, 10, 5000)": 75.74590163934427,
        "(32, 20, 1000)": 66.81799591002044,
        "(32, 20, 2000)": 77.06215921483097,
        "(32, 20, 3000)": 82.73395565927655,
        "(32, 20, 4000)": 86.37085308056872,
        "(32, 20, 5000)": 90.28205128205128,
        "(32, 30, 1000)": 75.79175946547885,
        "(32, 30, 2000)": 85.44280442804428,
        "(32, 30, 3000)": 91.09346991037133,
        "(32, 30, 4000)": 96.07988980716253,
        "(32, 30, 5000)": 98.98470948012232,
        "(32, 40, 1000)": 80.54534005037783,
        "(32, 40, 2000)": 91.23513139695713,
        "(32, 40, 3000)": 97.3076923076923,
        "(32, 40, 4000)": 102.06132879045997,
        "(32, 40, 5000)": 103.27362204724409,
        "(32, 50, 1000)": 84.75238095238095,
        "(32, 50, 2000)": 95.84341085271318,
        "(32, 50, 3000)": 101.56218057921636,
        "(32, 50, 4000)": 103.7520325203252,
        "(32, 50, 5000)": 106.24533333333333,
        "(64, 10, 1000)": 10.427115188583079,
        "(64, 10, 2000)": 81.50912408759125,
        "(64, 10, 3000)": 88.68207024029574,
        "(64, 10, 4000)": 92.74897119341564,
        "(64, 10, 5000)": 91.89782608695653,
        "(64, 20, 1000)": 84.26252158894646,
        "(64, 20, 2000)": 98.34136546184739,
        "(64, 20, 3000)": 104.5219638242894,
        "(64, 20, 4000)": 107.15357142857142,
        "(64, 20, 5000)": 109.2824074074074,
        "(64, 30, 1000)": 93.35634743875278,
        "(64, 30, 2000)": 106.26881720430107,
        "(64, 30, 3000)": 112.8952380952381,
        "(64, 30, 4000)": 116.05357142857143,
        "(64, 30, 5000)": 115.25,
        "(64, 40, 1000)": 96.94324324324324,
        "(64, 40, 2000)": 109.33187772925764,
        "(64, 40, 3000)": 117.10526315789474,
        "(64, 40, 4000)": 0,
        "(64, 40, 5000)": 0,
        "(64, 50, 1000)": 99.3944099378882,
        "(64, 50, 2000)": 111.48322147651007,
        "(64, 50, 3000)": 116.0,
        "(64, 50, 4000)": 0,
        "(64, 50, 5000)": 0
    },
    "base_point_cost": 0.814049148102858,
    "min_points": 13,
    "budget": 23.0
}