{
    "percentage_bucket_counter_random": {
        "rest": 100.0,
        "5": 31.7,
        "10": 38.5,
        "15": 43.4,
        "20": 45.4
    },
    "mean_budget_random": 0.5271633808761949,
    "mean_add_points_random": 58.358333333333334,
    "nr_func_modeled_random": 480,
    "percentage_bucket_counter_grid": {
        "rest": 100.0,
        "5": 19.3,
        "10": 25.8,
        "15": 30.0,
        "20": 33.5
    },
    "mean_budget_grid": 0.710036178218191,
    "mean_add_points_grid": 63.875,
    "nr_func_modeled_grid": 480,
    "percentage_bucket_counter_bayesian": {
        "rest": 100.0,
        "5": 41.4,
        "10": 44.7,
        "15": 46.800000000000004,
        "20": 48.699999999999996
    },
    "mean_budget_bayesian": 0.9972267519702163,
    "mean_add_points_bayesian": 238.7404181184669,
    "nr_func_modeled_bayesian": 574,
    "percentage_bucket_counter_full": {
        "rest": 100.0,
        "5": 87.9,
        "10": 95.5,
        "15": 98.3,
        "20": 99.7
    },
    "percentage_bucket_counter_generic": {
        "rest": 100.0,
        "5": 36.1,
        "10": 40.2,
        "15": 43.3,
        "20": 44.7
    },
    "mean_budget_generic": 0.9574683259461103,
    "mean_add_points_generic": 287.9166666666667,
    "nr_func_modeled_generic": 480,
    "percentage_bucket_counter_gpr": {
        "rest": 100.0,
        "5": 40.9,
        "10": 44.5,
        "15": 47.599999999999994,
        "20": 49.5
    },
    "mean_add_points_gpr": 259.006968641115,
    "mean_budget_gpr": 0.9921891582607365,
    "nr_func_modeled_gpr": 574,
    "percentage_bucket_counter_hybrid": {
        "rest": 100.0,
        "5": 40.300000000000004,
        "10": 44.0,
        "15": 47.199999999999996,
        "20": 49.2
    },
    "mean_budget_hybrid": 0.9921099106265155,
    "mean_add_points_hybrid": 259.0156794425087,
    "nr_func_modeled_hybrid": 574,
    "point_map_generic": {
        "(4, 10, 1000)": 1.155155155155155,
        "(4, 10, 2000)": 9.89879759519038,
        "(4, 10, 3000)": 10.938816449348044,
        "(4, 10, 4000)": 12.015045135406218,
        "(4, 10, 5000)": 12.887775551102205,
        "(4, 20, 1000)": 2.0741116751269035,
        "(4, 20, 2000)": 14.075050709939148,
        "(4, 20, 3000)": 16.950413223140497,
        "(4, 20, 4000)": 20.5625,
        "(4, 20, 5000)": 24.21294363256785,
        "(4, 30, 1000)": 3.073170731707317,
        "(4, 30, 2000)": 17.60612244897959,
        "(4, 30, 3000)": 22.711899791231733,
        "(4, 30, 4000)": 27.789473684210527,
        "(4, 30, 5000)": 32.027542372881356,
        "(4, 40, 1000)": 4.114837398373984,
        "(4, 40, 2000)": 21.593047034764826,
        "(4, 40, 3000)": 28.060796645702307,
        "(4, 40, 4000)": 34.09110169491525,
        "(4, 40, 5000)": 37.825221238938056,
        "(4, 50, 1000)": 5.141260162601626,
        "(4, 50, 2000)": 25.862139917695472,
        "(4, 50, 3000)": 32.91880341880342,
        "(4, 50, 4000)": 38.73154362416108,
        "(4, 50, 5000)": 42.48364485981308,
        "(8, 10, 1000)": 6.060887512899897,
        "(8, 10, 2000)": 19.67016806722689,
        "(8, 10, 3000)": 24.313684210526315,
        "(8, 10, 4000)": 28.913319238900634,
        "(8, 10, 5000)": 31.8,
        "(8, 20, 1000)": 20.718940936863543,
        "(8, 20, 2000)": 30.16488222698073,
        "(8, 20, 3000)": 37.268398268398265,
        "(8, 20, 4000)": 42.392461197339244,
        "(8, 20, 5000)": 46.517321016166285,
        "(8, 30, 1000)": 27.26766595289079,
        "(8, 30, 2000)": 38.295896328293736,
        "(8, 30, 3000)": 46.223214285714285,
        "(8, 30, 4000)": 51.375302663438255,
        "(8, 30, 5000)": 54.64054054054054,
        "(8, 40, 1000)": 32.51397849462366,
        "(8, 40, 2000)": 44.55902004454343,
        "(8, 40, 3000)": 52.18382352941177,
        "(8, 40, 4000)": 57.05817174515236,
        "(8, 40, 5000)": 60.17868338557994,
        "(8, 50, 1000)": 36.669623059866964,
        "(8, 50, 2000)": 48.826190476190476,
        "(8, 50, 3000)": 56.36512261580381,
        "(8, 50, 4000)": 60.78947368421053,
        "(8, 50, 5000)": 64.34470989761093,
        "(16, 10, 1000)": 7.120743034055727,
        "(16, 10, 2000)": 36.96026490066225,
        "(16, 10, 3000)": 43.961363636363636,
        "(16, 10, 4000)": 48.69174757281554,
        "(16, 10, 5000)": 50.80451127819549,
        "(16, 20, 1000)": 38.16916488222698,
        "(16, 20, 2000)": 52.08391608391609,
        "(16, 20, 3000)": 60.23237597911227,
        "(16, 20, 4000)": 65.13803680981596,
        "(16, 20, 5000)": 68.46666666666667,
        "(16, 30, 1000)": 47.27594339622642,
        "(16, 30, 2000)": 61.475675675675674,
        "(16, 30, 3000)": 69.66548042704626,
        "(16, 30, 4000)": 73.76824034334764,
        "(16, 30, 5000)": 76.6842105263158,
        "(16, 40, 1000)": 52.675949367088606,
        "(16, 40, 2000)": 67.52960526315789,
        "(16, 40, 3000)": 74.92035398230088,
        "(16, 40, 4000)": 78.75757575757575,
        "(16, 40, 5000)": 81.43703703703704,
        "(16, 50, 1000)": 56.82222222222222,
        "(16, 50, 2000)": 71.43023255813954,
        "(16, 50, 3000)": 78.33136094674556,
        "(16, 50, 4000)": 82.29133858267717,
        "(16, 50, 5000)": 84.45348837209302,
        "(32, 10, 1000)": 8.202270381836945,
        "(32, 10, 2000)": 56.36141304347826,
        "(32, 10, 3000)": 62.6031746031746,
        "(32, 10, 4000)": 66.38167938931298,
        "(32, 10, 5000)": 65.37885462555066,
        "(32, 20, 1000)": 55.864,
        "(32, 20, 2000)": 74.85775862068965,
        "(32, 20, 3000)": 83.30578512396694,
        "(32, 20, 4000)": 87.32394366197182,
        "(32, 20, 5000)": 89.0,
        "(32, 30, 1000)": 65.70652173913044,
        "(32, 30, 2000)": 84.8440366972477,
        "(32, 30, 3000)": 93.92857142857143,
        "(32, 30, 4000)": 98.0,
        "(32, 30, 5000)": 0,
        "(32, 40, 1000)": 69.89908256880734,
        "(32, 40, 2000)": 89.07894736842105,
        "(32, 40, 3000)": 0,
        "(32, 40, 4000)": 0,
        "(32, 40, 5000)": 0,
        "(32, 50, 1000)": 72.63522012578616,
        "(32, 50, 2000)": 90.33333333333333,
        "(32, 50, 3000)": 0,
        "(32, 50, 4000)": 0,
        "(32, 50, 5000)": 0,
        "(64, 10, 1000)": 9.007253886010362,
        "(64, 10, 2000)": 69.5,
        "(64, 10, 3000)": 75.55208333333333,
        "(64, 10, 4000)": 79.7872340425532,
        "(64, 10, 5000)": 49.729729729729726,
        "(64, 20, 1000)": 64.5875,
        "(64, 20, 2000)": 87.5,
        "(64, 20, 3000)": 0,
        "(64, 20, 4000)": 0,
        "(64, 20, 5000)": 0,
        "(64, 30, 1000)": 82.14285714285714,
        "(64, 30, 2000)": 0,
        "(64, 30, 3000)": 0,
        "(64, 30, 4000)": 0,
        "(64, 30, 5000)": 0,
        "(64, 40, 1000)": 81.6,
        "(64, 40, 2000)": 0,
        "(64, 40, 3000)": 0,
        "(64, 40, 4000)": 0,
        "(64, 40, 5000)": 0,
        "(64, 50, 1000)": 91.0,
        "(64, 50, 2000)": 0,
        "(64, 50, 3000)": 0,
        "(64, 50, 4000)": 0,
        "(64, 50, 5000)": 0
    },
    "base_point_cost": 0.18756777529281035,
    "min_points": 13,
    "budget": 0.9999999999999999
}