{
    "percentage_bucket_counter_full": {
        "rest": 0,
        "5": 0,
        "10": 0,
        "15": 0,
        "20": 0
    },
    "percentage_bucket_counter_generic": {
        "rest": 100.0,
        "5": 8.3,
        "10": 10.2,
        "15": 12.6,
        "20": 13.700000000000001
    },
    "mean_budget_generic": 0.14537867853057945,
    "mean_add_points_generic": 52.0,
    "nr_func_modeled_generic": 474,
    "percentage_bucket_counter_gpr": {
        "rest": 100.0,
        "5": 10.0,
        "10": 13.100000000000001,
        "15": 15.5,
        "20": 17.1
    },
    "mean_budget_gpr": 0.15849129490221534,
    "mean_add_points_gpr": 26.0,
    "nr_func_modeled_gpr": 553,
    "percentage_bucket_counter_hybrid": {
        "rest": 100.0,
        "5": 10.0,
        "10": 13.100000000000001,
        "15": 15.5,
        "20": 17.1
    },
    "mean_budget_hybrid": 0.15849129490221534,
    "mean_add_points_hybrid": 26.0,
    "nr_func_modeled_hybrid": 553,
    "percentage_bucket_counter_random": {
        "rest": 100.0,
        "5": 8.3,
        "10": 10.2,
        "15": 12.6,
        "20": 13.700000000000001
    },
    "mean_budget_random": 0.4686629367469837,
    "mean_add_points_random": 58.27215189873418,
    "nr_func_modeled_random": 474,
    "percentage_bucket_counter_grid": {
        "rest": 100.0,
        "5": 9.5,
        "10": 18.7,
        "15": 24.5,
        "20": 29.4
    },
    "mean_budget_grid": 0.6317129942821577,
    "mean_add_points_grid": 63.333333333333336,
    "nr_func_modeled_grid": 474,
    "percentage_bucket_counter_bayesian": {
        "rest": 100.0,
        "5": 37.2,
        "10": 41.9,
        "15": 44.6,
        "20": 46.7
    },
    "mean_budget_bayesian": 0.8976138665268538,
    "mean_add_points_bayesian": 240.8878842676311,
    "nr_func_modeled_bayesian": 553,
    "point_map_generic": {
        "(4, 10, 1000)": 1.3253253253253254,
        "(4, 10, 2000)": 9.687437185929648,
        "(4, 10, 3000)": 10.894366197183098,
        "(4, 10, 4000)": 12.041247484909457,
        "(4, 10, 5000)": 12.704522613065327,
        "(4, 20, 1000)": 2.009503695881732,
        "(4, 20, 2000)": 2.888888888888889,
        "(4, 20, 3000)": 4.75,
        "(4, 20, 4000)": 12.166666666666666,
        "(4, 20, 5000)": 13.166666666666666,
        "(4, 30, 1000)": 3.0,
        "(4, 30, 2000)": 3.0,
        "(4, 30, 3000)": 3.0,
        "(4, 30, 4000)": 0,
        "(4, 30, 5000)": 0,
        "(4, 40, 1000)": 4.0,
        "(4, 40, 2000)": 4.0,
        "(4, 40, 3000)": 4.0,
        "(4, 40, 4000)": 0,
        "(4, 40, 5000)": 0,
        "(4, 50, 1000)": 5.0,
        "(4, 50, 2000)": 5.0,
        "(4, 50, 3000)": 5.0,
        "(4, 50, 4000)": 0,
        "(4, 50, 5000)": 0,
        "(8, 10, 1000)": 6.047018348623853,
        "(8, 10, 2000)": 0,
        "(8, 10, 3000)": 0,
        "(8, 10, 4000)": 0,
        "(8, 10, 5000)": 7.0,
        "(8, 20, 1000)": 6.0,
        "(8, 20, 2000)": 0,
        "(8, 20, 3000)": 0,
        "(8, 20, 4000)": 0,
        "(8, 20, 5000)": 0,
        "(8, 30, 1000)": 0,
        "(8, 30, 2000)": 0,
        "(8, 30, 3000)": 0,
        "(8, 30, 4000)": 0,
        "(8, 30, 5000)": 0,
        "(8, 40, 1000)": 0,
        "(8, 40, 2000)": 0,
        "(8, 40, 3000)": 0,
        "(8, 40, 4000)": 0,
        "(8, 40, 5000)": 0,
        "(8, 50, 1000)": 0,
        "(8, 50, 2000)": 0,
        "(8, 50, 3000)": 0,
        "(8, 50, 4000)": 0,
        "(8, 50, 5000)": 0,
        "(16, 10, 1000)": 7.047018348623853,
        "(16, 10, 2000)": 0,
        "(16, 10, 3000)": 0,
        "(16, 10, 4000)": 0,
        "(16, 10, 5000)": 8.0,
        "(16, 20, 1000)": 7.0,
        "(16, 20, 2000)": 0,
        "(16, 20, 3000)": 0,
        "(16, 20, 4000)": 0,
        "(16, 20, 5000)": 0,
        "(16, 30, 1000)": 0,
        "(16, 30, 2000)": 0,
        "(16, 30, 3000)": 0,
        "(16, 30, 4000)": 0,
        "(16, 30, 5000)": 0,
        "(16, 40, 1000)": 0,
        "(16, 40, 2000)": 0,
        "(16, 40, 3000)": 0,
        "(16, 40, 4000)": 0,
        "(16, 40, 5000)": 0,
        "(16, 50, 1000)": 0,
        "(16, 50, 2000)": 0,
        "(16, 50, 3000)": 0,
        "(16, 50, 4000)": 0,
        "(16, 50, 5000)": 0,
        "(32, 10, 1000)": 8.047018348623853,
        "(32, 10, 2000)": 0,
        "(32, 10, 3000)": 0,
        "(32, 10, 4000)": 0,
        "(32, 10, 5000)": 9.0,
        "(32, 20, 1000)": 8.0,
        "(32, 20, 2000)": 0,
        "(32, 20, 3000)": 0,
        "(32, 20, 4000)": 0,
        "(32, 20, 5000)": 0,
        "(32, 30, 1000)": 0,
        "(32, 30, 2000)": 0,
        "(32, 30, 3000)": 0,
        "(32, 30, 4000)": 0,
        "(32, 30, 5000)": 0,
        "(32, 40, 1000)": 0,
        "(32, 40, 2000)": 0,
        "(32, 40, 3000)": 0,
        "(32, 40, 4000)": 0,
        "(32, 40, 5000)": 0,
        "(32, 50, 1000)": 0,
        "(32, 50, 2000)": 0,
        "(32, 50, 3000)": 0,
        "(32, 50, 4000)": 0,
        "(32, 50, 5000)": 0,
        "(64, 10, 1000)": 9.047018348623853,
        "(64, 10, 2000)": 0,
        "(64, 10, 3000)": 0,
        "(64, 10, 4000)": 0,
        "(64, 10, 5000)": 10.0,
        "(64, 20, 1000)": 9.0,
        "(64, 20, 2000)": 0,
        "(64, 20, 3000)": 0,
        "(64, 20, 4000)": 0,
        "(64, 20, 5000)": 0,
        "(64, 30, 1000)": 0,
        "(64, 30, 2000)": 0,
        "(64, 30, 3000)": 0,
        "(64, 30, 4000)": 0,
        "(64, 30, 5000)": 0,
        "(64, 40, 1000)": 0,
        "(64, 40, 2000)": 0,
        "(64, 40, 3000)": 0,
        "(64, 40, 4000)": 0,
        "(64, 40, 5000)": 0,
        "(64, 50, 1000)": 0,
        "(64, 50, 2000)": 0,
        "(64, 50, 3000)": 0,
        "(64, 50, 4000)": 0,
        "(64, 50, 5000)": 0
    },
    "base_point_cost": 0.15849129490221534,
    "min_points": 13,
    "budget": 0.8999999999999999
}