{
    "percentage_bucket_counter_random": {
        "rest": 100.0,
        "5": 19.7,
        "10": 29.299999999999997,
        "15": 34.1,
        "20": 35.5
    },
    "mean_budget_random": 0.22837450745484955,
    "mean_add_points_random": 57.856115107913666,
    "nr_func_modeled_random": 417,
    "percentage_bucket_counter_grid": {
        "rest": 100.0,
        "5": 7.7,
        "10": 13.3,
        "15": 15.7,
        "20": 19.6
    },
    "mean_budget_grid": 0.26678987085056544,
    "mean_add_points_grid": 59.40886699507389,
    "nr_func_modeled_grid": 406,
    "percentage_bucket_counter_bayesian": {
        "rest": 100.0,
        "5": 11.3,
        "10": 12.8,
        "15": 13.700000000000001,
        "20": 14.399999999999999
    },
    "mean_budget_bayesian": 0.3991072999897749,
    "mean_add_points_bayesian": 238.7439024390244,
    "nr_func_modeled_bayesian": 164,
    "percentage_bucket_counter_full": {
        "rest": 100.0,
        "5": 86.9,
        "10": 96.0,
        "15": 98.5,
        "20": 99.7
    },
    "percentage_bucket_counter_generic": {
        "rest": 100.0,
        "5": 20.9,
        "10": 26.400000000000002,
        "15": 29.4,
        "20": 30.2
    },
    "mean_budget_generic": 0.38702807999043876,
    "mean_add_points_generic": 254.82926829268294,
    "nr_func_modeled_generic": 328,
    "percentage_bucket_counter_gpr": {
        "rest": 100.0,
        "5": 27.1,
        "10": 33.6,
        "15": 36.5,
        "20": 37.9
    },
    "mean_add_points_gpr": 250.24759615384616,
    "mean_budget_gpr": 0.3969028944007343,
    "nr_func_modeled_gpr": 416,
    "percentage_bucket_counter_hybrid": {
        "rest": 100.0,
        "5": 27.1,
        "10": 33.7,
        "15": 36.6,
        "20": 38.0
    },
    "mean_budget_hybrid": 0.3969058357532088,
    "mean_add_points_hybrid": 249.7601918465228,
    "nr_func_modeled_hybrid": 417,
    "point_map_generic": {
        "(4, 10, 1000)": 1.3253253253253254,
        "(4, 10, 2000)": 9.687437185929648,
        "(4, 10, 3000)": 10.894366197183098,
        "(4, 10, 4000)": 12.041247484909457,
        "(4, 10, 5000)": 12.704522613065327,
        "(4, 20, 1000)": 2.077812828601472,
        "(4, 20, 2000)": 13.35064935064935,
        "(4, 20, 3000)": 16.84526558891455,
        "(4, 20, 4000)": 20.885714285714286,
        "(4, 20, 5000)": 24.39512195121951,
        "(4, 30, 1000)": 3.0757894736842104,
        "(4, 30, 2000)": 16.872527472527473,
        "(4, 30, 3000)": 22.933962264150942,
        "(4, 30, 4000)": 28.348370927318296,
        "(4, 30, 5000)": 32.253263707571804,
        "(4, 40, 1000)": 4.118947368421052,
        "(4, 40, 2000)": 20.746136865342162,
        "(4, 40, 3000)": 28.024390243902438,
        "(4, 40, 4000)": 34.198412698412696,
        "(4, 40, 5000)": 37.85112359550562,
        "(4, 50, 1000)": 5.146315789473684,
        "(4, 50, 2000)": 24.81390134529148,
        "(4, 50, 3000)": 32.474619289340104,
        "(4, 50, 4000)": 38.732193732193736,
        "(4, 50, 5000)": 42.107594936708864,
        "(8, 10, 1000)": 6.1061643835616435,
        "(8, 10, 2000)": 18.814903846153847,
        "(8, 10, 3000)": 23.533816425120772,
        "(8, 10, 4000)": 28.100250626566417,
        "(8, 10, 5000)": 29.26014319809069,
        "(8, 20, 1000)": 17.760479041916167,
        "(8, 20, 2000)": 29.65281173594132,
        "(8, 20, 3000)": 37.09278350515464,
        "(8, 20, 4000)": 41.910364145658264,
        "(8, 20, 5000)": 45.60670731707317,
        "(8, 30, 1000)": 26.42751842751843,
        "(8, 30, 2000)": 38.02564102564103,
        "(8, 30, 3000)": 46.41087613293051,
        "(8, 30, 4000)": 51.01048951048951,
        "(8, 30, 5000)": 54.416666666666664,
        "(8, 40, 1000)": 31.137755102040817,
        "(8, 40, 2000)": 43.95677233429395,
        "(8, 40, 3000)": 51.830388692579504,
        "(8, 40, 4000)": 56.751020408163264,
        "(8, 40, 5000)": 59.967441860465115,
        "(8, 50, 1000)": 35.297587131367294,
        "(8, 50, 2000)": 48.19230769230769,
        "(8, 50, 3000)": 56.10612244897959,
        "(8, 50, 4000)": 60.54761904761905,
        "(8, 50, 5000)": 63.50282485875706,
        "(16, 10, 1000)": 7.172374429223744,
        "(16, 10, 2000)": 35.054830287206265,
        "(16, 10, 3000)": 41.86402266288952,
        "(16, 10, 4000)": 46.54103343465046,
        "(16, 10, 5000)": 45.131964809384165,
        "(16, 20, 1000)": 32.043103448275865,
        "(16, 20, 2000)": 51.214285714285715,
        "(16, 20, 3000)": 60.36,
        "(16, 20, 4000)": 65.01470588235294,
        "(16, 20, 5000)": 68.47169811320755,
        "(16, 30, 1000)": 45.014619883040936,
        "(16, 30, 2000)": 61.32258064516129,
        "(16, 30, 3000)": 69.67878787878787,
        "(16, 30, 4000)": 73.49606299212599,
        "(16, 30, 5000)": 75.90588235294118,
        "(16, 40, 1000)": 50.59271523178808,
        "(16, 40, 2000)": 67.43103448275862,
        "(16, 40, 3000)": 74.42608695652174,
        "(16, 40, 4000)": 78.84615384615384,
        "(16, 40, 5000)": 80.87878787878788,
        "(16, 50, 1000)": 54.6484375,
        "(16, 50, 2000)": 70.70454545454545,
        "(16, 50, 3000)": 77.05970149253731,
        "(16, 50, 4000)": 82.21428571428571,
        "(16, 50, 5000)": 85.14285714285714,
        "(32, 10, 1000)": 8.11111111111111,
        "(32, 10, 2000)": 53.72,
        "(32, 10, 3000)": 59.47196261682243,
        "(32, 10, 4000)": 63.99346405228758,
        "(32, 10, 5000)": 51.938650306748464,
        "(32, 20, 1000)": 43.221574344023324,
        "(32, 20, 2000)": 74.41836734693878,
        "(32, 20, 3000)": 83.15625,
        "(32, 20, 4000)": 84.33333333333333,
        "(32, 20, 5000)": 0,
        "(32, 30, 1000)": 62.52777777777778,
        "(32, 30, 2000)": 84.77272727272727,
        "(32, 30, 3000)": 0,
        "(32, 30, 4000)": 0,
        "(32, 30, 5000)": 0,
        "(32, 40, 1000)": 68.05504587155963,
        "(32, 40, 2000)": 89.0,
        "(32, 40, 3000)": 0,
        "(32, 40, 4000)": 0,
        "(32, 40, 5000)": 0,
        "(32, 50, 1000)": 72.47692307692307,
        "(32, 50, 2000)": 0,
        "(32, 50, 3000)": 0,
        "(32, 50, 4000)": 0,
        "(32, 50, 5000)": 0,
        "(64, 10, 1000)": 9.047018348623853,
        "(64, 10, 2000)": 66.0958904109589,
        "(64, 10, 3000)": 76.08333333333333,
        "(64, 10, 4000)": 0,
        "(64, 10, 5000)": 10.0,
        "(64, 20, 1000)": 34.83892617449664,
        "(64, 20, 2000)": 0,
        "(64, 20, 3000)": 0,
        "(64, 20, 4000)": 0,
        "(64, 20, 5000)": 0,
        "(64, 30, 1000)": 85.0,
        "(64, 30, 2000)": 0,
        "(64, 30, 3000)": 0,
        "(64, 30, 4000)": 0,
        "(64, 30, 5000)": 0,
        "(64, 40, 1000)": 0,
        "(64, 40, 2000)": 0,
        "(64, 40, 3000)": 0,
        "(64, 40, 4000)": 0,
        "(64, 40, 5000)": 0,
        "(64, 50, 1000)": 0,
        "(64, 50, 2000)": 0,
        "(64, 50, 3000)": 0,
        "(64, 50, 4000)": 0,
        "(64, 50, 5000)": 0
    },
    "base_point_cost": 0.06620939405587732,
    "min_points": 13,
    "budget": 0.4
}