{
    "percentage_bucket_counter_random": {
        "rest": 100.0,
        "5": 24.7,
        "10": 35.099999999999994,
        "15": 40.1,
        "20": 41.9
    },
    "mean_budget_random": 0.41633492615119894,
    "mean_add_points_random": 58.22150537634408,
    "nr_func_modeled_random": 465,
    "percentage_bucket_counter_grid": {
        "rest": 100.0,
        "5": 9.5,
        "10": 18.099999999999998,
        "15": 23.7,
        "20": 28.1
    },
    "mean_budget_grid": 0.5694806110093847,
    "mean_add_points_grid": 62.898924731182795,
    "nr_func_modeled_grid": 465,
    "percentage_bucket_counter_bayesian": {
        "rest": 100.0,
        "5": 37.2,
        "10": 41.5,
        "15": 44.6,
        "20": 46.7
    },
    "mean_budget_bayesian": 0.7978170762116107,
    "mean_add_points_bayesian": 241.2392523364486,
    "nr_func_modeled_bayesian": 535,
    "percentage_bucket_counter_full": {
        "rest": 100.0,
        "5": 86.9,
        "10": 96.0,
        "15": 98.5,
        "20": 99.7
    },
    "percentage_bucket_counter_generic": {
        "rest": 100.0,
        "5": 29.4,
        "10": 36.199999999999996,
        "15": 40.400000000000006,
        "20": 42.699999999999996
    },
    "mean_budget_generic": 0.7651333868460705,
    "mean_add_points_generic": 278.78709677419357,
    "nr_func_modeled_generic": 465,
    "percentage_bucket_counter_gpr": {
        "rest": 100.0,
        "5": 34.4,
        "10": 40.699999999999996,
        "15": 43.9,
        "20": 46.9
    },
    "mean_add_points_gpr": 261.97383177570094,
    "mean_budget_gpr": 0.7934426379739027,
    "nr_func_modeled_gpr": 535,
    "percentage_bucket_counter_hybrid": {
        "rest": 100.0,
        "5": 34.4,
        "10": 40.6,
        "15": 43.8,
        "20": 46.800000000000004
    },
    "mean_budget_hybrid": 0.7934398282968622,
    "mean_add_points_hybrid": 261.9775700934579,
    "nr_func_modeled_hybrid": 535,
    "point_map_generic": {
        "(4, 10, 1000)": 1.3253253253253254,
        "(4, 10, 2000)": 9.687437185929648,
        "(4, 10, 3000)": 10.894366197183098,
        "(4, 10, 4000)": 12.041247484909457,
        "(4, 10, 5000)": 12.704522613065327,
        "(4, 20, 1000)": 2.077812828601472,
        "(4, 20, 2000)": 13.411764705882353,
        "(4, 20, 3000)": 16.69375,
        "(4, 20, 4000)": 20.56382978723404,
        "(4, 20, 5000)": 24.174840085287848,
        "(4, 30, 1000)": 3.0757894736842104,
        "(4, 30, 2000)": 16.870775347912524,
        "(4, 30, 3000)": 22.62076271186441,
        "(4, 30, 4000)": 28.041304347826088,
        "(4, 30, 5000)": 32.077777777777776,
        "(4, 40, 1000)": 4.118947368421052,
        "(4, 40, 2000)": 20.65,
        "(4, 40, 3000)": 27.807692307692307,
        "(4, 40, 4000)": 34.18080357142857,
        "(4, 40, 5000)": 37.7972027972028,
        "(4, 50, 1000)": 5.146315789473684,
        "(4, 50, 2000)": 24.76305220883534,
        "(4, 50, 3000)": 32.46608315098468,
        "(4, 50, 4000)": 38.85245901639344,
        "(4, 50, 5000)": 42.495049504950494,
        "(8, 10, 1000)": 6.1061643835616435,
        "(8, 10, 2000)": 19.510775862068964,
        "(8, 10, 3000)": 24.054229934924077,
        "(8, 10, 4000)": 28.81758241758242,
        "(8, 10, 5000)": 30.44074844074844,
        "(8, 20, 1000)": 18.646520146520146,
        "(8, 20, 2000)": 30.098684210526315,
        "(8, 20, 3000)": 37.28635346756152,
        "(8, 20, 4000)": 42.2,
        "(8, 20, 5000)": 46.2676399026764,
        "(8, 30, 1000)": 27.149122807017545,
        "(8, 30, 2000)": 38.163677130044846,
        "(8, 30, 3000)": 46.44730679156908,
        "(8, 30, 4000)": 51.33762886597938,
        "(8, 30, 5000)": 54.76724137931034,
        "(8, 40, 1000)": 32.11581291759465,
        "(8, 40, 2000)": 44.51184834123223,
        "(8, 40, 3000)": 52.05866666666667,
        "(8, 40, 4000)": 56.85321100917431,
        "(8, 40, 5000)": 60.11744966442953,
        "(8, 50, 1000)": 36.38940092165899,
        "(8, 50, 2000)": 48.56701030927835,
        "(8, 50, 3000)": 56.359050445103854,
        "(8, 50, 4000)": 60.58703071672355,
        "(8, 50, 5000)": 64.25482625482626,
        "(16, 10, 1000)": 7.172374429223744,
        "(16, 10, 2000)": 36.56689342403628,
        "(16, 10, 3000)": 43.45933014354067,
        "(16, 10, 4000)": 48.03367875647668,
        "(16, 10, 5000)": 47.3775,
        "(16, 20, 1000)": 33.804263565891475,
        "(16, 20, 2000)": 51.65617433414044,
        "(16, 20, 3000)": 60.27507163323782,
        "(16, 20, 4000)": 64.87542087542087,
        "(16, 20, 5000)": 68.35177865612648,
        "(16, 30, 1000)": 46.5679012345679,
        "(16, 30, 2000)": 61.30383480825959,
        "(16, 30, 3000)": 69.7710843373494,
        "(16, 30, 4000)": 73.695,
        "(16, 30, 5000)": 76.34502923976608,
        "(16, 40, 1000)": 52.112,
        "(16, 40, 2000)": 67.60984848484848,
        "(16, 40, 3000)": 74.90322580645162,
        "(16, 40, 4000)": 78.75352112676056,
        "(16, 40, 5000)": 81.16071428571429,
        "(16, 50, 1000)": 56.640243902439025,
        "(16, 50, 2000)": 71.05429864253394,
        "(16, 50, 3000)": 77.95070422535211,
        "(16, 50, 4000)": 82.36842105263158,
        "(16, 50, 5000)": 84.34545454545454,
        "(32, 10, 1000)": 8.261415525114156,
        "(32, 10, 2000)": 55.90909090909091,
        "(32, 10, 3000)": 61.66554054054054,
        "(32, 10, 4000)": 65.81702127659574,
        "(32, 10, 5000)": 57.6,
        "(32, 20, 1000)": 47.43127962085308,
        "(32, 20, 2000)": 74.84615384615384,
        "(32, 20, 3000)": 83.2840909090909,
        "(32, 20, 4000)": 87.17777777777778,
        "(32, 20, 5000)": 88.64285714285714,
        "(32, 30, 1000)": 64.58870967741936,
        "(32, 30, 2000)": 84.68055555555556,
        "(32, 30, 3000)": 94.0,
        "(32, 30, 4000)": 0,
        "(32, 30, 5000)": 0,
        "(32, 40, 1000)": 69.25263157894737,
        "(32, 40, 2000)": 88.76,
        "(32, 40, 3000)": 0,
        "(32, 40, 4000)": 0,
        "(32, 40, 5000)": 0,
        "(32, 50, 1000)": 72.27131782945736,
        "(32, 50, 2000)": 91.4,
        "(32, 50, 3000)": 0,
        "(32, 50, 4000)": 0,
        "(32, 50, 5000)": 0,
        "(64, 10, 1000)": 9.047018348623853,
        "(64, 10, 2000)": 68.73571428571428,
        "(64, 10, 3000)": 76.30379746835443,
        "(64, 10, 4000)": 79.14285714285714,
        "(64, 10, 5000)": 19.693877551020407,
        "(64, 20, 1000)": 45.71090047393365,
        "(64, 20, 2000)": 81.5,
        "(64, 20, 3000)": 0,
        "(64, 20, 4000)": 0,
        "(64, 20, 5000)": 0,
        "(64, 30, 1000)": 80.4,
        "(64, 30, 2000)": 0,
        "(64, 30, 3000)": 0,
        "(64, 30, 4000)": 0,
        "(64, 30, 5000)": 0,
        "(64, 40, 1000)": 92.0,
        "(64, 40, 2000)": 0,
        "(64, 40, 3000)": 0,
        "(64, 40, 4000)": 0,
        "(64, 40, 5000)": 0,
        "(64, 50, 1000)": 0,
        "(64, 50, 2000)": 0,
        "(64, 50, 3000)": 0,
        "(64, 50, 4000)": 0,
        "(64, 50, 5000)": 0
    },
    "base_point_cost": 0.13492537467434235,
    "min_points": 13,
    "budget": 0.7999999999999999
}