{
    "percentage_bucket_counter_random": {
        "rest": 100.0,
        "5": 87.5,
        "10": 95.8,
        "15": 98.6,
        "20": 99.8
    },
    "mean_budget_random": 26.11593,
    "mean_add_points_random": 180.987,
    "nr_func_modeled_random": 1000,
    "percentage_bucket_counter_grid": {
        "rest": 100.0,
        "5": 69.0,
        "10": 89.0,
        "15": 95.1,
        "20": 97.7
    },
    "mean_budget_grid": 24.890864290163826,
    "mean_add_points_grid": 102.13413413413413,
    "nr_func_modeled_grid": 999,
    "percentage_bucket_counter_bayesian": {
        "rest": 100.0,
        "5": 83.0,
        "10": 92.7,
        "15": 95.3,
        "20": 97.2
    },
    "mean_budget_bayesian": 26.862912910543518,
    "mean_add_points_bayesian": 407.930583501006,
    "nr_func_modeled_bayesian": 994,
    "percentage_bucket_counter_full": {
        "rest": 100.0,
        "5": 86.9,
        "10": 96.0,
        "15": 98.5,
        "20": 99.7
    },
    "percentage_bucket_counter_generic": {
        "rest": 100.0,
        "5": 82.3,
        "10": 92.5,
        "15": 96.2,
        "20": 97.89999999999999
    },
    "mean_budget_generic": 25.920339740899866,
    "mean_add_points_generic": 412.91291291291293,
    "nr_func_modeled_generic": 999,
    "percentage_bucket_counter_gpr": {
        "rest": 100.0,
        "5": 83.8,
        "10": 93.60000000000001,
        "15": 96.6,
        "20": 97.89999999999999
    },
    "mean_add_points_gpr": 414.30160320641284,
    "mean_budget_gpr": 26.749152425383595,
    "nr_func_modeled_gpr": 998,
    "percentage_bucket_counter_hybrid": {
        "rest": 100.0,
        "5": 83.8,
        "10": 93.60000000000001,
        "15": 96.6,
        "20": 97.89999999999999
    },
    "mean_budget_hybrid": 26.749152425383595,
    "mean_add_points_hybrid": 414.30160320641284,
    "nr_func_modeled_hybrid": 998,
    "point_map_generic": {
        "(4, 10, 1000)": 1.342,
        "(4, 10, 2000)": 9.709,
        "(4, 10, 3000)": 10.963,
        "(4, 10, 4000)": 12.102,
        "(4, 10, 5000)": 12.799,
        "(4, 20, 1000)": 2.844,
        "(4, 20, 2000)": 13.877,
        "(4, 20, 3000)": 16.554,
        "(4, 20, 4000)": 19.707,
        "(4, 20, 5000)": 22.842,
        "(4, 30, 1000)": 4.252,
        "(4, 30, 2000)": 17.621,
        "(4, 30, 3000)": 22.345,
        "(4, 30, 4000)": 26.051,
        "(4, 30, 5000)": 29.527,
        "(4, 40, 1000)": 5.906,
        "(4, 40, 2000)": 21.747,
        "(4, 40, 3000)": 27.109,
        "(4, 40, 4000)": 32.385,
        "(4, 40, 5000)": 34.977,
        "(4, 50, 1000)": 7.363,
        "(4, 50, 2000)": 26.937,
        "(4, 50, 3000)": 32.757,
        "(4, 50, 4000)": 38.024,
        "(4, 50, 5000)": 41.614,
        "(8, 10, 1000)": 8.133,
        "(8, 10, 2000)": 22.085,
        "(8, 10, 3000)": 25.943,
        "(8, 10, 4000)": 30.704,
        "(8, 10, 5000)": 33.653,
        "(8, 20, 1000)": 21.506,
        "(8, 20, 2000)": 30.541,
        "(8, 20, 3000)": 36.045,
        "(8, 20, 4000)": 39.704,
        "(8, 20, 5000)": 43.523,
        "(8, 30, 1000)": 30.464,
        "(8, 30, 2000)": 37.729,
        "(8, 30, 3000)": 44.182,
        "(8, 30, 4000)": 48.452,
        "(8, 30, 5000)": 52.67,
        "(8, 40, 1000)": 36.671,
        "(8, 40, 2000)": 45.519,
        "(8, 40, 3000)": 50.524,
        "(8, 40, 4000)": 55.73,
        "(8, 40, 5000)": 58.488,
        "(8, 50, 1000)": 42.739,
        "(8, 50, 2000)": 50.581,
        "(8, 50, 3000)": 57.27,
        "(8, 50, 4000)": 60.0,
        "(8, 50, 5000)": 64.294,
        "(16, 10, 1000)": 12.595,
        "(16, 10, 2000)": 41.836,
        "(16, 10, 3000)": 47.36,
        "(16, 10, 4000)": 51.618,
        "(16, 10, 5000)": 53.886886886886884,
        "(16, 20, 1000)": 41.358,
        "(16, 20, 2000)": 52.176,
        "(16, 20, 3000)": 59.276,
        "(16, 20, 4000)": 63.08,
        "(16, 20, 5000)": 66.954,
        "(16, 30, 1000)": 52.177,
        "(16, 30, 2000)": 61.343,
        "(16, 30, 3000)": 68.224,
        "(16, 30, 4000)": 71.786,
        "(16, 30, 5000)": 74.47,
        "(16, 40, 1000)": 59.245,
        "(16, 40, 2000)": 69.413,
        "(16, 40, 3000)": 73.959,
        "(16, 40, 4000)": 78.673,
        "(16, 40, 5000)": 80.775,
        "(16, 50, 1000)": 64.6567481402763,
        "(16, 50, 2000)": 72.89189189189189,
        "(16, 50, 3000)": 78.27906976744185,
        "(16, 50, 4000)": 83.32603938730854,
        "(16, 50, 5000)": 86.03183315038419,
        "(32, 10, 1000)": 16.814,
        "(32, 10, 2000)": 66.03861788617886,
        "(32, 10, 3000)": 69.59352142110762,
        "(32, 10, 4000)": 74.89601769911505,
        "(32, 10, 5000)": 73.90513392857143,
        "(32, 20, 1000)": 62.041123370110334,
        "(32, 20, 2000)": 77.30974358974359,
        "(32, 20, 3000)": 83.26483516483516,
        "(32, 20, 4000)": 85.89189189189189,
        "(32, 20, 5000)": 90.88333333333334,
        "(32, 30, 1000)": 76.25574112734864,
        "(32, 30, 2000)": 85.60485651214128,
        "(32, 30, 3000)": 90.49883177570094,
        "(32, 30, 4000)": 95.99874843554443,
        "(32, 30, 5000)": 98.82666666666667,
        "(32, 40, 1000)": 81.02705882352942,
        "(32, 40, 2000)": 91.1397712833545,
        "(32, 40, 3000)": 96.77055702917772,
        "(32, 40, 4000)": 102.27910447761194,
        "(32, 40, 5000)": 102.51129032258065,
        "(32, 50, 1000)": 85.61753494282084,
        "(32, 50, 2000)": 96.25176803394625,
        "(32, 50, 3000)": 101.56202143950995,
        "(32, 50, 4000)": 102.76046901172529,
        "(32, 50, 5000)": 106.16923076923077,
        "(64, 10, 1000)": 13.528898582333698,
        "(64, 10, 2000)": 81.63101604278074,
        "(64, 10, 3000)": 88.9859649122807,
        "(64, 10, 4000)": 93.49227799227799,
        "(64, 10, 5000)": 89.23571428571428,
        "(64, 20, 1000)": 76.8562874251497,
        "(64, 20, 2000)": 98.67238421955403,
        "(64, 20, 3000)": 104.61936936936937,
        "(64, 20, 4000)": 107.14577259475219,
        "(64, 20, 5000)": 108.97378277153558,
        "(64, 30, 1000)": 93.79956896551724,
        "(64, 30, 2000)": 106.52970297029702,
        "(64, 30, 3000)": 113.05714285714286,
        "(64, 30, 4000)": 114.90756302521008,
        "(64, 30, 5000)": 115.95,
        "(64, 40, 1000)": 98.09677419354838,
        "(64, 40, 2000)": 109.88363636363637,
        "(64, 40, 3000)": 116.97222222222223,
        "(64, 40, 4000)": 0,
        "(64, 40, 5000)": 0,
        "(64, 50, 1000)": 100.19893899204244,
        "(64, 50, 2000)": 111.97837837837838,
        "(64, 50, 3000)": 117.0,
        "(64, 50, 4000)": 0,
        "(64, 50, 5000)": 0
    },
    "base_point_cost": 0.8105520881980329,
    "min_points": 13,
    "budget": 27.0
}