{
    "percentage_bucket_counter_random": {
        "rest": 100.0,
        "5": 88.1,
        "10": 96.5,
        "15": 98.7,
        "20": 99.8
    },
    "mean_budget_random": 37.46764,
    "mean_add_points_random": 219.692,
    "nr_func_modeled_random": 1000,
    "percentage_bucket_counter_grid": {
        "rest": 100.0,
        "5": 74.7,
        "10": 91.2,
        "15": 96.39999999999999,
        "20": 98.4
    },
    "mean_budget_grid": 35.3814024797291,
    "mean_add_points_grid": 114.38476953907815,
    "nr_func_modeled_grid": 998,
    "percentage_bucket_counter_bayesian": {
        "rest": 100.0,
        "5": 83.5,
        "10": 93.7,
        "15": 96.3,
        "20": 98.1
    },
    "mean_budget_bayesian": 37.81263801795912,
    "mean_add_points_bayesian": 431.11658291457286,
    "nr_func_modeled_bayesian": 995,
    "percentage_bucket_counter_full": {
        "rest": 100.0,
        "5": 86.9,
        "10": 96.0,
        "15": 98.5,
        "20": 99.7
    },
    "percentage_bucket_counter_generic": {
        "rest": 100.0,
        "5": 82.5,
        "10": 93.89999999999999,
        "15": 96.5,
        "20": 98.0
    },
    "mean_budget_generic": 36.51187372130723,
    "mean_add_points_generic": 434.8708708708709,
    "nr_func_modeled_generic": 999,
    "percentage_bucket_counter_gpr": {
        "rest": 100.0,
        "5": 85.1,
        "10": 95.8,
        "15": 97.7,
        "20": 99.0
    },
    "mean_add_points_gpr": 435.888,
    "mean_budget_gpr": 37.656083168733204,
    "nr_func_modeled_gpr": 1000,
    "percentage_bucket_counter_hybrid": {
        "rest": 100.0,
        "5": 85.1,
        "10": 95.8,
        "15": 97.7,
        "20": 99.0
    },
    "mean_budget_hybrid": 37.656083168733204,
    "mean_add_points_hybrid": 435.888,
    "nr_func_modeled_hybrid": 1000,
    "point_map_generic": {
        "(4, 10, 1000)": 1.342,
        "(4, 10, 2000)": 9.709,
        "(4, 10, 3000)": 10.963,
        "(4, 10, 4000)": 12.102,
        "(4, 10, 5000)": 12.799,
        "(4, 20, 1000)": 2.844,
        "(4, 20, 2000)": 13.877,
        "(4, 20, 3000)": 16.554,
        "(4, 20, 4000)": 19.707,
        "(4, 20, 5000)": 22.842,
        "(4, 30, 1000)": 4.252,
        "(4, 30, 2000)": 17.621,
        "(4, 30, 3000)": 22.345,
        "(4, 30, 4000)": 26.051,
        "(4, 30, 5000)": 29.527,
        "(4, 40, 1000)": 5.906,
        "(4, 40, 2000)": 21.747,
        "(4, 40, 3000)": 27.109,
        "(4, 40, 4000)": 32.385,
        "(4, 40, 5000)": 34.977,
        "(4, 50, 1000)": 7.363,
        "(4, 50, 2000)": 26.937,
        "(4, 50, 3000)": 32.757,
        "(4, 50, 4000)": 38.024,
        "(4, 50, 5000)": 41.614,
        "(8, 10, 1000)": 8.133,
        "(8, 10, 2000)": 22.085,
        "(8, 10, 3000)": 25.943,
        "(8, 10, 4000)": 30.704,
        "(8, 10, 5000)": 33.653,
        "(8, 20, 1000)": 21.506,
        "(8, 20, 2000)": 30.541,
        "(8, 20, 3000)": 36.045,
        "(8, 20, 4000)": 39.704,
        "(8, 20, 5000)": 43.523,
        "(8, 30, 1000)": 30.464,
        "(8, 30, 2000)": 37.729,
        "(8, 30, 3000)": 44.182,
        "(8, 30, 4000)": 48.452,
        "(8, 30, 5000)": 52.67,
        "(8, 40, 1000)": 36.671,
        "(8, 40, 2000)": 45.519,
        "(8, 40, 3000)": 50.524,
        "(8, 40, 4000)": 55.73,
        "(8, 40, 5000)": 58.488,
        "(8, 50, 1000)": 42.739,
        "(8, 50, 2000)": 50.581,
        "(8, 50, 3000)": 57.27,
        "(8, 50, 4000)": 60.0,
        "(8, 50, 5000)": 64.294,
        "(16, 10, 1000)": 12.595,
        "(16, 10, 2000)": 41.836,
        "(16, 10, 3000)": 47.36,
        "(16, 10, 4000)": 51.618,
        "(16, 10, 5000)": 53.918,
        "(16, 20, 1000)": 41.358,
        "(16, 20, 2000)": 52.176,
        "(16, 20, 3000)": 59.276,
        "(16, 20, 4000)": 63.08,
        "(16, 20, 5000)": 66.954,
        "(16, 30, 1000)": 52.177,
        "(16, 30, 2000)": 61.343,
        "(16, 30, 3000)": 68.224,
        "(16, 30, 4000)": 71.786,
        "(16, 30, 5000)": 74.47,
        "(16, 40, 1000)": 59.245,
        "(16, 40, 2000)": 69.413,
        "(16, 40, 3000)": 73.959,
        "(16, 40, 4000)": 78.673,
        "(16, 40, 5000)": 80.775,
        "(16, 50, 1000)": 66.486,
        "(16, 50, 2000)": 73.702,
        "(16, 50, 3000)": 79.128,
        "(16, 50, 4000)": 84.25,
        "(16, 50, 5000)": 86.623,
        "(32, 10, 1000)": 16.814,
        "(32, 10, 2000)": 66.301,
        "(32, 10, 3000)": 70.31,
        "(32, 10, 4000)": 76.05025641025641,
        "(32, 10, 5000)": 75.08977035490605,
        "(32, 20, 1000)": 62.1,
        "(32, 20, 2000)": 77.45,
        "(32, 20, 3000)": 83.697,
        "(32, 20, 4000)": 86.30263157894737,
        "(32, 20, 5000)": 91.18055555555556,
        "(32, 30, 1000)": 76.734,
        "(32, 30, 2000)": 85.758,
        "(32, 30, 3000)": 90.272,
        "(32, 30, 4000)": 95.55706806282723,
        "(32, 30, 5000)": 98.50984682713347,
        "(32, 40, 1000)": 82.62694300518135,
        "(32, 40, 2000)": 91.3103448275862,
        "(32, 40, 3000)": 96.23085221143474,
        "(32, 40, 4000)": 101.63075060532688,
        "(32, 40, 5000)": 102.69036144578314,
        "(32, 50, 1000)": 86.5143184421535,
        "(32, 50, 2000)": 96.10772833723654,
        "(32, 50, 3000)": 100.97104945717732,
        "(32, 50, 4000)": 102.90262172284645,
        "(32, 50, 5000)": 106.52114803625378,
        "(64, 10, 1000)": 19.168539325842698,
        "(64, 10, 2000)": 85.45428571428572,
        "(64, 10, 3000)": 91.45774647887323,
        "(64, 10, 4000)": 94.34641638225256,
        "(64, 10, 5000)": 92.38951841359773,
        "(64, 20, 1000)": 81.30012004801921,
        "(64, 20, 2000)": 99.42291950886766,
        "(64, 20, 3000)": 104.89056603773585,
        "(64, 20, 4000)": 107.85019455252919,
        "(64, 20, 5000)": 109.54098360655738,
        "(64, 30, 1000)": 95.56583629893238,
        "(64, 30, 2000)": 107.1066398390342,
        "(64, 30, 3000)": 113.36567164179104,
        "(64, 30, 4000)": 114.31230283911673,
        "(64, 30, 5000)": 117.24,
        "(64, 40, 1000)": 99.84566596194503,
        "(64, 40, 2000)": 111.3254593175853,
        "(64, 40, 3000)": 117.18095238095238,
        "(64, 40, 4000)": 121.0,
        "(64, 40, 5000)": 107.0,
        "(64, 50, 1000)": 101.72962226640159,
        "(64, 50, 2000)": 113.20149253731343,
        "(64, 50, 3000)": 118.38888888888889,
        "(64, 50, 4000)": 0,
        "(64, 50, 5000)": 0
    },
    "base_point_cost": 0.8105520881980329,
    "min_points": 13,
    "budget": 38.0
}