{
    "percentage_bucket_counter_random": {
        "rest": 100.0,
        "5": 74.6,
        "10": 89.8,
        "15": 94.3,
        "20": 96.8
    },
    "mean_budget_random": 4.608149999999999,
    "mean_add_points_random": 73.709,
    "nr_func_modeled_random": 1000,
    "percentage_bucket_counter_grid": {
        "rest": 100.0,
        "5": 26.3,
        "10": 37.6,
        "15": 45.6,
        "20": 50.1
    },
    "mean_budget_grid": 4.055270002886245,
    "mean_add_points_grid": 67.64257028112449,
    "nr_func_modeled_grid": 996,
    "percentage_bucket_counter_bayesian": {
        "rest": 100.0,
        "5": 72.39999999999999,
        "10": 79.60000000000001,
        "15": 83.1,
        "20": 85.9
    },
    "mean_budget_bayesian": 4.987149817659331,
    "mean_add_points_bayesian": 271.97195253505936,
    "nr_func_modeled_bayesian": 927,
    "percentage_bucket_counter_full": {
        "rest": 100.0,
        "5": 86.9,
        "10": 96.0,
        "15": 98.5,
        "20": 99.7
    },
    "percentage_bucket_counter_generic": {
        "rest": 100.0,
        "5": 71.1,
        "10": 81.2,
        "15": 83.5,
        "20": 86.5
    },
    "mean_budget_generic": 4.862664591953654,
    "mean_add_points_generic": 272.3550051599587,
    "nr_func_modeled_generic": 969,
    "percentage_bucket_counter_gpr": {
        "rest": 100.0,
        "5": 78.4,
        "10": 87.0,
        "15": 89.4,
        "20": 92.9
    },
    "mean_add_points_gpr": 288.4117647058824,
    "mean_budget_gpr": 4.967888815541431,
    "nr_func_modeled_gpr": 986,
    "percentage_bucket_counter_hybrid": {
        "rest": 100.0,
        "5": 78.4,
        "10": 87.0,
        "15": 89.4,
        "20": 92.9
    },
    "mean_budget_hybrid": 4.967888815541431,
    "mean_add_points_hybrid": 288.4117647058824,
    "nr_func_modeled_hybrid": 986,
    "point_map_generic": {
        "(4, 10, 1000)": 1.342,
        "(4, 10, 2000)": 9.709,
        "(4, 10, 3000)": 10.952952952952954,
        "(4, 10, 4000)": 12.102,
        "(4, 10, 5000)": 12.704522613065327,
        "(4, 20, 1000)": 2.844,
        "(4, 20, 2000)": 13.877,
        "(4, 20, 3000)": 16.554,
        "(4, 20, 4000)": 19.707,
        "(4, 20, 5000)": 22.710499490316003,
        "(4, 30, 1000)": 4.252,
        "(4, 30, 2000)": 17.621,
        "(4, 30, 3000)": 22.34669338677355,
        "(4, 30, 4000)": 26.06425702811245,
        "(4, 30, 5000)": 29.422268907563026,
        "(4, 40, 1000)": 5.86372745490982,
        "(4, 40, 2000)": 21.746746746746748,
        "(4, 40, 3000)": 27.12136409227683,
        "(4, 40, 4000)": 32.47922998986829,
        "(4, 40, 5000)": 35.204188481675395,
        "(4, 50, 1000)": 5.38830897703549,
        "(4, 50, 2000)": 25.263387978142077,
        "(4, 50, 3000)": 31.061714285714285,
        "(4, 50, 4000)": 36.66337854500617,
        "(4, 50, 5000)": 41.1875,
        "(8, 10, 1000)": 7.996981891348089,
        "(8, 10, 2000)": 21.17438105489774,
        "(8, 10, 3000)": 24.496613995485326,
        "(8, 10, 4000)": 28.332138590203105,
        "(8, 10, 5000)": 30.394348894348894,
        "(8, 20, 1000)": 21.101041666666667,
        "(8, 20, 2000)": 29.901916572717024,
        "(8, 20, 3000)": 35.383233532934135,
        "(8, 20, 4000)": 39.04109589041096,
        "(8, 20, 5000)": 42.707692307692305,
        "(8, 30, 1000)": 29.4,
        "(8, 30, 2000)": 37.76132190942472,
        "(8, 30, 3000)": 44.65426997245179,
        "(8, 30, 4000)": 49.46187050359712,
        "(8, 30, 5000)": 53.90963855421687,
        "(8, 40, 1000)": 33.1619812583668,
        "(8, 40, 2000)": 44.12556732223903,
        "(8, 40, 3000)": 51.12738853503185,
        "(8, 40, 4000)": 57.101867572156195,
        "(8, 40, 5000)": 60.904013961605585,
        "(8, 50, 1000)": 37.180494905385736,
        "(8, 50, 2000)": 48.50717703349282,
        "(8, 50, 3000)": 56.85519591141397,
        "(8, 50, 4000)": 61.46689895470383,
        "(8, 50, 5000)": 65.4876660341556,
        "(16, 10, 1000)": 10.09660297239915,
        "(16, 10, 2000)": 37.18233618233618,
        "(16, 10, 3000)": 42.894814814814815,
        "(16, 10, 4000)": 47.26307692307692,
        "(16, 10, 5000)": 48.539755351681954,
        "(16, 20, 1000)": 36.74964234620887,
        "(16, 20, 2000)": 50.77950310559006,
        "(16, 20, 3000)": 58.51827242524917,
        "(16, 20, 4000)": 63.27008547008547,
        "(16, 20, 5000)": 67.12293577981652,
        "(16, 30, 1000)": 49.229422066549915,
        "(16, 30, 2000)": 61.474264705882355,
        "(16, 30, 3000)": 69.97633136094674,
        "(16, 30, 4000)": 74.99369747899159,
        "(16, 30, 5000)": 77.97183098591549,
        "(16, 40, 1000)": 55.20075046904315,
        "(16, 40, 2000)": 68.714859437751,
        "(16, 40, 3000)": 76.27645788336933,
        "(16, 40, 4000)": 80.82871536523929,
        "(16, 40, 5000)": 83.41573033707866,
        "(16, 50, 1000)": 60.2989898989899,
        "(16, 50, 2000)": 72.93260869565218,
        "(16, 50, 3000)": 80.37652811735941,
        "(16, 50, 4000)": 84.83132530120481,
        "(16, 50, 5000)": 87.29794520547945,
        "(32, 10, 1000)": 8.421412300683372,
        "(32, 10, 2000)": 57.928301886792454,
        "(32, 10, 3000)": 64.38963531669866,
        "(32, 10, 4000)": 69.73251028806584,
        "(32, 10, 5000)": 67.01652892561984,
        "(32, 20, 1000)": 53.42956521739131,
        "(32, 20, 2000)": 75.65075921908894,
        "(32, 20, 3000)": 83.64146341463415,
        "(32, 20, 4000)": 87.93083573487031,
        "(32, 20, 5000)": 91.28624535315986,
        "(32, 30, 1000)": 70.65342163355409,
        "(32, 30, 2000)": 85.0325,
        "(32, 30, 3000)": 93.04895104895105,
        "(32, 30, 4000)": 97.09139784946237,
        "(32, 30, 5000)": 98.77685950413223,
        "(32, 40, 1000)": 76.07021791767555,
        "(32, 40, 2000)": 90.63022508038586,
        "(32, 40, 3000)": 98.00574712643679,
        "(32, 40, 4000)": 101.51315789473684,
        "(32, 40, 5000)": 101.3076923076923,
        "(32, 50, 1000)": 79.64819944598338,
        "(32, 50, 2000)": 94.0046511627907,
        "(32, 50, 3000)": 100.2,
        "(32, 50, 4000)": 103.75,
        "(32, 50, 5000)": 0,
        "(64, 10, 1000)": 9.358447488584474,
        "(64, 10, 2000)": 77.54261363636364,
        "(64, 10, 3000)": 82.78623188405797,
        "(64, 10, 4000)": 86.65638766519824,
        "(64, 10, 5000)": 74.36681222707423,
        "(64, 20, 1000)": 64.54589371980677,
        "(64, 20, 2000)": 93.92215568862275,
        "(64, 20, 3000)": 101.77358490566037,
        "(64, 20, 4000)": 104.0,
        "(64, 20, 5000)": 0,
        "(64, 30, 1000)": 85.34188034188034,
        "(64, 30, 2000)": 104.64285714285714,
        "(64, 30, 3000)": 0,
        "(64, 30, 4000)": 0,
        "(64, 30, 5000)": 0,
        "(64, 40, 1000)": 88.92307692307692,
        "(64, 40, 2000)": 0,
        "(64, 40, 3000)": 0,
        "(64, 40, 4000)": 0,
        "(64, 40, 5000)": 0,
        "(64, 50, 1000)": 91.4820143884892,
        "(64, 50, 2000)": 0,
        "(64, 50, 3000)": 0,
        "(64, 50, 4000)": 0,
        "(64, 50, 5000)": 0
    },
    "base_point_cost": 0.8105520881980329,
    "min_points": 13,
    "budget": 5.0
}