{
    "percentage_bucket_counter_random": {
        "rest": 100.0,
        "5": 15.2,
        "10": 23.3,
        "15": 27.700000000000003,
        "20": 29.9
    },
    "mean_budget_random": 0.09689922820531205,
    "mean_add_points_random": 56.89890710382514,
    "nr_func_modeled_random": 366,
    "percentage_bucket_counter_grid": {
        "rest": 100.0,
        "5": 7.3,
        "10": 10.8,
        "15": 13.700000000000001,
        "20": 15.5
    },
    "mean_budget_grid": 0.13150151435801566,
    "mean_add_points_grid": 56.774928774928775,
    "nr_func_modeled_grid": 351,
    "percentage_bucket_counter_bayesian": {
        "rest": 100.0,
        "5": 3.9,
        "10": 4.5,
        "15": 4.8,
        "20": 5.0
    },
    "mean_budget_bayesian": 0.19960012024659937,
    "mean_add_points_bayesian": 245.80357142857142,
    "nr_func_modeled_bayesian": 56,
    "percentage_bucket_counter_full": {
        "rest": 100.0,
        "5": 86.9,
        "10": 96.0,
        "15": 98.5,
        "20": 99.7
    },
    "percentage_bucket_counter_generic": {
        "rest": 100.0,
        "5": 13.700000000000001,
        "10": 17.7,
        "15": 19.2,
        "20": 20.3
    },
    "mean_budget_generic": 0.19438981705562167,
    "mean_add_points_generic": 231.1718061674009,
    "nr_func_modeled_generic": 227,
    "percentage_bucket_counter_gpr": {
        "rest": 100.0,
        "5": 21.4,
        "10": 26.6,
        "15": 29.099999999999998,
        "20": 30.7
    },
    "mean_add_points_gpr": 222.92603550295857,
    "mean_budget_gpr": 0.1985297362227417,
    "nr_func_modeled_gpr": 338,
    "percentage_bucket_counter_hybrid": {
        "rest": 100.0,
        "5": 21.4,
        "10": 26.6,
        "15": 29.099999999999998,
        "20": 30.7
    },
    "mean_budget_hybrid": 0.1985297362227417,
    "mean_add_points_hybrid": 222.92603550295857,
    "nr_func_modeled_hybrid": 338,
    "point_map_generic": {
        "(4, 10, 1000)": 1.3253253253253254,
        "(4, 10, 2000)": 9.687437185929648,
        "(4, 10, 3000)": 10.894366197183098,
        "(4, 10, 4000)": 12.041247484909457,
        "(4, 10, 5000)": 12.704522613065327,
        "(4, 20, 1000)": 2.0463645943097997,
        "(4, 20, 2000)": 13.253658536585366,
        "(4, 20, 3000)": 16.910526315789475,
        "(4, 20, 4000)": 21.085872576177284,
        "(4, 20, 5000)": 24.518731988472624,
        "(4, 30, 1000)": 3.040084388185654,
        "(4, 30, 2000)": 16.833333333333332,
        "(4, 30, 3000)": 23.141304347826086,
        "(4, 30, 4000)": 28.52887537993921,
        "(4, 30, 5000)": 32.18421052631579,
        "(4, 40, 1000)": 4.0,
        "(4, 40, 2000)": 20.580152671755727,
        "(4, 40, 3000)": 27.885630498533725,
        "(4, 40, 4000)": 34.15384615384615,
        "(4, 40, 5000)": 37.56470588235294,
        "(4, 50, 1000)": 5.0,
        "(4, 50, 2000)": 24.125333333333334,
        "(4, 50, 3000)": 31.977124183006534,
        "(4, 50, 4000)": 38.432,
        "(4, 50, 5000)": 42.331932773109244,
        "(8, 10, 1000)": 6.0720823798627,
        "(8, 10, 2000)": 18.112947658402202,
        "(8, 10, 3000)": 22.71267605633803,
        "(8, 10, 4000)": 27.101492537313433,
        "(8, 10, 5000)": 27.628169014084506,
        "(8, 20, 1000)": 16.806236080178174,
        "(8, 20, 2000)": 29.109826589595375,
        "(8, 20, 3000)": 36.81789137380192,
        "(8, 20, 4000)": 41.63272727272727,
        "(8, 20, 5000)": 45.60493827160494,
        "(8, 30, 1000)": 25.246376811594203,
        "(8, 30, 2000)": 37.79934210526316,
        "(8, 30, 3000)": 46.375,
        "(8, 30, 4000)": 51.00985221674877,
        "(8, 30, 5000)": 54.70056497175141,
        "(8, 40, 1000)": 29.929447852760735,
        "(8, 40, 2000)": 43.82101167315175,
        "(8, 40, 3000)": 51.824120603015075,
        "(8, 40, 4000)": 57.0414201183432,
        "(8, 40, 5000)": 59.731884057971016,
        "(8, 50, 1000)": 33.788590604026844,
        "(8, 50, 2000)": 47.99551569506726,
        "(8, 50, 3000)": 56.30538922155689,
        "(8, 50, 4000)": 60.343283582089555,
        "(8, 50, 5000)": 63.63963963963964,
        "(16, 10, 1000)": 7.047018348623853,
        "(16, 10, 2000)": 33.59442724458204,
        "(16, 10, 3000)": 40.26855123674912,
        "(16, 10, 4000)": 45.09765625,
        "(16, 10, 5000)": 42.3515625,
        "(16, 20, 1000)": 29.844611528822057,
        "(16, 20, 2000)": 51.047210300429185,
        "(16, 20, 3000)": 60.554140127388536,
        "(16, 20, 4000)": 64.84873949579831,
        "(16, 20, 5000)": 67.7816091954023,
        "(16, 30, 1000)": 43.4377358490566,
        "(16, 30, 2000)": 61.45859872611465,
        "(16, 30, 3000)": 69.90361445783132,
        "(16, 30, 4000)": 73.73333333333333,
        "(16, 30, 5000)": 76.3076923076923,
        "(16, 40, 1000)": 48.57798165137615,
        "(16, 40, 2000)": 67.28571428571429,
        "(16, 40, 3000)": 74.3170731707317,
        "(16, 40, 4000)": 79.26666666666667,
        "(16, 40, 5000)": 81.33333333333333,
        "(16, 50, 1000)": 53.06077348066298,
        "(16, 50, 2000)": 69.64179104477611,
        "(16, 50, 3000)": 76.52631578947368,
        "(16, 50, 4000)": 83.0,
        "(16, 50, 5000)": 0,
        "(32, 10, 1000)": 8.047018348623853,
        "(32, 10, 2000)": 51.77,
        "(32, 10, 3000)": 57.75,
        "(32, 10, 4000)": 63.864197530864196,
        "(32, 10, 5000)": 43.990196078431374,
        "(32, 20, 1000)": 38.22348484848485,
        "(32, 20, 2000)": 74.05,
        "(32, 20, 3000)": 84.0,
        "(32, 20, 4000)": 0,
        "(32, 20, 5000)": 0,
        "(32, 30, 1000)": 62.96842105263158,
        "(32, 30, 2000)": 85.0,
        "(32, 30, 3000)": 0,
        "(32, 30, 4000)": 0,
        "(32, 30, 5000)": 0,
        "(32, 40, 1000)": 68.85185185185185,
        "(32, 40, 2000)": 0,
        "(32, 40, 3000)": 0,
        "(32, 40, 4000)": 0,
        "(32, 40, 5000)": 0,
        "(32, 50, 1000)": 73.52,
        "(32, 50, 2000)": 0,
        "(32, 50, 3000)": 0,
        "(32, 50, 4000)": 0,
        "(32, 50, 5000)": 0,
        "(64, 10, 1000)": 9.047018348623853,
        "(64, 10, 2000)": 66.36111111111111,
        "(64, 10, 3000)": 64.5,
        "(64, 10, 4000)": 0,
        "(64, 10, 5000)": 10.0,
        "(64, 20, 1000)": 18.127450980392158,
        "(64, 20, 2000)": 0,
        "(64, 20, 3000)": 0,
        "(64, 20, 4000)": 0,
        "(64, 20, 5000)": 0,
        "(64, 30, 1000)": 0,
        "(64, 30, 2000)": 0,
        "(64, 30, 3000)": 0,
        "(64, 30, 4000)": 0,
        "(64, 30, 5000)": 0,
        "(64, 40, 1000)": 0,
        "(64, 40, 2000)": 0,
        "(64, 40, 3000)": 0,
        "(64, 40, 4000)": 0,
        "(64, 40, 5000)": 0,
        "(64, 50, 1000)": 0,
        "(64, 50, 2000)": 0,
        "(64, 50, 3000)": 0,
        "(64, 50, 4000)": 0,
        "(64, 50, 5000)": 0
    },
    "base_point_cost": 0.04068605855827502,
    "min_points": 13,
    "budget": 0.2
}