{
    "percentage_bucket_counter_full": {
        "rest": 100.0,
        "5": 87.85140562248996,
        "10": 95.28112449799197,
        "15": 98.29317269076306,
        "20": 99.69879518072288
    },
    "percentage_bucket_counter_gpr": {
        "rest": 100.0,
        "5": 85.90956887486855,
        "10": 90.7465825446898,
        "15": 95.79390115667718,
        "20": 97.47634069400631
    },
    "percentage_bucket_counter_hybrid": {
        "rest": 100.0,
        "5": 85.90956887486855,
        "10": 90.7465825446898,
        "15": 95.79390115667718,
        "20": 97.47634069400631
    },
    "mean_budget_generic": 14.486697499183196,
    "percentage_bucket_counter_generic": {
        "rest": 100.0,
        "5": 85.64257028112449,
        "10": 91.46586345381526,
        "15": 95.38152610441767,
        "20": 96.98795180722891
    },
    "mean_add_points_generic": 370.13253012048193,
    "mean_add_points_gpr": 372.9831756046267,
    "mean_budget_gpr": 14.888160019373336,
    "mean_budget_hybrid": 14.888160019373336,
    "mean_add_points_hybrid": 372.9831756046267,
    "point_map_generic": {
        "(4, 10, 1000)": 1.137,
        "(4, 10, 2000)": 9.957,
        "(4, 10, 3000)": 10.978,
        "(4, 10, 4000)": 12.035,
        "(4, 10, 5000)": 12.943,
        "(4, 20, 1000)": 2.193,
        "(4, 20, 2000)": 14.383,
        "(4, 20, 3000)": 16.8,
        "(4, 20, 4000)": 19.819,
        "(4, 20, 5000)": 22.988,
        "(4, 30, 1000)": 3.213,
        "(4, 30, 2000)": 18.316,
        "(4, 30, 3000)": 22.14,
        "(4, 30, 4000)": 25.925,
        "(4, 30, 5000)": 29.448,
        "(4, 40, 1000)": 4.309,
        "(4, 40, 2000)": 23.075,
        "(4, 40, 3000)": 27.595,
        "(4, 40, 4000)": 32.072,
        "(4, 40, 5000)": 35.47,
        "(4, 50, 1000)": 5.376,
        "(4, 50, 2000)": 28.362,
        "(4, 50, 3000)": 33.255,
        "(4, 50, 4000)": 37.745,
        "(4, 50, 5000)": 41.261,
        "(8, 10, 1000)": 6.337,
        "(8, 10, 2000)": 21.89,
        "(8, 10, 3000)": 26.207,
        "(8, 10, 4000)": 30.342,
        "(8, 10, 5000)": 33.832,
        "(8, 20, 1000)": 23.078,
        "(8, 20, 2000)": 30.332,
        "(8, 20, 3000)": 35.737,
        "(8, 20, 4000)": 39.954,
        "(8, 20, 5000)": 43.842,
        "(8, 30, 1000)": 30.295,
        "(8, 30, 2000)": 38.113,
        "(8, 30, 3000)": 43.859,
        "(8, 30, 4000)": 48.271,
        "(8, 30, 5000)": 52.205,
        "(8, 40, 1000)": 36.904,
        "(8, 40, 2000)": 45.204,
        "(8, 40, 3000)": 50.698,
        "(8, 40, 4000)": 55.291,
        "(8, 40, 5000)": 58.761,
        "(8, 50, 1000)": 42.57545271629779,
        "(8, 50, 2000)": 50.65555555555556,
        "(8, 50, 3000)": 56.123456790123456,
        "(8, 50, 4000)": 60.22745901639344,
        "(8, 50, 5000)": 63.80917622523462,
        "(16, 10, 1000)": 7.735,
        "(16, 10, 2000)": 41.86,
        "(16, 10, 3000)": 47.031568228105904,
        "(16, 10, 4000)": 50.81348788198103,
        "(16, 10, 5000)": 53.65835140997831,
        "(16, 20, 1000)": 44.328328328328325,
        "(16, 20, 2000)": 52.875751503006015,
        "(16, 20, 3000)": 58.724845995893226,
        "(16, 20, 4000)": 62.756698821007504,
        "(16, 20, 5000)": 66.33185840707965,
        "(16, 30, 1000)": 52.57878787878788,
        "(16, 30, 2000)": 61.557259713701434,
        "(16, 30, 3000)": 67.60216216216216,
        "(16, 30, 4000)": 71.92735527809307,
        "(16, 30, 5000)": 75.42049469964664,
        "(16, 40, 1000)": 57.74024526198439,
        "(16, 40, 2000)": 67.54524361948955,
        "(16, 40, 3000)": 73.80514705882354,
        "(16, 40, 4000)": 78.7609819121447,
        "(16, 40, 5000)": 82.15446071904128,
        "(16, 50, 1000)": 61.890625,
        "(16, 50, 2000)": 71.85414091470952,
        "(16, 50, 3000)": 78.62647444298821,
        "(16, 50, 4000)": 83.62258953168045,
        "(16, 50, 5000)": 85.98507462686567,
        "(32, 10, 1000)": 8.597180261832829,
        "(32, 10, 2000)": 63.34772182254196,
        "(32, 10, 3000)": 68.3378712871287,
        "(32, 10, 4000)": 72.59577278731837,
        "(32, 10, 5000)": 74.78796169630643,
        "(32, 20, 1000)": 66.49079754601227,
        "(32, 20, 2000)": 76.49003984063745,
        "(32, 20, 3000)": 82.53824362606233,
        "(32, 20, 4000)": 86.80882352941177,
        "(32, 20, 5000)": 90.19769357495882,
        "(32, 30, 1000)": 74.34383954154728,
        "(32, 30, 2000)": 85.39506172839506,
        "(32, 30, 3000)": 92.07450331125828,
        "(32, 30, 4000)": 96.80188679245283,
        "(32, 30, 5000)": 99.39732142857143,
        "(32, 40, 1000)": 79.71428571428571,
        "(32, 40, 2000)": 91.32578397212544,
        "(32, 40, 3000)": 97.98807157057654,
        "(32, 40, 4000)": 101.97089947089947,
        "(32, 40, 5000)": 103.83276450511946,
        "(32, 50, 1000)": 83.59272097053726,
        "(32, 50, 2000)": 95.34349593495935,
        "(32, 50, 3000)": 101.73821989528795,
        "(32, 50, 4000)": 104.70522388059702,
        "(32, 50, 5000)": 106.4920634920635,
        "(64, 10, 1000)": 9.37246963562753,
        "(64, 10, 2000)": 80.97813121272365,
        "(64, 10, 3000)": 87.56803455723542,
        "(64, 10, 4000)": 90.22715404699738,
        "(64, 10, 5000)": 89.19642857142857,
        "(64, 20, 1000)": 83.35930735930737,
        "(64, 20, 2000)": 97.44444444444444,
        "(64, 20, 3000)": 103.70503597122303,
        "(64, 20, 4000)": 106.41489361702128,
        "(64, 20, 5000)": 108.28828828828829,
        "(64, 30, 1000)": 91.07142857142857,
        "(64, 30, 2000)": 104.91967871485944,
        "(64, 30, 3000)": 112.55102040816327,
        "(64, 30, 4000)": 0,
        "(64, 30, 5000)": 0,
        "(64, 40, 1000)": 94.6084142394822,
        "(64, 40, 2000)": 108.06756756756756,
        "(64, 40, 3000)": 0,
        "(64, 40, 4000)": 0,
        "(64, 40, 5000)": 0,
        "(64, 50, 1000)": 97.26070038910505,
        "(64, 50, 2000)": 109.31818181818181,
        "(64, 50, 3000)": 0,
        "(64, 50, 4000)": 0,
        "(64, 50, 5000)": 0
    },
    "base_point_cost": 0.8147229837570119,
    "min_points": 13,
    "budget": 15.0
}