{
    "percentage_bucket_counter_full": {
        "rest": 100.0,
        "5": 87.85140562248996,
        "10": 95.28112449799197,
        "15": 98.29317269076306,
        "20": 99.69879518072288
    },
    "percentage_bucket_counter_gpr": {
        "rest": 100.0,
        "5": 85.43263964950711,
        "10": 90.58050383351588,
        "15": 94.5235487404162,
        "20": 96.60460021905804
    },
    "percentage_bucket_counter_hybrid": {
        "rest": 100.0,
        "5": 85.43263964950711,
        "10": 90.58050383351588,
        "15": 94.5235487404162,
        "20": 96.60460021905804
    },
    "mean_budget_generic": 9.700082650931273,
    "percentage_bucket_counter_generic": {
        "rest": 100.0,
        "5": 85.64257028112449,
        "10": 90.96385542168674,
        "15": 94.07630522088354,
        "20": 96.285140562249
    },
    "mean_add_points_generic": 337.2730923694779,
    "mean_add_points_gpr": 341.34392113910184,
    "mean_budget_gpr": 9.93502169220798,
    "mean_budget_hybrid": 9.93502169220798,
    "mean_add_points_hybrid": 341.34392113910184,
    "point_map_generic": {
        "(4, 10, 1000)": 1.137,
        "(4, 10, 2000)": 9.957,
        "(4, 10, 3000)": 10.978,
        "(4, 10, 4000)": 12.035,
        "(4, 10, 5000)": 12.943,
        "(4, 20, 1000)": 2.193,
        "(4, 20, 2000)": 14.383,
        "(4, 20, 3000)": 16.8,
        "(4, 20, 4000)": 19.819,
        "(4, 20, 5000)": 22.988,
        "(4, 30, 1000)": 3.213,
        "(4, 30, 2000)": 18.316,
        "(4, 30, 3000)": 22.14,
        "(4, 30, 4000)": 25.925,
        "(4, 30, 5000)": 29.448,
        "(4, 40, 1000)": 4.309,
        "(4, 40, 2000)": 23.075,
        "(4, 40, 3000)": 27.595,
        "(4, 40, 4000)": 32.072,
        "(4, 40, 5000)": 35.47,
        "(4, 50, 1000)": 5.376,
        "(4, 50, 2000)": 28.362,
        "(4, 50, 3000)": 33.255,
        "(4, 50, 4000)": 37.745,
        "(4, 50, 5000)": 41.261,
        "(8, 10, 1000)": 6.337,
        "(8, 10, 2000)": 21.89,
        "(8, 10, 3000)": 26.207,
        "(8, 10, 4000)": 30.32232232232232,
        "(8, 10, 5000)": 33.21134020618557,
        "(8, 20, 1000)": 23.078,
        "(8, 20, 2000)": 30.332,
        "(8, 20, 3000)": 35.737,
        "(8, 20, 4000)": 39.954,
        "(8, 20, 5000)": 43.523219814241486,
        "(8, 30, 1000)": 30.295,
        "(8, 30, 2000)": 38.113,
        "(8, 30, 3000)": 43.859,
        "(8, 30, 4000)": 48.266331658291456,
        "(8, 30, 5000)": 52.038014783526926,
        "(8, 40, 1000)": 36.869869869869866,
        "(8, 40, 2000)": 45.05353535353535,
        "(8, 40, 3000)": 50.53916581892167,
        "(8, 40, 4000)": 55.11087420042644,
        "(8, 40, 5000)": 58.879368658399095,
        "(8, 50, 1000)": 39.880898876404494,
        "(8, 50, 2000)": 48.68493150684932,
        "(8, 50, 3000)": 54.93333333333333,
        "(8, 50, 4000)": 59.66425120772947,
        "(8, 50, 5000)": 64.00892857142857,
        "(16, 10, 1000)": 7.480402010050251,
        "(16, 10, 2000)": 40.7422126745435,
        "(16, 10, 3000)": 45.647919010123736,
        "(16, 10, 4000)": 49.77548682703322,
        "(16, 10, 5000)": 52.68941176470588,
        "(16, 20, 1000)": 43.78593913955929,
        "(16, 20, 2000)": 52.31103678929766,
        "(16, 20, 3000)": 58.291079812206576,
        "(16, 20, 4000)": 62.638888888888886,
        "(16, 20, 5000)": 66.4188679245283,
        "(16, 30, 1000)": 51.60227272727273,
        "(16, 30, 2000)": 61.41697877652934,
        "(16, 30, 3000)": 67.95899470899471,
        "(16, 30, 4000)": 72.6748299319728,
        "(16, 30, 5000)": 76.22585227272727,
        "(16, 40, 1000)": 56.52918287937743,
        "(16, 40, 2000)": 67.81046676096182,
        "(16, 40, 3000)": 74.48550724637681,
        "(16, 40, 4000)": 79.60816944024205,
        "(16, 40, 5000)": 82.35679214402619,
        "(16, 50, 1000)": 61.04371584699454,
        "(16, 50, 2000)": 72.54896142433235,
        "(16, 50, 3000)": 79.25465838509317,
        "(16, 50, 4000)": 83.566493955095,
        "(16, 50, 5000)": 85.9747572815534,
        "(32, 10, 1000)": 8.333670374115268,
        "(32, 10, 2000)": 61.15450643776824,
        "(32, 10, 3000)": 66.6855439642325,
        "(32, 10, 4000)": 71.22539682539683,
        "(32, 10, 5000)": 72.93833333333333,
        "(32, 20, 1000)": 64.83408071748879,
        "(32, 20, 2000)": 75.88798701298701,
        "(32, 20, 3000)": 82.69808027923212,
        "(32, 20, 4000)": 87.16279069767442,
        "(32, 20, 5000)": 90.80855855855856,
        "(32, 30, 1000)": 72.74866310160428,
        "(32, 30, 2000)": 85.35755258126196,
        "(32, 30, 3000)": 92.82736842105263,
        "(32, 30, 4000)": 97.5013698630137,
        "(32, 30, 5000)": 99.9290780141844,
        "(32, 40, 1000)": 78.23563218390805,
        "(32, 40, 2000)": 91.21681415929204,
        "(32, 40, 3000)": 98.45689655172414,
        "(32, 40, 4000)": 102.29074889867842,
        "(32, 40, 5000)": 104.12101910828025,
        "(32, 50, 1000)": 81.80962800875274,
        "(32, 50, 2000)": 95.0911528150134,
        "(32, 50, 3000)": 101.63070539419087,
        "(32, 50, 4000)": 104.54794520547945,
        "(32, 50, 5000)": 105.22058823529412,
        "(64, 10, 1000)": 9.278622087132726,
        "(64, 10, 2000)": 79.87723214285714,
        "(64, 10, 3000)": 85.37567567567568,
        "(64, 10, 4000)": 89.04823151125402,
        "(64, 10, 5000)": 86.90943396226415,
        "(64, 20, 1000)": 81.90714285714286,
        "(64, 20, 2000)": 96.34069400630915,
        "(64, 20, 3000)": 102.5,
        "(64, 20, 4000)": 105.65168539325843,
        "(64, 20, 5000)": 106.89285714285714,
        "(64, 30, 1000)": 88.596875,
        "(64, 30, 2000)": 103.64429530201342,
        "(64, 30, 3000)": 112.14285714285714,
        "(64, 30, 4000)": 0,
        "(64, 30, 5000)": 0,
        "(64, 40, 1000)": 92.58754863813229,
        "(64, 40, 2000)": 108.53061224489795,
        "(64, 40, 3000)": 0,
        "(64, 40, 4000)": 0,
        "(64, 40, 5000)": 0,
        "(64, 50, 1000)": 94.5,
        "(64, 50, 2000)": 108.0,
        "(64, 50, 3000)": 0,
        "(64, 50, 4000)": 0,
        "(64, 50, 5000)": 0
    },
    "base_point_cost": 0.8147229837570119,
    "min_points": 13,
    "budget": 10.0
}