{
    "percentage_bucket_counter_full": {
        "rest": 100.0,
        "5": 87.87575150300601,
        "10": 95.29058116232466,
        "15": 98.29659318637275,
        "20": 99.6993987975952
    },
    "percentage_bucket_counter_gpr": {
        "rest": 100.0,
        "5": 87.24899598393574,
        "10": 95.18072289156626,
        "15": 97.99196787148594,
        "20": 99.3975903614458
    },
    "percentage_bucket_counter_hybrid": {
        "rest": 100.0,
        "5": 87.24899598393574,
        "10": 95.18072289156626,
        "15": 97.99196787148594,
        "20": 99.3975903614458
    },
    "mean_budget_generic": 73.68991448600181,
    "percentage_bucket_counter_generic": {
        "rest": 100.0,
        "5": 86.87374749498998,
        "10": 94.88977955911824,
        "15": 97.79559118236473,
        "20": 99.49899799599199
    },
    "mean_add_points_generic": 480.0681362725451,
    "mean_add_points_gpr": 481.1315261044177,
    "mean_budget_gpr": 76.21789428674249,
    "mean_budget_hybrid": 76.21789428674249,
    "mean_add_points_hybrid": 481.1315261044177,
    "point_map_generic": {
        "(4, 10, 1000)": 1.137,
        "(4, 10, 2000)": 9.957,
        "(4, 10, 3000)": 10.978,
        "(4, 10, 4000)": 12.035,
        "(4, 10, 5000)": 12.943,
        "(4, 20, 1000)": 2.193,
        "(4, 20, 2000)": 14.383,
        "(4, 20, 3000)": 16.8,
        "(4, 20, 4000)": 19.819,
        "(4, 20, 5000)": 22.988,
        "(4, 30, 1000)": 3.213,
        "(4, 30, 2000)": 18.316,
        "(4, 30, 3000)": 22.14,
        "(4, 30, 4000)": 25.925,
        "(4, 30, 5000)": 29.448,
        "(4, 40, 1000)": 4.309,
        "(4, 40, 2000)": 23.075,
        "(4, 40, 3000)": 27.595,
        "(4, 40, 4000)": 32.072,
        "(4, 40, 5000)": 35.47,
        "(4, 50, 1000)": 5.376,
        "(4, 50, 2000)": 28.362,
        "(4, 50, 3000)": 33.255,
        "(4, 50, 4000)": 37.745,
        "(4, 50, 5000)": 41.261,
        "(8, 10, 1000)": 6.337,
        "(8, 10, 2000)": 21.89,
        "(8, 10, 3000)": 26.207,
        "(8, 10, 4000)": 30.342,
        "(8, 10, 5000)": 33.832,
        "(8, 20, 1000)": 23.078,
        "(8, 20, 2000)": 30.332,
        "(8, 20, 3000)": 35.737,
        "(8, 20, 4000)": 39.954,
        "(8, 20, 5000)": 43.842,
        "(8, 30, 1000)": 30.295,
        "(8, 30, 2000)": 38.113,
        "(8, 30, 3000)": 43.859,
        "(8, 30, 4000)": 48.271,
        "(8, 30, 5000)": 52.205,
        "(8, 40, 1000)": 36.904,
        "(8, 40, 2000)": 45.204,
        "(8, 40, 3000)": 50.698,
        "(8, 40, 4000)": 55.291,
        "(8, 40, 5000)": 58.761,
        "(8, 50, 1000)": 42.786,
        "(8, 50, 2000)": 50.933,
        "(8, 50, 3000)": 56.754,
        "(8, 50, 4000)": 60.661,
        "(8, 50, 5000)": 64.394,
        "(16, 10, 1000)": 7.735,
        "(16, 10, 2000)": 41.86,
        "(16, 10, 3000)": 47.338,
        "(16, 10, 4000)": 51.736,
        "(16, 10, 5000)": 55.206,
        "(16, 20, 1000)": 44.346,
        "(16, 20, 2000)": 52.888,
        "(16, 20, 3000)": 58.874,
        "(16, 20, 4000)": 63.196,
        "(16, 20, 5000)": 67.072,
        "(16, 30, 1000)": 52.688,
        "(16, 30, 2000)": 61.636,
        "(16, 30, 3000)": 67.535,
        "(16, 30, 4000)": 71.726,
        "(16, 30, 5000)": 75.16,
        "(16, 40, 1000)": 59.593,
        "(16, 40, 2000)": 68.688,
        "(16, 40, 3000)": 73.974,
        "(16, 40, 4000)": 78.364,
        "(16, 40, 5000)": 81.495,
        "(16, 50, 1000)": 65.657,
        "(16, 50, 2000)": 73.985,
        "(16, 50, 3000)": 79.424,
        "(16, 50, 4000)": 83.764,
        "(16, 50, 5000)": 86.77,
        "(32, 10, 1000)": 9.081,
        "(32, 10, 2000)": 65.86,
        "(32, 10, 3000)": 71.051,
        "(32, 10, 4000)": 75.902,
        "(32, 10, 5000)": 78.732,
        "(32, 20, 1000)": 68.306,
        "(32, 20, 2000)": 77.527,
        "(32, 20, 3000)": 83.16,
        "(32, 20, 4000)": 87.106,
        "(32, 20, 5000)": 91.168,
        "(32, 30, 1000)": 76.795,
        "(32, 30, 2000)": 85.623,
        "(32, 30, 3000)": 90.819,
        "(32, 30, 4000)": 95.125,
        "(32, 30, 5000)": 98.421,
        "(32, 40, 1000)": 83.091,
        "(32, 40, 2000)": 91.734,
        "(32, 40, 3000)": 96.723,
        "(32, 40, 4000)": 100.95,
        "(32, 40, 5000)": 103.387,
        "(32, 50, 1000)": 88.482,
        "(32, 50, 2000)": 97.008,
        "(32, 50, 3000)": 101.722,
        "(32, 50, 4000)": 104.592,
        "(32, 50, 5000)": 107.828,
        "(64, 10, 1000)": 10.466,
        "(64, 10, 2000)": 90.83783783783784,
        "(64, 10, 3000)": 95.956,
        "(64, 10, 4000)": 99.91772151898734,
        "(64, 10, 5000)": 99.70068027210884,
        "(64, 20, 1000)": 92.714,
        "(64, 20, 2000)": 101.439,
        "(64, 20, 3000)": 106.811,
        "(64, 20, 4000)": 109.78108941418294,
        "(64, 20, 5000)": 111.60386473429952,
        "(64, 30, 1000)": 100.604,
        "(64, 30, 2000)": 108.511,
        "(64, 30, 3000)": 113.33535353535353,
        "(64, 30, 4000)": 115.4358407079646,
        "(64, 30, 5000)": 117.60468319559229,
        "(64, 40, 1000)": 105.81668383110195,
        "(64, 40, 2000)": 113.20461699895068,
        "(64, 40, 3000)": 117.31658291457286,
        "(64, 40, 4000)": 120.00940438871473,
        "(64, 40, 5000)": 120.9939393939394,
        "(64, 50, 1000)": 105.8129205921938,
        "(64, 50, 2000)": 114.74454828660436,
        "(64, 50, 3000)": 119.3102119460501,
        "(64, 50, 4000)": 122.79881656804734,
        "(64, 50, 5000)": 116.0
    },
    "base_point_cost": 0.8147229837570119,
    "min_points": 13,
    "budget": 77.0
}