{
    "percentage_bucket_counter_full": {
        "rest": 100.0,
        "5": 87.70614692653673,
        "10": 93.55322338830585,
        "15": 97.75112443778112,
        "20": 99.55022488755623
    },
    "percentage_bucket_counter_gpr": {
        "rest": 100.0,
        "5": 74.95527728085868,
        "10": 82.46869409660107,
        "15": 86.22540250447227,
        "20": 88.9087656529517
    },
    "percentage_bucket_counter_hybrid": {
        "rest": 100.0,
        "5": 75.91240875912408,
        "10": 83.02919708029196,
        "15": 86.86131386861314,
        "20": 89.78102189781022
    },
    "mean_budget_generic": 2.9001585646012926,
    "percentage_bucket_counter_generic": {
        "rest": 100.0,
        "5": 72.71364317841079,
        "10": 79.01049475262369,
        "15": 83.35832083958022,
        "20": 85.90704647676162
    },
    "mean_add_points_generic": 276.8695652173913,
    "mean_add_points_gpr": 288.31842576028623,
    "mean_budget_gpr": 2.9789712945894764,
    "mean_budget_hybrid": 2.978804237066538,
    "mean_add_points_hybrid": 292.7080291970803,
    "point_map_generic": {
        "(4, 10, 1000)": 1.12012012012012,
        "(4, 10, 2000)": 9.948897795591183,
        "(4, 10, 3000)": 10.945837512537613,
        "(4, 10, 4000)": 12.012036108324974,
        "(4, 10, 5000)": 12.908817635270541,
        "(4, 20, 1000)": 2.1036217303822937,
        "(4, 20, 2000)": 14.515107913669064,
        "(4, 20, 3000)": 16.918305597579426,
        "(4, 20, 4000)": 19.919254658385093,
        "(4, 20, 5000)": 23.071202531645568,
        "(4, 30, 1000)": 3.087701612903226,
        "(4, 30, 2000)": 18.958841463414632,
        "(4, 30, 3000)": 23.328968903436987,
        "(4, 30, 4000)": 27.764406779661016,
        "(4, 30, 5000)": 31.662020905923345,
        "(4, 40, 1000)": 4.13508064516129,
        "(4, 40, 2000)": 21.56,
        "(4, 40, 3000)": 27.96969696969697,
        "(4, 40, 4000)": 33.80324543610548,
        "(4, 40, 5000)": 38.26977687626775,
        "(4, 50, 1000)": 5.164314516129032,
        "(4, 50, 2000)": 25.900390625,
        "(4, 50, 3000)": 32.969635627530366,
        "(4, 50, 4000)": 39.087221095334684,
        "(4, 50, 5000)": 43.42973523421588,
        "(8, 10, 1000)": 6.091001011122346,
        "(8, 10, 2000)": 19.0016,
        "(8, 10, 3000)": 23.008183306055646,
        "(8, 10, 4000)": 27.024875621890548,
        "(8, 10, 5000)": 30.237061769616027,
        "(8, 20, 1000)": 21.764415156507415,
        "(8, 20, 2000)": 29.717543859649123,
        "(8, 20, 3000)": 36.0,
        "(8, 20, 4000)": 40.85945945945946,
        "(8, 20, 5000)": 45.1941391941392,
        "(8, 30, 1000)": 27.85404339250493,
        "(8, 30, 2000)": 38.463562753036435,
        "(8, 30, 3000)": 46.026315789473685,
        "(8, 30, 4000)": 51.64777327935223,
        "(8, 30, 5000)": 55.99173553719008,
        "(8, 40, 1000)": 32.881287726358146,
        "(8, 40, 2000)": 44.80691056910569,
        "(8, 40, 3000)": 52.63673469387755,
        "(8, 40, 4000)": 58.2952182952183,
        "(8, 40, 5000)": 61.8641425389755,
        "(8, 50, 1000)": 37.627291242362524,
        "(8, 50, 2000)": 49.875,
        "(8, 50, 3000)": 57.779411764705884,
        "(8, 50, 4000)": 62.566292134831464,
        "(8, 50, 5000)": 66.03855421686747,
        "(16, 10, 1000)": 7.161943319838056,
        "(16, 10, 2000)": 35.91843971631206,
        "(16, 10, 3000)": 42.54990925589836,
        "(16, 10, 4000)": 47.61224489795919,
        "(16, 10, 5000)": 50.7406015037594,
        "(16, 20, 1000)": 39.99431818181818,
        "(16, 20, 2000)": 51.814453125,
        "(16, 20, 3000)": 59.70741482965932,
        "(16, 20, 4000)": 64.87949260042284,
        "(16, 20, 5000)": 68.74125874125875,
        "(16, 30, 1000)": 48.61203319502075,
        "(16, 30, 2000)": 61.87923728813559,
        "(16, 30, 3000)": 70.07964601769912,
        "(16, 30, 4000)": 74.68956743002545,
        "(16, 30, 5000)": 77.64942528735632,
        "(16, 40, 1000)": 54.47234042553192,
        "(16, 40, 2000)": 68.17937219730942,
        "(16, 40, 3000)": 75.6103896103896,
        "(16, 40, 4000)": 79.92901234567901,
        "(16, 40, 5000)": 82.59420289855072,
        "(16, 50, 1000)": 59.3421052631579,
        "(16, 50, 2000)": 72.41523341523342,
        "(16, 50, 3000)": 79.419452887538,
        "(16, 50, 4000)": 83.65168539325843,
        "(16, 50, 5000)": 86.0,
        "(32, 10, 1000)": 8.263157894736842,
        "(32, 10, 2000)": 57.61538461538461,
        "(32, 10, 3000)": 64.5701754385965,
        "(32, 10, 4000)": 69.29426433915212,
        "(32, 10, 5000)": 70.52021563342318,
        "(32, 20, 1000)": 60.8231441048035,
        "(32, 20, 2000)": 75.5121359223301,
        "(32, 20, 3000)": 83.38719512195122,
        "(32, 20, 4000)": 87.752,
        "(32, 20, 5000)": 90.19277108433735,
        "(32, 30, 1000)": 69.33827160493827,
        "(32, 30, 2000)": 84.87086092715232,
        "(32, 30, 3000)": 93.07777777777778,
        "(32, 30, 4000)": 96.8080808080808,
        "(32, 30, 5000)": 97.19047619047619,
        "(32, 40, 1000)": 74.3774647887324,
        "(32, 40, 2000)": 90.17525773195877,
        "(32, 40, 3000)": 97.64383561643835,
        "(32, 40, 4000)": 101.33333333333333,
        "(32, 40, 5000)": 98.0,
        "(32, 50, 1000)": 77.18983050847457,
        "(32, 50, 2000)": 92.70434782608696,
        "(32, 50, 3000)": 99.0,
        "(32, 50, 4000)": 0,
        "(32, 50, 5000)": 0,
        "(64, 10, 1000)": 9.278622087132726,
        "(64, 10, 2000)": 75.6006711409396,
        "(64, 10, 3000)": 80.74324324324324,
        "(64, 10, 4000)": 84.19875776397515,
        "(64, 10, 5000)": 79.3030303030303,
        "(64, 20, 1000)": 75.63432835820896,
        "(64, 20, 2000)": 92.75,
        "(64, 20, 3000)": 101.55555555555556,
        "(64, 20, 4000)": 0,
        "(64, 20, 5000)": 0,
        "(64, 30, 1000)": 82.88700564971751,
        "(64, 30, 2000)": 105.0,
        "(64, 30, 3000)": 0,
        "(64, 30, 4000)": 0,
        "(64, 30, 5000)": 0,
        "(64, 40, 1000)": 87.85271317829458,
        "(64, 40, 2000)": 0,
        "(64, 40, 3000)": 0,
        "(64, 40, 4000)": 0,
        "(64, 40, 5000)": 0,
        "(64, 50, 1000)": 89.22972972972973,
        "(64, 50, 2000)": 0,
        "(64, 50, 3000)": 0,
        "(64, 50, 4000)": 0,
        "(64, 50, 5000)": 0
    },
    "base_point_cost": 0.8147229837570119,
    "min_points": 13,
    "budget": 3.0
}