{
    "percentage_bucket_counter_full": {
        "rest": 100.0,
        "5": 100.0,
        "10": 100.0,
        "15": 100.0,
        "20": 100.0
    },
    "percentage_bucket_counter_gpr": {
        "rest": 100.0,
        "5": 54.54545454545454,
        "10": 81.81818181818183,
        "15": 100.0,
        "20": 100.0
    },
    "percentage_bucket_counter_hybrid": {
        "rest": 100.0,
        "5": 54.54545454545454,
        "10": 81.81818181818183,
        "15": 100.0,
        "20": 100.0
    },
    "mean_budget_generic": 0.1949667839558962,
    "percentage_bucket_counter_generic": {
        "rest": 100.0,
        "5": 50.0,
        "10": 50.0,
        "15": 50.0,
        "20": 50.0
    },
    "mean_add_points_generic": 50.0,
    "mean_add_points_gpr": 53.72727272727273,
    "mean_budget_gpr": 0.19466977368954372,
    "mean_budget_hybrid": 0.19466977368954372,
    "mean_add_points_hybrid": 53.72727272727273,
    "point_map_generic": {
        "(4, 10)": 1.0,
        "(4, 20)": 2.0,
        "(4, 30)": 3.0,
        "(4, 40)": 4.0,
        "(4, 50)": 5.0,
        "(8, 10)": 6.0,
        "(8, 20)": 8.666666666666666,
        "(8, 30)": 6.769230769230769,
        "(8, 40)": 12.0,
        "(8, 50)": 14.0,
        "(16, 10)": 7.0,
        "(16, 20)": 10.0,
        "(16, 30)": 7.0,
        "(16, 40)": 0,
        "(16, 50)": 0,
        "(32, 10)": 8.0,
        "(32, 20)": 8.0,
        "(32, 30)": 8.0,
        "(32, 40)": 0,
        "(32, 50)": 0,
        "(64, 10)": 9.0,
        "(64, 20)": 9.0,
        "(64, 30)": 9.0,
        "(64, 40)": 0,
        "(64, 50)": 0
    },
    "base_point_cost": 0.15166590408465438,
    "min_points": 9,
    "budget": 0.2
}