{
    "percentage_bucket_counter_full": {
        "rest": 100.0,
        "5": 87.0,
        "10": 94.5,
        "15": 97.89999999999999,
        "20": 99.9
    },
    "percentage_bucket_counter_gpr": {
        "rest": 100.0,
        "5": 86.38638638638638,
        "10": 94.7947947947948,
        "15": 97.997997997998,
        "20": 99.4994994994995
    },
    "percentage_bucket_counter_hybrid": {
        "rest": 100.0,
        "5": 86.38638638638638,
        "10": 94.7947947947948,
        "15": 97.997997997998,
        "20": 99.4994994994995
    },
    "mean_budget_generic": 29.545683752032982,
    "percentage_bucket_counter_generic": {
        "rest": 100.0,
        "5": 85.1,
        "10": 92.60000000000001,
        "15": 96.7,
        "20": 98.6
    },
    "mean_add_points_generic": 84.232,
    "mean_add_points_gpr": 85.71271271271272,
    "mean_budget_gpr": 33.38978231871598,
    "mean_budget_hybrid": 33.38978231871598,
    "mean_add_points_hybrid": 85.71271271271272,
    "point_map_generic": {
        "(4, 10)": 1.0,
        "(4, 20)": 2.0,
        "(4, 30)": 3.0,
        "(4, 40)": 4.0,
        "(4, 50)": 5.0,
        "(8, 10)": 6.072,
        "(8, 20)": 10.015,
        "(8, 30)": 11.057,
        "(8, 40)": 12.383,
        "(8, 50)": 13.767,
        "(16, 10)": 7.084,
        "(16, 20)": 13.185,
        "(16, 30)": 14.717,
        "(16, 40)": 16.287,
        "(16, 50)": 17.548582995951417,
        "(32, 10)": 8.04233870967742,
        "(32, 20)": 17.141987829614603,
        "(32, 30)": 18.69459172852598,
        "(32, 40)": 20.13263979193758,
        "(32, 50)": 21.206278026905828,
        "(64, 10)": 9.0,
        "(64, 20)": 20.91732283464567,
        "(64, 30)": 22.13953488372093,
        "(64, 40)": 0,
        "(64, 50)": 0
    },
    "base_point_cost": 4.430197258864756,
    "min_points": 9,
    "budget": 35.0
}