{
    "percentage_bucket_counter_full": {
        "rest": 100.0,
        "5": 86.96088264794383,
        "10": 94.48345035105315,
        "15": 97.89368104312939,
        "20": 99.89969909729187
    },
    "percentage_bucket_counter_gpr": {
        "rest": 100.0,
        "5": 84.98498498498499,
        "10": 92.29229229229229,
        "15": 96.7967967967968,
        "20": 98.5985985985986
    },
    "percentage_bucket_counter_hybrid": {
        "rest": 100.0,
        "5": 84.98498498498499,
        "10": 92.29229229229229,
        "15": 96.7967967967968,
        "20": 98.5985985985986
    },
    "mean_budget_generic": 19.9703520601679,
    "percentage_bucket_counter_generic": {
        "rest": 100.0,
        "5": 84.3530591775326,
        "10": 91.17352056168505,
        "15": 96.38916750250752,
        "20": 98.09428284854563
    },
    "mean_add_points_generic": 76.13239719157473,
    "mean_add_points_gpr": 80.1891891891892,
    "mean_budget_gpr": 21.993060675912744,
    "mean_budget_hybrid": 21.993060675912744,
    "mean_add_points_hybrid": 80.1891891891892,
    "point_map_generic": {
        "(4, 10)": 1.0,
        "(4, 20)": 2.0,
        "(4, 30)": 3.0,
        "(4, 40)": 4.0,
        "(4, 50)": 5.0,
        "(8, 10)": 6.044176706827309,
        "(8, 20)": 10.009027081243731,
        "(8, 30)": 11.057,
        "(8, 40)": 12.383383383383384,
        "(8, 50)": 13.77286432160804,
        "(16, 10)": 7.0352467270896275,
        "(16, 20)": 13.148565573770492,
        "(16, 30)": 14.703043022035677,
        "(16, 40)": 16.252559726962456,
        "(16, 50)": 17.301013024602025,
        "(32, 10)": 8.02020202020202,
        "(32, 20)": 16.946564885496183,
        "(32, 30)": 18.625412541254125,
        "(32, 40)": 20.176470588235293,
        "(32, 50)": 21.233727810650887,
        "(64, 10)": 9.0,
        "(64, 20)": 20.76060606060606,
        "(64, 30)": 19.962264150943398,
        "(64, 40)": 0,
        "(64, 50)": 0
    },
    "base_point_cost": 4.430197258864756,
    "min_points": 9,
    "budget": 23.0
}