{
    "percentage_bucket_counter_full": {
        "rest": 100.0,
        "5": 82.00692041522491,
        "10": 90.65743944636678,
        "15": 96.19377162629758,
        "20": 99.65397923875432
    },
    "percentage_bucket_counter_gpr": {
        "rest": 100.0,
        "5": 75.1207729468599,
        "10": 81.88405797101449,
        "15": 90.82125603864735,
        "20": 92.512077294686
    },
    "percentage_bucket_counter_hybrid": {
        "rest": 100.0,
        "5": 75.0,
        "10": 81.73076923076923,
        "15": 90.625,
        "20": 92.3076923076923
    },
    "mean_budget_generic": 2.553300415644956,
    "percentage_bucket_counter_generic": {
        "rest": 100.0,
        "5": 73.35640138408304,
        "10": 84.08304498269896,
        "15": 91.6955017301038,
        "20": 94.11764705882352
    },
    "mean_add_points_generic": 66.28373702422145,
    "mean_add_points_gpr": 61.89613526570049,
    "mean_budget_gpr": 2.885825881587526,
    "mean_budget_hybrid": 2.8863027486153303,
    "mean_add_points_hybrid": 61.72355769230769,
    "point_map_generic": {
        "(4, 10)": 1.0,
        "(4, 20)": 2.0,
        "(4, 30)": 3.0,
        "(4, 40)": 4.0,
        "(4, 50)": 5.0,
        "(8, 10)": 6.0,
        "(8, 20)": 9.986206896551725,
        "(8, 30)": 10.817567567567568,
        "(8, 40)": 12.249110320284698,
        "(8, 50)": 13.545112781954888,
        "(16, 10)": 7.0,
        "(16, 20)": 13.19047619047619,
        "(16, 30)": 14.605691056910569,
        "(16, 40)": 16.152173913043477,
        "(16, 50)": 17.319148936170212,
        "(32, 10)": 8.0,
        "(32, 20)": 17.102272727272727,
        "(32, 30)": 17.506172839506174,
        "(32, 40)": 20.0,
        "(32, 50)": 0,
        "(64, 10)": 9.0,
        "(64, 20)": 9.0,
        "(64, 30)": 9.0,
        "(64, 40)": 0,
        "(64, 50)": 0
    },
    "base_point_cost": 1.1832263145265458,
    "min_points": 9,
    "budget": 3.0
}