{
    "percentage_bucket_counter_full": {
        "rest": 100.0,
        "5": 87.08708708708708,
        "10": 94.49449449449449,
        "15": 97.8978978978979,
        "20": 99.8998998998999
    },
    "percentage_bucket_counter_gpr": {
        "rest": 100.0,
        "5": 87.06118355065196,
        "10": 94.58375125376128,
        "15": 97.89368104312939,
        "20": 99.89969909729187
    },
    "percentage_bucket_counter_hybrid": {
        "rest": 100.0,
        "5": 87.06118355065196,
        "10": 94.58375125376128,
        "15": 97.89368104312939,
        "20": 99.89969909729187
    },
    "mean_budget_generic": 56.258378565454365,
    "percentage_bucket_counter_generic": {
        "rest": 100.0,
        "5": 84.98498498498499,
        "10": 94.3943943943944,
        "15": 97.7977977977978,
        "20": 99.7997997997998
    },
    "mean_add_points_generic": 92.34834834834835,
    "mean_add_points_gpr": 93.37913741223672,
    "mean_budget_gpr": 62.549846896021826,
    "mean_budget_hybrid": 62.54966733943613,
    "mean_add_points_hybrid": 93.37913741223672,
    "point_map_generic": {
        "(4, 10)": 1.0,
        "(4, 20)": 2.0,
        "(4, 30)": 3.0,
        "(4, 40)": 4.0,
        "(4, 50)": 5.0,
        "(8, 10)": 6.072,
        "(8, 20)": 10.015,
        "(8, 30)": 11.057,
        "(8, 40)": 12.383,
        "(8, 50)": 13.767,
        "(16, 10)": 7.084,
        "(16, 20)": 13.185,
        "(16, 30)": 14.717,
        "(16, 40)": 16.287,
        "(16, 50)": 17.582,
        "(32, 10)": 8.146,
        "(32, 20)": 17.16,
        "(32, 30)": 18.712,
        "(32, 40)": 20.219,
        "(32, 50)": 21.376376376376378,
        "(64, 10)": 9.028282828282828,
        "(64, 20)": 21.34036144578313,
        "(64, 30)": 22.663814180929094,
        "(64, 40)": 24.0,
        "(64, 50)": 0
    },
    "base_point_cost": 4.430197258864756,
    "min_points": 9,
    "budget": 65.0
}