{
    "percentage_bucket_counter_full": {
        "rest": 100.0,
        "5": 86.98698698698699,
        "10": 94.49449449449449,
        "15": 97.8978978978979,
        "20": 99.8998998998999
    },
    "percentage_bucket_counter_gpr": {
        "rest": 100.0,
        "5": 86.11670020120724,
        "10": 94.76861167002012,
        "15": 98.08853118712274,
        "20": 100.0
    },
    "percentage_bucket_counter_hybrid": {
        "rest": 100.0,
        "5": 86.11670020120724,
        "10": 94.76861167002012,
        "15": 98.08853118712274,
        "20": 100.0
    },
    "mean_budget_generic": 32.572416320803434,
    "percentage_bucket_counter_generic": {
        "rest": 100.0,
        "5": 84.98498498498499,
        "10": 92.992992992993,
        "15": 96.7967967967968,
        "20": 98.8988988988989
    },
    "mean_add_points_generic": 85.82582582582583,
    "mean_add_points_gpr": 87.35211267605634,
    "mean_budget_gpr": 38.18209149489232,
    "mean_budget_hybrid": 38.18171386238858,
    "mean_add_points_hybrid": 87.35311871227364,
    "point_map_generic": {
        "(4, 10)": 1.0,
        "(4, 20)": 2.0,
        "(4, 30)": 3.0,
        "(4, 40)": 4.0,
        "(4, 50)": 5.0,
        "(8, 10)": 6.072,
        "(8, 20)": 10.015,
        "(8, 30)": 11.057,
        "(8, 40)": 12.383,
        "(8, 50)": 13.767,
        "(16, 10)": 7.084,
        "(16, 20)": 13.185,
        "(16, 30)": 14.717,
        "(16, 40)": 16.287,
        "(16, 50)": 17.57757757757758,
        "(32, 10)": 8.04233870967742,
        "(32, 20)": 17.15815815815816,
        "(32, 30)": 18.70967741935484,
        "(32, 40)": 20.1602787456446,
        "(32, 50)": 21.197875166002657,
        "(64, 10)": 9.0,
        "(64, 20)": 20.929065743944637,
        "(64, 30)": 22.318493150684933,
        "(64, 40)": 0,
        "(64, 50)": 0
    },
    "base_point_cost": 4.430197258864756,
    "min_points": 9,
    "budget": 40.0
}