{
    "percentage_bucket_counter_full": {
        "rest": 100.0,
        "5": 87.9,
        "10": 95.3,
        "15": 98.3,
        "20": 99.7
    },
    "percentage_bucket_counter_generic": {
        "rest": 100.0,
        "5": 85.3,
        "10": 91.60000000000001,
        "15": 96.2,
        "20": 97.7
    },
    "mean_budget_generic": 22.03998153330822,
    "mean_add_points_generic": 401.84184184184187,
    "nr_func_modeled_generic": 999,
    "percentage_bucket_counter_gpr": {
        "rest": 100.0,
        "5": 85.5,
        "10": 92.30000000000001,
        "15": 96.6,
        "20": 98.0
    },
    "mean_add_points_gpr": 403.9138276553106,
    "mean_budget_gpr": 22.800864085830856,
    "nr_func_modeled_gpr": 998,
    "percentage_bucket_counter_hybrid": {
        "rest": 100.0,
        "5": 85.5,
        "10": 92.30000000000001,
        "15": 96.6,
        "20": 98.0
    },
    "mean_budget_hybrid": 22.800864085830856,
    "mean_add_points_hybrid": 403.9138276553106,
    "nr_func_modeled_hybrid": 998,
    "point_map_generic": {
        "(4, 10, 1000)": 1.137,
        "(4, 10, 2000)": 9.957,
        "(4, 10, 3000)": 10.978,
        "(4, 10, 4000)": 12.035,
        "(4, 10, 5000)": 12.943,
        "(4, 20, 1000)": 2.193,
        "(4, 20, 2000)": 14.383,
        "(4, 20, 3000)": 16.8,
        "(4, 20, 4000)": 19.819,
        "(4, 20, 5000)": 22.988,
        "(4, 30, 1000)": 3.213,
        "(4, 30, 2000)": 18.316,
        "(4, 30, 3000)": 22.14,
        "(4, 30, 4000)": 25.925,
        "(4, 30, 5000)": 29.448,
        "(4, 40, 1000)": 4.309,
        "(4, 40, 2000)": 23.075,
        "(4, 40, 3000)": 27.595,
        "(4, 40, 4000)": 32.072,
        "(4, 40, 5000)": 35.47,
        "(4, 50, 1000)": 5.376,
        "(4, 50, 2000)": 28.362,
        "(4, 50, 3000)": 33.255,
        "(4, 50, 4000)": 37.745,
        "(4, 50, 5000)": 41.261,
        "(8, 10, 1000)": 6.337,
        "(8, 10, 2000)": 21.89,
        "(8, 10, 3000)": 26.207,
        "(8, 10, 4000)": 30.342,
        "(8, 10, 5000)": 33.832,
        "(8, 20, 1000)": 23.078,
        "(8, 20, 2000)": 30.332,
        "(8, 20, 3000)": 35.737,
        "(8, 20, 4000)": 39.954,
        "(8, 20, 5000)": 43.842,
        "(8, 30, 1000)": 30.295,
        "(8, 30, 2000)": 38.113,
        "(8, 30, 3000)": 43.859,
        "(8, 30, 4000)": 48.271,
        "(8, 30, 5000)": 52.205,
        "(8, 40, 1000)": 36.904,
        "(8, 40, 2000)": 45.204,
        "(8, 40, 3000)": 50.698,
        "(8, 40, 4000)": 55.291,
        "(8, 40, 5000)": 58.761,
        "(8, 50, 1000)": 42.786,
        "(8, 50, 2000)": 50.933,
        "(8, 50, 3000)": 56.754,
        "(8, 50, 4000)": 60.661,
        "(8, 50, 5000)": 64.394,
        "(16, 10, 1000)": 7.735,
        "(16, 10, 2000)": 41.86,
        "(16, 10, 3000)": 47.338,
        "(16, 10, 4000)": 51.736,
        "(16, 10, 5000)": 55.020161290322584,
        "(16, 20, 1000)": 44.346,
        "(16, 20, 2000)": 52.888,
        "(16, 20, 3000)": 58.874,
        "(16, 20, 4000)": 63.196,
        "(16, 20, 5000)": 66.88527918781726,
        "(16, 30, 1000)": 52.688,
        "(16, 30, 2000)": 61.636,
        "(16, 30, 3000)": 67.535,
        "(16, 30, 4000)": 71.726,
        "(16, 30, 5000)": 75.06243602865916,
        "(16, 40, 1000)": 59.593,
        "(16, 40, 2000)": 68.65531062124248,
        "(16, 40, 3000)": 73.9559118236473,
        "(16, 40, 4000)": 78.25379170879677,
        "(16, 40, 5000)": 81.50105263157894,
        "(16, 50, 1000)": 63.340262582056894,
        "(16, 50, 2000)": 72.42116868798236,
        "(16, 50, 3000)": 78.21348314606742,
        "(16, 50, 4000)": 82.87001140250855,
        "(16, 50, 5000)": 86.2820823244552,
        "(32, 10, 1000)": 8.94188376753507,
        "(32, 10, 2000)": 65.07878151260505,
        "(32, 10, 3000)": 69.53429203539822,
        "(32, 10, 4000)": 74.09808342728297,
        "(32, 10, 5000)": 76.14319248826291,
        "(32, 20, 1000)": 68.02254098360656,
        "(32, 20, 2000)": 77.08406113537117,
        "(32, 20, 3000)": 82.60093348891482,
        "(32, 20, 4000)": 86.56718192627824,
        "(32, 20, 5000)": 90.18575063613231,
        "(32, 30, 1000)": 75.79710144927536,
        "(32, 30, 2000)": 85.42524509803921,
        "(32, 30, 3000)": 91.24102564102564,
        "(32, 30, 4000)": 95.94391244870042,
        "(32, 30, 5000)": 98.90548780487805,
        "(32, 40, 1000)": 80.47281921618205,
        "(32, 40, 2000)": 91.22330097087378,
        "(32, 40, 3000)": 97.38921282798835,
        "(32, 40, 4000)": 101.89544688026982,
        "(32, 40, 5000)": 103.51287128712872,
        "(32, 50, 1000)": 84.60433604336043,
        "(32, 50, 2000)": 95.65538461538462,
        "(32, 50, 3000)": 101.52307692307693,
        "(32, 50, 4000)": 104.11909650924025,
        "(32, 50, 5000)": 106.2620320855615,
        "(64, 10, 1000)": 9.466127401415571,
        "(64, 10, 2000)": 81.82437275985663,
        "(64, 10, 3000)": 88.91240875912409,
        "(64, 10, 4000)": 92.74948665297741,
        "(64, 10, 5000)": 92.2579185520362,
        "(64, 20, 1000)": 86.4719298245614,
        "(64, 20, 2000)": 98.36565656565656,
        "(64, 20, 3000)": 104.49742268041237,
        "(64, 20, 4000)": 107.18214285714286,
        "(64, 20, 5000)": 109.31797235023042,
        "(64, 30, 1000)": 93.4879120879121,
        "(64, 30, 2000)": 106.29539295392954,
        "(64, 30, 3000)": 112.90140845070422,
        "(64, 30, 4000)": 116.07142857142857,
        "(64, 30, 5000)": 115.25,
        "(64, 40, 1000)": 96.94609164420486,
        "(64, 40, 2000)": 109.30701754385964,
        "(64, 40, 3000)": 117.10526315789474,
        "(64, 40, 4000)": 0,
        "(64, 40, 5000)": 0,
        "(64, 50, 1000)": 99.32698412698413,
        "(64, 50, 2000)": 111.46979865771812,
        "(64, 50, 3000)": 116.0,
        "(64, 50, 4000)": 0,
        "(64, 50, 5000)": 0
    },
    "base_point_cost": 0.8147229837570119,
    "min_points": 13,
    "budget": 23.0
}