{
    "percentage_bucket_counter_full": {
        "rest": 100.0,
        "5": 28.57142857142857,
        "10": 28.57142857142857,
        "15": 71.42857142857143,
        "20": 71.42857142857143
    },
    "percentage_bucket_counter_generic": {
        "rest": 100.0,
        "5": 14.285714285714285,
        "10": 14.285714285714285,
        "15": 14.285714285714285,
        "20": 28.57142857142857
    },
    "mean_budget_generic": 31.27989062616421,
    "mean_add_points_generic": 96.42857142857143,
    "nr_func_modeled_generic": 7,
    "percentage_bucket_counter_gpr": {
        "rest": 100.0,
        "5": 28.57142857142857,
        "10": 57.14285714285714,
        "15": 71.42857142857143,
        "20": 85.71428571428571
    },
    "mean_add_points_gpr": 97.85714285714286,
    "mean_budget_gpr": 35.40558265927355,
    "nr_func_modeled_gpr": 7,
    "percentage_bucket_counter_hybrid": {
        "rest": 100.0,
        "5": 42.857142857142854,
        "10": 57.14285714285714,
        "15": 71.42857142857143,
        "20": 85.71428571428571
    },
    "mean_budget_hybrid": 35.37725149146317,
    "mean_add_points_hybrid": 98.14285714285714,
    "nr_func_modeled_hybrid": 7,
    "base_point_cost": 2.7205312649627476,
    "min_points": 9,
    "budget": 36
}