{
    "percentage_bucket_counter_full": {
        "rest": 100.0,
        "5": 28.57142857142857,
        "10": 28.57142857142857,
        "15": 71.42857142857143,
        "20": 71.42857142857143
    },
    "percentage_bucket_counter_generic": {
        "rest": 100.0,
        "5": 14.285714285714285,
        "10": 42.857142857142854,
        "15": 71.42857142857143,
        "20": 71.42857142857143
    },
    "mean_budget_generic": 49.789953411683086,
    "mean_add_points_generic": 108.57142857142857,
    "nr_func_modeled_generic": 7,
    "percentage_bucket_counter_gpr": {
        "rest": 100.0,
        "5": 28.57142857142857,
        "10": 42.857142857142854,
        "15": 57.14285714285714,
        "20": 71.42857142857143
    },
    "mean_add_points_gpr": 110.57142857142857,
    "mean_budget_gpr": 56.11658930149923,
    "nr_func_modeled_gpr": 7,
    "percentage_bucket_counter_hybrid": {
        "rest": 100.0,
        "5": 28.57142857142857,
        "10": 42.857142857142854,
        "15": 57.14285714285714,
        "20": 71.42857142857143
    },
    "mean_budget_hybrid": 56.11658930149923,
    "mean_add_points_hybrid": 110.57142857142857,
    "nr_func_modeled_hybrid": 7,
    "base_point_cost": 2.720531264962748,
    "min_points": 9,
    "budget": 57
}