{
    "percentage_bucket_counter_full": {
        "rest": 100.0,
        "5": 28.57142857142857,
        "10": 28.57142857142857,
        "15": 71.42857142857143,
        "20": 71.42857142857143
    },
    "percentage_bucket_counter_generic": {
        "rest": 100.0,
        "5": 14.285714285714285,
        "10": 14.285714285714285,
        "15": 14.285714285714285,
        "20": 28.57142857142857
    },
    "mean_budget_generic": 29.237833558102107,
    "mean_add_points_generic": 94.28571428571429,
    "nr_func_modeled_generic": 7,
    "percentage_bucket_counter_gpr": {
        "rest": 100.0,
        "5": 14.285714285714285,
        "10": 28.57142857142857,
        "15": 28.57142857142857,
        "20": 42.857142857142854
    },
    "mean_add_points_gpr": 94.0,
    "mean_budget_gpr": 30.618696823169746,
    "nr_func_modeled_gpr": 7,
    "percentage_bucket_counter_hybrid": {
        "rest": 100.0,
        "5": 14.285714285714285,
        "10": 28.57142857142857,
        "15": 28.57142857142857,
        "20": 42.857142857142854
    },
    "mean_budget_hybrid": 30.813670431550097,
    "mean_add_points_hybrid": 94.42857142857143,
    "nr_func_modeled_hybrid": 7,
    "base_point_cost": 2.7205312649627476,
    "min_points": 9,
    "budget": 31
}