{
    "percentage_bucket_counter_full": {
        "rest": 100.0,
        "5": 28.57142857142857,
        "10": 28.57142857142857,
        "15": 71.42857142857143,
        "20": 71.42857142857143
    },
    "percentage_bucket_counter_generic": {
        "rest": 100.0,
        "5": 14.285714285714285,
        "10": 42.857142857142854,
        "15": 71.42857142857143,
        "20": 71.42857142857143
    },
    "mean_budget_generic": 77.13792897772309,
    "mean_add_points_generic": 120.0,
    "nr_func_modeled_generic": 7,
    "percentage_bucket_counter_gpr": {
        "rest": 100.0,
        "5": 28.57142857142857,
        "10": 28.57142857142857,
        "15": 71.42857142857143,
        "20": 85.71428571428571
    },
    "mean_add_points_gpr": 122.71428571428571,
    "mean_budget_gpr": 90.36854997584294,
    "nr_func_modeled_gpr": 7,
    "percentage_bucket_counter_hybrid": {
        "rest": 100.0,
        "5": 28.57142857142857,
        "10": 28.57142857142857,
        "15": 71.42857142857143,
        "20": 85.71428571428571
    },
    "mean_budget_hybrid": 90.40881824392451,
    "mean_add_points_hybrid": 122.71428571428571,
    "nr_func_modeled_hybrid": 7,
    "base_point_cost": 2.7205312649627476,
    "min_points": 9,
    "budget": 93
}