{
    "percentage_bucket_counter_full": {
        "rest": 100.0,
        "5": 28.57142857142857,
        "10": 28.57142857142857,
        "15": 71.42857142857143,
        "20": 71.42857142857143
    },
    "percentage_bucket_counter_generic": {
        "rest": 100.0,
        "5": 0.0,
        "10": 0.0,
        "15": 14.285714285714285,
        "20": 14.285714285714285
    },
    "mean_budget_generic": 10.470925373298245,
    "mean_add_points_generic": 75.0,
    "nr_func_modeled_generic": 6,
    "percentage_bucket_counter_gpr": {
        "rest": 100.0,
        "5": 14.285714285714285,
        "10": 14.285714285714285,
        "15": 14.285714285714285,
        "20": 14.285714285714285
    },
    "mean_add_points_gpr": 68.57142857142857,
    "mean_budget_gpr": 11.852420119784105,
    "nr_func_modeled_gpr": 7,
    "percentage_bucket_counter_hybrid": {
        "rest": 100.0,
        "5": 14.285714285714285,
        "10": 28.57142857142857,
        "15": 28.57142857142857,
        "20": 28.57142857142857
    },
    "mean_budget_hybrid": 11.833605979378717,
    "mean_add_points_hybrid": 69.28571428571429,
    "nr_func_modeled_hybrid": 7,
    "base_point_cost": 2.7205312649627476,
    "min_points": 9,
    "budget": 12
}