{
    "percentage_bucket_counter_random": {
        "rest": 100.0,
        "5": 87.9,
        "10": 96.0,
        "15": 98.2,
        "20": 99.7
    },
    "mean_budget_random": 40.15067,
    "mean_add_points_random": 231.323,
    "nr_func_modeled_random": 1000,
    "percentage_bucket_counter_grid": {
        "rest": 100.0,
        "5": 85.6,
        "10": 94.3,
        "15": 97.6,
        "20": 99.3
    },
    "mean_budget_grid": 38.473058605501315,
    "mean_add_points_grid": 117.496,
    "nr_func_modeled_grid": 1000,
    "percentage_bucket_counter_bayesian": {
        "rest": 100.0,
        "5": 86.9,
        "10": 93.89999999999999,
        "15": 97.39999999999999,
        "20": 98.9
    },
    "mean_budget_bayesian": 40.7886483761829,
    "mean_add_points_bayesian": 435.97595190380764,
    "nr_func_modeled_bayesian": 998,
    "percentage_bucket_counter_full": {
        "rest": 100.0,
        "5": 87.9,
        "10": 95.3,
        "15": 98.3,
        "20": 99.7
    },
    "percentage_bucket_counter_generic": {
        "rest": 100.0,
        "5": 86.3,
        "10": 93.2,
        "15": 97.0,
        "20": 98.3
    },
    "mean_budget_generic": 39.29005696213283,
    "mean_add_points_generic": 439.5275275275275,
    "nr_func_modeled_generic": 999,
    "percentage_bucket_counter_gpr": {
        "rest": 100.0,
        "5": 86.1,
        "10": 94.1,
        "15": 97.3,
        "20": 98.8
    },
    "mean_add_points_gpr": 440.7054108216433,
    "mean_budget_gpr": 40.62129409700527,
    "nr_func_modeled_gpr": 998,
    "percentage_bucket_counter_hybrid": {
        "rest": 100.0,
        "5": 86.1,
        "10": 94.1,
        "15": 97.3,
        "20": 98.8
    },
    "mean_budget_hybrid": 40.62129409700527,
    "mean_add_points_hybrid": 440.7054108216433,
    "nr_func_modeled_hybrid": 998,
    "point_map_generic": {
        "(4, 10, 1000)": 1.137,
        "(4, 10, 2000)": 9.957,
        "(4, 10, 3000)": 10.978,
        "(4, 10, 4000)": 12.035,
        "(4, 10, 5000)": 12.943,
        "(4, 20, 1000)": 2.193,
        "(4, 20, 2000)": 14.383,
        "(4, 20, 3000)": 16.8,
        "(4, 20, 4000)": 19.819,
        "(4, 20, 5000)": 22.988,
        "(4, 30, 1000)": 3.213,
        "(4, 30, 2000)": 18.316,
        "(4, 30, 3000)": 22.14,
        "(4, 30, 4000)": 25.925,
        "(4, 30, 5000)": 29.448,
        "(4, 40, 1000)": 4.309,
        "(4, 40, 2000)": 23.075,
        "(4, 40, 3000)": 27.595,
        "(4, 40, 4000)": 32.072,
        "(4, 40, 5000)": 35.47,
        "(4, 50, 1000)": 5.376,
        "(4, 50, 2000)": 28.362,
        "(4, 50, 3000)": 33.255,
        "(4, 50, 4000)": 37.745,
        "(4, 50, 5000)": 41.261,
        "(8, 10, 1000)": 6.337,
        "(8, 10, 2000)": 21.89,
        "(8, 10, 3000)": 26.207,
        "(8, 10, 4000)": 30.342,
        "(8, 10, 5000)": 33.832,
        "(8, 20, 1000)": 23.078,
        "(8, 20, 2000)": 30.332,
        "(8, 20, 3000)": 35.737,
        "(8, 20, 4000)": 39.954,
        "(8, 20, 5000)": 43.842,
        "(8, 30, 1000)": 30.295,
        "(8, 30, 2000)": 38.113,
        "(8, 30, 3000)": 43.859,
        "(8, 30, 4000)": 48.271,
        "(8, 30, 5000)": 52.205,
        "(8, 40, 1000)": 36.904,
        "(8, 40, 2000)": 45.204,
        "(8, 40, 3000)": 50.698,
        "(8, 40, 4000)": 55.291,
        "(8, 40, 5000)": 58.761,
        "(8, 50, 1000)": 42.786,
        "(8, 50, 2000)": 50.933,
        "(8, 50, 3000)": 56.754,
        "(8, 50, 4000)": 60.661,
        "(8, 50, 5000)": 64.394,
        "(16, 10, 1000)": 7.735,
        "(16, 10, 2000)": 41.86,
        "(16, 10, 3000)": 47.338,
        "(16, 10, 4000)": 51.736,
        "(16, 10, 5000)": 55.206,
        "(16, 20, 1000)": 44.346,
        "(16, 20, 2000)": 52.888,
        "(16, 20, 3000)": 58.874,
        "(16, 20, 4000)": 63.196,
        "(16, 20, 5000)": 67.072,
        "(16, 30, 1000)": 52.688,
        "(16, 30, 2000)": 61.636,
        "(16, 30, 3000)": 67.535,
        "(16, 30, 4000)": 71.726,
        "(16, 30, 5000)": 75.16,
        "(16, 40, 1000)": 59.593,
        "(16, 40, 2000)": 68.688,
        "(16, 40, 3000)": 73.974,
        "(16, 40, 4000)": 78.364,
        "(16, 40, 5000)": 81.495,
        "(16, 50, 1000)": 65.657,
        "(16, 50, 2000)": 73.985,
        "(16, 50, 3000)": 79.424,
        "(16, 50, 4000)": 83.764,
        "(16, 50, 5000)": 86.77,
        "(32, 10, 1000)": 9.081,
        "(32, 10, 2000)": 65.86,
        "(32, 10, 3000)": 71.051,
        "(32, 10, 4000)": 75.79396984924622,
        "(32, 10, 5000)": 78.09577754891865,
        "(32, 20, 1000)": 68.306,
        "(32, 20, 2000)": 77.527,
        "(32, 20, 3000)": 83.16,
        "(32, 20, 4000)": 87.05929648241207,
        "(32, 20, 5000)": 90.73563218390805,
        "(32, 30, 1000)": 76.795,
        "(32, 30, 2000)": 85.623,
        "(32, 30, 3000)": 90.819,
        "(32, 30, 4000)": 95.08333333333333,
        "(32, 30, 5000)": 98.2552966101695,
        "(32, 40, 1000)": 83.02710843373494,
        "(32, 40, 2000)": 91.54703476482618,
        "(32, 40, 3000)": 96.6028955532575,
        "(32, 40, 4000)": 100.99887766554433,
        "(32, 40, 5000)": 103.5241935483871,
        "(32, 50, 1000)": 86.02038505096263,
        "(32, 50, 2000)": 95.40228571428571,
        "(32, 50, 3000)": 100.72578763127188,
        "(32, 50, 4000)": 104.22289890377589,
        "(32, 50, 5000)": 106.74084507042254,
        "(64, 10, 1000)": 9.90241448692153,
        "(64, 10, 2000)": 88.20238095238095,
        "(64, 10, 3000)": 92.34285714285714,
        "(64, 10, 4000)": 95.38253012048193,
        "(64, 10, 5000)": 96.68768328445748,
        "(64, 20, 1000)": 90.9357476635514,
        "(64, 20, 2000)": 99.89338731443995,
        "(64, 20, 3000)": 104.984667802385,
        "(64, 20, 4000)": 108.40566037735849,
        "(64, 20, 5000)": 109.79898218829517,
        "(64, 30, 1000)": 96.6906584992343,
        "(64, 30, 2000)": 107.24609375,
        "(64, 30, 3000)": 113.28368794326241,
        "(64, 30, 4000)": 116.30897009966777,
        "(64, 30, 5000)": 117.49019607843137,
        "(64, 40, 1000)": 100.44649446494465,
        "(64, 40, 2000)": 111.56435643564356,
        "(64, 40, 3000)": 117.24603174603175,
        "(64, 40, 4000)": 120.5,
        "(64, 40, 5000)": 116.0,
        "(64, 50, 1000)": 102.46843177189409,
        "(64, 50, 2000)": 113.46020761245674,
        "(64, 50, 3000)": 118.40625,
        "(64, 50, 4000)": 0,
        "(64, 50, 5000)": 0
    },
    "base_point_cost": 0.8147229837570119,
    "min_points": 13,
    "budget": 41.0
}