{
    "percentage_bucket_counter_full": {
        "rest": 100.0,
        "5": 9.836065573770492,
        "10": 15.846994535519126,
        "15": 19.672131147540984,
        "20": 22.404371584699454
    },
    "percentage_bucket_counter_generic": {
        "rest": 100.0,
        "5": 11.475409836065573,
        "10": 15.300546448087433,
        "15": 17.48633879781421,
        "20": 22.404371584699454
    },
    "mean_budget_generic": 66.22058007677295,
    "mean_add_points_generic": 105.38251366120218,
    "nr_func_modeled_generic": 183,
    "percentage_bucket_counter_gpr": {
        "rest": 100.0,
        "5": 8.743169398907105,
        "10": 15.300546448087433,
        "15": 20.21857923497268,
        "20": 21.311475409836063
    },
    "mean_add_points_gpr": 108.31666666666666,
    "mean_budget_gpr": 70.20687922243481,
    "nr_func_modeled_gpr": 180,
    "percentage_bucket_counter_hybrid": {
        "rest": 100.0,
        "5": 8.19672131147541,
        "10": 14.754098360655737,
        "15": 19.12568306010929,
        "20": 20.21857923497268
    },
    "mean_budget_hybrid": 70.1853083949236,
    "mean_add_points_hybrid": 108.34078212290503,
    "nr_func_modeled_hybrid": 179,
    "base_point_cost": 8.240757247224868,
    "min_points": 9,
    "budget": 71
}