{
    "percentage_bucket_counter_full": {
        "rest": 100.0,
        "5": 9.836065573770492,
        "10": 15.846994535519126,
        "15": 19.672131147540984,
        "20": 22.404371584699454
    },
    "percentage_bucket_counter_generic": {
        "rest": 100.0,
        "5": 10.382513661202186,
        "10": 16.39344262295082,
        "15": 19.12568306010929,
        "20": 20.76502732240437
    },
    "mean_budget_generic": 83.88070230241613,
    "mean_add_points_generic": 116.72131147540983,
    "nr_func_modeled_generic": 183,
    "percentage_bucket_counter_gpr": {
        "rest": 100.0,
        "5": 10.382513661202186,
        "10": 14.754098360655737,
        "15": 20.21857923497268,
        "20": 21.311475409836063
    },
    "mean_add_points_gpr": 119.39890710382514,
    "mean_budget_gpr": 87.93194939843562,
    "nr_func_modeled_gpr": 183,
    "percentage_bucket_counter_hybrid": {
        "rest": 100.0,
        "5": 9.836065573770492,
        "10": 14.754098360655737,
        "15": 20.21857923497268,
        "20": 21.311475409836063
    },
    "mean_budget_hybrid": 87.90926891613042,
    "mean_add_points_hybrid": 119.3879781420765,
    "nr_func_modeled_hybrid": 183,
    "base_point_cost": 8.240757247224868,
    "min_points": 9,
    "budget": 89
}