{
    "percentage_bucket_counter_full": {
        "rest": 100.0,
        "5": 9.836065573770492,
        "10": 15.846994535519126,
        "15": 19.672131147540984,
        "20": 22.404371584699454
    },
    "percentage_bucket_counter_generic": {
        "rest": 100.0,
        "5": 9.836065573770492,
        "10": 15.300546448087433,
        "15": 17.48633879781421,
        "20": 20.21857923497268
    },
    "mean_budget_generic": 58.43875798910214,
    "mean_add_points_generic": 100.30054644808743,
    "nr_func_modeled_generic": 183,
    "percentage_bucket_counter_gpr": {
        "rest": 100.0,
        "5": 9.289617486338798,
        "10": 14.754098360655737,
        "15": 19.12568306010929,
        "20": 21.311475409836063
    },
    "mean_add_points_gpr": 102.97252747252747,
    "mean_budget_gpr": 63.190281932495495,
    "nr_func_modeled_gpr": 182,
    "percentage_bucket_counter_hybrid": {
        "rest": 100.0,
        "5": 9.836065573770492,
        "10": 14.754098360655737,
        "15": 19.12568306010929,
        "20": 21.311475409836063
    },
    "mean_budget_hybrid": 63.17521844175734,
    "mean_add_points_hybrid": 102.98342541436465,
    "nr_func_modeled_hybrid": 181,
    "base_point_cost": 8.240757247224868,
    "min_points": 9,
    "budget": 64
}