{
    "percentage_bucket_counter_full": {
        "rest": 100.0,
        "5": 9.836065573770492,
        "10": 15.846994535519126,
        "15": 19.672131147540984,
        "20": 22.404371584699454
    },
    "percentage_bucket_counter_generic": {
        "rest": 100.0,
        "5": 10.382513661202186,
        "10": 15.846994535519126,
        "15": 18.0327868852459,
        "20": 20.21857923497268
    },
    "mean_budget_generic": 76.75803836778942,
    "mean_add_points_generic": 112.73224043715847,
    "nr_func_modeled_generic": 183,
    "percentage_bucket_counter_gpr": {
        "rest": 100.0,
        "5": 9.836065573770492,
        "10": 14.754098360655737,
        "15": 20.76502732240437,
        "20": 21.85792349726776
    },
    "mean_add_points_gpr": 116.14364640883979,
    "mean_budget_gpr": 82.05935241909852,
    "nr_func_modeled_gpr": 181,
    "percentage_bucket_counter_hybrid": {
        "rest": 100.0,
        "5": 9.836065573770492,
        "10": 14.754098360655737,
        "15": 20.76502732240437,
        "20": 21.311475409836063
    },
    "mean_budget_hybrid": 82.05420153557198,
    "mean_add_points_hybrid": 116.15469613259668,
    "nr_func_modeled_hybrid": 181,
    "base_point_cost": 8.240757247224868,
    "min_points": 9,
    "budget": 83
}