{
    "percentage_bucket_counter_full": {
        "rest": 100.0,
        "5": 9.836065573770492,
        "10": 15.846994535519126,
        "15": 19.672131147540984,
        "20": 22.404371584699454
    },
    "percentage_bucket_counter_generic": {
        "rest": 100.0,
        "5": 9.289617486338798,
        "10": 14.754098360655737,
        "15": 16.39344262295082,
        "20": 19.12568306010929
    },
    "mean_budget_generic": 50.08000143391461,
    "mean_add_points_generic": 93.3879781420765,
    "nr_func_modeled_generic": 183,
    "percentage_bucket_counter_gpr": {
        "rest": 100.0,
        "5": 10.92896174863388,
        "10": 15.300546448087433,
        "15": 19.672131147540984,
        "20": 22.404371584699454
    },
    "mean_add_points_gpr": 94.96666666666667,
    "mean_budget_gpr": 53.47160611740764,
    "nr_func_modeled_gpr": 180,
    "percentage_bucket_counter_hybrid": {
        "rest": 100.0,
        "5": 10.92896174863388,
        "10": 15.300546448087433,
        "15": 19.672131147540984,
        "20": 22.404371584699454
    },
    "mean_budget_hybrid": 53.46288455776044,
    "mean_add_points_hybrid": 95.06077348066299,
    "nr_func_modeled_hybrid": 181,
    "base_point_cost": 8.240757247224868,
    "min_points": 9,
    "budget": 54
}