{
    "percentage_bucket_counter_full": {
        "rest": 100.0,
        "5": 9.836065573770492,
        "10": 15.846994535519126,
        "15": 19.672131147540984,
        "20": 22.404371584699454
    },
    "percentage_bucket_counter_generic": {
        "rest": 100.0,
        "5": 9.289617486338798,
        "10": 14.754098360655737,
        "15": 16.939890710382514,
        "20": 19.12568306010929
    },
    "mean_budget_generic": 42.412462545518174,
    "mean_add_points_generic": 86.39344262295081,
    "nr_func_modeled_generic": 183,
    "percentage_bucket_counter_gpr": {
        "rest": 100.0,
        "5": 9.289617486338798,
        "10": 15.300546448087433,
        "15": 18.579234972677597,
        "20": 20.21857923497268
    },
    "mean_add_points_gpr": 87.18539325842697,
    "mean_budget_gpr": 45.628944196921765,
    "nr_func_modeled_gpr": 178,
    "percentage_bucket_counter_hybrid": {
        "rest": 100.0,
        "5": 9.289617486338798,
        "10": 15.846994535519126,
        "15": 19.12568306010929,
        "20": 20.76502732240437
    },
    "mean_budget_hybrid": 45.54709181588564,
    "mean_add_points_hybrid": 87.53072625698324,
    "nr_func_modeled_hybrid": 179,
    "base_point_cost": 8.240757247224868,
    "min_points": 9,
    "budget": 46
}