{
    "percentage_bucket_counter_full": {
        "rest": 100.0,
        "5": 9.836065573770492,
        "10": 15.846994535519126,
        "15": 19.672131147540984,
        "20": 22.404371584699454
    },
    "percentage_bucket_counter_generic": {
        "rest": 100.0,
        "5": 10.92896174863388,
        "10": 15.300546448087433,
        "15": 17.48633879781421,
        "20": 20.76502732240437
    },
    "mean_budget_generic": 72.5472735085949,
    "mean_add_points_generic": 109.8360655737705,
    "nr_func_modeled_generic": 183,
    "percentage_bucket_counter_gpr": {
        "rest": 100.0,
        "5": 9.289617486338798,
        "10": 14.207650273224044,
        "15": 20.76502732240437,
        "20": 22.404371584699454
    },
    "mean_add_points_gpr": 112.77900552486187,
    "mean_budget_gpr": 77.10474855369739,
    "nr_func_modeled_gpr": 181,
    "percentage_bucket_counter_hybrid": {
        "rest": 100.0,
        "5": 9.289617486338798,
        "10": 14.207650273224044,
        "15": 20.76502732240437,
        "20": 22.404371584699454
    },
    "mean_budget_hybrid": 77.0554267313445,
    "mean_add_points_hybrid": 112.80662983425414,
    "nr_func_modeled_hybrid": 181,
    "base_point_cost": 8.240757247224868,
    "min_points": 9,
    "budget": 78
}