{
    "percentage_bucket_counter_full": {
        "rest": 100.0,
        "5": 9.836065573770492,
        "10": 15.846994535519126,
        "15": 19.672131147540984,
        "20": 22.404371584699454
    },
    "percentage_bucket_counter_generic": {
        "rest": 100.0,
        "5": 9.836065573770492,
        "10": 13.661202185792352,
        "15": 15.846994535519126,
        "20": 19.12568306010929
    },
    "mean_budget_generic": 35.435947109523745,
    "mean_add_points_generic": 78.77049180327869,
    "nr_func_modeled_generic": 183,
    "percentage_bucket_counter_gpr": {
        "rest": 100.0,
        "5": 9.836065573770492,
        "10": 16.939890710382514,
        "15": 19.672131147540984,
        "20": 21.85792349726776
    },
    "mean_add_points_gpr": 78.29943502824858,
    "mean_budget_gpr": 37.63836995740999,
    "nr_func_modeled_gpr": 177,
    "percentage_bucket_counter_hybrid": {
        "rest": 100.0,
        "5": 9.836065573770492,
        "10": 16.939890710382514,
        "15": 20.21857923497268,
        "20": 21.85792349726776
    },
    "mean_budget_hybrid": 37.670132676261694,
    "mean_add_points_hybrid": 78.63128491620111,
    "nr_func_modeled_hybrid": 179,
    "base_point_cost": 8.240757247224868,
    "min_points": 9,
    "budget": 38
}