{
    "percentage_bucket_counter_full": {
        "rest": 100.0,
        "5": 9.836065573770492,
        "10": 15.846994535519126,
        "15": 19.672131147540984,
        "20": 22.404371584699454
    },
    "percentage_bucket_counter_generic": {
        "rest": 100.0,
        "5": 8.19672131147541,
        "10": 14.207650273224044,
        "15": 16.939890710382514,
        "20": 19.12568306010929
    },
    "mean_budget_generic": 53.49438202245994,
    "mean_add_points_generic": 96.12021857923497,
    "nr_func_modeled_generic": 183,
    "percentage_bucket_counter_gpr": {
        "rest": 100.0,
        "5": 11.475409836065573,
        "10": 16.39344262295082,
        "15": 20.76502732240437,
        "20": 22.404371584699454
    },
    "mean_add_points_gpr": 97.5524861878453,
    "mean_budget_gpr": 56.47081485325437,
    "nr_func_modeled_gpr": 181,
    "percentage_bucket_counter_hybrid": {
        "rest": 100.0,
        "5": 11.475409836065573,
        "10": 16.39344262295082,
        "15": 20.76502732240437,
        "20": 22.404371584699454
    },
    "mean_budget_hybrid": 56.42651252055454,
    "mean_add_points_hybrid": 97.64088397790056,
    "nr_func_modeled_hybrid": 181,
    "base_point_cost": 8.240757247224868,
    "min_points": 9,
    "budget": 57
}