{
    "percentage_bucket_counter_full": {
        "rest": 100.0,
        "5": 9.836065573770492,
        "10": 15.846994535519126,
        "15": 19.672131147540984,
        "20": 22.404371584699454
    },
    "percentage_bucket_counter_generic": {
        "rest": 100.0,
        "5": 9.836065573770492,
        "10": 15.846994535519126,
        "15": 19.672131147540984,
        "20": 22.404371584699454
    },
    "mean_budget_generic": 100.0,
    "mean_add_points_generic": 125.0,
    "nr_func_modeled_generic": 183,
    "percentage_bucket_counter_gpr": {
        "rest": 100.0,
        "5": 9.836065573770492,
        "10": 15.846994535519126,
        "15": 19.672131147540984,
        "20": 22.404371584699454
    },
    "mean_add_points_gpr": 125.0,
    "mean_budget_gpr": 100.0,
    "nr_func_modeled_gpr": 183,
    "percentage_bucket_counter_hybrid": {
        "rest": 100.0,
        "5": 9.836065573770492,
        "10": 15.846994535519126,
        "15": 19.672131147540984,
        "20": 22.404371584699454
    },
    "mean_budget_hybrid": 100.0,
    "mean_add_points_hybrid": 125.0,
    "nr_func_modeled_hybrid": 183,
    "base_point_cost": 8.240757247224868,
    "min_points": 9,
    "budget": 100
}