{
    "percentage_bucket_counter_full": {
        "rest": 100.0,
        "5": 9.836065573770492,
        "10": 15.846994535519126,
        "15": 19.672131147540984,
        "20": 22.404371584699454
    },
    "percentage_bucket_counter_generic": {
        "rest": 100.0,
        "5": 1.092896174863388,
        "10": 1.639344262295082,
        "15": 2.185792349726776,
        "20": 2.185792349726776
    },
    "mean_budget_generic": 16.23826991541898,
    "mean_add_points_generic": 63.916666666666664,
    "nr_func_modeled_generic": 60,
    "percentage_bucket_counter_gpr": {
        "rest": 100.0,
        "5": 8.743169398907105,
        "10": 14.207650273224044,
        "15": 18.0327868852459,
        "20": 19.672131147540984
    },
    "mean_add_points_gpr": 44.93333333333333,
    "mean_budget_gpr": 16.863371669912276,
    "nr_func_modeled_gpr": 180,
    "percentage_bucket_counter_hybrid": {
        "rest": 100.0,
        "5": 8.743169398907105,
        "10": 13.661202185792352,
        "15": 16.939890710382514,
        "20": 19.12568306010929
    },
    "mean_budget_hybrid": 16.79286220996211,
    "mean_add_points_hybrid": 49.75690607734806,
    "nr_func_modeled_hybrid": 181,
    "base_point_cost": 8.240757247224868,
    "min_points": 9,
    "budget": 17
}