{
    "percentage_bucket_counter_full": {
        "rest": 100.0,
        "5": 9.836065573770492,
        "10": 15.846994535519126,
        "15": 19.672131147540984,
        "20": 22.404371584699454
    },
    "percentage_bucket_counter_generic": {
        "rest": 100.0,
        "5": 9.289617486338798,
        "10": 13.661202185792352,
        "15": 15.846994535519126,
        "20": 18.579234972677597
    },
    "mean_budget_generic": 33.496637863677726,
    "mean_add_points_generic": 76.31147540983606,
    "nr_func_modeled_generic": 183,
    "percentage_bucket_counter_gpr": {
        "rest": 100.0,
        "5": 9.289617486338798,
        "10": 16.39344262295082,
        "15": 20.21857923497268,
        "20": 21.311475409836063
    },
    "mean_add_points_gpr": 75.73595505617978,
    "mean_budget_gpr": 35.62867536015796,
    "nr_func_modeled_gpr": 178,
    "percentage_bucket_counter_hybrid": {
        "rest": 100.0,
        "5": 8.743169398907105,
        "10": 16.39344262295082,
        "15": 20.21857923497268,
        "20": 21.311475409836063
    },
    "mean_budget_hybrid": 35.65472005018099,
    "mean_add_points_hybrid": 76.33149171270718,
    "nr_func_modeled_hybrid": 181,
    "base_point_cost": 8.240757247224868,
    "min_points": 9,
    "budget": 36
}