{
    "percentage_bucket_counter_full": {
        "rest": 100.0,
        "5": 9.836065573770492,
        "10": 15.846994535519126,
        "15": 19.672131147540984,
        "20": 22.404371584699454
    },
    "percentage_bucket_counter_generic": {
        "rest": 100.0,
        "5": 10.382513661202186,
        "10": 15.846994535519126,
        "15": 17.48633879781421,
        "20": 20.76502732240437
    },
    "mean_budget_generic": 21.76369694099843,
    "mean_add_points_generic": 64.921875,
    "nr_func_modeled_generic": 128,
    "percentage_bucket_counter_gpr": {
        "rest": 100.0,
        "5": 11.475409836065573,
        "10": 15.300546448087433,
        "15": 19.12568306010929,
        "20": 20.21857923497268
    },
    "mean_add_points_gpr": 53.58011049723757,
    "mean_budget_gpr": 22.827783716955903,
    "nr_func_modeled_gpr": 181,
    "percentage_bucket_counter_hybrid": {
        "rest": 100.0,
        "5": 9.836065573770492,
        "10": 16.39344262295082,
        "15": 19.672131147540984,
        "20": 21.311475409836063
    },
    "mean_budget_hybrid": 22.802549711512206,
    "mean_add_points_hybrid": 57.97802197802198,
    "nr_func_modeled_hybrid": 182,
    "base_point_cost": 8.240757247224868,
    "min_points": 9,
    "budget": 23
}