{
    "percentage_bucket_counter_full": {
        "rest": 100.0,
        "5": 9.836065573770492,
        "10": 15.846994535519126,
        "15": 19.672131147540984,
        "20": 22.404371584699454
    },
    "percentage_bucket_counter_generic": {
        "rest": 100.0,
        "5": 10.92896174863388,
        "10": 15.300546448087433,
        "15": 16.939890710382514,
        "20": 20.21857923497268
    },
    "mean_budget_generic": 30.878670336916564,
    "mean_add_points_generic": 75.74850299401197,
    "nr_func_modeled_generic": 167,
    "percentage_bucket_counter_gpr": {
        "rest": 100.0,
        "5": 8.743169398907105,
        "10": 16.939890710382514,
        "15": 18.579234972677597,
        "20": 21.311475409836063
    },
    "mean_add_points_gpr": 71.73480662983425,
    "mean_budget_gpr": 32.683872595928484,
    "nr_func_modeled_gpr": 181,
    "percentage_bucket_counter_hybrid": {
        "rest": 100.0,
        "5": 8.743169398907105,
        "10": 16.939890710382514,
        "15": 18.579234972677597,
        "20": 21.311475409836063
    },
    "mean_budget_hybrid": 32.676790338770104,
    "mean_add_points_hybrid": 72.34972677595628,
    "nr_func_modeled_hybrid": 183,
    "base_point_cost": 8.24075724722487,
    "min_points": 9,
    "budget": 33
}