{
    "percentage_bucket_counter_full": {
        "rest": 100.0,
        "5": 9.836065573770492,
        "10": 15.846994535519126,
        "15": 19.672131147540984,
        "20": 22.404371584699454
    },
    "percentage_bucket_counter_generic": {
        "rest": 100.0,
        "5": 10.92896174863388,
        "10": 15.300546448087433,
        "15": 17.48633879781421,
        "20": 22.404371584699454
    },
    "mean_budget_generic": 67.1309873570789,
    "mean_add_points_generic": 106.03825136612022,
    "nr_func_modeled_generic": 183,
    "percentage_bucket_counter_gpr": {
        "rest": 100.0,
        "5": 9.289617486338798,
        "10": 14.754098360655737,
        "15": 19.12568306010929,
        "20": 20.21857923497268
    },
    "mean_add_points_gpr": 108.85555555555555,
    "mean_budget_gpr": 71.0307779724134,
    "nr_func_modeled_gpr": 180,
    "percentage_bucket_counter_hybrid": {
        "rest": 100.0,
        "5": 8.743169398907105,
        "10": 14.754098360655737,
        "15": 19.12568306010929,
        "20": 20.21857923497268
    },
    "mean_budget_hybrid": 71.04029666829528,
    "mean_add_points_hybrid": 108.79005524861878,
    "nr_func_modeled_hybrid": 181,
    "base_point_cost": 8.240757247224868,
    "min_points": 9,
    "budget": 72
}