{
    "percentage_bucket_counter_full": {
        "rest": 100.0,
        "5": 9.836065573770492,
        "10": 15.846994535519126,
        "15": 19.672131147540984,
        "20": 22.404371584699454
    },
    "percentage_bucket_counter_generic": {
        "rest": 100.0,
        "5": 2.185792349726776,
        "10": 4.371584699453552,
        "15": 6.557377049180328,
        "20": 8.19672131147541
    },
    "mean_budget_generic": 19.99457719064714,
    "mean_add_points_generic": 65.05102040816327,
    "nr_func_modeled_generic": 98,
    "percentage_bucket_counter_gpr": {
        "rest": 100.0,
        "5": 9.836065573770492,
        "10": 13.661202185792352,
        "15": 18.0327868852459,
        "20": 19.672131147540984
    },
    "mean_add_points_gpr": 50.69060773480663,
    "mean_budget_gpr": 20.81842014846875,
    "nr_func_modeled_gpr": 181,
    "percentage_bucket_counter_hybrid": {
        "rest": 100.0,
        "5": 10.92896174863388,
        "10": 14.754098360655737,
        "15": 17.48633879781421,
        "20": 19.12568306010929
    },
    "mean_budget_hybrid": 20.799320317573546,
    "mean_add_points_hybrid": 55.082417582417584,
    "nr_func_modeled_hybrid": 182,
    "base_point_cost": 8.240757247224868,
    "min_points": 9,
    "budget": 21
}