{
    "percentage_bucket_counter_full": {
        "rest": 100.0,
        "5": 9.836065573770492,
        "10": 15.846994535519126,
        "15": 19.672131147540984,
        "20": 22.404371584699454
    },
    "percentage_bucket_counter_generic": {
        "rest": 100.0,
        "5": 10.92896174863388,
        "10": 16.39344262295082,
        "15": 17.48633879781421,
        "20": 20.21857923497268
    },
    "mean_budget_generic": 23.04869692416644,
    "mean_add_points_generic": 67.70992366412214,
    "nr_func_modeled_generic": 131,
    "percentage_bucket_counter_gpr": {
        "rest": 100.0,
        "5": 10.382513661202186,
        "10": 15.300546448087433,
        "15": 19.672131147540984,
        "20": 21.85792349726776
    },
    "mean_add_points_gpr": 54.62921348314607,
    "mean_budget_gpr": 23.810679343885557,
    "nr_func_modeled_gpr": 178,
    "percentage_bucket_counter_hybrid": {
        "rest": 100.0,
        "5": 10.92896174863388,
        "10": 15.300546448087433,
        "15": 19.12568306010929,
        "20": 21.85792349726776
    },
    "mean_budget_hybrid": 23.79275143757844,
    "mean_add_points_hybrid": 58.672222222222224,
    "nr_func_modeled_hybrid": 180,
    "base_point_cost": 8.240757247224868,
    "min_points": 9,
    "budget": 24
}