{
    "percentage_bucket_counter_full": {
        "rest": 100.0,
        "5": 9.836065573770492,
        "10": 15.846994535519126,
        "15": 19.672131147540984,
        "20": 22.404371584699454
    },
    "percentage_bucket_counter_generic": {
        "rest": 100.0,
        "5": 10.382513661202186,
        "10": 15.846994535519126,
        "15": 18.579234972677597,
        "20": 22.404371584699454
    },
    "mean_budget_generic": 63.013752373298914,
    "mean_add_points_generic": 103.35164835164835,
    "nr_func_modeled_generic": 182,
    "percentage_bucket_counter_gpr": {
        "rest": 100.0,
        "5": 9.289617486338798,
        "10": 14.754098360655737,
        "15": 18.579234972677597,
        "20": 20.76502732240437
    },
    "mean_add_points_gpr": 106.22099447513813,
    "mean_budget_gpr": 67.37173200827284,
    "nr_func_modeled_gpr": 181,
    "percentage_bucket_counter_hybrid": {
        "rest": 100.0,
        "5": 9.289617486338798,
        "10": 14.754098360655737,
        "15": 18.0327868852459,
        "20": 20.21857923497268
    },
    "mean_budget_hybrid": 67.3537487686412,
    "mean_add_points_hybrid": 106.26519337016575,
    "nr_func_modeled_hybrid": 181,
    "base_point_cost": 8.240757247224868,
    "min_points": 9,
    "budget": 68
}