{
    "percentage_bucket_counter_full": {
        "rest": 100.0,
        "5": 9.836065573770492,
        "10": 15.846994535519126,
        "15": 19.672131147540984,
        "20": 22.404371584699454
    },
    "percentage_bucket_counter_generic": {
        "rest": 100.0,
        "5": 9.836065573770492,
        "10": 15.846994535519126,
        "15": 18.579234972677597,
        "20": 20.21857923497268
    },
    "mean_budget_generic": 80.01766932581002,
    "mean_add_points_generic": 114.37158469945355,
    "nr_func_modeled_generic": 183,
    "percentage_bucket_counter_gpr": {
        "rest": 100.0,
        "5": 9.836065573770492,
        "10": 15.846994535519126,
        "15": 20.76502732240437,
        "20": 21.311475409836063
    },
    "mean_add_points_gpr": 117.12637362637362,
    "mean_budget_gpr": 83.78387395263083,
    "nr_func_modeled_gpr": 182,
    "percentage_bucket_counter_hybrid": {
        "rest": 100.0,
        "5": 9.836065573770492,
        "10": 15.846994535519126,
        "15": 20.76502732240437,
        "20": 21.311475409836063
    },
    "mean_budget_hybrid": 83.74244435564125,
    "mean_add_points_hybrid": 117.12707182320442,
    "nr_func_modeled_hybrid": 181,
    "base_point_cost": 8.240757247224868,
    "min_points": 9,
    "budget": 85
}