{
    "percentage_bucket_counter_full": {
        "rest": 100.0,
        "5": 9.836065573770492,
        "10": 15.846994535519126,
        "15": 19.672131147540984,
        "20": 22.404371584699454
    },
    "percentage_bucket_counter_generic": {
        "rest": 100.0,
        "5": 11.475409836065573,
        "10": 15.300546448087433,
        "15": 17.48633879781421,
        "20": 20.76502732240437
    },
    "mean_budget_generic": 72.22789745052384,
    "mean_add_points_generic": 109.59016393442623,
    "nr_func_modeled_generic": 183,
    "percentage_bucket_counter_gpr": {
        "rest": 100.0,
        "5": 8.743169398907105,
        "10": 13.114754098360656,
        "15": 20.21857923497268,
        "20": 21.85792349726776
    },
    "mean_add_points_gpr": 112.19101123595506,
    "mean_budget_gpr": 76.2334035768752,
    "nr_func_modeled_gpr": 178,
    "percentage_bucket_counter_hybrid": {
        "rest": 100.0,
        "5": 9.289617486338798,
        "10": 13.661202185792352,
        "15": 20.21857923497268,
        "20": 21.85792349726776
    },
    "mean_budget_hybrid": 76.23761453890808,
    "mean_add_points_hybrid": 112.26256983240224,
    "nr_func_modeled_hybrid": 179,
    "base_point_cost": 8.240757247224868,
    "min_points": 9,
    "budget": 77
}