{
    "percentage_bucket_counter_full": {
        "rest": 100.0,
        "5": 9.836065573770492,
        "10": 15.846994535519126,
        "15": 19.672131147540984,
        "20": 22.404371584699454
    },
    "percentage_bucket_counter_generic": {
        "rest": 100.0,
        "5": 11.475409836065573,
        "10": 16.39344262295082,
        "15": 19.12568306010929,
        "20": 21.311475409836063
    },
    "mean_budget_generic": 85.41943693973677,
    "mean_add_points_generic": 117.56830601092896,
    "nr_func_modeled_generic": 183,
    "percentage_bucket_counter_gpr": {
        "rest": 100.0,
        "5": 9.289617486338798,
        "10": 14.754098360655737,
        "15": 20.21857923497268,
        "20": 21.85792349726776
    },
    "mean_add_points_gpr": 119.95081967213115,
    "mean_budget_gpr": 88.9429958811967,
    "nr_func_modeled_gpr": 183,
    "percentage_bucket_counter_hybrid": {
        "rest": 100.0,
        "5": 9.289617486338798,
        "10": 14.754098360655737,
        "15": 20.21857923497268,
        "20": 21.85792349726776
    },
    "mean_budget_hybrid": 88.96061280587381,
    "mean_add_points_hybrid": 119.95081967213115,
    "nr_func_modeled_hybrid": 183,
    "base_point_cost": 8.240757247224868,
    "min_points": 9,
    "budget": 90
}