{
    "percentage_bucket_counter_full": {
        "rest": 100.0,
        "5": 9.836065573770492,
        "10": 15.846994535519126,
        "15": 19.672131147540984,
        "20": 22.404371584699454
    },
    "percentage_bucket_counter_generic": {
        "rest": 100.0,
        "5": 9.289617486338798,
        "10": 15.300546448087433,
        "15": 16.939890710382514,
        "20": 19.672131147540984
    },
    "mean_budget_generic": 49.2384319571281,
    "mean_add_points_generic": 92.54098360655738,
    "nr_func_modeled_generic": 183,
    "percentage_bucket_counter_gpr": {
        "rest": 100.0,
        "5": 10.92896174863388,
        "10": 15.846994535519126,
        "15": 19.12568306010929,
        "20": 21.85792349726776
    },
    "mean_add_points_gpr": 94.11173184357541,
    "mean_budget_gpr": 52.55035624591565,
    "nr_func_modeled_gpr": 179,
    "percentage_bucket_counter_hybrid": {
        "rest": 100.0,
        "5": 10.92896174863388,
        "10": 15.846994535519126,
        "15": 19.12568306010929,
        "20": 21.85792349726776
    },
    "mean_budget_hybrid": 52.601314383608035,
    "mean_add_points_hybrid": 94.6536312849162,
    "nr_func_modeled_hybrid": 179,
    "base_point_cost": 8.240757247224868,
    "min_points": 9,
    "budget": 53
}