{
    "percentage_bucket_counter_full": {
        "rest": 100.0,
        "5": 80.45685279187818,
        "10": 89.84771573604061,
        "15": 96.44670050761421,
        "20": 99.49238578680203
    },
    "percentage_bucket_counter_gpr": {
        "rest": 100.0,
        "5": 77.08333333333334,
        "10": 83.85416666666666,
        "15": 91.92708333333334,
        "20": 94.79166666666666
    },
    "percentage_bucket_counter_hybrid": {
        "rest": 100.0,
        "5": 76.94300518134715,
        "10": 83.93782383419689,
        "15": 91.96891191709845,
        "20": 94.81865284974094
    },
    "mean_budget_generic": 4.221532446182935,
    "percentage_bucket_counter_generic": {
        "rest": 100.0,
        "5": 75.63451776649747,
        "10": 82.99492385786802,
        "15": 90.86294416243655,
        "20": 94.16243654822335
    },
    "mean_add_points_generic": 68.07106598984771,
    "mean_add_points_gpr": 69.78125,
    "mean_budget_gpr": 4.808827906188529,
    "mean_budget_hybrid": 4.80916616289152,
    "mean_add_points_hybrid": 69.67357512953367,
    "point_map_generic": {
        "(4, 10)": 1.0,
        "(4, 20)": 2.0,
        "(4, 30)": 3.0,
        "(4, 40)": 4.0,
        "(4, 50)": 5.0,
        "(8, 10)": 6.0,
        "(8, 20)": 9.97938144329897,
        "(8, 30)": 10.480582524271844,
        "(8, 40)": 12.20054945054945,
        "(8, 50)": 13.464788732394366,
        "(16, 10)": 7.0,
        "(16, 20)": 13.307479224376731,
        "(16, 30)": 14.06578947368421,
        "(16, 40)": 16.21107266435986,
        "(16, 50)": 17.34375,
        "(32, 10)": 8.0,
        "(32, 20)": 17.076335877862597,
        "(32, 30)": 16.505208333333332,
        "(32, 40)": 20.0,
        "(32, 50)": 21.0,
        "(64, 10)": 9.0,
        "(64, 20)": 14.5,
        "(64, 30)": 9.0,
        "(64, 40)": 0,
        "(64, 50)": 0
    },
    "base_point_cost": 1.9851934120893278,
    "min_points": 9,
    "budget": 5.0
}