{
    "percentage_bucket_counter_full": {
        "rest": 100.0,
        "5": 85.18518518518519,
        "10": 93.993993993994,
        "15": 97.69769769769769,
        "20": 99.7997997997998
    },
    "percentage_bucket_counter_gpr": {
        "rest": 100.0,
        "5": 85.34136546184739,
        "10": 93.97590361445783,
        "15": 97.28915662650603,
        "20": 99.59839357429718
    },
    "percentage_bucket_counter_hybrid": {
        "rest": 100.0,
        "5": 85.34136546184739,
        "10": 93.97590361445783,
        "15": 97.28915662650603,
        "20": 99.59839357429718
    },
    "mean_budget_generic": 30.053699001217193,
    "percentage_bucket_counter_generic": {
        "rest": 100.0,
        "5": 85.08508508508508,
        "10": 92.7927927927928,
        "15": 96.8968968968969,
        "20": 98.8988988988989
    },
    "mean_add_points_generic": 84.54054054054055,
    "mean_add_points_gpr": 85.83333333333333,
    "mean_budget_gpr": 34.41487079866063,
    "mean_budget_hybrid": 34.41494527331696,
    "mean_add_points_hybrid": 85.83333333333333,
    "point_map_generic": {
        "(4, 10)": 1.0,
        "(4, 20)": 2.0,
        "(4, 30)": 3.0,
        "(4, 40)": 4.0,
        "(4, 50)": 5.0,
        "(8, 10)": 6.204,
        "(8, 20)": 10.043,
        "(8, 30)": 10.894,
        "(8, 40)": 12.38,
        "(8, 50)": 13.764,
        "(16, 10)": 7.312,
        "(16, 20)": 13.216,
        "(16, 30)": 14.468,
        "(16, 40)": 16.289,
        "(16, 50)": 17.575301204819276,
        "(32, 10)": 8.391523713420787,
        "(32, 20)": 17.135764944275582,
        "(32, 30)": 18.33125,
        "(32, 40)": 20.14267185473411,
        "(32, 50)": 21.16521739130435,
        "(64, 10)": 9.0,
        "(64, 20)": 20.897485493230175,
        "(64, 30)": 20.6203007518797,
        "(64, 40)": 0,
        "(64, 50)": 0
    },
    "base_point_cost": 4.433375052922885,
    "min_points": 9,
    "budget": 36.0
}