{
    "percentage_bucket_counter_full": {
        "rest": 100.0,
        "5": 78.76106194690266,
        "10": 90.2654867256637,
        "15": 97.34513274336283,
        "20": 100.0
    },
    "percentage_bucket_counter_gpr": {
        "rest": 100.0,
        "5": 70.79646017699115,
        "10": 84.070796460177,
        "15": 92.03539823008849,
        "20": 95.57522123893806
    },
    "percentage_bucket_counter_hybrid": {
        "rest": 100.0,
        "5": 70.79646017699115,
        "10": 82.30088495575221,
        "15": 92.03539823008849,
        "20": 95.57522123893806
    },
    "mean_budget_generic": 0.7172979269493849,
    "percentage_bucket_counter_generic": {
        "rest": 100.0,
        "5": 69.91150442477876,
        "10": 81.41592920353983,
        "15": 90.2654867256637,
        "20": 93.80530973451327
    },
    "mean_add_points_generic": 55.9646017699115,
    "mean_add_points_gpr": 57.24778761061947,
    "mean_budget_gpr": 0.7702847319523403,
    "mean_budget_hybrid": 0.7695952459974912,
    "mean_add_points_hybrid": 57.256637168141594,
    "point_map_generic": {
        "(4, 10)": 1.0,
        "(4, 20)": 2.0,
        "(4, 30)": 3.0,
        "(4, 40)": 4.0,
        "(4, 50)": 5.0,
        "(8, 10)": 6.0,
        "(8, 20)": 9.929824561403509,
        "(8, 30)": 9.527397260273972,
        "(8, 40)": 12.180722891566266,
        "(8, 50)": 13.477611940298507,
        "(16, 10)": 7.0,
        "(16, 20)": 12.925531914893616,
        "(16, 30)": 11.340425531914894,
        "(16, 40)": 16.0,
        "(16, 50)": 17.363636363636363,
        "(32, 10)": 8.0,
        "(32, 20)": 15.857142857142858,
        "(32, 30)": 8.0,
        "(32, 40)": 0,
        "(32, 50)": 0,
        "(64, 10)": 9.0,
        "(64, 20)": 9.0,
        "(64, 30)": 9.0,
        "(64, 40)": 0,
        "(64, 50)": 0
    },
    "base_point_cost": 0.3992667075831949,
    "min_points": 9,
    "budget": 0.7999999999999999
}