{
    "percentage_bucket_counter_full": {
        "rest": 100.0,
        "5": 85.2,
        "10": 94.0,
        "15": 97.7,
        "20": 99.8
    },
    "percentage_bucket_counter_gpr": {
        "rest": 100.0,
        "5": 86.07214428857716,
        "10": 94.68937875751503,
        "15": 97.79559118236473,
        "20": 99.8997995991984
    },
    "percentage_bucket_counter_hybrid": {
        "rest": 100.0,
        "5": 86.07214428857716,
        "10": 94.68937875751503,
        "15": 97.79559118236473,
        "20": 99.8997995991984
    },
    "mean_budget_generic": 46.78394216014509,
    "percentage_bucket_counter_generic": {
        "rest": 100.0,
        "5": 85.3,
        "10": 94.1,
        "15": 97.3,
        "20": 99.6
    },
    "mean_add_points_generic": 90.088,
    "mean_add_points_gpr": 91.51603206412825,
    "mean_budget_gpr": 53.72682899413393,
    "mean_budget_hybrid": 53.71860321836054,
    "mean_add_points_hybrid": 91.51302605210421,
    "point_map_generic": {
        "(4, 10)": 1.0,
        "(4, 20)": 2.0,
        "(4, 30)": 3.0,
        "(4, 40)": 4.0,
        "(4, 50)": 5.0,
        "(8, 10)": 6.204,
        "(8, 20)": 10.043,
        "(8, 30)": 10.894,
        "(8, 40)": 12.38,
        "(8, 50)": 13.764,
        "(16, 10)": 7.312,
        "(16, 20)": 13.216,
        "(16, 30)": 14.468,
        "(16, 40)": 16.289,
        "(16, 50)": 17.587,
        "(32, 10)": 8.504,
        "(32, 20)": 17.153,
        "(32, 30)": 18.358,
        "(32, 40)": 20.233,
        "(32, 50)": 21.195121951219512,
        "(64, 10)": 9.0,
        "(64, 20)": 21.27470141150923,
        "(64, 30)": 21.817292006525285,
        "(64, 40)": 24.0,
        "(64, 50)": 0
    },
    "base_point_cost": 4.433375052922885,
    "min_points": 9,
    "budget": 56.0
}