{
    "percentage_bucket_counter_full": {
        "rest": 100.0,
        "5": 68.96551724137932,
        "10": 86.20689655172413,
        "15": 96.55172413793103,
        "20": 100.0
    },
    "percentage_bucket_counter_gpr": {
        "rest": 100.0,
        "5": 64.70588235294117,
        "10": 76.47058823529412,
        "15": 88.23529411764706,
        "20": 94.11764705882352
    },
    "percentage_bucket_counter_hybrid": {
        "rest": 100.0,
        "5": 68.42105263157895,
        "10": 78.94736842105263,
        "15": 89.47368421052632,
        "20": 94.73684210526315
    },
    "mean_budget_generic": 0.3740502009749225,
    "percentage_bucket_counter_generic": {
        "rest": 100.0,
        "5": 65.51724137931035,
        "10": 86.20689655172413,
        "15": 89.65517241379311,
        "20": 93.10344827586206
    },
    "mean_add_points_generic": 52.96551724137931,
    "mean_add_points_gpr": 56.35294117647059,
    "mean_budget_gpr": 0.3915431135017653,
    "mean_budget_hybrid": 0.3920032796626478,
    "mean_add_points_hybrid": 55.36842105263158,
    "point_map_generic": {
        "(4, 10)": 1.0,
        "(4, 20)": 2.0,
        "(4, 30)": 3.0,
        "(4, 40)": 4.0,
        "(4, 50)": 5.0,
        "(8, 10)": 6.0,
        "(8, 20)": 9.777777777777779,
        "(8, 30)": 8.054794520547945,
        "(8, 40)": 12.043478260869565,
        "(8, 50)": 13.647058823529411,
        "(16, 10)": 7.0,
        "(16, 20)": 12.615384615384615,
        "(16, 30)": 8.62962962962963,
        "(16, 40)": 16.0,
        "(16, 50)": 0,
        "(32, 10)": 8.0,
        "(32, 20)": 8.0,
        "(32, 30)": 8.0,
        "(32, 40)": 0,
        "(32, 50)": 0,
        "(64, 10)": 9.0,
        "(64, 20)": 9.0,
        "(64, 30)": 9.0,
        "(64, 40)": 0,
        "(64, 50)": 0
    },
    "base_point_cost": 0.25132149383177804,
    "min_points": 9,
    "budget": 0.4
}