{
    "percentage_bucket_counter_full": {
        "rest": 100.0,
        "5": 75.0,
        "10": 81.25,
        "15": 93.75,
        "20": 100.0
    },
    "percentage_bucket_counter_gpr": {
        "rest": 100.0,
        "5": 60.0,
        "10": 90.0,
        "15": 100.0,
        "20": 100.0
    },
    "percentage_bucket_counter_hybrid": {
        "rest": 100.0,
        "5": 54.54545454545454,
        "10": 72.72727272727273,
        "15": 81.81818181818183,
        "20": 81.81818181818183
    },
    "mean_budget_generic": 0.285254603611011,
    "percentage_bucket_counter_generic": {
        "rest": 100.0,
        "5": 56.25,
        "10": 62.5,
        "15": 75.0,
        "20": 81.25
    },
    "mean_add_points_generic": 50.0,
    "mean_add_points_gpr": 54.7,
    "mean_budget_gpr": 0.2979207790037471,
    "mean_budget_hybrid": 0.29770978070423126,
    "mean_add_points_hybrid": 52.36363636363637,
    "point_map_generic": {
        "(4, 10)": 1.0,
        "(4, 20)": 2.0,
        "(4, 30)": 3.0,
        "(4, 40)": 4.0,
        "(4, 50)": 5.0,
        "(8, 10)": 6.0,
        "(8, 20)": 9.6,
        "(8, 30)": 7.3559322033898304,
        "(8, 40)": 12.083333333333334,
        "(8, 50)": 13.5,
        "(16, 10)": 7.0,
        "(16, 20)": 12.25,
        "(16, 30)": 7.181818181818182,
        "(16, 40)": 0,
        "(16, 50)": 0,
        "(32, 10)": 8.0,
        "(32, 20)": 8.0,
        "(32, 30)": 8.0,
        "(32, 40)": 0,
        "(32, 50)": 0,
        "(64, 10)": 9.0,
        "(64, 20)": 9.0,
        "(64, 30)": 9.0,
        "(64, 40)": 0,
        "(64, 50)": 0
    },
    "base_point_cost": 0.19774792982237804,
    "min_points": 9,
    "budget": 0.30000000000000004
}