{
    "percentage_bucket_counter_full": {
        "rest": 100.0,
        "5": 85.1063829787234,
        "10": 93.04964539007092,
        "15": 97.30496453900709,
        "20": 99.71631205673759
    },
    "percentage_bucket_counter_gpr": {
        "rest": 100.0,
        "5": 84.48275862068965,
        "10": 89.65517241379311,
        "15": 95.97701149425288,
        "20": 97.41379310344827
    },
    "percentage_bucket_counter_hybrid": {
        "rest": 100.0,
        "5": 84.64849354375896,
        "10": 89.6700143472023,
        "15": 95.98278335724534,
        "20": 97.41750358680056
    },
    "mean_budget_generic": 12.12532136734715,
    "percentage_bucket_counter_generic": {
        "rest": 100.0,
        "5": 84.25531914893617,
        "10": 88.79432624113474,
        "15": 94.60992907801419,
        "20": 95.88652482269504
    },
    "mean_add_points_generic": 72.48794326241135,
    "mean_add_points_gpr": 73.80028735632185,
    "mean_budget_gpr": 13.448719886850173,
    "mean_budget_hybrid": 13.446967658353843,
    "mean_add_points_hybrid": 73.80200860832137,
    "point_map_generic": {
        "(4, 10)": 1.0,
        "(4, 20)": 2.0,
        "(4, 30)": 3.0,
        "(4, 40)": 4.0,
        "(4, 50)": 5.0,
        "(8, 10)": 6.0,
        "(8, 20)": 9.988555078683834,
        "(8, 30)": 10.833105335157319,
        "(8, 40)": 12.463302752293577,
        "(8, 50)": 13.335271317829458,
        "(16, 10)": 7.0,
        "(16, 20)": 13.053892215568862,
        "(16, 30)": 14.329249617151609,
        "(16, 40)": 16.17296222664016,
        "(16, 50)": 17.388548057259715,
        "(32, 10)": 8.0,
        "(32, 20)": 16.87686567164179,
        "(32, 30)": 17.93617021276596,
        "(32, 40)": 20.095709570957094,
        "(32, 50)": 21.15730337078652,
        "(64, 10)": 9.0,
        "(64, 20)": 20.288888888888888,
        "(64, 30)": 9.0,
        "(64, 40)": 0,
        "(64, 50)": 0
    },
    "base_point_cost": 4.433375052922885,
    "min_points": 9,
    "budget": 14.0
}