{
    "percentage_bucket_counter_full": {
        "rest": 100.0,
        "5": 78.37837837837837,
        "10": 88.58858858858859,
        "15": 95.7957957957958,
        "20": 99.3993993993994
    },
    "percentage_bucket_counter_gpr": {
        "rest": 100.0,
        "5": 76.70807453416148,
        "10": 84.16149068322981,
        "15": 92.2360248447205,
        "20": 95.34161490683229
    },
    "percentage_bucket_counter_hybrid": {
        "rest": 100.0,
        "5": 76.94704049844236,
        "10": 84.11214953271028,
        "15": 92.21183800623052,
        "20": 95.32710280373831
    },
    "mean_budget_generic": 3.3791497920245326,
    "percentage_bucket_counter_generic": {
        "rest": 100.0,
        "5": 74.17417417417418,
        "10": 85.28528528528528,
        "15": 91.8918918918919,
        "20": 94.5945945945946
    },
    "mean_add_points_generic": 68.0,
    "mean_add_points_gpr": 69.67391304347827,
    "mean_budget_gpr": 3.8396572116623005,
    "mean_budget_hybrid": 3.8392966426710116,
    "mean_add_points_hybrid": 69.7165109034268,
    "point_map_generic": {
        "(4, 10)": 1.0,
        "(4, 20)": 2.0,
        "(4, 30)": 3.0,
        "(4, 40)": 4.0,
        "(4, 50)": 5.0,
        "(8, 10)": 6.0,
        "(8, 20)": 9.976047904191617,
        "(8, 30)": 10.42627345844504,
        "(8, 40)": 12.226708074534162,
        "(8, 50)": 13.5,
        "(16, 10)": 7.0,
        "(16, 20)": 13.254019292604502,
        "(16, 30)": 13.930722891566266,
        "(16, 40)": 16.18220338983051,
        "(16, 50)": 17.33862433862434,
        "(32, 10)": 8.0,
        "(32, 20)": 17.027027027027028,
        "(32, 30)": 15.908496732026144,
        "(32, 40)": 20.0,
        "(32, 50)": 0,
        "(64, 10)": 9.0,
        "(64, 20)": 9.0,
        "(64, 30)": 9.0,
        "(64, 40)": 0,
        "(64, 50)": 0
    },
    "base_point_cost": 1.541464852498858,
    "min_points": 9,
    "budget": 4.0
}