{
    "percentage_bucket_counter_full": {
        "rest": 100.0,
        "5": 85.2,
        "10": 94.0,
        "15": 97.7,
        "20": 99.8
    },
    "percentage_bucket_counter_gpr": {
        "rest": 100.0,
        "5": 86.65997993981945,
        "10": 94.58375125376128,
        "15": 97.79338014042126,
        "20": 99.89969909729187
    },
    "percentage_bucket_counter_hybrid": {
        "rest": 100.0,
        "5": 86.65997993981945,
        "10": 94.58375125376128,
        "15": 97.79338014042126,
        "20": 99.89969909729187
    },
    "mean_budget_generic": 54.962300392002184,
    "percentage_bucket_counter_generic": {
        "rest": 100.0,
        "5": 85.39999999999999,
        "10": 94.3,
        "15": 97.5,
        "20": 99.9
    },
    "mean_add_points_generic": 92.06,
    "mean_add_points_gpr": 93.22567703109328,
    "mean_budget_gpr": 61.65485825816021,
    "mean_budget_hybrid": 61.662621656022,
    "mean_add_points_hybrid": 93.22567703109328,
    "point_map_generic": {
        "(4, 10)": 1.0,
        "(4, 20)": 2.0,
        "(4, 30)": 3.0,
        "(4, 40)": 4.0,
        "(4, 50)": 5.0,
        "(8, 10)": 6.204,
        "(8, 20)": 10.043,
        "(8, 30)": 10.894,
        "(8, 40)": 12.38,
        "(8, 50)": 13.764,
        "(16, 10)": 7.312,
        "(16, 20)": 13.216,
        "(16, 30)": 14.468,
        "(16, 40)": 16.289,
        "(16, 50)": 17.587,
        "(32, 10)": 8.504,
        "(32, 20)": 17.153,
        "(32, 30)": 18.358,
        "(32, 40)": 20.233,
        "(32, 50)": 21.34207870837538,
        "(64, 10)": 9.258992805755396,
        "(64, 20)": 21.327967806841045,
        "(64, 30)": 22.07994923857868,
        "(64, 40)": 24.0,
        "(64, 50)": 0
    },
    "base_point_cost": 4.433375052922885,
    "min_points": 9,
    "budget": 64.0
}