{
    "percentage_bucket_counter_full": {
        "rest": 100.0,
        "5": 85.2,
        "10": 94.0,
        "15": 97.7,
        "20": 99.8
    },
    "percentage_bucket_counter_gpr": {
        "rest": 100.0,
        "5": 85.8433734939759,
        "10": 94.67871485943775,
        "15": 97.89156626506023,
        "20": 100.0
    },
    "percentage_bucket_counter_hybrid": {
        "rest": 100.0,
        "5": 85.8433734939759,
        "10": 94.67871485943775,
        "15": 97.89156626506023,
        "20": 100.0
    },
    "mean_budget_generic": 43.17645350860859,
    "percentage_bucket_counter_generic": {
        "rest": 100.0,
        "5": 85.5,
        "10": 94.1,
        "15": 97.3,
        "20": 99.5
    },
    "mean_add_points_generic": 89.204,
    "mean_add_points_gpr": 90.60240963855422,
    "mean_budget_gpr": 49.90720082024201,
    "mean_budget_hybrid": 49.908554670277894,
    "mean_add_points_hybrid": 90.60240963855422,
    "point_map_generic": {
        "(4, 10)": 1.0,
        "(4, 20)": 2.0,
        "(4, 30)": 3.0,
        "(4, 40)": 4.0,
        "(4, 50)": 5.0,
        "(8, 10)": 6.204,
        "(8, 20)": 10.043,
        "(8, 30)": 10.894,
        "(8, 40)": 12.38,
        "(8, 50)": 13.764,
        "(16, 10)": 7.312,
        "(16, 20)": 13.216,
        "(16, 30)": 14.468,
        "(16, 40)": 16.289,
        "(16, 50)": 17.587,
        "(32, 10)": 8.491491491491491,
        "(32, 20)": 17.153,
        "(32, 30)": 18.358,
        "(32, 40)": 20.233,
        "(32, 50)": 21.17456647398844,
        "(64, 10)": 9.0,
        "(64, 20)": 21.227745664739885,
        "(64, 30)": 21.73153153153153,
        "(64, 40)": 24.0,
        "(64, 50)": 0
    },
    "base_point_cost": 4.433375052922885,
    "min_points": 9,
    "budget": 52.0
}