{
    "percentage_bucket_counter_full": {
        "rest": 100.0,
        "5": 85.2,
        "10": 94.0,
        "15": 97.7,
        "20": 99.8
    },
    "percentage_bucket_counter_gpr": {
        "rest": 100.0,
        "5": 85.25576730190572,
        "10": 93.78134403209629,
        "15": 97.39217652958877,
        "20": 99.5987963891675
    },
    "percentage_bucket_counter_hybrid": {
        "rest": 100.0,
        "5": 85.25576730190572,
        "10": 93.78134403209629,
        "15": 97.39217652958877,
        "20": 99.5987963891675
    },
    "mean_budget_generic": 26.6414946988429,
    "percentage_bucket_counter_generic": {
        "rest": 100.0,
        "5": 84.7,
        "10": 92.0,
        "15": 97.0,
        "20": 98.7
    },
    "mean_add_points_generic": 82.436,
    "mean_add_points_gpr": 83.63691073219658,
    "mean_budget_gpr": 29.6874635995136,
    "mean_budget_hybrid": 29.6840909372078,
    "mean_add_points_hybrid": 83.63490471414242,
    "point_map_generic": {
        "(4, 10)": 1.0,
        "(4, 20)": 2.0,
        "(4, 30)": 3.0,
        "(4, 40)": 4.0,
        "(4, 50)": 5.0,
        "(8, 10)": 6.204,
        "(8, 20)": 10.043,
        "(8, 30)": 10.894,
        "(8, 40)": 12.38,
        "(8, 50)": 13.764,
        "(16, 10)": 7.312,
        "(16, 20)": 13.213213213213214,
        "(16, 30)": 14.468,
        "(16, 40)": 16.289156626506024,
        "(16, 50)": 17.447905477980665,
        "(32, 10)": 8.335699797160244,
        "(32, 20)": 17.09714889123548,
        "(32, 30)": 18.275395033860047,
        "(32, 40)": 20.14076246334311,
        "(32, 50)": 21.201058201058203,
        "(64, 10)": 9.0,
        "(64, 20)": 20.818574514038875,
        "(64, 30)": 19.79695431472081,
        "(64, 40)": 0,
        "(64, 50)": 0
    },
    "base_point_cost": 4.433375052922885,
    "min_points": 9,
    "budget": 31.0
}