{
    "percentage_bucket_counter_full": {
        "rest": 100.0,
        "5": 85.28528528528528,
        "10": 93.993993993994,
        "15": 97.69769769769769,
        "20": 99.7997997997998
    },
    "percentage_bucket_counter_gpr": {
        "rest": 100.0,
        "5": 85.94377510040161,
        "10": 94.57831325301204,
        "15": 97.89156626506023,
        "20": 100.0
    },
    "percentage_bucket_counter_hybrid": {
        "rest": 100.0,
        "5": 85.94377510040161,
        "10": 94.57831325301204,
        "15": 97.89156626506023,
        "20": 100.0
    },
    "mean_budget_generic": 39.29908602526376,
    "percentage_bucket_counter_generic": {
        "rest": 100.0,
        "5": 85.58558558558559,
        "10": 93.69369369369369,
        "15": 97.09709709709709,
        "20": 99.4994994994995
    },
    "mean_add_points_generic": 88.16016016016016,
    "mean_add_points_gpr": 89.57128514056225,
    "mean_budget_gpr": 45.99402912905935,
    "mean_budget_hybrid": 45.989171612445446,
    "mean_add_points_hybrid": 89.57128514056225,
    "point_map_generic": {
        "(4, 10)": 1.0,
        "(4, 20)": 2.0,
        "(4, 30)": 3.0,
        "(4, 40)": 4.0,
        "(4, 50)": 5.0,
        "(8, 10)": 6.204,
        "(8, 20)": 10.043,
        "(8, 30)": 10.894,
        "(8, 40)": 12.38,
        "(8, 50)": 13.764,
        "(16, 10)": 7.312,
        "(16, 20)": 13.216,
        "(16, 30)": 14.468,
        "(16, 40)": 16.289,
        "(16, 50)": 17.587,
        "(32, 10)": 8.453815261044177,
        "(32, 20)": 17.153,
        "(32, 30)": 18.358,
        "(32, 40)": 20.233400402414485,
        "(32, 50)": 21.16585956416465,
        "(64, 10)": 9.0,
        "(64, 20)": 21.154533844189018,
        "(64, 30)": 21.57112526539278,
        "(64, 40)": 24.0,
        "(64, 50)": 0
    },
    "base_point_cost": 4.433375052922885,
    "min_points": 9,
    "budget": 48.0
}