{
    "percentage_bucket_counter_full": {
        "rest": 100.0,
        "5": 84.27480916030534,
        "10": 92.51908396946565,
        "15": 97.09923664122138,
        "20": 99.69465648854961
    },
    "percentage_bucket_counter_gpr": {
        "rest": 100.0,
        "5": 83.48765432098766,
        "10": 89.0432098765432,
        "15": 94.75308641975309,
        "20": 96.4506172839506
    },
    "percentage_bucket_counter_hybrid": {
        "rest": 100.0,
        "5": 83.35901386748844,
        "10": 89.06009244992296,
        "15": 94.76117103235747,
        "20": 96.45608628659477
    },
    "mean_budget_generic": 9.56981623970511,
    "percentage_bucket_counter_generic": {
        "rest": 100.0,
        "5": 83.66412213740459,
        "10": 87.32824427480917,
        "15": 93.43511450381679,
        "20": 95.26717557251908
    },
    "mean_add_points_generic": 70.18015267175572,
    "mean_add_points_gpr": 71.68055555555556,
    "mean_budget_gpr": 10.633913912157656,
    "mean_budget_hybrid": 10.634321190249693,
    "mean_add_points_hybrid": 71.64869029275809,
    "point_map_generic": {
        "(4, 10)": 1.0,
        "(4, 20)": 2.0,
        "(4, 30)": 3.0,
        "(4, 40)": 4.0,
        "(4, 50)": 5.0,
        "(8, 10)": 6.0,
        "(8, 20)": 9.987692307692308,
        "(8, 30)": 10.798219584569733,
        "(8, 40)": 12.277676950998185,
        "(8, 50)": 13.342574257425742,
        "(16, 10)": 7.0,
        "(16, 20)": 13.115384615384615,
        "(16, 30)": 14.30990990990991,
        "(16, 40)": 16.18471337579618,
        "(16, 50)": 17.387243735763096,
        "(32, 10)": 8.0,
        "(32, 20)": 16.853503184713375,
        "(32, 30)": 17.771929824561404,
        "(32, 40)": 20.046082949308754,
        "(32, 50)": 21.12037037037037,
        "(64, 10)": 9.0,
        "(64, 20)": 20.309278350515463,
        "(64, 30)": 9.0,
        "(64, 40)": 0,
        "(64, 50)": 0
    },
    "base_point_cost": 4.433375052922885,
    "min_points": 9,
    "budget": 11.0
}