{
    "percentage_bucket_counter_full": {
        "rest": 100.0,
        "5": 83.71278458844134,
        "10": 92.11908931698774,
        "15": 97.02276707530648,
        "20": 99.64973730297724
    },
    "percentage_bucket_counter_gpr": {
        "rest": 100.0,
        "5": 83.12611012433393,
        "10": 87.56660746003553,
        "15": 93.60568383658969,
        "20": 95.73712255772647
    },
    "percentage_bucket_counter_hybrid": {
        "rest": 100.0,
        "5": 83.1858407079646,
        "10": 87.61061946902655,
        "15": 93.6283185840708,
        "20": 95.929203539823
    },
    "mean_budget_generic": 7.783539122697578,
    "percentage_bucket_counter_generic": {
        "rest": 100.0,
        "5": 81.9614711033275,
        "10": 85.81436077057793,
        "15": 91.59369527145358,
        "20": 94.39579684763572
    },
    "mean_add_points_generic": 69.28196147110333,
    "mean_add_points_gpr": 70.82770870337478,
    "mean_budget_gpr": 8.691307290834384,
    "mean_budget_hybrid": 8.688704061994184,
    "mean_add_points_hybrid": 70.7433628318584,
    "point_map_generic": {
        "(4, 10)": 1.0,
        "(4, 20)": 2.0,
        "(4, 30)": 3.0,
        "(4, 40)": 4.0,
        "(4, 50)": 5.0,
        "(8, 10)": 6.0,
        "(8, 20)": 9.985790408525755,
        "(8, 30)": 10.731369150779896,
        "(8, 40)": 12.160087719298245,
        "(8, 50)": 13.38021978021978,
        "(16, 10)": 7.0,
        "(16, 20)": 13.151456310679611,
        "(16, 30)": 14.25204918032787,
        "(16, 40)": 16.203791469194314,
        "(16, 50)": 17.379679144385026,
        "(32, 10)": 8.0,
        "(32, 20)": 16.934782608695652,
        "(32, 30)": 17.519756838905774,
        "(32, 40)": 20.02906976744186,
        "(32, 50)": 21.071428571428573,
        "(64, 10)": 9.0,
        "(64, 20)": 19.859649122807017,
        "(64, 30)": 9.0,
        "(64, 40)": 0,
        "(64, 50)": 0
    },
    "base_point_cost": 3.0852075951842743,
    "min_points": 9,
    "budget": 9.0
}