{
    "percentage_bucket_counter_full": {
        "rest": 100.0,
        "5": 9.836065573770492,
        "10": 15.846994535519126,
        "15": 19.672131147540984,
        "20": 22.404371584699454
    },
    "percentage_bucket_counter_generic": {
        "rest": 100.0,
        "5": 3.825136612021858,
        "10": 9.836065573770492,
        "15": 15.300546448087433,
        "20": 16.39344262295082
    },
    "percentage_bucket_counter_gpr": {
        "rest": 100.0,
        "5": 4.918032786885246,
        "10": 9.836065573770492,
        "15": 14.754098360655737,
        "20": 16.39344262295082
    },
    "percentage_bucket_counter_hybrid": {
        "rest": 100.0,
        "5": 4.918032786885246,
        "10": 9.836065573770492,
        "15": 14.754098360655737,
        "20": 16.39344262295082
    },
    "budget": 32,
    "mean_budget_generic": 28.829646164005542,
    "mean_add_points_generic": 9.05464480874317,
    "mean_budget_gpr": 29.721435358697136,
    "mean_add_points_gpr": 9.781420765027322,
    "mean_budget_hybrid": 29.73425409810397,
    "mean_add_points_hybrid": 9.792349726775956,
    "base_point_cost": 20.587261022717612,
    "min_points": 9,
    "filter": 0
}