{
    "percentage_bucket_counter_full": {
        "rest": 100.0,
        "5": 9.836065573770492,
        "10": 15.846994535519126,
        "15": 19.672131147540984,
        "20": 22.404371584699454
    },
    "percentage_bucket_counter_generic": {
        "rest": 100.0,
        "5": 8.743169398907105,
        "10": 14.207650273224044,
        "15": 17.48633879781421,
        "20": 20.76502732240437
    },
    "percentage_bucket_counter_gpr": {
        "rest": 100.0,
        "5": 7.650273224043716,
        "10": 14.754098360655737,
        "15": 16.39344262295082,
        "20": 19.672131147540984
    },
    "percentage_bucket_counter_hybrid": {
        "rest": 100.0,
        "5": 7.650273224043716,
        "10": 14.754098360655737,
        "15": 16.39344262295082,
        "20": 19.672131147540984
    },
    "budget": 71,
    "mean_budget_generic": 65.94407665726827,
    "mean_add_points_generic": 13.737704918032787,
    "mean_budget_gpr": 65.53544033052806,
    "mean_add_points_gpr": 13.972677595628415,
    "mean_budget_hybrid": 65.53149396914078,
    "mean_add_points_hybrid": 13.972677595628415,
    "base_point_cost": 20.587261022717612,
    "min_points": 9,
    "filter": 0
}