{
    "percentage_bucket_counter_full": {
        "rest": 100.0,
        "5": 9.836065573770492,
        "10": 15.846994535519126,
        "15": 19.672131147540984,
        "20": 22.404371584699454
    },
    "percentage_bucket_counter_generic": {
        "rest": 100.0,
        "5": 4.371584699453552,
        "10": 9.836065573770492,
        "15": 13.661202185792352,
        "20": 16.39344262295082
    },
    "percentage_bucket_counter_gpr": {
        "rest": 100.0,
        "5": 4.918032786885246,
        "10": 11.475409836065573,
        "15": 15.846994535519126,
        "20": 18.0327868852459
    },
    "percentage_bucket_counter_hybrid": {
        "rest": 100.0,
        "5": 4.918032786885246,
        "10": 11.475409836065573,
        "15": 15.846994535519126,
        "20": 18.0327868852459
    },
    "budget": 22,
    "mean_budget_generic": 19.95268377092032,
    "mean_add_points_generic": 5.721311475409836,
    "mean_budget_gpr": 20.903412359795453,
    "mean_add_points_gpr": 6.459016393442623,
    "mean_budget_hybrid": 20.89157182571225,
    "mean_add_points_hybrid": 6.459016393442623,
    "base_point_cost": 20.587261022717612,
    "min_points": 9,
    "filter": 0
}