{
    "percentage_bucket_counter_full": {
        "rest": 100.0,
        "5": 9.836065573770492,
        "10": 15.846994535519126,
        "15": 19.672131147540984,
        "20": 22.404371584699454
    },
    "percentage_bucket_counter_generic": {
        "rest": 100.0,
        "5": 4.371584699453552,
        "10": 10.92896174863388,
        "15": 15.300546448087433,
        "20": 17.48633879781421
    },
    "percentage_bucket_counter_gpr": {
        "rest": 100.0,
        "5": 4.371584699453552,
        "10": 10.382513661202186,
        "15": 13.661202185792352,
        "20": 16.39344262295082
    },
    "percentage_bucket_counter_hybrid": {
        "rest": 100.0,
        "5": 4.371584699453552,
        "10": 10.382513661202186,
        "15": 13.661202185792352,
        "20": 16.39344262295082
    },
    "budget": 36,
    "mean_budget_generic": 32.996783849357804,
    "mean_add_points_generic": 10.01639344262295,
    "mean_budget_gpr": 32.9412313576261,
    "mean_add_points_gpr": 10.557377049180328,
    "mean_budget_hybrid": 32.883591722253556,
    "mean_add_points_hybrid": 10.557377049180328,
    "base_point_cost": 20.587261022717612,
    "min_points": 9,
    "filter": 0
}