{
    "percentage_bucket_counter_full": {
        "rest": 100.0,
        "5": 9.836065573770492,
        "10": 15.846994535519126,
        "15": 19.672131147540984,
        "20": 22.404371584699454
    },
    "percentage_bucket_counter_generic": {
        "rest": 100.0,
        "5": 3.278688524590164,
        "10": 9.836065573770492,
        "15": 14.207650273224044,
        "20": 16.39344262295082
    },
    "percentage_bucket_counter_gpr": {
        "rest": 100.0,
        "5": 3.825136612021858,
        "10": 10.382513661202186,
        "15": 14.207650273224044,
        "20": 16.939890710382514
    },
    "percentage_bucket_counter_hybrid": {
        "rest": 100.0,
        "5": 3.825136612021858,
        "10": 10.382513661202186,
        "15": 14.207650273224044,
        "20": 16.939890710382514
    },
    "budget": 25,
    "mean_budget_generic": 22.536120430047312,
    "mean_add_points_generic": 7.131147540983607,
    "mean_budget_gpr": 23.162015924002517,
    "mean_add_points_gpr": 7.841530054644808,
    "mean_budget_hybrid": 23.159735455957538,
    "mean_add_points_hybrid": 7.8469945355191255,
    "base_point_cost": 20.587261022717612,
    "min_points": 9,
    "filter": 0
}