{
    "percentage_bucket_counter_full": {
        "rest": 100.0,
        "5": 9.836065573770492,
        "10": 15.846994535519126,
        "15": 19.672131147540984,
        "20": 22.404371584699454
    },
    "percentage_bucket_counter_generic": {
        "rest": 100.0,
        "5": 8.743169398907105,
        "10": 14.207650273224044,
        "15": 17.48633879781421,
        "20": 20.76502732240437
    },
    "percentage_bucket_counter_gpr": {
        "rest": 100.0,
        "5": 7.650273224043716,
        "10": 14.754098360655737,
        "15": 16.39344262295082,
        "20": 19.672131147540984
    },
    "percentage_bucket_counter_hybrid": {
        "rest": 100.0,
        "5": 7.650273224043716,
        "10": 14.754098360655737,
        "15": 16.39344262295082,
        "20": 19.672131147540984
    },
    "budget": 74,
    "mean_budget_generic": 67.25794420480432,
    "mean_add_points_generic": 13.841530054644808,
    "mean_budget_gpr": 66.92659004316313,
    "mean_add_points_gpr": 14.065573770491802,
    "mean_budget_hybrid": 66.92659004316313,
    "mean_add_points_hybrid": 14.065573770491802,
    "base_point_cost": 20.587261022717612,
    "min_points": 9,
    "filter": 0
}