{
    "percentage_bucket_counter_full": {
        "rest": 100.0,
        "5": 9.836065573770492,
        "10": 15.846994535519126,
        "15": 19.672131147540984,
        "20": 22.404371584699454
    },
    "percentage_bucket_counter_generic": {
        "rest": 100.0,
        "5": 9.836065573770492,
        "10": 15.300546448087433,
        "15": 18.0327868852459,
        "20": 20.76502732240437
    },
    "percentage_bucket_counter_gpr": {
        "rest": 100.0,
        "5": 8.19672131147541,
        "10": 15.300546448087433,
        "15": 16.39344262295082,
        "20": 20.21857923497268
    },
    "percentage_bucket_counter_hybrid": {
        "rest": 100.0,
        "5": 8.19672131147541,
        "10": 15.300546448087433,
        "15": 16.39344262295082,
        "20": 20.21857923497268
    },
    "budget": 64,
    "mean_budget_generic": 56.06024911421187,
    "mean_add_points_generic": 12.978142076502733,
    "mean_budget_gpr": 55.67373861906502,
    "mean_add_points_gpr": 13.28415300546448,
    "mean_budget_hybrid": 55.67024161100141,
    "mean_add_points_hybrid": 13.28415300546448,
    "base_point_cost": 20.587261022717612,
    "min_points": 9,
    "filter": 0
}