{
    "percentage_bucket_counter_full": {
        "rest": 100.0,
        "5": 47.88732394366197,
        "10": 69.01408450704226,
        "15": 87.32394366197182,
        "20": 90.14084507042254
    },
    "percentage_bucket_counter_gpr": {
        "rest": 100.0,
        "5": 50.90909090909091,
        "10": 76.36363636363637,
        "15": 83.63636363636363,
        "20": 90.9090909090909
    },
    "percentage_bucket_counter_hybrid": {
        "rest": 100.0,
        "5": 51.724137931034484,
        "10": 75.86206896551724,
        "15": 84.48275862068965,
        "20": 91.37931034482759
    },
    "mean_budget_generic": 0.5494850173184247,
    "percentage_bucket_counter_generic": {
        "rest": 100.0,
        "5": 49.29577464788733,
        "10": 76.05633802816901,
        "15": 87.32394366197182,
        "20": 91.54929577464789
    },
    "mean_add_points_generic": 54.929577464788736,
    "mean_add_points_gpr": 58.36363636363637,
    "mean_budget_gpr": 0.5851142167120014,
    "mean_budget_hybrid": 0.5845419062536691,
    "mean_add_points_hybrid": 57.724137931034484,
    "point_map_generic": {
        "(4, 10)": 1.0,
        "(4, 20)": 2.0,
        "(4, 30)": 3.0,
        "(4, 40)": 4.0,
        "(4, 50)": 5.0,
        "(8, 10)": 6.0,
        "(8, 20)": 9.421686746987952,
        "(8, 30)": 8.0,
        "(8, 40)": 12.115384615384615,
        "(8, 50)": 13.55,
        "(16, 10)": 7.0,
        "(16, 20)": 12.0,
        "(16, 30)": 9.08695652173913,
        "(16, 40)": 16.0,
        "(16, 50)": 17.0,
        "(32, 10)": 8.0,
        "(32, 20)": 11.263157894736842,
        "(32, 30)": 8.0,
        "(32, 40)": 0,
        "(32, 50)": 0,
        "(64, 10)": 9.0,
        "(64, 20)": 9.0,
        "(64, 30)": 9.0,
        "(64, 40)": 0,
        "(64, 50)": 0
    },
    "base_point_cost": 0.3401395512436319,
    "min_points": 9,
    "budget": 0.6
}