{
    "percentage_bucket_counter_full": {
        "rest": 100.0,
        "5": 66.63326653306613,
        "10": 84.76953907815631,
        "15": 95.39078156312625,
        "20": 97.79559118236473
    },
    "percentage_bucket_counter_gpr": {
        "rest": 100.0,
        "5": 84.12060301507537,
        "10": 93.96984924623115,
        "15": 97.08542713567839,
        "20": 99.2964824120603
    },
    "percentage_bucket_counter_hybrid": {
        "rest": 100.0,
        "5": 84.12060301507537,
        "10": 93.96984924623115,
        "15": 97.08542713567839,
        "20": 99.2964824120603
    },
    "mean_budget_generic": 29.521554951084735,
    "percentage_bucket_counter_generic": {
        "rest": 100.0,
        "5": 83.56713426853707,
        "10": 91.38276553106212,
        "15": 96.8937875751503,
        "20": 98.69739478957916
    },
    "mean_add_points_generic": 84.3567134268537,
    "mean_add_points_gpr": 85.53065326633165,
    "mean_budget_gpr": 33.4590362054238,
    "mean_budget_hybrid": 33.45764222617666,
    "mean_add_points_hybrid": 85.53065326633165,
    "point_map_generic": {
        "(4, 10)": 1.0,
        "(4, 20)": 2.0,
        "(4, 30)": 3.0,
        "(4, 40)": 4.0,
        "(4, 50)": 5.0,
        "(8, 10)": 6.48,
        "(8, 20)": 10.062,
        "(8, 30)": 10.593,
        "(8, 40)": 12.373,
        "(8, 50)": 13.761,
        "(16, 10)": 7.769,
        "(16, 20)": 13.229,
        "(16, 30)": 14.009,
        "(16, 40)": 16.303,
        "(16, 50)": 17.565656565656564,
        "(32, 10)": 9.108519269776876,
        "(32, 20)": 17.02127659574468,
        "(32, 30)": 17.630411826821543,
        "(32, 40)": 20.180500658761527,
        "(32, 50)": 21.092219020172912,
        "(64, 10)": 9.0,
        "(64, 20)": 20.672447013487474,
        "(64, 30)": 18.41509433962264,
        "(64, 40)": 0,
        "(64, 50)": 0
    },
    "base_point_cost": 4.433865121069004,
    "min_points": 9,
    "budget": 35.0
}