{
    "percentage_bucket_counter_full": {
        "rest": 100.0,
        "5": 66.66666666666666,
        "10": 84.78478478478479,
        "15": 95.3953953953954,
        "20": 97.7977977977978
    },
    "percentage_bucket_counter_gpr": {
        "rest": 100.0,
        "5": 84.38438438438438,
        "10": 92.3923923923924,
        "15": 97.5975975975976,
        "20": 99.7997997997998
    },
    "percentage_bucket_counter_hybrid": {
        "rest": 100.0,
        "5": 84.38438438438438,
        "10": 92.3923923923924,
        "15": 97.5975975975976,
        "20": 99.7997997997998
    },
    "mean_budget_generic": 55.08094210102197,
    "percentage_bucket_counter_generic": {
        "rest": 100.0,
        "5": 83.98398398398398,
        "10": 92.8928928928929,
        "15": 97.2972972972973,
        "20": 99.69969969969969
    },
    "mean_add_points_generic": 92.16416416416416,
    "mean_add_points_gpr": 93.29529529529529,
    "mean_budget_gpr": 61.637797709022756,
    "mean_budget_hybrid": 61.637797709022756,
    "mean_add_points_hybrid": 93.29529529529529,
    "point_map_generic": {
        "(4, 10)": 1.0,
        "(4, 20)": 2.0,
        "(4, 30)": 3.0,
        "(4, 40)": 4.0,
        "(4, 50)": 5.0,
        "(8, 10)": 6.48,
        "(8, 20)": 10.062,
        "(8, 30)": 10.593,
        "(8, 40)": 12.373,
        "(8, 50)": 13.761,
        "(16, 10)": 7.769,
        "(16, 20)": 13.229,
        "(16, 30)": 14.009,
        "(16, 40)": 16.303,
        "(16, 50)": 17.593,
        "(32, 10)": 9.269,
        "(32, 20)": 17.04,
        "(32, 30)": 17.703,
        "(32, 40)": 20.281,
        "(32, 50)": 21.28614457831325,
        "(64, 10)": 9.846235418875928,
        "(64, 20)": 21.201005025125628,
        "(64, 30)": 21.096459096459096,
        "(64, 40)": 23.96875,
        "(64, 50)": 0
    },
    "base_point_cost": 4.433865121069004,
    "min_points": 9,
    "budget": 64.0
}