{
    "percentage_bucket_counter_full": {
        "rest": 100.0,
        "5": 61.68359941944848,
        "10": 82.5834542815675,
        "15": 94.48476052249637,
        "20": 96.80696661828738
    },
    "percentage_bucket_counter_gpr": {
        "rest": 100.0,
        "5": 83.47953216374269,
        "10": 88.59649122807018,
        "15": 96.34502923976608,
        "20": 97.6608187134503
    },
    "percentage_bucket_counter_hybrid": {
        "rest": 100.0,
        "5": 83.43108504398828,
        "10": 88.56304985337243,
        "15": 96.33431085043989,
        "20": 97.65395894428153
    },
    "mean_budget_generic": 11.260287991647816,
    "percentage_bucket_counter_generic": {
        "rest": 100.0,
        "5": 82.5834542815675,
        "10": 87.80841799709724,
        "15": 94.77503628447025,
        "20": 96.08127721335269
    },
    "mean_add_points_generic": 71.9245283018868,
    "mean_add_points_gpr": 73.18859649122807,
    "mean_budget_gpr": 12.482504700524464,
    "mean_budget_hybrid": 12.477635262277476,
    "mean_add_points_hybrid": 73.27272727272727,
    "point_map_generic": {
        "(4, 10)": 1.0,
        "(4, 20)": 2.0,
        "(4, 30)": 3.0,
        "(4, 40)": 4.0,
        "(4, 50)": 5.0,
        "(8, 10)": 6.0,
        "(8, 20)": 9.931330472103005,
        "(8, 30)": 10.448900388098318,
        "(8, 40)": 12.410543130990416,
        "(8, 50)": 13.330097087378642,
        "(16, 10)": 7.0,
        "(16, 20)": 12.991004497751124,
        "(16, 30)": 13.69069069069069,
        "(16, 40)": 16.176706827309236,
        "(16, 50)": 17.39539748953975,
        "(32, 10)": 8.0,
        "(32, 20)": 16.671698113207547,
        "(32, 30)": 16.738095238095237,
        "(32, 40)": 20.08888888888889,
        "(32, 50)": 21.151515151515152,
        "(64, 10)": 9.0,
        "(64, 20)": 19.633540372670808,
        "(64, 30)": 9.0,
        "(64, 40)": 0,
        "(64, 50)": 0
    },
    "base_point_cost": 4.433865121069004,
    "min_points": 9,
    "budget": 13.0
}