{
    "percentage_bucket_counter_full": {
        "rest": 100.0,
        "5": 50.0,
        "10": 100.0,
        "15": 100.0,
        "20": 100.0
    },
    "percentage_bucket_counter_gpr": {
        "rest": 100.0,
        "5": 100.0,
        "10": 100.0,
        "15": 100.0,
        "20": 100.0
    },
    "percentage_bucket_counter_hybrid": {
        "rest": 100.0,
        "5": 100.0,
        "10": 100.0,
        "15": 100.0,
        "20": 100.0
    },
    "mean_budget_generic": 0.19410267079420568,
    "percentage_bucket_counter_generic": {
        "rest": 100.0,
        "5": 50.0,
        "10": 50.0,
        "15": 50.0,
        "20": 50.0
    },
    "mean_add_points_generic": 50.0,
    "mean_add_points_gpr": 56.0,
    "mean_budget_gpr": 0.19854474257572957,
    "mean_budget_hybrid": 0.19854474257572957,
    "mean_add_points_hybrid": 56.0,
    "point_map_generic": {
        "(4, 10)": 1.0,
        "(4, 20)": 2.0,
        "(4, 30)": 3.0,
        "(4, 40)": 4.0,
        "(4, 50)": 5.0,
        "(8, 10)": 6.0,
        "(8, 20)": 6.571428571428571,
        "(8, 30)": 6.096153846153846,
        "(8, 40)": 12.0,
        "(8, 50)": 14.0,
        "(16, 10)": 7.0,
        "(16, 20)": 7.461538461538462,
        "(16, 30)": 7.0,
        "(16, 40)": 0,
        "(16, 50)": 0,
        "(32, 10)": 8.0,
        "(32, 20)": 8.0,
        "(32, 30)": 8.0,
        "(32, 40)": 0,
        "(32, 50)": 0,
        "(64, 10)": 9.0,
        "(64, 20)": 9.0,
        "(64, 30)": 9.0,
        "(64, 40)": 0,
        "(64, 50)": 0
    },
    "base_point_cost": 0.15266977805583679,
    "min_points": 9,
    "budget": 0.2
}