{
    "percentage_bucket_counter_full": {
        "rest": 100.0,
        "5": 61.29985228951256,
        "10": 82.27474150664698,
        "15": 94.38700147710487,
        "20": 96.7503692762186
    },
    "percentage_bucket_counter_gpr": {
        "rest": 100.0,
        "5": 82.88288288288288,
        "10": 87.83783783783784,
        "15": 95.34534534534535,
        "20": 96.84684684684684
    },
    "percentage_bucket_counter_hybrid": {
        "rest": 100.0,
        "5": 82.95964125560538,
        "10": 87.89237668161435,
        "15": 95.3662182361734,
        "20": 96.8609865470852
    },
    "mean_budget_generic": 10.519391925218446,
    "percentage_bucket_counter_generic": {
        "rest": 100.0,
        "5": 81.0930576070901,
        "10": 87.14918759231905,
        "15": 93.79615952732644,
        "20": 95.56868537666175
    },
    "mean_add_points_generic": 71.12555391432792,
    "mean_add_points_gpr": 72.42642642642643,
    "mean_budget_gpr": 11.565832221616338,
    "mean_budget_hybrid": 11.563669243495083,
    "mean_add_points_hybrid": 72.36173393124066,
    "point_map_generic": {
        "(4, 10)": 1.0,
        "(4, 20)": 2.0,
        "(4, 30)": 3.0,
        "(4, 40)": 4.0,
        "(4, 50)": 5.0,
        "(8, 10)": 6.0,
        "(8, 20)": 9.929721815519766,
        "(8, 30)": 10.427622841965471,
        "(8, 40)": 12.378109452736318,
        "(8, 50)": 13.33203125,
        "(16, 10)": 7.0,
        "(16, 20)": 13.004636785162287,
        "(16, 30)": 13.653061224489797,
        "(16, 40)": 16.181069958847736,
        "(16, 50)": 17.406113537117903,
        "(32, 10)": 8.0,
        "(32, 20)": 16.668639053254438,
        "(32, 30)": 16.65432098765432,
        "(32, 40)": 20.06584362139918,
        "(32, 50)": 21.136986301369863,
        "(64, 10)": 9.0,
        "(64, 20)": 19.565217391304348,
        "(64, 30)": 9.0,
        "(64, 40)": 0,
        "(64, 50)": 0
    },
    "base_point_cost": 4.433865121069004,
    "min_points": 9,
    "budget": 12.0
}