{
    "percentage_bucket_counter_full": {
        "rest": 100.0,
        "5": 66.73346693386773,
        "10": 84.76953907815631,
        "15": 95.39078156312625,
        "20": 97.79559118236473
    },
    "percentage_bucket_counter_gpr": {
        "rest": 100.0,
        "5": 84.39073514602215,
        "10": 93.35347432024169,
        "15": 97.58308157099698,
        "20": 99.49647532729104
    },
    "percentage_bucket_counter_hybrid": {
        "rest": 100.0,
        "5": 84.39073514602215,
        "10": 93.35347432024169,
        "15": 97.58308157099698,
        "20": 99.49647532729104
    },
    "mean_budget_generic": 26.612991615846717,
    "percentage_bucket_counter_generic": {
        "rest": 100.0,
        "5": 83.56713426853707,
        "10": 90.8817635270541,
        "15": 96.9939879759519,
        "20": 98.59719438877755
    },
    "mean_add_points_generic": 82.52905811623246,
    "mean_add_points_gpr": 83.73111782477342,
    "mean_budget_gpr": 29.649090046238673,
    "mean_budget_hybrid": 29.646072662628807,
    "mean_add_points_hybrid": 83.730110775428,
    "point_map_generic": {
        "(4, 10)": 1.0,
        "(4, 20)": 2.0,
        "(4, 30)": 3.0,
        "(4, 40)": 4.0,
        "(4, 50)": 5.0,
        "(8, 10)": 6.48,
        "(8, 20)": 10.062,
        "(8, 30)": 10.593,
        "(8, 40)": 12.373,
        "(8, 50)": 13.761,
        "(16, 10)": 7.769,
        "(16, 20)": 13.226226226226226,
        "(16, 30)": 14.009,
        "(16, 40)": 16.303212851405622,
        "(16, 50)": 17.457572502685284,
        "(32, 10)": 9.042857142857143,
        "(32, 20)": 16.982124079915877,
        "(32, 30)": 17.542696629213484,
        "(32, 40)": 20.174743024963288,
        "(32, 50)": 21.13013698630137,
        "(64, 10)": 9.0,
        "(64, 20)": 20.57505285412262,
        "(64, 30)": 17.4,
        "(64, 40)": 0,
        "(64, 50)": 0
    },
    "base_point_cost": 4.433865121069004,
    "min_points": 9,
    "budget": 31.0
}