{
    "percentage_bucket_counter_full": {
        "rest": 100.0,
        "5": 55.28455284552846,
        "10": 76.42276422764228,
        "15": 91.05691056910568,
        "20": 93.90243902439023
    },
    "percentage_bucket_counter_gpr": {
        "rest": 100.0,
        "5": 68.26086956521739,
        "10": 82.17391304347827,
        "15": 90.43478260869566,
        "20": 95.65217391304348
    },
    "percentage_bucket_counter_hybrid": {
        "rest": 100.0,
        "5": 67.38197424892704,
        "10": 81.97424892703863,
        "15": 90.55793991416309,
        "20": 95.70815450643777
    },
    "mean_budget_generic": 1.7347381634359997,
    "percentage_bucket_counter_generic": {
        "rest": 100.0,
        "5": 60.97560975609756,
        "10": 78.45528455284553,
        "15": 86.99186991869918,
        "20": 93.08943089430895
    },
    "mean_add_points_generic": 62.50406504065041,
    "mean_add_points_gpr": 64.23478260869565,
    "mean_budget_gpr": 1.9245796383396712,
    "mean_budget_hybrid": 1.9257906425702345,
    "mean_add_points_hybrid": 64.068669527897,
    "point_map_generic": {
        "(4, 10)": 1.0,
        "(4, 20)": 2.0,
        "(4, 30)": 3.0,
        "(4, 40)": 4.0,
        "(4, 50)": 5.0,
        "(8, 10)": 6.0,
        "(8, 20)": 9.814671814671815,
        "(8, 30)": 9.50733137829912,
        "(8, 40)": 12.25560538116592,
        "(8, 50)": 13.479591836734693,
        "(16, 10)": 7.0,
        "(16, 20)": 12.860869565217392,
        "(16, 30)": 12.032490974729242,
        "(16, 40)": 16.072,
        "(16, 50)": 17.344444444444445,
        "(32, 10)": 8.0,
        "(32, 20)": 16.165289256198346,
        "(32, 30)": 10.30232558139535,
        "(32, 40)": 0,
        "(32, 50)": 0,
        "(64, 10)": 9.0,
        "(64, 20)": 9.0,
        "(64, 30)": 9.0,
        "(64, 40)": 0,
        "(64, 50)": 0
    },
    "base_point_cost": 0.7541662870768667,
    "min_points": 9,
    "budget": 2.0
}