{
    "percentage_bucket_counter_full": {
        "rest": 100.0,
        "5": 66.7,
        "10": 84.8,
        "15": 95.39999999999999,
        "20": 97.8
    },
    "percentage_bucket_counter_gpr": {
        "rest": 100.0,
        "5": 84.93975903614458,
        "10": 92.06827309236948,
        "15": 97.08835341365462,
        "20": 98.79518072289156
    },
    "percentage_bucket_counter_hybrid": {
        "rest": 100.0,
        "5": 84.82412060301507,
        "10": 92.06030150753769,
        "15": 97.08542713567839,
        "20": 98.79396984924624
    },
    "mean_budget_generic": 20.85388003800626,
    "percentage_bucket_counter_generic": {
        "rest": 100.0,
        "5": 83.6,
        "10": 90.9,
        "15": 96.8,
        "20": 98.5
    },
    "mean_add_points_generic": 77.34,
    "mean_add_points_gpr": 78.68775100401606,
    "mean_budget_gpr": 23.174889300212786,
    "mean_budget_hybrid": 23.173919143799115,
    "mean_add_points_hybrid": 78.71256281407035,
    "point_map_generic": {
        "(4, 10)": 1.0,
        "(4, 20)": 2.0,
        "(4, 30)": 3.0,
        "(4, 40)": 4.0,
        "(4, 50)": 5.0,
        "(8, 10)": 6.473473473473473,
        "(8, 20)": 10.06006006006006,
        "(8, 30)": 10.593,
        "(8, 40)": 12.373,
        "(8, 50)": 13.761761761761761,
        "(16, 10)": 7.737688442211056,
        "(16, 20)": 13.201015228426396,
        "(16, 30)": 13.984631147540984,
        "(16, 40)": 16.295528898582333,
        "(16, 50)": 17.298898071625345,
        "(32, 10)": 8.611702127659575,
        "(32, 20)": 16.83578431372549,
        "(32, 30)": 17.26388888888889,
        "(32, 40)": 20.184959349593495,
        "(32, 50)": 21.237196765498652,
        "(64, 10)": 9.0,
        "(64, 20)": 20.3781512605042,
        "(64, 30)": 13.853503184713375,
        "(64, 40)": 0,
        "(64, 50)": 0
    },
    "base_point_cost": 4.433865121069004,
    "min_points": 9,
    "budget": 24.0
}