{
    "percentage_bucket_counter_full": {
        "rest": 100.0,
        "5": 66.7,
        "10": 84.8,
        "15": 95.39999999999999,
        "20": 97.8
    },
    "percentage_bucket_counter_gpr": {
        "rest": 100.0,
        "5": 84.42211055276381,
        "10": 93.36683417085428,
        "15": 97.58793969849246,
        "20": 99.49748743718592
    },
    "percentage_bucket_counter_hybrid": {
        "rest": 100.0,
        "5": 84.52261306532664,
        "10": 93.36683417085428,
        "15": 97.58793969849246,
        "20": 99.49748743718592
    },
    "mean_budget_generic": 25.835566880065418,
    "percentage_bucket_counter_generic": {
        "rest": 100.0,
        "5": 83.8,
        "10": 90.9,
        "15": 97.0,
        "20": 98.6
    },
    "mean_add_points_generic": 81.936,
    "mean_add_points_gpr": 83.1608040201005,
    "mean_budget_gpr": 28.722873128175102,
    "mean_budget_hybrid": 28.7195015027008,
    "mean_add_points_hybrid": 83.15979899497488,
    "point_map_generic": {
        "(4, 10)": 1.0,
        "(4, 20)": 2.0,
        "(4, 30)": 3.0,
        "(4, 40)": 4.0,
        "(4, 50)": 5.0,
        "(8, 10)": 6.48,
        "(8, 20)": 10.062,
        "(8, 30)": 10.593,
        "(8, 40)": 12.373,
        "(8, 50)": 13.761,
        "(16, 10)": 7.769,
        "(16, 20)": 13.226226226226226,
        "(16, 30)": 14.009,
        "(16, 40)": 16.30211480362538,
        "(16, 50)": 17.402901785714285,
        "(32, 10)": 8.966084275436794,
        "(32, 20)": 16.969116080937166,
        "(32, 30)": 17.514318442153495,
        "(32, 40)": 20.175757575757576,
        "(32, 50)": 21.13953488372093,
        "(64, 10)": 9.0,
        "(64, 20)": 20.551422319474835,
        "(64, 30)": 17.156626506024097,
        "(64, 40)": 0,
        "(64, 50)": 0
    },
    "base_point_cost": 4.433865121069004,
    "min_points": 9,
    "budget": 30.0
}