{
    "percentage_bucket_counter_full": {
        "rest": 100.0,
        "5": 59.380097879282225,
        "10": 81.07667210440457,
        "15": 93.80097879282219,
        "20": 96.4110929853181
    },
    "percentage_bucket_counter_gpr": {
        "rest": 100.0,
        "5": 81.22923588039868,
        "10": 86.37873754152824,
        "15": 94.01993355481729,
        "20": 96.01328903654485
    },
    "percentage_bucket_counter_hybrid": {
        "rest": 100.0,
        "5": 81.02310231023102,
        "10": 86.3036303630363,
        "15": 93.89438943894389,
        "20": 95.87458745874588
    },
    "mean_budget_generic": 8.729643105726876,
    "percentage_bucket_counter_generic": {
        "rest": 100.0,
        "5": 78.95595432300163,
        "10": 84.33931484502448,
        "15": 92.00652528548125,
        "20": 94.29037520391516
    },
    "mean_add_points_generic": 69.76835236541599,
    "mean_add_points_gpr": 71.31893687707641,
    "mean_budget_gpr": 9.644397664343643,
    "mean_budget_hybrid": 9.63971960966619,
    "mean_add_points_hybrid": 71.1963696369637,
    "point_map_generic": {
        "(4, 10)": 1.0,
        "(4, 20)": 2.0,
        "(4, 30)": 3.0,
        "(4, 40)": 4.0,
        "(4, 50)": 5.0,
        "(8, 10)": 6.0,
        "(8, 20)": 9.92220421393841,
        "(8, 30)": 10.354136429608127,
        "(8, 40)": 12.190669371196755,
        "(8, 50)": 13.354166666666666,
        "(16, 10)": 7.0,
        "(16, 20)": 13.038394415357766,
        "(16, 30)": 13.544827586206896,
        "(16, 40)": 16.19864559819413,
        "(16, 50)": 17.398496240601503,
        "(32, 10)": 8.0,
        "(32, 20)": 16.62857142857143,
        "(32, 30)": 16.361948955916475,
        "(32, 40)": 20.049751243781095,
        "(32, 50)": 21.095744680851062,
        "(64, 10)": 9.0,
        "(64, 20)": 18.88888888888889,
        "(64, 30)": 9.0,
        "(64, 40)": 0,
        "(64, 50)": 0
    },
    "base_point_cost": 4.340033094995809,
    "min_points": 9,
    "budget": 10.0
}