{
    "percentage_bucket_counter_full": {
        "rest": 100.0,
        "5": 66.7,
        "10": 84.8,
        "15": 95.39999999999999,
        "20": 97.8
    },
    "percentage_bucket_counter_gpr": {
        "rest": 100.0,
        "5": 82.69999999999999,
        "10": 91.10000000000001,
        "15": 97.6,
        "20": 99.5
    },
    "percentage_bucket_counter_hybrid": {
        "rest": 100.0,
        "5": 82.69999999999999,
        "10": 91.10000000000001,
        "15": 97.6,
        "20": 99.5
    },
    "mean_budget_generic": 63.36405362371585,
    "percentage_bucket_counter_generic": {
        "rest": 100.0,
        "5": 84.3,
        "10": 92.9,
        "15": 97.39999999999999,
        "20": 99.7
    },
    "mean_add_points_generic": 94.044,
    "mean_add_points_gpr": 95.334,
    "mean_budget_gpr": 71.99868969335293,
    "mean_budget_hybrid": 72.00251986854256,
    "mean_add_points_hybrid": 95.335,
    "point_map_generic": {
        "(4, 10)": 1.0,
        "(4, 20)": 2.0,
        "(4, 30)": 3.0,
        "(4, 40)": 4.0,
        "(4, 50)": 5.0,
        "(8, 10)": 6.48,
        "(8, 20)": 10.062,
        "(8, 30)": 10.593,
        "(8, 40)": 12.373,
        "(8, 50)": 13.761,
        "(16, 10)": 7.769,
        "(16, 20)": 13.229,
        "(16, 30)": 14.009,
        "(16, 40)": 16.303,
        "(16, 50)": 17.593,
        "(32, 10)": 9.269,
        "(32, 20)": 17.04,
        "(32, 30)": 17.703,
        "(32, 40)": 20.281,
        "(32, 50)": 21.293,
        "(64, 10)": 10.238683127572017,
        "(64, 20)": 21.205,
        "(64, 30)": 21.434738955823292,
        "(64, 40)": 23.950276243093924,
        "(64, 50)": 0
    },
    "base_point_cost": 4.433865121069004,
    "min_points": 9,
    "budget": 75.0
}