{
    "percentage_bucket_counter_full": {
        "rest": 100.0,
        "5": 50.0,
        "10": 85.71428571428571,
        "15": 92.85714285714286,
        "20": 100.0
    },
    "percentage_bucket_counter_generic": {
        "rest": 100.0,
        "5": 35.714285714285715,
        "10": 71.42857142857143,
        "15": 71.42857142857143,
        "20": 78.57142857142857
    },
    "mean_budget_generic": 7.649349667182013,
    "mean_add_points_generic": 555.0,
    "nr_func_modeled_generic": 14,
    "percentage_bucket_counter_gpr": {
        "rest": 100.0,
        "5": 42.857142857142854,
        "10": 64.28571428571429,
        "15": 71.42857142857143,
        "20": 78.57142857142857
    },
    "mean_add_points_gpr": 548.1538461538462,
    "mean_budget_gpr": 7.9700495690320565,
    "nr_func_modeled_gpr": 13,
    "percentage_bucket_counter_hybrid": {
        "rest": 100.0,
        "5": 35.714285714285715,
        "10": 64.28571428571429,
        "15": 71.42857142857143,
        "20": 78.57142857142857
    },
    "mean_budget_hybrid": 7.976430709515957,
    "mean_add_points_hybrid": 548.4615384615385,
    "nr_func_modeled_hybrid": 13,
    "base_point_cost": 0.6614525902167427,
    "min_points": 13,
    "budget": 8.0
}