{
    "percentage_bucket_counter_full": {
        "rest": 100.0,
        "5": 50.0,
        "10": 85.71428571428571,
        "15": 92.85714285714286,
        "20": 100.0
    },
    "percentage_bucket_counter_generic": {
        "rest": 100.0,
        "5": 50.0,
        "10": 71.42857142857143,
        "15": 78.57142857142857,
        "20": 85.71428571428571
    },
    "mean_budget_generic": 22.674853760908395,
    "mean_add_points_generic": 637.5,
    "nr_func_modeled_generic": 14,
    "percentage_bucket_counter_gpr": {
        "rest": 100.0,
        "5": 50.0,
        "10": 78.57142857142857,
        "15": 85.71428571428571,
        "20": 100.0
    },
    "mean_add_points_gpr": 616.0,
    "mean_budget_gpr": 23.875325994623104,
    "nr_func_modeled_gpr": 14,
    "percentage_bucket_counter_hybrid": {
        "rest": 100.0,
        "5": 50.0,
        "10": 78.57142857142857,
        "15": 92.85714285714286,
        "20": 100.0
    },
    "mean_budget_hybrid": 23.87425257887283,
    "mean_add_points_hybrid": 616.0714285714286,
    "nr_func_modeled_hybrid": 14,
    "base_point_cost": 0.6614525902167427,
    "min_points": 13,
    "budget": 24.0
}