{
    "percentage_bucket_counter_full": {
        "rest": 100.0,
        "5": 50.0,
        "10": 85.71428571428571,
        "15": 92.85714285714286,
        "20": 100.0
    },
    "percentage_bucket_counter_generic": {
        "rest": 100.0,
        "5": 50.0,
        "10": 71.42857142857143,
        "15": 78.57142857142857,
        "20": 92.85714285714286
    },
    "mean_budget_generic": 34.74717229556902,
    "mean_add_points_generic": 662.1428571428571,
    "nr_func_modeled_generic": 14,
    "percentage_bucket_counter_gpr": {
        "rest": 100.0,
        "5": 50.0,
        "10": 78.57142857142857,
        "15": 92.85714285714286,
        "20": 100.0
    },
    "mean_add_points_gpr": 658.3571428571429,
    "mean_budget_gpr": 35.85625405428886,
    "nr_func_modeled_gpr": 14,
    "percentage_bucket_counter_hybrid": {
        "rest": 100.0,
        "5": 50.0,
        "10": 78.57142857142857,
        "15": 92.85714285714286,
        "20": 100.0
    },
    "mean_budget_hybrid": 35.84688502441118,
    "mean_add_points_hybrid": 658.3571428571429,
    "nr_func_modeled_hybrid": 14,
    "base_point_cost": 0.6614525902167426,
    "min_points": 13,
    "budget": 36.0
}