{
    "percentage_bucket_counter_full": {
        "rest": 100.0,
        "5": 50.0,
        "10": 85.71428571428571,
        "15": 92.85714285714286,
        "20": 100.0
    },
    "percentage_bucket_counter_generic": {
        "rest": 100.0,
        "5": 42.857142857142854,
        "10": 71.42857142857143,
        "15": 71.42857142857143,
        "20": 78.57142857142857
    },
    "mean_budget_generic": 6.737733657821784,
    "mean_add_points_generic": 543.2142857142857,
    "nr_func_modeled_generic": 14,
    "percentage_bucket_counter_gpr": {
        "rest": 100.0,
        "5": 50.0,
        "10": 71.42857142857143,
        "15": 71.42857142857143,
        "20": 85.71428571428571
    },
    "mean_add_points_gpr": 530.0,
    "mean_budget_gpr": 6.979961217892864,
    "nr_func_modeled_gpr": 14,
    "percentage_bucket_counter_hybrid": {
        "rest": 100.0,
        "5": 35.714285714285715,
        "10": 71.42857142857143,
        "15": 71.42857142857143,
        "20": 85.71428571428571
    },
    "mean_budget_hybrid": 6.9803821676856534,
    "mean_add_points_hybrid": 530.3571428571429,
    "nr_func_modeled_hybrid": 14,
    "base_point_cost": 0.6614525902167427,
    "min_points": 13,
    "budget": 7.0
}