{
    "percentage_bucket_counter_full": {
        "rest": 100.0,
        "5": 50.0,
        "10": 85.71428571428571,
        "15": 92.85714285714286,
        "20": 100.0
    },
    "percentage_bucket_counter_generic": {
        "rest": 100.0,
        "5": 50.0,
        "10": 71.42857142857143,
        "15": 85.71428571428571,
        "20": 85.71428571428571
    },
    "mean_budget_generic": 69.87461580298195,
    "mean_add_points_generic": 714.6153846153846,
    "nr_func_modeled_generic": 13,
    "percentage_bucket_counter_gpr": {
        "rest": 100.0,
        "5": 50.0,
        "10": 85.71428571428571,
        "15": 92.85714285714286,
        "20": 100.0
    },
    "mean_add_points_gpr": 715.5,
    "mean_budget_gpr": 71.67763964720675,
    "nr_func_modeled_gpr": 14,
    "percentage_bucket_counter_hybrid": {
        "rest": 100.0,
        "5": 50.0,
        "10": 85.71428571428571,
        "15": 92.85714285714286,
        "20": 100.0
    },
    "mean_budget_hybrid": 71.6839156108966,
    "mean_add_points_hybrid": 715.5,
    "nr_func_modeled_hybrid": 14,
    "base_point_cost": 0.6614525902167427,
    "min_points": 13,
    "budget": 72.0
}