{
    "percentage_bucket_counter_full": {
        "rest": 100.0,
        "5": 50.0,
        "10": 85.71428571428571,
        "15": 92.85714285714286,
        "20": 100.0
    },
    "percentage_bucket_counter_generic": {
        "rest": 100.0,
        "5": 57.14285714285714,
        "10": 71.42857142857143,
        "15": 92.85714285714286,
        "20": 92.85714285714286
    },
    "mean_budget_generic": 81.4154452342168,
    "mean_add_points_generic": 730.0,
    "nr_func_modeled_generic": 14,
    "percentage_bucket_counter_gpr": {
        "rest": 100.0,
        "5": 50.0,
        "10": 85.71428571428571,
        "15": 92.85714285714286,
        "20": 100.0
    },
    "mean_add_points_gpr": 730.8571428571429,
    "mean_budget_gpr": 83.52885521348954,
    "nr_func_modeled_gpr": 14,
    "percentage_bucket_counter_hybrid": {
        "rest": 100.0,
        "5": 50.0,
        "10": 85.71428571428571,
        "15": 92.85714285714286,
        "20": 100.0
    },
    "mean_budget_hybrid": 83.53618734259564,
    "mean_add_points_hybrid": 730.8571428571429,
    "nr_func_modeled_hybrid": 14,
    "base_point_cost": 0.6614525902167427,
    "min_points": 13,
    "budget": 84.0
}