{
    "percentage_bucket_counter_full": {
        "rest": 100.0,
        "5": 50.0,
        "10": 85.71428571428571,
        "15": 92.85714285714286,
        "20": 100.0
    },
    "percentage_bucket_counter_generic": {
        "rest": 100.0,
        "5": 42.857142857142854,
        "10": 64.28571428571429,
        "15": 64.28571428571429,
        "20": 71.42857142857143
    },
    "mean_budget_generic": 5.876241000943788,
    "mean_add_points_generic": 531.9230769230769,
    "nr_func_modeled_generic": 13,
    "percentage_bucket_counter_gpr": {
        "rest": 100.0,
        "5": 28.57142857142857,
        "10": 64.28571428571429,
        "15": 64.28571428571429,
        "20": 78.57142857142857
    },
    "mean_add_points_gpr": 525.6923076923077,
    "mean_budget_gpr": 5.979705831906045,
    "nr_func_modeled_gpr": 13,
    "percentage_bucket_counter_hybrid": {
        "rest": 100.0,
        "5": 28.57142857142857,
        "10": 64.28571428571429,
        "15": 64.28571428571429,
        "20": 71.42857142857143
    },
    "mean_budget_hybrid": 5.984267797091149,
    "mean_add_points_hybrid": 527.0,
    "nr_func_modeled_hybrid": 13,
    "base_point_cost": 0.6614525902167427,
    "min_points": 13,
    "budget": 6.0
}