{
    "percentage_bucket_counter_full": {
        "rest": 100.0,
        "5": 50.0,
        "10": 85.71428571428571,
        "15": 92.85714285714286,
        "20": 100.0
    },
    "percentage_bucket_counter_generic": {
        "rest": 100.0,
        "5": 57.14285714285714,
        "10": 71.42857142857143,
        "15": 92.85714285714286,
        "20": 92.85714285714286
    },
    "mean_budget_generic": 83.54607199823987,
    "mean_add_points_generic": 732.1428571428571,
    "nr_func_modeled_generic": 14,
    "percentage_bucket_counter_gpr": {
        "rest": 100.0,
        "5": 50.0,
        "10": 85.71428571428571,
        "15": 92.85714285714286,
        "20": 100.0
    },
    "mean_add_points_gpr": 733.4285714285714,
    "mean_budget_gpr": 85.67084293476115,
    "nr_func_modeled_gpr": 14,
    "percentage_bucket_counter_hybrid": {
        "rest": 100.0,
        "5": 50.0,
        "10": 85.71428571428571,
        "15": 92.85714285714286,
        "20": 100.0
    },
    "mean_budget_hybrid": 85.67594698302797,
    "mean_add_points_hybrid": 733.5,
    "nr_func_modeled_hybrid": 14,
    "base_point_cost": 0.6614525902167426,
    "min_points": 13,
    "budget": 86.0
}