{
    "percentage_bucket_counter_full": {
        "rest": 100.0,
        "5": 0.0,
        "10": 11.76470588235294,
        "15": 32.35294117647059,
        "20": 55.88235294117647
    },
    "percentage_bucket_counter_gpr": {
        "rest": 100.0,
        "5": 39.130434782608695,
        "10": 69.56521739130434,
        "15": 73.91304347826086,
        "20": 82.6086956521739
    },
    "percentage_bucket_counter_hybrid": {
        "rest": 100.0,
        "5": 37.5,
        "10": 66.66666666666666,
        "15": 70.83333333333334,
        "20": 79.16666666666666
    },
    "mean_budget_generic": 0.37435172805839634,
    "percentage_bucket_counter_generic": {
        "rest": 100.0,
        "5": 41.17647058823529,
        "10": 61.76470588235294,
        "15": 67.64705882352942,
        "20": 73.52941176470588
    },
    "mean_add_points_generic": 52.35294117647059,
    "mean_add_points_gpr": 55.69565217391305,
    "mean_budget_gpr": 0.39154997898037036,
    "mean_budget_hybrid": 0.3914005732969413,
    "mean_add_points_hybrid": 55.375,
    "point_map_generic": {
        "(4, 10)": 1.0,
        "(4, 20)": 2.0,
        "(4, 30)": 3.0,
        "(4, 40)": 4.0,
        "(4, 50)": 5.0,
        "(8, 10)": 6.0,
        "(8, 20)": 9.162790697674419,
        "(8, 30)": 6.8474576271186445,
        "(8, 40)": 12.043478260869565,
        "(8, 50)": 13.647058823529411,
        "(16, 10)": 7.0,
        "(16, 20)": 11.424242424242424,
        "(16, 30)": 7.556962025316456,
        "(16, 40)": 16.0,
        "(16, 50)": 0,
        "(32, 10)": 8.0,
        "(32, 20)": 8.0,
        "(32, 30)": 8.0,
        "(32, 40)": 0,
        "(32, 50)": 0,
        "(64, 10)": 9.0,
        "(64, 20)": 9.0,
        "(64, 30)": 9.0,
        "(64, 40)": 0,
        "(64, 50)": 0
    },
    "base_point_cost": 0.25058648180106186,
    "min_points": 9,
    "budget": 0.4
}