{
    "percentage_bucket_counter_full": {
        "rest": 100.0,
        "5": 21.9438877755511,
        "10": 48.39679358717434,
        "15": 69.13827655310621,
        "20": 82.06412825651303
    },
    "percentage_bucket_counter_gpr": {
        "rest": 100.0,
        "5": 74.97477295660948,
        "10": 90.81735620585268,
        "15": 96.67003027245207,
        "20": 98.48637739656913
    },
    "percentage_bucket_counter_hybrid": {
        "rest": 100.0,
        "5": 75.15151515151514,
        "10": 90.9090909090909,
        "15": 96.66666666666667,
        "20": 98.48484848484848
    },
    "mean_budget_generic": 19.993167408788644,
    "percentage_bucket_counter_generic": {
        "rest": 100.0,
        "5": 72.44488977955912,
        "10": 87.4749498997996,
        "15": 95.59118236472945,
        "20": 97.69539078156313
    },
    "mean_add_points_generic": 76.5250501002004,
    "mean_add_points_gpr": 77.90010090817356,
    "mean_budget_gpr": 22.255732128926013,
    "mean_budget_hybrid": 22.2530589811542,
    "mean_add_points_hybrid": 77.92424242424242,
    "point_map_generic": {
        "(4, 10)": 1.0,
        "(4, 20)": 2.0,
        "(4, 30)": 3.0,
        "(4, 40)": 4.0,
        "(4, 50)": 5.0,
        "(8, 10)": 6.630892678034102,
        "(8, 20)": 10.116116116116116,
        "(8, 30)": 10.365,
        "(8, 40)": 12.357357357357357,
        "(8, 50)": 13.744979919678714,
        "(16, 10)": 7.982862903225806,
        "(16, 20)": 13.285272914521112,
        "(16, 30)": 13.642411642411643,
        "(16, 40)": 16.296715741789356,
        "(16, 50)": 17.30289855072464,
        "(32, 10)": 8.555056179775281,
        "(32, 20)": 16.80778894472362,
        "(32, 30)": 16.630081300813007,
        "(32, 40)": 20.183760683760685,
        "(32, 50)": 21.1900826446281,
        "(64, 10)": 9.0,
        "(64, 20)": 20.488235294117647,
        "(64, 30)": 12.565656565656566,
        "(64, 40)": 0,
        "(64, 50)": 0
    },
    "base_point_cost": 4.422577227146803,
    "min_points": 9,
    "budget": 23.0
}