{
    "percentage_bucket_counter_full": {
        "rest": 100.0,
        "5": 8.447488584474886,
        "10": 23.74429223744292,
        "15": 47.94520547945205,
        "20": 67.57990867579909
    },
    "percentage_bucket_counter_gpr": {
        "rest": 100.0,
        "5": 69.17647058823529,
        "10": 76.23529411764706,
        "15": 86.11764705882354,
        "20": 92.0
    },
    "percentage_bucket_counter_hybrid": {
        "rest": 100.0,
        "5": 68.69158878504673,
        "10": 75.93457943925233,
        "15": 85.98130841121495,
        "20": 92.05607476635514
    },
    "mean_budget_generic": 5.1429878982041215,
    "percentage_bucket_counter_generic": {
        "rest": 100.0,
        "5": 58.21917808219178,
        "10": 73.28767123287672,
        "15": 83.56164383561644,
        "20": 89.26940639269407
    },
    "mean_add_points_generic": 68.57534246575342,
    "mean_add_points_gpr": 70.32470588235294,
    "mean_budget_gpr": 5.791615235057436,
    "mean_budget_hybrid": 5.791030003731655,
    "mean_add_points_hybrid": 70.21261682242991,
    "point_map_generic": {
        "(4, 10)": 1.0,
        "(4, 20)": 2.0,
        "(4, 30)": 3.0,
        "(4, 40)": 4.0,
        "(4, 50)": 5.0,
        "(8, 10)": 6.0,
        "(8, 20)": 9.917241379310346,
        "(8, 30)": 9.672760511882998,
        "(8, 40)": 12.174358974358974,
        "(8, 50)": 13.425974025974027,
        "(16, 10)": 7.0,
        "(16, 20)": 13.155172413793103,
        "(16, 30)": 12.690802348336595,
        "(16, 40)": 16.2433234421365,
        "(16, 50)": 17.373626373626372,
        "(32, 10)": 8.0,
        "(32, 20)": 16.869009584664536,
        "(32, 30)": 14.181008902077151,
        "(32, 40)": 20.0,
        "(32, 50)": 21.0,
        "(64, 10)": 9.0,
        "(64, 20)": 15.958333333333334,
        "(64, 30)": 9.0,
        "(64, 40)": 0,
        "(64, 50)": 0
    },
    "base_point_cost": 2.280128779487727,
    "min_points": 9,
    "budget": 6.0
}