{
    "percentage_bucket_counter_full": {
        "rest": 100.0,
        "5": 22.12212212212212,
        "10": 48.44844844844845,
        "15": 69.16916916916917,
        "20": 82.08208208208208
    },
    "percentage_bucket_counter_gpr": {
        "rest": 100.0,
        "5": 82.24674022066199,
        "10": 91.87562688064193,
        "15": 97.49247743229688,
        "20": 99.69909729187563
    },
    "percentage_bucket_counter_hybrid": {
        "rest": 100.0,
        "5": 82.24674022066199,
        "10": 91.87562688064193,
        "15": 97.49247743229688,
        "20": 99.69909729187563
    },
    "mean_budget_generic": 37.38421249246747,
    "percentage_bucket_counter_generic": {
        "rest": 100.0,
        "5": 79.37937937937937,
        "10": 92.29229229229229,
        "15": 97.09709709709709,
        "20": 98.8988988988989
    },
    "mean_add_points_generic": 87.7957957957958,
    "mean_add_points_gpr": 89.26980942828486,
    "mean_budget_gpr": 44.02623812756162,
    "mean_budget_hybrid": 44.02623812756162,
    "mean_add_points_hybrid": 89.26980942828486,
    "point_map_generic": {
        "(4, 10)": 1.0,
        "(4, 20)": 2.0,
        "(4, 30)": 3.0,
        "(4, 40)": 4.0,
        "(4, 50)": 5.0,
        "(8, 10)": 6.65,
        "(8, 20)": 10.118,
        "(8, 30)": 10.365,
        "(8, 40)": 12.357,
        "(8, 50)": 13.742,
        "(16, 10)": 8.031,
        "(16, 20)": 13.328,
        "(16, 30)": 13.697,
        "(16, 40)": 16.33,
        "(16, 50)": 17.599,
        "(32, 10)": 9.709547738693468,
        "(32, 20)": 17.04,
        "(32, 30)": 17.19,
        "(32, 40)": 20.33196300102775,
        "(32, 50)": 20.97460701330109,
        "(64, 10)": 9.0,
        "(64, 20)": 20.994542974079128,
        "(64, 30)": 19.226548672566373,
        "(64, 40)": 24.0,
        "(64, 50)": 0
    },
    "base_point_cost": 4.422577227146803,
    "min_points": 9,
    "budget": 46.0
}