{
    "percentage_bucket_counter_full": {
        "rest": 100.0,
        "5": 22.1,
        "10": 48.5,
        "15": 69.19999999999999,
        "20": 82.1
    },
    "percentage_bucket_counter_gpr": {
        "rest": 100.0,
        "5": 81.64493480441324,
        "10": 93.38014042126379,
        "15": 97.79338014042126,
        "20": 99.69909729187563
    },
    "percentage_bucket_counter_hybrid": {
        "rest": 100.0,
        "5": 81.64493480441324,
        "10": 93.38014042126379,
        "15": 97.79338014042126,
        "20": 99.69909729187563
    },
    "mean_budget_generic": 34.366507392805566,
    "percentage_bucket_counter_generic": {
        "rest": 100.0,
        "5": 78.7,
        "10": 92.2,
        "15": 97.2,
        "20": 98.7
    },
    "mean_add_points_generic": 86.824,
    "mean_add_points_gpr": 88.40320962888666,
    "mean_budget_gpr": 41.09456634040156,
    "mean_budget_hybrid": 41.09456634040156,
    "mean_add_points_hybrid": 88.40320962888666,
    "point_map_generic": {
        "(4, 10)": 1.0,
        "(4, 20)": 2.0,
        "(4, 30)": 3.0,
        "(4, 40)": 4.0,
        "(4, 50)": 5.0,
        "(8, 10)": 6.65,
        "(8, 20)": 10.118,
        "(8, 30)": 10.365,
        "(8, 40)": 12.357,
        "(8, 50)": 13.742,
        "(16, 10)": 8.031,
        "(16, 20)": 13.328,
        "(16, 30)": 13.697,
        "(16, 40)": 16.33,
        "(16, 50)": 17.599,
        "(32, 10)": 9.698189134808853,
        "(32, 20)": 17.04,
        "(32, 30)": 17.18273092369478,
        "(32, 40)": 20.292896174863387,
        "(32, 50)": 20.976572133168926,
        "(64, 10)": 9.0,
        "(64, 20)": 20.8640625,
        "(64, 30)": 18.815841584158417,
        "(64, 40)": 24.0,
        "(64, 50)": 0
    },
    "base_point_cost": 4.422577227146803,
    "min_points": 9,
    "budget": 43.0
}