{
    "percentage_bucket_counter_full": {
        "rest": 100.0,
        "5": 32.55813953488372,
        "10": 51.162790697674424,
        "15": 65.11627906976744,
        "20": 79.06976744186046
    },
    "percentage_bucket_counter_generic": {
        "rest": 100.0,
        "5": 25.581395348837212,
        "10": 41.86046511627907,
        "15": 48.837209302325576,
        "20": 60.46511627906976
    },
    "percentage_bucket_counter_gpr": {
        "rest": 100.0,
        "5": 25.581395348837212,
        "10": 46.51162790697674,
        "15": 53.48837209302325,
        "20": 60.46511627906976
    },
    "percentage_bucket_counter_hybrid": {
        "rest": 100.0,
        "5": 27.906976744186046,
        "10": 46.51162790697674,
        "15": 53.48837209302325,
        "20": 60.46511627906976
    },
    "budget": 31,
    "mean_budget_generic": 28.525901019548037,
    "mean_add_points_generic": 9.534883720930232,
    "mean_budget_gpr": 28.303094271018963,
    "mean_add_points_gpr": 9.86046511627907,
    "mean_budget_hybrid": 28.285848339113876,
    "mean_add_points_hybrid": 9.86046511627907,
    "base_point_cost": 14.398451928310315,
    "min_points": 9,
    "filter": 0
}