{
    "percentage_bucket_counter_full": {
        "rest": 100.0,
        "5": 32.55813953488372,
        "10": 51.162790697674424,
        "15": 65.11627906976744,
        "20": 79.06976744186046
    },
    "percentage_bucket_counter_generic": {
        "rest": 100.0,
        "5": 25.581395348837212,
        "10": 39.53488372093023,
        "15": 48.837209302325576,
        "20": 53.48837209302325
    },
    "percentage_bucket_counter_gpr": {
        "rest": 100.0,
        "5": 32.55813953488372,
        "10": 46.51162790697674,
        "15": 48.837209302325576,
        "20": 51.162790697674424
    },
    "percentage_bucket_counter_hybrid": {
        "rest": 100.0,
        "5": 32.55813953488372,
        "10": 46.51162790697674,
        "15": 48.837209302325576,
        "20": 51.162790697674424
    },
    "budget": 22,
    "mean_budget_generic": 20.563987208302642,
    "mean_add_points_generic": 7.255813953488372,
    "mean_budget_gpr": 20.373399702453913,
    "mean_add_points_gpr": 7.604651162790698,
    "mean_budget_hybrid": 20.373399702453913,
    "mean_add_points_hybrid": 7.604651162790698,
    "base_point_cost": 14.398451928310315,
    "min_points": 9,
    "filter": 0
}