{
    "percentage_bucket_counter_full": {
        "rest": 100.0,
        "5": 32.55813953488372,
        "10": 51.162790697674424,
        "15": 65.11627906976744,
        "20": 79.06976744186046
    },
    "percentage_bucket_counter_generic": {
        "rest": 100.0,
        "5": 13.953488372093023,
        "10": 39.53488372093023,
        "15": 55.81395348837209,
        "20": 67.44186046511628
    },
    "percentage_bucket_counter_gpr": {
        "rest": 100.0,
        "5": 13.953488372093023,
        "10": 39.53488372093023,
        "15": 51.162790697674424,
        "20": 62.7906976744186
    },
    "percentage_bucket_counter_hybrid": {
        "rest": 100.0,
        "5": 16.27906976744186,
        "10": 39.53488372093023,
        "15": 51.162790697674424,
        "20": 62.7906976744186
    },
    "budget": 50,
    "mean_budget_generic": 43.972015607694516,
    "mean_add_points_generic": 12.186046511627907,
    "mean_budget_gpr": 45.49668869182888,
    "mean_add_points_gpr": 12.44186046511628,
    "mean_budget_hybrid": 45.42937926726032,
    "mean_add_points_hybrid": 12.44186046511628,
    "base_point_cost": 14.398451928310315,
    "min_points": 9,
    "filter": 0
}