{
    "percentage_bucket_counter_full": {
        "rest": 100.0,
        "5": 32.55813953488372,
        "10": 51.162790697674424,
        "15": 65.11627906976744,
        "20": 79.06976744186046
    },
    "percentage_bucket_counter_generic": {
        "rest": 100.0,
        "5": 23.25581395348837,
        "10": 44.18604651162791,
        "15": 53.48837209302325,
        "20": 60.46511627906976
    },
    "percentage_bucket_counter_gpr": {
        "rest": 100.0,
        "5": 27.906976744186046,
        "10": 46.51162790697674,
        "15": 53.48837209302325,
        "20": 65.11627906976744
    },
    "percentage_bucket_counter_hybrid": {
        "rest": 100.0,
        "5": 27.906976744186046,
        "10": 46.51162790697674,
        "15": 53.48837209302325,
        "20": 65.11627906976744
    },
    "budget": 100,
    "mean_budget_generic": 81.71248079488873,
    "mean_add_points_generic": 15.186046511627907,
    "mean_budget_gpr": 92.59024727697116,
    "mean_add_points_gpr": 15.69767441860465,
    "mean_budget_hybrid": 92.42834437342363,
    "mean_add_points_hybrid": 15.69767441860465,
    "base_point_cost": 14.398451928310315,
    "min_points": 9,
    "filter": 0
}