{
    "percentage_bucket_counter_full": {
        "rest": 100.0,
        "5": 32.55813953488372,
        "10": 51.162790697674424,
        "15": 65.11627906976744,
        "20": 79.06976744186046
    },
    "percentage_bucket_counter_generic": {
        "rest": 100.0,
        "5": 27.906976744186046,
        "10": 37.2093023255814,
        "15": 51.162790697674424,
        "20": 55.81395348837209
    },
    "percentage_bucket_counter_gpr": {
        "rest": 100.0,
        "5": 32.55813953488372,
        "10": 48.837209302325576,
        "15": 53.48837209302325,
        "20": 55.81395348837209
    },
    "percentage_bucket_counter_hybrid": {
        "rest": 100.0,
        "5": 30.23255813953488,
        "10": 46.51162790697674,
        "15": 51.162790697674424,
        "20": 53.48837209302325
    },
    "budget": 24,
    "mean_budget_generic": 21.902026003822744,
    "mean_add_points_generic": 7.813953488372093,
    "mean_budget_gpr": 22.100573258216244,
    "mean_add_points_gpr": 8.232558139534884,
    "mean_budget_hybrid": 22.048517689131213,
    "mean_add_points_hybrid": 8.232558139534884,
    "base_point_cost": 14.398451928310315,
    "min_points": 9,
    "filter": 0
}