{
    "percentage_bucket_counter_full": {
        "rest": 100.0,
        "5": 32.55813953488372,
        "10": 51.162790697674424,
        "15": 65.11627906976744,
        "20": 79.06976744186046
    },
    "percentage_bucket_counter_generic": {
        "rest": 100.0,
        "5": 18.6046511627907,
        "10": 44.18604651162791,
        "15": 58.139534883720934,
        "20": 72.09302325581395
    },
    "percentage_bucket_counter_gpr": {
        "rest": 100.0,
        "5": 23.25581395348837,
        "10": 44.18604651162791,
        "15": 55.81395348837209,
        "20": 65.11627906976744
    },
    "percentage_bucket_counter_hybrid": {
        "rest": 100.0,
        "5": 23.25581395348837,
        "10": 44.18604651162791,
        "15": 55.81395348837209,
        "20": 65.11627906976744
    },
    "budget": 36,
    "mean_budget_generic": 32.851029432583054,
    "mean_add_points_generic": 10.488372093023257,
    "mean_budget_gpr": 32.73484431761176,
    "mean_add_points_gpr": 10.69767441860465,
    "mean_budget_hybrid": 32.73484431761176,
    "mean_add_points_hybrid": 10.69767441860465,
    "base_point_cost": 14.398451928310315,
    "min_points": 9,
    "filter": 0
}