{
    "percentage_bucket_counter_full": {
        "rest": 100.0,
        "5": 32.55813953488372,
        "10": 51.162790697674424,
        "15": 65.11627906976744,
        "20": 79.06976744186046
    },
    "percentage_bucket_counter_generic": {
        "rest": 100.0,
        "5": 23.25581395348837,
        "10": 44.18604651162791,
        "15": 53.48837209302325,
        "20": 62.7906976744186
    },
    "percentage_bucket_counter_gpr": {
        "rest": 100.0,
        "5": 23.25581395348837,
        "10": 44.18604651162791,
        "15": 55.81395348837209,
        "20": 65.11627906976744
    },
    "percentage_bucket_counter_hybrid": {
        "rest": 100.0,
        "5": 25.581395348837212,
        "10": 46.51162790697674,
        "15": 55.81395348837209,
        "20": 65.11627906976744
    },
    "budget": 82,
    "mean_budget_generic": 72.9294664059887,
    "mean_add_points_generic": 14.674418604651162,
    "mean_budget_gpr": 73.57116943525433,
    "mean_add_points_gpr": 14.744186046511627,
    "mean_budget_hybrid": 73.51884063723448,
    "mean_add_points_hybrid": 14.744186046511627,
    "base_point_cost": 14.398451928310315,
    "min_points": 9,
    "filter": 0
}