{
    "percentage_bucket_counter_full": {
        "rest": 100.0,
        "5": 32.55813953488372,
        "10": 51.162790697674424,
        "15": 65.11627906976744,
        "20": 79.06976744186046
    },
    "percentage_bucket_counter_generic": {
        "rest": 100.0,
        "5": 18.6046511627907,
        "10": 37.2093023255814,
        "15": 48.837209302325576,
        "20": 65.11627906976744
    },
    "percentage_bucket_counter_gpr": {
        "rest": 100.0,
        "5": 18.6046511627907,
        "10": 41.86046511627907,
        "15": 58.139534883720934,
        "20": 65.11627906976744
    },
    "percentage_bucket_counter_hybrid": {
        "rest": 100.0,
        "5": 18.6046511627907,
        "10": 41.86046511627907,
        "15": 58.139534883720934,
        "20": 65.11627906976744
    },
    "budget": 60,
    "mean_budget_generic": 53.312564893393706,
    "mean_add_points_generic": 13.093023255813954,
    "mean_budget_gpr": 53.22809322570429,
    "mean_add_points_gpr": 13.232558139534884,
    "mean_budget_hybrid": 53.22809322570429,
    "mean_add_points_hybrid": 13.232558139534884,
    "base_point_cost": 14.398451928310315,
    "min_points": 9,
    "filter": 0
}