{
    "percentage_bucket_counter_full": {
        "rest": 100.0,
        "5": 32.55813953488372,
        "10": 51.162790697674424,
        "15": 65.11627906976744,
        "20": 79.06976744186046
    },
    "percentage_bucket_counter_generic": {
        "rest": 100.0,
        "5": 16.27906976744186,
        "10": 39.53488372093023,
        "15": 55.81395348837209,
        "20": 67.44186046511628
    },
    "percentage_bucket_counter_gpr": {
        "rest": 100.0,
        "5": 16.27906976744186,
        "10": 39.53488372093023,
        "15": 53.48837209302325,
        "20": 62.7906976744186
    },
    "percentage_bucket_counter_hybrid": {
        "rest": 100.0,
        "5": 16.27906976744186,
        "10": 39.53488372093023,
        "15": 53.48837209302325,
        "20": 62.7906976744186
    },
    "budget": 51,
    "mean_budget_generic": 45.071366746448135,
    "mean_add_points_generic": 12.279069767441861,
    "mean_budget_gpr": 46.43126382606242,
    "mean_add_points_gpr": 12.534883720930232,
    "mean_budget_hybrid": 46.43126382606242,
    "mean_add_points_hybrid": 12.534883720930232,
    "base_point_cost": 14.398451928310315,
    "min_points": 9,
    "filter": 0
}