{
    "percentage_bucket_counter_full": {
        "rest": 100.0,
        "5": 32.55813953488372,
        "10": 51.162790697674424,
        "15": 65.11627906976744,
        "20": 79.06976744186046
    },
    "percentage_bucket_counter_generic": {
        "rest": 100.0,
        "5": 25.581395348837212,
        "10": 37.2093023255814,
        "15": 51.162790697674424,
        "20": 58.139534883720934
    },
    "percentage_bucket_counter_gpr": {
        "rest": 100.0,
        "5": 23.25581395348837,
        "10": 44.18604651162791,
        "15": 58.139534883720934,
        "20": 60.46511627906976
    },
    "percentage_bucket_counter_hybrid": {
        "rest": 100.0,
        "5": 23.25581395348837,
        "10": 44.18604651162791,
        "15": 58.139534883720934,
        "20": 60.46511627906976
    },
    "budget": 28,
    "mean_budget_generic": 24.894523117832442,
    "mean_add_points_generic": 8.651162790697674,
    "mean_budget_gpr": 25.63074440950761,
    "mean_add_points_gpr": 9.232558139534884,
    "mean_budget_hybrid": 25.63074440950761,
    "mean_add_points_hybrid": 9.232558139534884,
    "base_point_cost": 14.398451928310315,
    "min_points": 9,
    "filter": 0
}