{
    "percentage_bucket_counter_full": {
        "rest": 100.0,
        "5": 65.70033567287152,
        "10": 83.04343403519479,
        "15": 94.77164072830841,
        "20": 97.77235276167227
    },
    "percentage_bucket_counter_gpr": {
        "rest": 100.0,
        "5": 81.68391439766904,
        "10": 89.64131417663016,
        "15": 95.9811112227469,
        "20": 98.18145282829298
    },
    "percentage_bucket_counter_hybrid": {
        "rest": 100.0,
        "5": 81.68391439766904,
        "10": 89.64131417663016,
        "15": 95.9811112227469,
        "20": 98.18145282829298
    },
    "mean_budget_generic": 17.542098709156026,
    "percentage_bucket_counter_generic": {
        "rest": 100.0,
        "5": 80.61234869291019,
        "10": 86.42050656087885,
        "15": 94.75129691791273,
        "20": 96.58223985352457
    },
    "mean_add_points_generic": 71.27657410232936,
    "mean_add_points_gpr": 77.91751230784688,
    "mean_budget_gpr": 19.1963019883244,
    "mean_budget_hybrid": 19.196339166887096,
    "mean_add_points_hybrid": 77.91801466894404,
    "point_map_generic": {
        "(4, 10)": 1.0,
        "(4, 20)": 2.0,
        "(4, 30)": 3.0,
        "(4, 40)": 4.0,
        "(4, 50)": 5.0,
        "(8, 10)": 6.379621189101591,
        "(8, 20)": 10.044582043343654,
        "(8, 30)": 10.622739809990806,
        "(8, 40)": 12.455240522459382,
        "(8, 50)": 13.922470433639948,
        "(16, 10)": 7.37610712779418,
        "(16, 20)": 12.935850396496626,
        "(16, 30)": 13.870500233754091,
        "(16, 40)": 16.243606775157755,
        "(16, 50)": 17.455969853232844,
        "(32, 10)": 8.0,
        "(32, 20)": 16.54316822573225,
        "(32, 30)": 17.069875518672198,
        "(32, 40)": 20.180864046863558,
        "(32, 50)": 21.229130882858126,
        "(64, 10)": 9.0,
        "(64, 20)": 20.14102995624369,
        "(64, 30)": 10.580527752502276,
        "(64, 40)": 0,
        "(64, 50)": 0
    },
    "base_point_cost": 4.450699586865215,
    "min_points": 9,
    "budget": 20.0
}