{
    "percentage_bucket_counter_full": {
        "rest": 100.0,
        "5": 65.999799939982,
        "10": 83.20496148844654,
        "15": 94.8484545363609,
        "20": 97.80934280284085
    },
    "percentage_bucket_counter_gpr": {
        "rest": 100.0,
        "5": 82.80764994492841,
        "10": 90.6778812456193,
        "15": 97.55682387103234,
        "20": 99.74967457695003
    },
    "percentage_bucket_counter_hybrid": {
        "rest": 100.0,
        "5": 82.80764994492841,
        "10": 90.6778812456193,
        "15": 97.55682387103234,
        "20": 99.74967457695003
    },
    "mean_budget_generic": 56.15363885206701,
    "percentage_bucket_counter_generic": {
        "rest": 100.0,
        "5": 82.83485045513655,
        "10": 92.02760828248474,
        "15": 97.10913273982194,
        "20": 99.4998499549865
    },
    "mean_add_points_generic": 92.36450935280584,
    "mean_add_points_gpr": 93.45148693301292,
    "mean_budget_gpr": 62.680239681933344,
    "mean_budget_hybrid": 62.680239681933344,
    "mean_add_points_hybrid": 93.45148693301292,
    "point_map_generic": {
        "(4, 10)": 1.0,
        "(4, 20)": 2.0,
        "(4, 30)": 3.0,
        "(4, 40)": 4.0,
        "(4, 50)": 5.0,
        "(8, 10)": 6.4367,
        "(8, 20)": 10.0649,
        "(8, 30)": 10.6304,
        "(8, 40)": 12.4214,
        "(8, 50)": 13.8531,
        "(16, 10)": 7.7179,
        "(16, 20)": 13.1682,
        "(16, 30)": 14.0342,
        "(16, 40)": 16.3348,
        "(16, 50)": 17.6749,
        "(32, 10)": 9.1805,
        "(32, 20)": 16.9737,
        "(32, 30)": 17.7255,
        "(32, 40)": 20.3053,
        "(32, 50)": 21.345669133826764,
        "(64, 10)": 9.799198058457318,
        "(64, 20)": 21.161487570168404,
        "(64, 30)": 21.197036158861884,
        "(64, 40)": 23.95899470899471,
        "(64, 50)": 0
    },
    "base_point_cost": 4.450699586865215,
    "min_points": 9,
    "budget": 65.0
}