{
    "percentage_bucket_counter_full": {
        "rest": 100.0,
        "5": 66.01,
        "10": 83.21,
        "15": 94.85,
        "20": 97.81
    },
    "percentage_bucket_counter_generic": {
        "rest": 100.0,
        "5": 82.89999999999999,
        "10": 92.10000000000001,
        "15": 96.65,
        "20": 99.3
    },
    "mean_budget_generic": 44.294121003344934,
    "mean_add_points_generic": 89.47549509901981,
    "nr_func_modeled_generic": 9998,
    "percentage_bucket_counter_gpr": {
        "rest": 100.0,
        "5": 83.53,
        "10": 92.22,
        "15": 97.28,
        "20": 99.68
    },
    "mean_add_points_gpr": 90.8200100050025,
    "mean_budget_gpr": 50.83323903946842,
    "nr_func_modeled_gpr": 9995,
    "percentage_bucket_counter_hybrid": {
        "rest": 100.0,
        "5": 83.53,
        "10": 92.22,
        "15": 97.28,
        "20": 99.68
    },
    "mean_budget_hybrid": 50.83321833439464,
    "mean_add_points_hybrid": 90.8200100050025,
    "nr_func_modeled_hybrid": 9995,
    "point_map_generic": {
        "(4, 10)": 1.0,
        "(4, 20)": 2.0,
        "(4, 30)": 3.0,
        "(4, 40)": 4.0,
        "(4, 50)": 5.0,
        "(8, 10)": 6.4367,
        "(8, 20)": 10.0649,
        "(8, 30)": 10.6304,
        "(8, 40)": 12.4214,
        "(8, 50)": 13.8531,
        "(16, 10)": 7.7179,
        "(16, 20)": 13.1682,
        "(16, 30)": 14.0342,
        "(16, 40)": 16.3348,
        "(16, 50)": 17.6749,
        "(32, 10)": 9.176953085925778,
        "(32, 20)": 16.9737,
        "(32, 30)": 17.7255,
        "(32, 40)": 20.303838059925845,
        "(32, 50)": 21.139564512392866,
        "(64, 10)": 9.0,
        "(64, 20)": 21.061167227833895,
        "(64, 30)": 20.63684704410385,
        "(64, 40)": 24.0,
        "(64, 50)": 0
    },
    "base_point_cost": 4.450699586865215,
    "min_points": 9,
    "budget": 53.0
}