{
    "percentage_bucket_counter_full": {
        "rest": 100.0,
        "5": 66.01,
        "10": 83.21,
        "15": 94.85,
        "20": 97.81
    },
    "percentage_bucket_counter_gpr": {
        "rest": 100.0,
        "5": 76.11283385015504,
        "10": 88.63659097729318,
        "15": 97.28918675602681,
        "20": 99.53986195858758
    },
    "percentage_bucket_counter_hybrid": {
        "rest": 100.0,
        "5": 76.11283385015504,
        "10": 88.63659097729318,
        "15": 97.28918675602681,
        "20": 99.53986195858758
    },
    "mean_budget_generic": 71.49549435494032,
    "percentage_bucket_counter_generic": {
        "rest": 100.0,
        "5": 82.82000000000001,
        "10": 91.53999999999999,
        "15": 97.28999999999999,
        "20": 99.58
    },
    "mean_add_points_generic": 95.9988,
    "mean_add_points_gpr": 97.73492047614285,
    "mean_budget_gpr": 85.68950064091759,
    "mean_budget_hybrid": 85.68950064091759,
    "mean_add_points_hybrid": 97.73492047614285,
    "point_map_generic": {
        "(4, 10)": 1.0,
        "(4, 20)": 2.0,
        "(4, 30)": 3.0,
        "(4, 40)": 4.0,
        "(4, 50)": 5.0,
        "(8, 10)": 6.4367,
        "(8, 20)": 10.0649,
        "(8, 30)": 10.6304,
        "(8, 40)": 12.4214,
        "(8, 50)": 13.8531,
        "(16, 10)": 7.7179,
        "(16, 20)": 13.1682,
        "(16, 30)": 14.0342,
        "(16, 40)": 16.3348,
        "(16, 50)": 17.6749,
        "(32, 10)": 9.1805,
        "(32, 20)": 16.9737,
        "(32, 30)": 17.7255,
        "(32, 40)": 20.3053,
        "(32, 50)": 21.3461,
        "(64, 10)": 10.468038133467134,
        "(64, 20)": 21.1637,
        "(64, 30)": 21.4792,
        "(64, 40)": 23.974097409740974,
        "(64, 50)": 24.0
    },
    "base_point_cost": 4.450699586865215,
    "min_points": 9,
    "budget": 89.0
}