{
    "percentage_bucket_counter_full": {
        "rest": 100.0,
        "5": 65.98619033323327,
        "10": 83.198238767137,
        "15": 94.84639247473231,
        "20": 97.8084659261483
    },
    "percentage_bucket_counter_gpr": {
        "rest": 100.0,
        "5": 82.86892666733729,
        "10": 92.25430037219596,
        "15": 96.32833718941757,
        "20": 98.68222512825672
    },
    "percentage_bucket_counter_hybrid": {
        "rest": 100.0,
        "5": 82.86892666733729,
        "10": 92.25430037219596,
        "15": 96.32833718941757,
        "20": 98.68222512825672
    },
    "mean_budget_generic": 22.567329687693,
    "percentage_bucket_counter_generic": {
        "rest": 100.0,
        "5": 81.54708295807065,
        "10": 88.69208445912139,
        "15": 96.12728910237166,
        "20": 98.11868307815472
    },
    "mean_add_points_generic": 78.93805663964775,
    "mean_add_points_gpr": 81.82396137209537,
    "mean_budget_gpr": 24.784858373607186,
    "mean_budget_hybrid": 24.784843089225816,
    "mean_add_points_hybrid": 81.82436374610201,
    "point_map_generic": {
        "(4, 10)": 1.0,
        "(4, 20)": 2.0,
        "(4, 30)": 3.0,
        "(4, 40)": 4.0,
        "(4, 50)": 5.0,
        "(8, 10)": 6.434730419125738,
        "(8, 20)": 10.064512902580516,
        "(8, 30)": 10.6304,
        "(8, 40)": 12.4214,
        "(8, 50)": 13.853185318531853,
        "(16, 10)": 7.712241016915224,
        "(16, 20)": 13.158604043045358,
        "(16, 30)": 14.024921804056099,
        "(16, 40)": 16.340572965146343,
        "(16, 50)": 17.38079213046855,
        "(32, 10)": 8.733938256153525,
        "(32, 20)": 16.828889910365433,
        "(32, 30)": 17.38483290488432,
        "(32, 40)": 20.188144813355844,
        "(32, 50)": 21.219895287958114,
        "(64, 10)": 9.0,
        "(64, 20)": 20.38625412122749,
        "(64, 30)": 15.453450164293537,
        "(64, 40)": 0,
        "(64, 50)": 0
    },
    "base_point_cost": 4.450699586865215,
    "min_points": 9,
    "budget": 26.0
}