{
    "percentage_bucket_counter_full": {
        "rest": 100.0,
        "5": 66.01,
        "10": 83.21,
        "15": 94.85,
        "20": 97.81
    },
    "percentage_bucket_counter_generic": {
        "rest": 100.0,
        "5": 81.45,
        "10": 87.83,
        "15": 95.56,
        "20": 97.50999999999999
    },
    "mean_budget_generic": 19.219912206052328,
    "mean_add_points_generic": 74.79523380394512,
    "nr_func_modeled_generic": 9987,
    "percentage_bucket_counter_gpr": {
        "rest": 100.0,
        "5": 82.21000000000001,
        "10": 90.2,
        "15": 96.1,
        "20": 98.24000000000001
    },
    "mean_add_points_gpr": 79.38734861375238,
    "mean_budget_gpr": 21.05940947107307,
    "nr_func_modeled_gpr": 9991,
    "percentage_bucket_counter_hybrid": {
        "rest": 100.0,
        "5": 82.21000000000001,
        "10": 90.2,
        "15": 96.1,
        "20": 98.24000000000001
    },
    "mean_budget_hybrid": 21.059393429109697,
    "mean_add_points_hybrid": 79.38774897407667,
    "nr_func_modeled_hybrid": 9991,
    "point_map_generic": {
        "(4, 10)": 1.0,
        "(4, 20)": 2.0,
        "(4, 30)": 3.0,
        "(4, 40)": 4.0,
        "(4, 50)": 5.0,
        "(8, 10)": 6.421669840633457,
        "(8, 20)": 10.061040392903678,
        "(8, 30)": 10.629748421369149,
        "(8, 40)": 12.42527693856999,
        "(8, 50)": 13.8645390070922,
        "(16, 10)": 7.665960879209518,
        "(16, 20)": 13.11525635681534,
        "(16, 30)": 13.974206559813183,
        "(16, 40)": 16.277682086614174,
        "(16, 50)": 17.36819552451992,
        "(32, 10)": 8.17462588028169,
        "(32, 20)": 16.627878289473685,
        "(32, 30)": 17.141522652965904,
        "(32, 40)": 20.193408102540626,
        "(32, 50)": 21.243956043956043,
        "(64, 10)": 9.0,
        "(64, 20)": 20.267584097859327,
        "(64, 30)": 12.441358024691358,
        "(64, 40)": 0,
        "(64, 50)": 0
    },
    "base_point_cost": 4.450699586865215,
    "min_points": 9,
    "budget": 22.0
}