{
    "percentage_bucket_counter_full": {
        "rest": 100.0,
        "5": 59.83606557377049,
        "10": 80.81088992974239,
        "15": 93.72072599531616,
        "20": 96.79449648711945
    },
    "percentage_bucket_counter_gpr": {
        "rest": 100.0,
        "5": 81.29306850425618,
        "10": 87.83948115119578,
        "15": 95.83502229428456,
        "20": 97.8820429671666
    },
    "percentage_bucket_counter_hybrid": {
        "rest": 100.0,
        "5": 81.26456581213903,
        "10": 87.8407133448171,
        "15": 95.83544432059986,
        "20": 97.88225757422231
    },
    "mean_budget_generic": 11.259409394970502,
    "percentage_bucket_counter_generic": {
        "rest": 100.0,
        "5": 80.37177985948477,
        "10": 84.77751756440281,
        "15": 93.07669789227167,
        "20": 94.70140515222482
    },
    "mean_add_points_generic": 71.60245901639344,
    "mean_add_points_gpr": 69.80259424402108,
    "mean_budget_gpr": 12.562283546337165,
    "mean_budget_hybrid": 12.562370581726345,
    "mean_add_points_hybrid": 69.80149964535414,
    "point_map_generic": {
        "(4, 10)": 1.0,
        "(4, 20)": 2.0,
        "(4, 30)": 3.0,
        "(4, 40)": 4.0,
        "(4, 50)": 5.0,
        "(8, 10)": 6.0,
        "(8, 20)": 9.94750656167979,
        "(8, 30)": 10.491743119266054,
        "(8, 40)": 12.462562936495047,
        "(8, 50)": 13.39220044453425,
        "(16, 10)": 7.0,
        "(16, 20)": 12.920627666057282,
        "(16, 30)": 13.71085993584848,
        "(16, 40)": 16.195471541337763,
        "(16, 50)": 17.432770344373765,
        "(32, 10)": 8.0,
        "(32, 20)": 16.57732732732733,
        "(32, 30)": 16.749283667621775,
        "(32, 40)": 20.10071671067522,
        "(32, 50)": 21.152661962796664,
        "(64, 10)": 9.0,
        "(64, 20)": 19.73661800486618,
        "(64, 30)": 9.0,
        "(64, 40)": 0,
        "(64, 50)": 0
    },
    "base_point_cost": 4.450699586865215,
    "min_points": 9,
    "budget": 13.0
}