{
    "percentage_bucket_counter_full": {
        "rest": 100.0,
        "5": 53.86206896551724,
        "10": 70.48275862068965,
        "15": 89.0344827586207,
        "20": 93.65517241379311
    },
    "percentage_bucket_counter_gpr": {
        "rest": 100.0,
        "5": 61.345591307981614,
        "10": 73.54784788967822,
        "15": 81.23694107814458,
        "20": 88.88424571667363
    },
    "percentage_bucket_counter_hybrid": {
        "rest": 100.0,
        "5": 60.96949435854576,
        "10": 72.96280819055579,
        "15": 80.73547847889678,
        "20": 88.38278311742582
    },
    "mean_budget_generic": 0.8831993225581488,
    "percentage_bucket_counter_generic": {
        "rest": 100.0,
        "5": 57.51724137931035,
        "10": 74.20689655172413,
        "15": 83.79310344827586,
        "20": 91.10344827586206
    },
    "mean_add_points_generic": 57.66620689655172,
    "mean_add_points_gpr": 55.567070622649396,
    "mean_budget_gpr": 0.9623050787752987,
    "mean_budget_hybrid": 0.9620152033442892,
    "mean_add_points_hybrid": 55.56832427914751,
    "point_map_generic": {
        "(4, 10)": 1.0,
        "(4, 20)": 2.0,
        "(4, 30)": 3.0,
        "(4, 40)": 4.0,
        "(4, 50)": 5.0,
        "(8, 10)": 6.0,
        "(8, 20)": 9.761747187293183,
        "(8, 30)": 8.90748709122203,
        "(8, 40)": 12.25066430469442,
        "(8, 50)": 13.565874730021598,
        "(16, 10)": 7.0,
        "(16, 20)": 12.57308584686775,
        "(16, 30)": 10.562571103526736,
        "(16, 40)": 16.025742574257425,
        "(16, 50)": 17.34567901234568,
        "(32, 10)": 8.0,
        "(32, 20)": 14.886543535620053,
        "(32, 30)": 8.044989775051125,
        "(32, 40)": 0,
        "(32, 50)": 0,
        "(64, 10)": 9.0,
        "(64, 20)": 9.0,
        "(64, 30)": 9.0,
        "(64, 40)": 0,
        "(64, 50)": 0
    },
    "base_point_cost": 0.4558293284981582,
    "min_points": 9,
    "budget": 0.9999999999999999
}