{
    "percentage_bucket_counter_full": {
        "rest": 100.0,
        "5": 66.01,
        "10": 83.21,
        "15": 94.85,
        "20": 97.81
    },
    "percentage_bucket_counter_generic": {
        "rest": 100.0,
        "5": 36.49,
        "10": 39.47,
        "15": 43.7,
        "20": 45.5
    },
    "mean_budget_generic": 6.067601440489817,
    "mean_add_points_generic": 68.01292146174036,
    "nr_func_modeled_generic": 4953,
    "percentage_bucket_counter_gpr": {
        "rest": 100.0,
        "5": 55.66,
        "10": 58.940000000000005,
        "15": 63.690000000000005,
        "20": 65.57
    },
    "mean_add_points_gpr": 63.4272052526406,
    "mean_budget_gpr": 6.783348653886304,
    "nr_func_modeled_gpr": 7006,
    "percentage_bucket_counter_hybrid": {
        "rest": 100.0,
        "5": 55.300000000000004,
        "10": 58.56,
        "15": 63.31,
        "20": 65.22
    },
    "mean_budget_hybrid": 6.7823936522108985,
    "mean_add_points_hybrid": 63.40453443604734,
    "nr_func_modeled_hybrid": 7013,
    "point_map_generic": {
        "(4, 10)": 1.0,
        "(4, 20)": 2.0,
        "(4, 30)": 3.0,
        "(4, 40)": 4.0,
        "(4, 50)": 5.0,
        "(8, 10)": 6.0,
        "(8, 20)": 9.927346115035318,
        "(8, 30)": 10.16405818449641,
        "(8, 40)": 12.185967467831999,
        "(8, 50)": 13.473839351510685,
        "(16, 10)": 7.0,
        "(16, 20)": 13.010443864229766,
        "(16, 30)": 13.364856493908734,
        "(16, 40)": 16.227756015668717,
        "(16, 50)": 17.396830748482806,
        "(32, 10)": 8.0,
        "(32, 20)": 16.78862028301887,
        "(32, 30)": 15.614615865084323,
        "(32, 40)": 20.006872852233677,
        "(32, 50)": 21.003623188405797,
        "(64, 10)": 9.0,
        "(64, 20)": 17.571428571428573,
        "(64, 30)": 9.0,
        "(64, 40)": 0,
        "(64, 50)": 0
    },
    "base_point_cost": 2.453026927041213,
    "min_points": 9,
    "budget": 7.0
}