{
    "percentage_bucket_counter_full": {
        "rest": 100.0,
        "5": 66.01,
        "10": 83.21,
        "15": 94.85,
        "20": 97.81
    },
    "percentage_bucket_counter_generic": {
        "rest": 100.0,
        "5": 83.0,
        "10": 92.01,
        "15": 96.48,
        "20": 99.21
    },
    "mean_budget_generic": 41.60011937941708,
    "mean_add_points_generic": 88.77335467093418,
    "nr_func_modeled_generic": 9998,
    "percentage_bucket_counter_gpr": {
        "rest": 100.0,
        "5": 83.50999999999999,
        "10": 92.47999999999999,
        "15": 97.22,
        "20": 99.66000000000001
    },
    "mean_add_points_gpr": 90.0988988988989,
    "mean_budget_gpr": 48.007860934567105,
    "nr_func_modeled_gpr": 9990,
    "percentage_bucket_counter_hybrid": {
        "rest": 100.0,
        "5": 83.50999999999999,
        "10": 92.47999999999999,
        "15": 97.22,
        "20": 99.66000000000001
    },
    "mean_budget_hybrid": 48.00781919060015,
    "mean_add_points_hybrid": 90.098998998999,
    "nr_func_modeled_hybrid": 9990,
    "point_map_generic": {
        "(4, 10)": 1.0,
        "(4, 20)": 2.0,
        "(4, 30)": 3.0,
        "(4, 40)": 4.0,
        "(4, 50)": 5.0,
        "(8, 10)": 6.4367,
        "(8, 20)": 10.0649,
        "(8, 30)": 10.6304,
        "(8, 40)": 12.4214,
        "(8, 50)": 13.8531,
        "(16, 10)": 7.7179,
        "(16, 20)": 13.1682,
        "(16, 30)": 14.0342,
        "(16, 40)": 16.3348,
        "(16, 50)": 17.6749,
        "(32, 10)": 9.173404042425455,
        "(32, 20)": 16.9737,
        "(32, 30)": 17.7255,
        "(32, 40)": 20.302582655009548,
        "(32, 50)": 21.131516305641515,
        "(64, 10)": 9.0,
        "(64, 20)": 20.999037883343355,
        "(64, 30)": 20.46784320380112,
        "(64, 40)": 24.0,
        "(64, 50)": 0
    },
    "base_point_cost": 4.450699586865215,
    "min_points": 9,
    "budget": 50.0
}