{
    "percentage_bucket_counter_full": {
        "rest": 100.0,
        "5": 53.477935676888556,
        "10": 70.08227374719522,
        "15": 88.6312640239342,
        "20": 93.41810022438295
    },
    "percentage_bucket_counter_gpr": {
        "rest": 100.0,
        "5": 63.322445170321984,
        "10": 75.78161455902939,
        "15": 84.50769948670089,
        "20": 91.27391507232852
    },
    "percentage_bucket_counter_hybrid": {
        "rest": 100.0,
        "5": 63.08912739150724,
        "10": 75.82827811479234,
        "15": 84.36770881941203,
        "20": 91.13392440503966
    },
    "mean_budget_generic": 0.7978792502447316,
    "percentage_bucket_counter_generic": {
        "rest": 100.0,
        "5": 55.6469708302169,
        "10": 72.84966342557966,
        "15": 83.91922213911742,
        "20": 91.1742707554226
    },
    "mean_add_points_generic": 56.81675392670157,
    "mean_add_points_gpr": 55.55949603359776,
    "mean_budget_gpr": 0.8669122906291852,
    "mean_budget_hybrid": 0.8668641307635881,
    "mean_add_points_hybrid": 55.55902939804013,
    "point_map_generic": {
        "(4, 10)": 1.0,
        "(4, 20)": 2.0,
        "(4, 30)": 3.0,
        "(4, 40)": 4.0,
        "(4, 50)": 5.0,
        "(8, 10)": 6.0,
        "(8, 20)": 9.74413646055437,
        "(8, 30)": 8.792743764172336,
        "(8, 40)": 12.235932872655479,
        "(8, 50)": 13.556480380499405,
        "(16, 10)": 7.0,
        "(16, 20)": 12.551782682512734,
        "(16, 30)": 10.279830405814657,
        "(16, 40)": 16.024509803921568,
        "(16, 50)": 17.3546511627907,
        "(32, 10)": 8.0,
        "(32, 20)": 14.356666666666667,
        "(32, 30)": 8.011282051282052,
        "(32, 40)": 0,
        "(32, 50)": 0,
        "(64, 10)": 9.0,
        "(64, 20)": 9.0,
        "(64, 30)": 9.0,
        "(64, 40)": 0,
        "(64, 50)": 0
    },
    "base_point_cost": 0.4009642622133181,
    "min_points": 9,
    "budget": 0.8999999999999999
}