{
    "percentage_bucket_counter_full": {
        "rest": 100.0,
        "5": 66.00320064012803,
        "10": 83.20664132826565,
        "15": 94.84896979395879,
        "20": 97.80956191238248
    },
    "percentage_bucket_counter_gpr": {
        "rest": 100.0,
        "5": 84.0405256294513,
        "10": 93.67037817233424,
        "15": 97.55241247868392,
        "20": 99.78934697562444
    },
    "percentage_bucket_counter_hybrid": {
        "rest": 100.0,
        "5": 84.0405256294513,
        "10": 93.67037817233424,
        "15": 97.55241247868392,
        "20": 99.78934697562444
    },
    "mean_budget_generic": 33.757831832469215,
    "percentage_bucket_counter_generic": {
        "rest": 100.0,
        "5": 82.96659331866373,
        "10": 90.62812562512502,
        "15": 96.31926385277055,
        "20": 98.72974594918983
    },
    "mean_add_points_generic": 86.32926585317064,
    "mean_add_points_gpr": 87.93529942822751,
    "mean_budget_gpr": 40.16304376643222,
    "mean_budget_hybrid": 40.16298181340216,
    "mean_add_points_hybrid": 87.93550005015548,
    "point_map_generic": {
        "(4, 10)": 1.0,
        "(4, 20)": 2.0,
        "(4, 30)": 3.0,
        "(4, 40)": 4.0,
        "(4, 50)": 5.0,
        "(8, 10)": 6.4367,
        "(8, 20)": 10.0649,
        "(8, 30)": 10.6304,
        "(8, 40)": 12.4214,
        "(8, 50)": 13.8531,
        "(16, 10)": 7.7179,
        "(16, 20)": 13.1682,
        "(16, 30)": 14.0342,
        "(16, 40)": 16.3348,
        "(16, 50)": 17.674467446744675,
        "(32, 10)": 9.138598956242474,
        "(32, 20)": 16.972380666466528,
        "(32, 30)": 17.71883795737837,
        "(32, 40)": 20.25002786757329,
        "(32, 50)": 21.13600312053049,
        "(64, 10)": 9.0,
        "(64, 20)": 20.672935404742436,
        "(64, 30)": 19.592530922930543,
        "(64, 40)": 24.0,
        "(64, 50)": 0
    },
    "base_point_cost": 4.450699586865215,
    "min_points": 9,
    "budget": 42.0
}