{
    "percentage_bucket_counter_full": {
        "rest": 100.0,
        "5": 66.01,
        "10": 83.21,
        "15": 94.85,
        "20": 97.81
    },
    "percentage_bucket_counter_generic": {
        "rest": 100.0,
        "5": 0.69,
        "10": 0.95,
        "15": 1.4000000000000001,
        "20": 1.46
    },
    "mean_budget_generic": 0.28469196515350453,
    "mean_add_points_generic": 49.94708994708995,
    "nr_func_modeled_generic": 189,
    "percentage_bucket_counter_gpr": {
        "rest": 100.0,
        "5": 3.29,
        "10": 5.04,
        "15": 6.02,
        "20": 6.5
    },
    "mean_add_points_gpr": 47.41038961038961,
    "mean_budget_gpr": 0.2929500999734773,
    "nr_func_modeled_gpr": 770,
    "percentage_bucket_counter_hybrid": {
        "rest": 100.0,
        "5": 3.29,
        "10": 4.9399999999999995,
        "15": 5.94,
        "20": 6.419999999999999
    },
    "mean_budget_hybrid": 0.29285933481470616,
    "mean_add_points_hybrid": 47.43529411764706,
    "nr_func_modeled_hybrid": 765,
    "point_map_generic": {
        "(4, 10)": 1.0,
        "(4, 20)": 2.0,
        "(4, 30)": 3.0,
        "(4, 40)": 4.0,
        "(4, 50)": 5.0,
        "(8, 10)": 6.0,
        "(8, 20)": 8.775510204081632,
        "(8, 30)": 6.754141238012206,
        "(8, 40)": 12.11023622047244,
        "(8, 50)": 13.7,
        "(16, 10)": 7.0,
        "(16, 20)": 10.321782178217822,
        "(16, 30)": 7.262164846077458,
        "(16, 40)": 16.0,
        "(16, 50)": 0,
        "(32, 10)": 8.0,
        "(32, 20)": 8.0,
        "(32, 30)": 8.0,
        "(32, 40)": 0,
        "(32, 50)": 0,
        "(64, 10)": 9.0,
        "(64, 20)": 9.0,
        "(64, 30)": 9.0,
        "(64, 40)": 0,
        "(64, 50)": 0
    },
    "base_point_cost": 0.20110293926980874,
    "min_points": 9,
    "budget": 0.30000000000000004
}