{
    "percentage_bucket_counter_full": {
        "rest": 100.0,
        "5": 66.01,
        "10": 83.21,
        "15": 94.85,
        "20": 97.81
    },
    "percentage_bucket_counter_generic": {
        "rest": 100.0,
        "5": 82.87,
        "10": 91.8,
        "15": 97.11,
        "20": 99.49
    },
    "mean_budget_generic": 60.832063061466656,
    "mean_add_points_generic": 93.43763128938681,
    "nr_func_modeled_generic": 9997,
    "percentage_bucket_counter_gpr": {
        "rest": 100.0,
        "5": 82.22,
        "10": 89.94,
        "15": 97.50999999999999,
        "20": 99.66000000000001
    },
    "mean_add_points_gpr": 94.59205920592059,
    "mean_budget_gpr": 68.07107306343362,
    "nr_func_modeled_gpr": 9999,
    "percentage_bucket_counter_hybrid": {
        "rest": 100.0,
        "5": 82.22,
        "10": 89.94,
        "15": 97.50999999999999,
        "20": 99.66000000000001
    },
    "mean_budget_hybrid": 68.07107306343362,
    "mean_add_points_hybrid": 94.59205920592059,
    "nr_func_modeled_hybrid": 9999,
    "point_map_generic": {
        "(4, 10)": 1.0,
        "(4, 20)": 2.0,
        "(4, 30)": 3.0,
        "(4, 40)": 4.0,
        "(4, 50)": 5.0,
        "(8, 10)": 6.4367,
        "(8, 20)": 10.0649,
        "(8, 30)": 10.6304,
        "(8, 40)": 12.4214,
        "(8, 50)": 13.8531,
        "(16, 10)": 7.7179,
        "(16, 20)": 13.1682,
        "(16, 30)": 14.0342,
        "(16, 40)": 16.3348,
        "(16, 50)": 17.6749,
        "(32, 10)": 9.1805,
        "(32, 20)": 16.9737,
        "(32, 30)": 17.7255,
        "(32, 40)": 20.3053,
        "(32, 50)": 21.3461,
        "(64, 10)": 10.126569252932702,
        "(64, 20)": 21.163516351635163,
        "(64, 30)": 21.43006090636936,
        "(64, 40)": 23.94726795514197,
        "(64, 50)": 0
    },
    "base_point_cost": 4.450699586865215,
    "min_points": 9,
    "budget": 71.0
}