{
    "percentage_bucket_counter_full": {
        "rest": 100.0,
        "5": 66.01,
        "10": 83.21,
        "15": 94.85,
        "20": 97.81
    },
    "percentage_bucket_counter_generic": {
        "rest": 100.0,
        "5": 83.02000000000001,
        "10": 92.08,
        "15": 96.58,
        "20": 99.26
    },
    "mean_budget_generic": 42.60098410787938,
    "mean_add_points_generic": 89.03201280512205,
    "nr_func_modeled_generic": 9996,
    "percentage_bucket_counter_gpr": {
        "rest": 100.0,
        "5": 83.50999999999999,
        "10": 92.36,
        "15": 97.28,
        "20": 99.72999999999999
    },
    "mean_add_points_gpr": 90.3408022406722,
    "mean_budget_gpr": 48.9574543026382,
    "nr_func_modeled_gpr": 9997,
    "percentage_bucket_counter_hybrid": {
        "rest": 100.0,
        "5": 83.50999999999999,
        "10": 92.36,
        "15": 97.28,
        "20": 99.72999999999999
    },
    "mean_budget_hybrid": 48.957286187360076,
    "mean_add_points_hybrid": 90.3408022406722,
    "nr_func_modeled_hybrid": 9997,
    "point_map_generic": {
        "(4, 10)": 1.0,
        "(4, 20)": 2.0,
        "(4, 30)": 3.0,
        "(4, 40)": 4.0,
        "(4, 50)": 5.0,
        "(8, 10)": 6.4367,
        "(8, 20)": 10.0649,
        "(8, 30)": 10.6304,
        "(8, 40)": 12.4214,
        "(8, 50)": 13.8531,
        "(16, 10)": 7.7179,
        "(16, 20)": 13.1682,
        "(16, 30)": 14.0342,
        "(16, 40)": 16.3348,
        "(16, 50)": 17.6749,
        "(32, 10)": 9.173404042425455,
        "(32, 20)": 16.9737,
        "(32, 30)": 17.7255,
        "(32, 40)": 20.302881236823612,
        "(32, 50)": 21.133522057088935,
        "(64, 10)": 9.0,
        "(64, 20)": 21.022588951310862,
        "(64, 30)": 20.541653000983928,
        "(64, 40)": 24.0,
        "(64, 50)": 0
    },
    "base_point_cost": 4.450699586865215,
    "min_points": 9,
    "budget": 51.0
}