{
    "percentage_bucket_counter_full": {
        "rest": 100.0,
        "5": 66.006600660066,
        "10": 83.2083208320832,
        "15": 94.84948494849485,
        "20": 97.8097809780978
    },
    "percentage_bucket_counter_gpr": {
        "rest": 100.0,
        "5": 83.98876404494382,
        "10": 93.54935794542536,
        "15": 97.52207062600321,
        "20": 99.76926163723917
    },
    "percentage_bucket_counter_hybrid": {
        "rest": 100.0,
        "5": 83.98876404494382,
        "10": 93.54935794542536,
        "15": 97.52207062600321,
        "20": 99.76926163723917
    },
    "mean_budget_generic": 35.350932201048956,
    "percentage_bucket_counter_generic": {
        "rest": 100.0,
        "5": 82.97829782978297,
        "10": 90.94909490949095,
        "15": 96.11961196119611,
        "20": 98.75987598759876
    },
    "mean_add_points_generic": 86.9046904690469,
    "mean_add_points_gpr": 88.50290930979133,
    "mean_budget_gpr": 42.089081012083035,
    "mean_budget_hybrid": 42.08903977456138,
    "mean_add_points_hybrid": 88.50300963081862,
    "point_map_generic": {
        "(4, 10)": 1.0,
        "(4, 20)": 2.0,
        "(4, 30)": 3.0,
        "(4, 40)": 4.0,
        "(4, 50)": 5.0,
        "(8, 10)": 6.4367,
        "(8, 20)": 10.0649,
        "(8, 30)": 10.6304,
        "(8, 40)": 12.4214,
        "(8, 50)": 13.8531,
        "(16, 10)": 7.7179,
        "(16, 20)": 13.1682,
        "(16, 30)": 14.0342,
        "(16, 40)": 16.3348,
        "(16, 50)": 17.6749,
        "(32, 10)": 9.149889713254462,
        "(32, 20)": 16.973091927578274,
        "(32, 30)": 17.72371319847787,
        "(32, 40)": 20.272447136329827,
        "(32, 50)": 21.132792701469842,
        "(64, 10)": 9.0,
        "(64, 20)": 20.73856108457865,
        "(64, 30)": 19.841677646025474,
        "(64, 40)": 24.0,
        "(64, 50)": 0
    },
    "base_point_cost": 4.450699586865215,
    "min_points": 9,
    "budget": 44.0
}