{
    "percentage_bucket_counter_full": {
        "rest": 100.0,
        "5": 66.006600660066,
        "10": 83.2083208320832,
        "15": 94.84948494849485,
        "20": 97.8097809780978
    },
    "percentage_bucket_counter_gpr": {
        "rest": 100.0,
        "5": 82.99087902175003,
        "10": 90.7888142728275,
        "15": 97.55437506264408,
        "20": 99.75944672747319
    },
    "percentage_bucket_counter_hybrid": {
        "rest": 100.0,
        "5": 82.99087902175003,
        "10": 90.7888142728275,
        "15": 97.55437506264408,
        "20": 99.75944672747319
    },
    "mean_budget_generic": 55.08885147032037,
    "percentage_bucket_counter_generic": {
        "rest": 100.0,
        "5": 82.72827282728272,
        "10": 91.75917591759176,
        "15": 96.97969796979699,
        "20": 99.4999499949995
    },
    "mean_add_points_generic": 92.11721172117211,
    "mean_add_points_gpr": 93.2527813972136,
    "mean_budget_gpr": 61.69673879064179,
    "mean_budget_hybrid": 61.69673879064179,
    "mean_add_points_hybrid": 93.2527813972136,
    "point_map_generic": {
        "(4, 10)": 1.0,
        "(4, 20)": 2.0,
        "(4, 30)": 3.0,
        "(4, 40)": 4.0,
        "(4, 50)": 5.0,
        "(8, 10)": 6.4367,
        "(8, 20)": 10.0649,
        "(8, 30)": 10.6304,
        "(8, 40)": 12.4214,
        "(8, 50)": 13.8531,
        "(16, 10)": 7.7179,
        "(16, 20)": 13.1682,
        "(16, 30)": 14.0342,
        "(16, 40)": 16.3348,
        "(16, 50)": 17.6749,
        "(32, 10)": 9.1805,
        "(32, 20)": 16.9737,
        "(32, 30)": 17.7255,
        "(32, 40)": 20.3053,
        "(32, 50)": 21.341854636591478,
        "(64, 10)": 9.669792221630262,
        "(64, 20)": 21.159127462806595,
        "(64, 30)": 21.13685371232541,
        "(64, 40)": 23.962097059865393,
        "(64, 50)": 0
    },
    "base_point_cost": 4.450699586865215,
    "min_points": 9,
    "budget": 64.0
}