{
    "percentage_bucket_counter_full": {
        "rest": 100.0,
        "5": 66.01,
        "10": 83.21,
        "15": 94.85,
        "20": 97.81
    },
    "percentage_bucket_counter_generic": {
        "rest": 100.0,
        "5": 82.95,
        "10": 90.61,
        "15": 96.3,
        "20": 98.71
    },
    "mean_budget_generic": 33.757831832469215,
    "mean_add_points_generic": 86.32926585317064,
    "nr_func_modeled_generic": 9998,
    "percentage_bucket_counter_gpr": {
        "rest": 100.0,
        "5": 83.97,
        "10": 93.57,
        "15": 97.44,
        "20": 99.67
    },
    "mean_add_points_gpr": 87.93021625951141,
    "mean_budget_gpr": 40.16141254650211,
    "nr_func_modeled_gpr": 9988,
    "percentage_bucket_counter_hybrid": {
        "rest": 100.0,
        "5": 83.97,
        "10": 93.57,
        "15": 97.44,
        "20": 99.67
    },
    "mean_budget_hybrid": 40.16136548910726,
    "mean_add_points_hybrid": 87.9303163796556,
    "nr_func_modeled_hybrid": 9988,
    "point_map_generic": {
        "(4, 10)": 1.0,
        "(4, 20)": 2.0,
        "(4, 30)": 3.0,
        "(4, 40)": 4.0,
        "(4, 50)": 5.0,
        "(8, 10)": 6.4367,
        "(8, 20)": 10.0649,
        "(8, 30)": 10.6304,
        "(8, 40)": 12.4214,
        "(8, 50)": 13.8531,
        "(16, 10)": 7.7179,
        "(16, 20)": 13.1682,
        "(16, 30)": 14.0342,
        "(16, 40)": 16.3348,
        "(16, 50)": 17.674467446744675,
        "(32, 10)": 9.138598956242474,
        "(32, 20)": 16.972380666466528,
        "(32, 30)": 17.71883795737837,
        "(32, 40)": 20.25002786757329,
        "(32, 50)": 21.13600312053049,
        "(64, 10)": 9.0,
        "(64, 20)": 20.672935404742436,
        "(64, 30)": 19.592530922930543,
        "(64, 40)": 24.0,
        "(64, 50)": 0
    },
    "base_point_cost": 4.450699586865215,
    "min_points": 9,
    "budget": 42.0
}