{
    "percentage_bucket_counter_full": {
        "rest": 100.0,
        "5": 66.0298089426828,
        "10": 83.20496148844654,
        "15": 94.8484545363609,
        "20": 97.80934280284085
    },
    "percentage_bucket_counter_gpr": {
        "rest": 100.0,
        "5": 82.92585170340682,
        "10": 91.09218436873748,
        "15": 97.38476953907815,
        "20": 99.65931863727455
    },
    "percentage_bucket_counter_hybrid": {
        "rest": 100.0,
        "5": 82.92585170340682,
        "10": 91.09218436873748,
        "15": 97.38476953907815,
        "20": 99.65931863727455
    },
    "mean_budget_generic": 51.10159427282247,
    "percentage_bucket_counter_generic": {
        "rest": 100.0,
        "5": 82.50475142542763,
        "10": 91.407422226668,
        "15": 96.80904271281385,
        "20": 99.47984395318595
    },
    "mean_add_points_generic": 91.17895368610583,
    "mean_add_points_gpr": 92.57895791583167,
    "mean_budget_gpr": 58.5208167893429,
    "mean_budget_hybrid": 58.5208167893429,
    "mean_add_points_hybrid": 92.57895791583167,
    "point_map_generic": {
        "(4, 10)": 1.0,
        "(4, 20)": 2.0,
        "(4, 30)": 3.0,
        "(4, 40)": 4.0,
        "(4, 50)": 5.0,
        "(8, 10)": 6.4367,
        "(8, 20)": 10.0649,
        "(8, 30)": 10.6304,
        "(8, 40)": 12.4214,
        "(8, 50)": 13.8531,
        "(16, 10)": 7.7179,
        "(16, 20)": 13.1682,
        "(16, 30)": 14.0342,
        "(16, 40)": 16.3348,
        "(16, 50)": 17.6749,
        "(32, 10)": 9.1805,
        "(32, 20)": 16.9737,
        "(32, 30)": 17.7255,
        "(32, 40)": 20.3053,
        "(32, 50)": 21.299928050159316,
        "(64, 10)": 9.01252236135957,
        "(64, 20)": 21.149206672091132,
        "(64, 30)": 20.904932488288786,
        "(64, 40)": 23.99954275262917,
        "(64, 50)": 0
    },
    "base_point_cost": 4.450699586865215,
    "min_points": 9,
    "budget": 61.0
}