{
    "percentage_bucket_counter_full": {
        "rest": 100.0,
        "5": 66.00320064012803,
        "10": 83.20664132826565,
        "15": 94.84896979395879,
        "20": 97.80956191238248
    },
    "percentage_bucket_counter_gpr": {
        "rest": 100.0,
        "5": 84.06058782224896,
        "10": 93.82084461831678,
        "15": 97.54238138228509,
        "20": 99.78934697562444
    },
    "percentage_bucket_counter_hybrid": {
        "rest": 100.0,
        "5": 84.06058782224896,
        "10": 93.82084461831678,
        "15": 97.54238138228509,
        "20": 99.78934697562444
    },
    "mean_budget_generic": 32.07333605156772,
    "percentage_bucket_counter_generic": {
        "rest": 100.0,
        "5": 82.61652330466093,
        "10": 90.31806361272254,
        "15": 96.25925185037008,
        "20": 98.61972394478896
    },
    "mean_add_points_generic": 85.52270454090818,
    "mean_add_points_gpr": 87.0078242551911,
    "mean_budget_gpr": 37.25461100045234,
    "mean_budget_hybrid": 37.254686001001346,
    "mean_add_points_hybrid": 87.00802487711907,
    "point_map_generic": {
        "(4, 10)": 1.0,
        "(4, 20)": 2.0,
        "(4, 30)": 3.0,
        "(4, 40)": 4.0,
        "(4, 50)": 5.0,
        "(8, 10)": 6.4367,
        "(8, 20)": 10.0649,
        "(8, 30)": 10.6304,
        "(8, 40)": 12.4214,
        "(8, 50)": 13.8531,
        "(16, 10)": 7.7179,
        "(16, 20)": 13.1682,
        "(16, 30)": 14.0342,
        "(16, 40)": 16.3348,
        "(16, 50)": 17.66362542610788,
        "(32, 10)": 9.119533527696793,
        "(32, 20)": 16.970025062656642,
        "(32, 30)": 17.705434230573896,
        "(32, 40)": 20.221215416213603,
        "(32, 50)": 21.12422701662773,
        "(64, 10)": 9.0,
        "(64, 20)": 20.641061210334662,
        "(64, 30)": 19.23719464144996,
        "(64, 40)": 0,
        "(64, 50)": 0
    },
    "base_point_cost": 4.450699586865215,
    "min_points": 9,
    "budget": 39.0
}