{
    "percentage_bucket_counter_full": {
        "rest": 100.0,
        "5": 66.01,
        "10": 83.21,
        "15": 94.85,
        "20": 97.81
    },
    "percentage_bucket_counter_generic": {
        "rest": 100.0,
        "5": 81.76,
        "10": 88.94999999999999,
        "15": 96.07,
        "20": 98.13
    },
    "mean_budget_generic": 26.638014382219545,
    "mean_add_points_generic": 82.30516619943933,
    "nr_func_modeled_generic": 9988,
    "percentage_bucket_counter_gpr": {
        "rest": 100.0,
        "5": 83.55,
        "10": 93.69,
        "15": 97.14,
        "20": 99.28
    },
    "mean_add_points_gpr": 84.14082674406966,
    "mean_budget_gpr": 29.52171591883904,
    "nr_func_modeled_gpr": 9991,
    "percentage_bucket_counter_hybrid": {
        "rest": 100.0,
        "5": 83.55,
        "10": 93.69,
        "15": 97.14,
        "20": 99.28
    },
    "mean_budget_hybrid": 29.521673827838,
    "mean_add_points_hybrid": 84.14092683415073,
    "nr_func_modeled_hybrid": 9991,
    "point_map_generic": {
        "(4, 10)": 1.0,
        "(4, 20)": 2.0,
        "(4, 30)": 3.0,
        "(4, 40)": 4.0,
        "(4, 50)": 5.0,
        "(8, 10)": 6.4367,
        "(8, 20)": 10.0649,
        "(8, 30)": 10.6304,
        "(8, 40)": 12.4214,
        "(8, 50)": 13.8531,
        "(16, 10)": 7.7179,
        "(16, 20)": 13.167066826730693,
        "(16, 30)": 14.033413365346139,
        "(16, 40)": 16.335105315947843,
        "(16, 50)": 17.509069055944057,
        "(32, 10)": 8.989008752289843,
        "(32, 20)": 16.92135302125877,
        "(32, 30)": 17.55390376758965,
        "(32, 40)": 20.186829784020542,
        "(32, 50)": 21.130387343153302,
        "(64, 10)": 9.0,
        "(64, 20)": 20.507747068676718,
        "(64, 30)": 17.6442417331813,
        "(64, 40)": 0,
        "(64, 50)": 0
    },
    "base_point_cost": 4.450699586865215,
    "min_points": 9,
    "budget": 31.0
}