{
    "percentage_bucket_counter_full": {
        "rest": 100.0,
        "5": 65.98598598598599,
        "10": 83.2032032032032,
        "15": 94.84484484484484,
        "20": 97.8078078078078
    },
    "percentage_bucket_counter_gpr": {
        "rest": 100.0,
        "5": 83.69434416365824,
        "10": 93.3313277176093,
        "15": 97.45286803048536,
        "20": 99.74929803449659
    },
    "percentage_bucket_counter_hybrid": {
        "rest": 100.0,
        "5": 83.70437224227838,
        "10": 93.3313277176093,
        "15": 97.45286803048536,
        "20": 99.74929803449659
    },
    "mean_budget_generic": 37.40337952825772,
    "percentage_bucket_counter_generic": {
        "rest": 100.0,
        "5": 83.02302302302303,
        "10": 91.56156156156156,
        "15": 96.26626626626627,
        "20": 98.82882882882883
    },
    "mean_add_points_generic": 87.54594594594595,
    "mean_add_points_gpr": 89.06117127958284,
    "mean_budget_gpr": 44.10921079740277,
    "mean_budget_hybrid": 44.109246630622145,
    "mean_add_points_hybrid": 89.06147212194143,
    "point_map_generic": {
        "(4, 10)": 1.0,
        "(4, 20)": 2.0,
        "(4, 30)": 3.0,
        "(4, 40)": 4.0,
        "(4, 50)": 5.0,
        "(8, 10)": 6.4367,
        "(8, 20)": 10.0649,
        "(8, 30)": 10.6304,
        "(8, 40)": 12.4214,
        "(8, 50)": 13.8531,
        "(16, 10)": 7.7179,
        "(16, 20)": 13.1682,
        "(16, 30)": 14.0342,
        "(16, 40)": 16.3348,
        "(16, 50)": 17.6749,
        "(32, 10)": 9.157014028056112,
        "(32, 20)": 16.973294658931785,
        "(32, 30)": 17.72511753526058,
        "(32, 40)": 20.293773119605426,
        "(32, 50)": 21.130434782608695,
        "(64, 10)": 9.0,
        "(64, 20)": 20.846885934219735,
        "(64, 30)": 20.06213317142279,
        "(64, 40)": 24.0,
        "(64, 50)": 0
    },
    "base_point_cost": 4.450699586865215,
    "min_points": 9,
    "budget": 46.0
}