{
    "percentage_bucket_counter_full": {
        "rest": 100.0,
        "5": 50.161812297734635,
        "10": 66.66666666666666,
        "15": 86.40776699029125,
        "20": 91.69363538295578
    },
    "percentage_bucket_counter_gpr": {
        "rest": 100.0,
        "5": 60.97875080489376,
        "10": 76.94784288473922,
        "15": 85.38312942691564,
        "20": 92.14423696072119
    },
    "percentage_bucket_counter_hybrid": {
        "rest": 100.0,
        "5": 59.948486799742426,
        "10": 76.11075338055376,
        "15": 84.73921442369607,
        "20": 91.50032195750161
    },
    "mean_budget_generic": 0.6290866803521332,
    "percentage_bucket_counter_generic": {
        "rest": 100.0,
        "5": 48.86731391585761,
        "10": 67.74541531823085,
        "15": 80.47464940668824,
        "20": 88.88888888888889
    },
    "mean_add_points_generic": 55.48651564185545,
    "mean_add_points_gpr": 54.444945267224725,
    "mean_budget_gpr": 0.6806722757922818,
    "mean_budget_hybrid": 0.6806145727592197,
    "mean_add_points_hybrid": 54.43721828718609,
    "point_map_generic": {
        "(4, 10)": 1.0,
        "(4, 20)": 2.0,
        "(4, 30)": 3.0,
        "(4, 40)": 4.0,
        "(4, 50)": 5.0,
        "(8, 10)": 6.0,
        "(8, 20)": 9.647749510763209,
        "(8, 30)": 8.359544468546638,
        "(8, 40)": 12.208579881656805,
        "(8, 50)": 13.615929203539823,
        "(16, 10)": 7.0,
        "(16, 20)": 12.315217391304348,
        "(16, 30)": 9.406317300789663,
        "(16, 40)": 16.007751937984494,
        "(16, 50)": 17.38888888888889,
        "(32, 10)": 8.0,
        "(32, 20)": 12.554347826086957,
        "(32, 30)": 8.0,
        "(32, 40)": 0,
        "(32, 50)": 0,
        "(64, 10)": 9.0,
        "(64, 20)": 9.0,
        "(64, 30)": 9.0,
        "(64, 40)": 0,
        "(64, 50)": 0
    },
    "base_point_cost": 0.3583545588036417,
    "min_points": 9,
    "budget": 0.7
}