{
    "percentage_bucket_counter_full": {
        "rest": 100.0,
        "5": 66.01621134794357,
        "10": 83.198238767137,
        "15": 94.84639247473231,
        "20": 97.8084659261483
    },
    "percentage_bucket_counter_gpr": {
        "rest": 100.0,
        "5": 83.9626431010243,
        "10": 94.07511548503716,
        "15": 97.50954006828681,
        "20": 99.69873468567985
    },
    "percentage_bucket_counter_hybrid": {
        "rest": 100.0,
        "5": 83.9626431010243,
        "10": 94.07511548503716,
        "15": 97.50954006828681,
        "20": 99.69873468567985
    },
    "mean_budget_generic": 30.17188269624926,
    "percentage_bucket_counter_generic": {
        "rest": 100.0,
        "5": 82.19753827679376,
        "10": 89.95296707695387,
        "15": 96.22735915140599,
        "20": 98.46892824977485
    },
    "mean_add_points_generic": 84.51436005203642,
    "mean_add_points_gpr": 86.03424382406105,
    "mean_budget_gpr": 34.370268406801735,
    "mean_budget_hybrid": 34.37022351318273,
    "mean_add_points_hybrid": 86.0343442458325,
    "point_map_generic": {
        "(4, 10)": 1.0,
        "(4, 20)": 2.0,
        "(4, 30)": 3.0,
        "(4, 40)": 4.0,
        "(4, 50)": 5.0,
        "(8, 10)": 6.4367,
        "(8, 20)": 10.0649,
        "(8, 30)": 10.6304,
        "(8, 40)": 12.4214,
        "(8, 50)": 13.8531,
        "(16, 10)": 7.7179,
        "(16, 20)": 13.1682,
        "(16, 30)": 14.0342,
        "(16, 40)": 16.33466693338668,
        "(16, 50)": 17.6537415651123,
        "(32, 10)": 9.092320096754687,
        "(32, 20)": 16.96111896586548,
        "(32, 30)": 17.668060200668897,
        "(32, 40)": 20.19569779643232,
        "(32, 50)": 21.113903345724907,
        "(64, 10)": 9.0,
        "(64, 20)": 20.60860617399439,
        "(64, 30)": 18.75330528846154,
        "(64, 40)": 0,
        "(64, 50)": 0
    },
    "base_point_cost": 4.450699586865215,
    "min_points": 9,
    "budget": 36.0
}