{
    "percentage_bucket_counter_full": {
        "rest": 100.0,
        "5": 48.68766404199475,
        "10": 65.35433070866141,
        "15": 85.03937007874016,
        "20": 91.60104986876641
    },
    "percentage_bucket_counter_gpr": {
        "rest": 100.0,
        "5": 55.467511885895405,
        "10": 72.34548335974644,
        "15": 81.06180665610142,
        "20": 89.54041204437401
    },
    "percentage_bucket_counter_hybrid": {
        "rest": 100.0,
        "5": 55.57312252964427,
        "10": 71.93675889328063,
        "15": 80.55335968379447,
        "20": 89.01185770750988
    },
    "mean_budget_generic": 0.5457353388547309,
    "percentage_bucket_counter_generic": {
        "rest": 100.0,
        "5": 46.194225721784775,
        "10": 66.92913385826772,
        "15": 80.0524934383202,
        "20": 88.4514435695538
    },
    "mean_add_points_generic": 54.2992125984252,
    "mean_add_points_gpr": 53.87480190174326,
    "mean_budget_gpr": 0.5829248755912602,
    "mean_budget_hybrid": 0.5829608324288874,
    "mean_add_points_hybrid": 53.72885375494071,
    "point_map_generic": {
        "(4, 10)": 1.0,
        "(4, 20)": 2.0,
        "(4, 30)": 3.0,
        "(4, 40)": 4.0,
        "(4, 50)": 5.0,
        "(8, 10)": 6.0,
        "(8, 20)": 9.594594594594595,
        "(8, 30)": 8.13697824808936,
        "(8, 40)": 12.188481675392671,
        "(8, 50)": 13.604910714285714,
        "(16, 10)": 7.0,
        "(16, 20)": 12.235294117647058,
        "(16, 30)": 9.065498857578065,
        "(16, 40)": 16.0,
        "(16, 50)": 17.41176470588235,
        "(32, 10)": 8.0,
        "(32, 20)": 11.743589743589743,
        "(32, 30)": 8.0,
        "(32, 40)": 0,
        "(32, 50)": 0,
        "(64, 10)": 9.0,
        "(64, 20)": 9.0,
        "(64, 30)": 9.0,
        "(64, 40)": 0,
        "(64, 50)": 0
    },
    "base_point_cost": 0.3300627012170122,
    "min_points": 9,
    "budget": 0.6
}