{
    "percentage_bucket_counter_full": {
        "rest": 100.0,
        "5": 66.01,
        "10": 83.21,
        "15": 94.85,
        "20": 97.81
    },
    "percentage_bucket_counter_generic": {
        "rest": 100.0,
        "5": 82.86,
        "10": 90.5,
        "15": 96.22,
        "20": 98.65
    },
    "mean_budget_generic": 33.21043424890329,
    "mean_add_points_generic": 86.07662298689607,
    "nr_func_modeled_generic": 9997,
    "percentage_bucket_counter_gpr": {
        "rest": 100.0,
        "5": 84.09,
        "10": 93.66,
        "15": 97.5,
        "20": 99.72999999999999
    },
    "mean_add_points_gpr": 87.63738242945767,
    "mean_budget_gpr": 39.22768958330368,
    "nr_func_modeled_gpr": 9994,
    "percentage_bucket_counter_hybrid": {
        "rest": 100.0,
        "5": 84.09,
        "10": 93.66,
        "15": 97.5,
        "20": 99.72999999999999
    },
    "mean_budget_hybrid": 39.227639591372274,
    "mean_add_points_hybrid": 87.63748248949369,
    "nr_func_modeled_hybrid": 9994,
    "point_map_generic": {
        "(4, 10)": 1.0,
        "(4, 20)": 2.0,
        "(4, 30)": 3.0,
        "(4, 40)": 4.0,
        "(4, 50)": 5.0,
        "(8, 10)": 6.4367,
        "(8, 20)": 10.0649,
        "(8, 30)": 10.6304,
        "(8, 40)": 12.4214,
        "(8, 50)": 13.8531,
        "(16, 10)": 7.7179,
        "(16, 20)": 13.1682,
        "(16, 30)": 14.0342,
        "(16, 40)": 16.3348,
        "(16, 50)": 17.669270051066388,
        "(32, 10)": 9.131954207672223,
        "(32, 20)": 16.972174957461714,
        "(32, 30)": 17.715998388071732,
        "(32, 40)": 20.241942857142856,
        "(32, 50)": 21.13073455316892,
        "(64, 10)": 9.0,
        "(64, 20)": 20.661632923996017,
        "(64, 30)": 19.48379970544919,
        "(64, 40)": 0,
        "(64, 50)": 0
    },
    "base_point_cost": 4.450699586865215,
    "min_points": 9,
    "budget": 41.0
}