{
    "percentage_bucket_counter_full": {
        "rest": 100.0,
        "5": 65.98959375625375,
        "10": 83.19991995197118,
        "15": 94.84690814488694,
        "20": 97.80868521112667
    },
    "percentage_bucket_counter_gpr": {
        "rest": 100.0,
        "5": 83.81792660918389,
        "10": 93.17224784439543,
        "15": 97.44335271706437,
        "20": 99.75937437337078
    },
    "percentage_bucket_counter_hybrid": {
        "rest": 100.0,
        "5": 83.81792660918389,
        "10": 93.17224784439543,
        "15": 97.44335271706437,
        "20": 99.75937437337078
    },
    "mean_budget_generic": 38.43973915535794,
    "percentage_bucket_counter_generic": {
        "rest": 100.0,
        "5": 83.06984190514308,
        "10": 91.75505303181909,
        "15": 96.33780268160896,
        "20": 98.84930958575146
    },
    "mean_add_points_generic": 87.86631979187513,
    "mean_add_points_gpr": 89.32293964307199,
    "mean_budget_gpr": 45.04195048426274,
    "mean_budget_hybrid": 45.041896139222,
    "mean_add_points_hybrid": 89.32303990374974,
    "point_map_generic": {
        "(4, 10)": 1.0,
        "(4, 20)": 2.0,
        "(4, 30)": 3.0,
        "(4, 40)": 4.0,
        "(4, 50)": 5.0,
        "(8, 10)": 6.4367,
        "(8, 20)": 10.0649,
        "(8, 30)": 10.6304,
        "(8, 40)": 12.4214,
        "(8, 50)": 13.8531,
        "(16, 10)": 7.7179,
        "(16, 20)": 13.1682,
        "(16, 30)": 14.0342,
        "(16, 40)": 16.3348,
        "(16, 50)": 17.6749,
        "(32, 10)": 9.158200581104097,
        "(32, 20)": 16.973294658931785,
        "(32, 30)": 17.725372537253726,
        "(32, 40)": 20.297434853420196,
        "(32, 50)": 21.128849470312886,
        "(64, 10)": 9.0,
        "(64, 20)": 20.89492705126489,
        "(64, 30)": 20.179363548698166,
        "(64, 40)": 24.0,
        "(64, 50)": 0
    },
    "base_point_cost": 4.450699586865215,
    "min_points": 9,
    "budget": 47.0
}