{
    "percentage_bucket_counter_full": {
        "rest": 100.0,
        "5": 65.9927942353883,
        "10": 83.20656525220176,
        "15": 94.84587670136109,
        "20": 97.80824659727783
    },
    "percentage_bucket_counter_gpr": {
        "rest": 100.0,
        "5": 82.35944885849341,
        "10": 90.55617016996882,
        "15": 96.24861711757015,
        "20": 98.46122900533038
    },
    "percentage_bucket_counter_hybrid": {
        "rest": 100.0,
        "5": 82.35944885849341,
        "10": 90.55617016996882,
        "15": 96.24861711757015,
        "20": 98.46122900533038
    },
    "mean_budget_generic": 20.014728644842872,
    "percentage_bucket_counter_generic": {
        "rest": 100.0,
        "5": 81.5252201761409,
        "10": 88.24059247397919,
        "15": 95.88670936749399,
        "20": 97.76821457165732
    },
    "mean_add_points_generic": 76.00120096076861,
    "mean_add_points_gpr": 80.0833752388615,
    "mean_budget_gpr": 21.98741805120982,
    "mean_budget_hybrid": 21.98740736753709,
    "mean_add_points_hybrid": 80.08377753193201,
    "point_map_generic": {
        "(4, 10)": 1.0,
        "(4, 20)": 2.0,
        "(4, 30)": 3.0,
        "(4, 40)": 4.0,
        "(4, 50)": 5.0,
        "(8, 10)": 6.429572529782761,
        "(8, 20)": 10.063550840672539,
        "(8, 30)": 10.630352140856342,
        "(8, 40)": 12.423211957066908,
        "(8, 50)": 13.859400161030596,
        "(16, 10)": 7.688234703104592,
        "(16, 20)": 13.136158886158887,
        "(16, 30)": 13.995426195426196,
        "(16, 40)": 16.30131805157593,
        "(16, 50)": 17.3552336867254,
        "(32, 10)": 8.391894804914852,
        "(32, 20)": 16.698132646490663,
        "(32, 30)": 17.19458494495686,
        "(32, 40)": 20.19297082228117,
        "(32, 50)": 21.249924902373085,
        "(64, 10)": 9.0,
        "(64, 20)": 20.305882352941175,
        "(64, 30)": 13.206008583690988,
        "(64, 40)": 0,
        "(64, 50)": 0
    },
    "base_point_cost": 4.450699586865215,
    "min_points": 9,
    "budget": 23.0
}