{
    "percentage_bucket_counter_full": {
        "rest": 100.0,
        "5": 66.01,
        "10": 83.21,
        "15": 94.85,
        "20": 97.81
    },
    "percentage_bucket_counter_generic": {
        "rest": 100.0,
        "5": 82.42,
        "10": 90.16999999999999,
        "15": 96.2,
        "20": 98.44000000000001
    },
    "mean_budget_generic": 31.41446740709685,
    "mean_add_points_generic": 85.19791875125075,
    "nr_func_modeled_generic": 9994,
    "percentage_bucket_counter_gpr": {
        "rest": 100.0,
        "5": 83.95,
        "10": 93.75,
        "15": 97.45,
        "20": 99.71
    },
    "mean_add_points_gpr": 86.69128389872911,
    "mean_budget_gpr": 36.30649558322941,
    "nr_func_modeled_gpr": 9993,
    "percentage_bucket_counter_hybrid": {
        "rest": 100.0,
        "5": 83.95,
        "10": 93.75,
        "15": 97.45,
        "20": 99.71
    },
    "mean_budget_hybrid": 36.306449472273,
    "mean_add_points_hybrid": 86.69138396877814,
    "nr_func_modeled_hybrid": 9993,
    "point_map_generic": {
        "(4, 10)": 1.0,
        "(4, 20)": 2.0,
        "(4, 30)": 3.0,
        "(4, 40)": 4.0,
        "(4, 50)": 5.0,
        "(8, 10)": 6.4367,
        "(8, 20)": 10.0649,
        "(8, 30)": 10.6304,
        "(8, 40)": 12.4214,
        "(8, 50)": 13.8531,
        "(16, 10)": 7.7179,
        "(16, 20)": 13.1682,
        "(16, 30)": 14.0342,
        "(16, 40)": 16.3348,
        "(16, 50)": 17.66362542610788,
        "(32, 10)": 9.10848344570796,
        "(32, 20)": 16.96693799618129,
        "(32, 30)": 17.696430397872557,
        "(32, 40)": 20.21005475360876,
        "(32, 50)": 21.119044272663388,
        "(64, 10)": 9.0,
        "(64, 20)": 20.627227369921595,
        "(64, 30)": 19.086754241926656,
        "(64, 40)": 0,
        "(64, 50)": 0
    },
    "base_point_cost": 4.450699586865215,
    "min_points": 9,
    "budget": 38.0
}