{
    "percentage_bucket_counter_full": {
        "rest": 100.0,
        "5": 66.03924709651582,
        "10": 83.18982779335202,
        "15": 94.8438125750901,
        "20": 97.80736884261113
    },
    "percentage_bucket_counter_gpr": {
        "rest": 100.0,
        "5": 83.59963822731383,
        "10": 93.7795196462667,
        "15": 97.23645864737213,
        "20": 99.36689779921616
    },
    "percentage_bucket_counter_hybrid": {
        "rest": 100.0,
        "5": 83.59963822731383,
        "10": 93.7795196462667,
        "15": 97.23645864737213,
        "20": 99.36689779921616
    },
    "mean_budget_generic": 26.638014382219545,
    "percentage_bucket_counter_generic": {
        "rest": 100.0,
        "5": 81.85822987585102,
        "10": 89.05686824189026,
        "15": 96.18542250700841,
        "20": 98.24789747697237
    },
    "mean_add_points_generic": 82.30516619943933,
    "mean_add_points_gpr": 84.15284895990352,
    "mean_budget_gpr": 29.52338122859731,
    "mean_budget_hybrid": 29.523338968403223,
    "mean_add_points_hybrid": 84.15294945231635,
    "point_map_generic": {
        "(4, 10)": 1.0,
        "(4, 20)": 2.0,
        "(4, 30)": 3.0,
        "(4, 40)": 4.0,
        "(4, 50)": 5.0,
        "(8, 10)": 6.4367,
        "(8, 20)": 10.0649,
        "(8, 30)": 10.6304,
        "(8, 40)": 12.4214,
        "(8, 50)": 13.8531,
        "(16, 10)": 7.7179,
        "(16, 20)": 13.167066826730693,
        "(16, 30)": 14.033413365346139,
        "(16, 40)": 16.335105315947843,
        "(16, 50)": 17.509069055944057,
        "(32, 10)": 8.989008752289843,
        "(32, 20)": 16.92135302125877,
        "(32, 30)": 17.55390376758965,
        "(32, 40)": 20.186829784020542,
        "(32, 50)": 21.130387343153302,
        "(64, 10)": 9.0,
        "(64, 20)": 20.507747068676718,
        "(64, 30)": 17.6442417331813,
        "(64, 40)": 0,
        "(64, 50)": 0
    },
    "base_point_cost": 4.450699586865215,
    "min_points": 9,
    "budget": 31.0
}