{
    "percentage_bucket_counter_full": {
        "rest": 100.0,
        "5": 54.296785958513794,
        "10": 76.02005926601322,
        "15": 91.52040118532027,
        "20": 95.62343286984272
    },
    "percentage_bucket_counter_gpr": {
        "rest": 100.0,
        "5": 77.34518700183936,
        "10": 83.23114653586757,
        "15": 89.7608828939301,
        "20": 93.33231146535867
    },
    "percentage_bucket_counter_hybrid": {
        "rest": 100.0,
        "5": 76.7709291628335,
        "10": 82.62802821220484,
        "15": 89.19043238270469,
        "20": 92.7476234283962
    },
    "mean_budget_generic": 5.162279586834168,
    "percentage_bucket_counter_generic": {
        "rest": 100.0,
        "5": 71.43834055162982,
        "10": 78.11716434921358,
        "15": 86.50558468201504,
        "20": 90.6086163665375
    },
    "mean_add_points_generic": 67.84043765671302,
    "mean_add_points_gpr": 62.68439607602698,
    "mean_budget_gpr": 5.820847600622249,
    "mean_budget_hybrid": 5.819784966312343,
    "mean_add_points_hybrid": 62.696258816314014,
    "point_map_generic": {
        "(4, 10)": 1.0,
        "(4, 20)": 2.0,
        "(4, 30)": 3.0,
        "(4, 40)": 4.0,
        "(4, 50)": 5.0,
        "(8, 10)": 6.0,
        "(8, 20)": 9.918144611186904,
        "(8, 30)": 10.037984968515133,
        "(8, 40)": 12.201419931632921,
        "(8, 50)": 13.510411105178857,
        "(16, 10)": 7.0,
        "(16, 20)": 13.060822457522777,
        "(16, 30)": 13.244956772334294,
        "(16, 40)": 16.22980194907262,
        "(16, 50)": 17.391907514450867,
        "(32, 10)": 8.0,
        "(32, 20)": 16.816813869807,
        "(32, 30)": 15.20168954593453,
        "(32, 40)": 20.00326797385621,
        "(32, 50)": 21.0,
        "(64, 10)": 9.0,
        "(64, 20)": 16.141732283464567,
        "(64, 30)": 9.0,
        "(64, 40)": 0,
        "(64, 50)": 0
    },
    "base_point_cost": 2.242931370306572,
    "min_points": 9,
    "budget": 6.0
}