{
    "percentage_bucket_counter_full": {
        "rest": 100.0,
        "5": 60.86111111111111,
        "10": 81.6388888888889,
        "15": 94.02777777777777,
        "20": 96.95833333333333
    },
    "percentage_bucket_counter_gpr": {
        "rest": 100.0,
        "5": 81.81818181818183,
        "10": 88.66167240332051,
        "15": 96.09232638185867,
        "20": 98.17776877910508
    },
    "percentage_bucket_counter_hybrid": {
        "rest": 100.0,
        "5": 81.82002226946047,
        "10": 88.66282012349428,
        "15": 96.09272193541857,
        "20": 98.17795323413301
    },
    "mean_budget_generic": 12.93477475588846,
    "percentage_bucket_counter_generic": {
        "rest": 100.0,
        "5": 80.8611111111111,
        "10": 85.625,
        "15": 94.1388888888889,
        "20": 95.375
    },
    "mean_add_points_generic": 72.54944444444445,
    "mean_add_points_gpr": 72.8207126948775,
    "mean_budget_gpr": 14.475030922332092,
    "mean_budget_hybrid": 14.475056400907999,
    "mean_add_points_hybrid": 72.81890879643689,
    "point_map_generic": {
        "(4, 10)": 1.0,
        "(4, 20)": 2.0,
        "(4, 30)": 3.0,
        "(4, 40)": 4.0,
        "(4, 50)": 5.0,
        "(8, 10)": 6.0,
        "(8, 20)": 9.950303699613473,
        "(8, 30)": 10.522710163111668,
        "(8, 40)": 12.511970260223048,
        "(8, 50)": 13.467213114754099,
        "(16, 10)": 7.0,
        "(16, 20)": 12.879590343818581,
        "(16, 30)": 13.76992128159094,
        "(16, 40)": 16.191923312257803,
        "(16, 50)": 17.45695226183031,
        "(32, 10)": 8.0,
        "(32, 20)": 16.593369776053606,
        "(32, 30)": 16.892215568862277,
        "(32, 40)": 20.12630579297246,
        "(32, 50)": 21.1713567839196,
        "(64, 10)": 9.0,
        "(64, 20)": 19.84691943127962,
        "(64, 30)": 9.0,
        "(64, 40)": 0,
        "(64, 50)": 0
    },
    "base_point_cost": 4.450699586865215,
    "min_points": 9,
    "budget": 15.0
}