{
    "percentage_bucket_counter_full": {
        "rest": 100.0,
        "5": 66.00640256102442,
        "10": 83.20328131252501,
        "15": 94.84793917567028,
        "20": 97.80912364945978
    },
    "percentage_bucket_counter_gpr": {
        "rest": 100.0,
        "5": 83.48890896316371,
        "10": 93.48589782194118,
        "15": 97.05911873933553,
        "20": 99.31747465622804
    },
    "percentage_bucket_counter_hybrid": {
        "rest": 100.0,
        "5": 83.48890896316371,
        "10": 93.48589782194118,
        "15": 97.05911873933553,
        "20": 99.31747465622804
    },
    "mean_budget_generic": 25.810429257795807,
    "percentage_bucket_counter_generic": {
        "rest": 100.0,
        "5": 81.89275710284114,
        "10": 89.05562224889955,
        "15": 96.18847539015606,
        "20": 98.2593037214886
    },
    "mean_add_points_generic": 81.72829131652661,
    "mean_add_points_gpr": 83.72588577737629,
    "mean_budget_gpr": 28.568370190993218,
    "mean_budget_hybrid": 28.568451180947815,
    "mean_add_points_hybrid": 83.72608652012445,
    "point_map_generic": {
        "(4, 10)": 1.0,
        "(4, 20)": 2.0,
        "(4, 30)": 3.0,
        "(4, 40)": 4.0,
        "(4, 50)": 5.0,
        "(8, 10)": 6.4367,
        "(8, 20)": 10.0649,
        "(8, 30)": 10.6304,
        "(8, 40)": 12.4214,
        "(8, 50)": 13.8531,
        "(16, 10)": 7.7179,
        "(16, 20)": 13.166499899939964,
        "(16, 30)": 14.033219931959175,
        "(16, 40)": 16.335680515038728,
        "(16, 50)": 17.46609500169243,
        "(32, 10)": 8.936899161382696,
        "(32, 20)": 16.91004339083501,
        "(32, 30)": 17.529031513332562,
        "(32, 40)": 20.18641414931914,
        "(32, 50)": 21.140836995987005,
        "(64, 10)": 9.0,
        "(64, 20)": 20.475402699172832,
        "(64, 30)": 17.335748792270532,
        "(64, 40)": 0,
        "(64, 50)": 0
    },
    "base_point_cost": 4.450699586865215,
    "min_points": 9,
    "budget": 30.0
}