{
    "percentage_bucket_counter_full": {
        "rest": 100.0,
        "5": 54.73863153421165,
        "10": 73.18317042073949,
        "15": 89.88525286867828,
        "20": 94.7726306842329
    },
    "percentage_bucket_counter_gpr": {
        "rest": 100.0,
        "5": 65.33903884134298,
        "10": 77.38643844634629,
        "15": 86.0434496379197,
        "20": 91.73798551678736
    },
    "percentage_bucket_counter_hybrid": {
        "rest": 100.0,
        "5": 65.13157894736842,
        "10": 77.30263157894737,
        "15": 86.01973684210526,
        "20": 91.71052631578948
    },
    "mean_budget_generic": 1.7265589015044367,
    "percentage_bucket_counter_generic": {
        "rest": 100.0,
        "5": 61.96345091372716,
        "10": 76.58308542286443,
        "15": 84.7428814279643,
        "20": 91.2027199320017
    },
    "mean_add_points_generic": 62.73523161920952,
    "mean_add_points_gpr": 62.215931533903884,
    "mean_budget_gpr": 1.9253339121500292,
    "mean_budget_hybrid": 1.925030663229045,
    "mean_add_points_hybrid": 62.17072368421053,
    "point_map_generic": {
        "(4, 10)": 1.0,
        "(4, 20)": 2.0,
        "(4, 30)": 3.0,
        "(4, 40)": 4.0,
        "(4, 50)": 5.0,
        "(8, 10)": 6.0,
        "(8, 20)": 9.853836784409257,
        "(8, 30)": 9.525114155251142,
        "(8, 40)": 12.277181521231919,
        "(8, 50)": 13.528969957081545,
        "(16, 10)": 7.0,
        "(16, 20)": 12.843276936776492,
        "(16, 30)": 12.046581517655898,
        "(16, 40)": 16.1110183639399,
        "(16, 50)": 17.377289377289376,
        "(32, 10)": 8.0,
        "(32, 20)": 16.314691151919867,
        "(32, 30)": 10.483306836248012,
        "(32, 40)": 20.0,
        "(32, 50)": 0,
        "(64, 10)": 9.0,
        "(64, 20)": 9.0,
        "(64, 30)": 9.0,
        "(64, 40)": 0,
        "(64, 50)": 0
    },
    "base_point_cost": 0.744708736349546,
    "min_points": 9,
    "budget": 2.0
}