{
    "percentage_bucket_counter_full": {
        "rest": 100.0,
        "5": 63.81508399857023,
        "10": 83.14071249851067,
        "15": 94.65030382461576,
        "20": 97.39068271178363
    },
    "percentage_bucket_counter_gpr": {
        "rest": 100.0,
        "5": 81.33198789101918,
        "10": 89.28355196770939,
        "15": 96.06458123107971,
        "20": 98.24419778002019
    },
    "percentage_bucket_counter_hybrid": {
        "rest": 100.0,
        "5": 81.33198789101918,
        "10": 89.28355196770939,
        "15": 96.06458123107971,
        "20": 98.24419778002019
    },
    "mean_budget_generic": 16.326678797658538,
    "percentage_bucket_counter_generic": {
        "rest": 100.0,
        "5": 80.9722387704039,
        "10": 86.04789705707137,
        "15": 94.79328011438103,
        "20": 96.25878708447516
    },
    "mean_add_points_generic": 72.91647801739545,
    "mean_add_points_gpr": 77.10534813319879,
    "mean_budget_gpr": 18.232294534230444,
    "mean_budget_hybrid": 18.232303628531533,
    "mean_add_points_hybrid": 77.1058526740666,
    "point_map_generic": {
        "(4, 10)": 1.0,
        "(4, 20)": 2.0,
        "(4, 30)": 3.0,
        "(4, 40)": 4.0,
        "(4, 50)": 5.0,
        "(8, 10)": 6.004024594745668,
        "(8, 20)": 9.95724973281083,
        "(8, 30)": 10.597433666811657,
        "(8, 40)": 12.516209476309227,
        "(8, 50)": 13.970855614973262,
        "(16, 10)": 7.003242759700324,
        "(16, 20)": 12.82016632016632,
        "(16, 30)": 13.818328173374613,
        "(16, 40)": 16.223816912335142,
        "(16, 50)": 17.464538290563752,
        "(32, 10)": 8.0,
        "(32, 20)": 16.55091424968474,
        "(32, 30)": 17.039837947332884,
        "(32, 40)": 20.171399594320487,
        "(32, 50)": 21.219521044992742,
        "(64, 10)": 9.0,
        "(64, 20)": 20.07061340941512,
        "(64, 30)": 9.794772507260406,
        "(64, 40)": 0,
        "(64, 50)": 0
    },
    "base_point_cost": 4.450699586865215,
    "min_points": 9,
    "budget": 19.0
}