{
    "percentage_bucket_counter_full": {
        "rest": 100.0,
        "5": 66.006600660066,
        "10": 83.2083208320832,
        "15": 94.84948494849485,
        "20": 97.8097809780978
    },
    "percentage_bucket_counter_gpr": {
        "rest": 100.0,
        "5": 82.03125,
        "10": 89.86378205128204,
        "15": 97.48597756410257,
        "20": 99.65945512820514
    },
    "percentage_bucket_counter_hybrid": {
        "rest": 100.0,
        "5": 82.03125,
        "10": 89.86378205128204,
        "15": 97.48597756410257,
        "20": 99.65945512820514
    },
    "mean_budget_generic": 61.474959894263215,
    "percentage_bucket_counter_generic": {
        "rest": 100.0,
        "5": 82.86828682868287,
        "10": 91.77917791779177,
        "15": 97.13971397139713,
        "20": 99.51995199519952
    },
    "mean_add_points_generic": 93.58375837583759,
    "mean_add_points_gpr": 94.78515625,
    "mean_budget_gpr": 69.041191120714,
    "mean_budget_hybrid": 69.041191120714,
    "mean_add_points_hybrid": 94.78515625,
    "point_map_generic": {
        "(4, 10)": 1.0,
        "(4, 20)": 2.0,
        "(4, 30)": 3.0,
        "(4, 40)": 4.0,
        "(4, 50)": 5.0,
        "(8, 10)": 6.4367,
        "(8, 20)": 10.0649,
        "(8, 30)": 10.6304,
        "(8, 40)": 12.4214,
        "(8, 50)": 13.8531,
        "(16, 10)": 7.7179,
        "(16, 20)": 13.1682,
        "(16, 30)": 14.0342,
        "(16, 40)": 16.3348,
        "(16, 50)": 17.6749,
        "(32, 10)": 9.1805,
        "(32, 20)": 16.9737,
        "(32, 30)": 17.7255,
        "(32, 40)": 20.3053,
        "(32, 50)": 21.3461,
        "(64, 10)": 10.139802631578947,
        "(64, 20)": 21.163516351635163,
        "(64, 30)": 21.44721257913008,
        "(64, 40)": 23.94727354664263,
        "(64, 50)": 0
    },
    "base_point_cost": 4.450699586865215,
    "min_points": 9,
    "budget": 72.0
}