{
    "percentage_bucket_counter_full": {
        "rest": 100.0,
        "5": 56.32552870090635,
        "10": 78.17220543806647,
        "15": 92.59818731117825,
        "20": 96.18580060422961
    },
    "percentage_bucket_counter_gpr": {
        "rest": 100.0,
        "5": 79.94233937397036,
        "10": 84.63756177924218,
        "15": 91.51565074135091,
        "20": 94.06919275123559
    },
    "percentage_bucket_counter_hybrid": {
        "rest": 100.0,
        "5": 79.43437671609006,
        "10": 84.14332784184514,
        "15": 91.03514552443713,
        "20": 93.5886875343218
    },
    "mean_budget_generic": 6.939279508770491,
    "percentage_bucket_counter_generic": {
        "rest": 100.0,
        "5": 75.16993957703929,
        "10": 80.75906344410876,
        "15": 89.19939577039275,
        "20": 92.46601208459214
    },
    "mean_add_points_generic": 68.68051359516616,
    "mean_add_points_gpr": 64.21128500823723,
    "mean_budget_gpr": 7.757952296573824,
    "mean_budget_hybrid": 7.7574744801877795,
    "mean_add_points_hybrid": 64.19879187259747,
    "point_map_generic": {
        "(4, 10)": 1.0,
        "(4, 20)": 2.0,
        "(4, 30)": 3.0,
        "(4, 40)": 4.0,
        "(4, 50)": 5.0,
        "(8, 10)": 6.0,
        "(8, 20)": 9.931985641413187,
        "(8, 30)": 10.263651877133105,
        "(8, 40)": 12.17981220657277,
        "(8, 50)": 13.456920903954803,
        "(16, 10)": 7.0,
        "(16, 20)": 12.986426256077795,
        "(16, 30)": 13.4374631847634,
        "(16, 40)": 16.22896231285493,
        "(16, 50)": 17.393617021276597,
        "(32, 10)": 8.0,
        "(32, 20)": 16.710179324894515,
        "(32, 30)": 15.917823746103712,
        "(32, 40)": 20.02513966480447,
        "(32, 50)": 21.02777777777778,
        "(64, 10)": 9.0,
        "(64, 20)": 18.30109489051095,
        "(64, 30)": 9.0,
        "(64, 40)": 0,
        "(64, 50)": 0
    },
    "base_point_cost": 2.7399865418887597,
    "min_points": 9,
    "budget": 8.0
}