{
    "percentage_bucket_counter_full": {
        "rest": 100.0,
        "5": 66.01,
        "10": 83.21,
        "15": 94.85,
        "20": 97.81
    },
    "percentage_bucket_counter_generic": {
        "rest": 100.0,
        "5": 82.97,
        "10": 90.94,
        "15": 96.11,
        "20": 98.75
    },
    "mean_budget_generic": 35.350932201048956,
    "mean_add_points_generic": 86.9046904690469,
    "nr_func_modeled_generic": 9999,
    "percentage_bucket_counter_gpr": {
        "rest": 100.0,
        "5": 83.85000000000001,
        "10": 93.42,
        "15": 97.38,
        "20": 99.63
    },
    "mean_add_points_gpr": 88.50220308431804,
    "mean_budget_gpr": 42.087324919677584,
    "nr_func_modeled_gpr": 9986,
    "percentage_bucket_counter_hybrid": {
        "rest": 100.0,
        "5": 83.85000000000001,
        "10": 93.42,
        "15": 97.38,
        "20": 99.63
    },
    "mean_budget_hybrid": 42.087283756487516,
    "mean_add_points_hybrid": 88.50230322451432,
    "nr_func_modeled_hybrid": 9986,
    "point_map_generic": {
        "(4, 10)": 1.0,
        "(4, 20)": 2.0,
        "(4, 30)": 3.0,
        "(4, 40)": 4.0,
        "(4, 50)": 5.0,
        "(8, 10)": 6.4367,
        "(8, 20)": 10.0649,
        "(8, 30)": 10.6304,
        "(8, 40)": 12.4214,
        "(8, 50)": 13.8531,
        "(16, 10)": 7.7179,
        "(16, 20)": 13.1682,
        "(16, 30)": 14.0342,
        "(16, 40)": 16.3348,
        "(16, 50)": 17.6749,
        "(32, 10)": 9.149889713254462,
        "(32, 20)": 16.973091927578274,
        "(32, 30)": 17.72371319847787,
        "(32, 40)": 20.272447136329827,
        "(32, 50)": 21.132792701469842,
        "(64, 10)": 9.0,
        "(64, 20)": 20.73856108457865,
        "(64, 30)": 19.841677646025474,
        "(64, 40)": 24.0,
        "(64, 50)": 0
    },
    "base_point_cost": 4.450699586865215,
    "min_points": 9,
    "budget": 44.0
}