{
    "percentage_bucket_counter_full": {
        "rest": 100.0,
        "5": 66.00320064012803,
        "10": 83.20664132826565,
        "15": 94.84896979395879,
        "20": 97.80956191238248
    },
    "percentage_bucket_counter_gpr": {
        "rest": 100.0,
        "5": 84.15871421396284,
        "10": 93.77197388247112,
        "15": 97.49874434957307,
        "20": 99.78905072827725
    },
    "percentage_bucket_counter_hybrid": {
        "rest": 100.0,
        "5": 84.15871421396284,
        "10": 93.77197388247112,
        "15": 97.49874434957307,
        "20": 99.78905072827725
    },
    "mean_budget_generic": 32.67445743230895,
    "percentage_bucket_counter_generic": {
        "rest": 100.0,
        "5": 82.80656131226245,
        "10": 90.3980796159232,
        "15": 96.25925185037008,
        "20": 98.67973594718944
    },
    "mean_add_points_generic": 85.82236447289458,
    "mean_add_points_gpr": 87.32184831742843,
    "mean_budget_gpr": 38.21321637810524,
    "mean_budget_hybrid": 38.21326211815146,
    "mean_add_points_hybrid": 87.32214967353089,
    "point_map_generic": {
        "(4, 10)": 1.0,
        "(4, 20)": 2.0,
        "(4, 30)": 3.0,
        "(4, 40)": 4.0,
        "(4, 50)": 5.0,
        "(8, 10)": 6.4367,
        "(8, 20)": 10.0649,
        "(8, 30)": 10.6304,
        "(8, 40)": 12.4214,
        "(8, 50)": 13.8531,
        "(16, 10)": 7.7179,
        "(16, 20)": 13.1682,
        "(16, 30)": 14.0342,
        "(16, 40)": 16.3348,
        "(16, 50)": 17.664494787489975,
        "(32, 10)": 9.12748643761302,
        "(32, 20)": 16.97176611934321,
        "(32, 30)": 17.711845562967454,
        "(32, 40)": 20.23362624487405,
        "(32, 50)": 21.12867151711129,
        "(64, 10)": 9.0,
        "(64, 20)": 20.65193837819536,
        "(64, 30)": 19.366057838660577,
        "(64, 40)": 0,
        "(64, 50)": 0
    },
    "base_point_cost": 4.450699586865215,
    "min_points": 9,
    "budget": 40.0
}