{
    "percentage_bucket_counter_full": {
        "rest": 100.0,
        "5": 57.625183493720435,
        "10": 79.22035557005383,
        "15": 93.08432555863644,
        "20": 96.44429946175175
    },
    "percentage_bucket_counter_gpr": {
        "rest": 100.0,
        "5": 79.74031548449403,
        "10": 85.27739027792681,
        "15": 93.14304109883035,
        "20": 95.21407876381586
    },
    "percentage_bucket_counter_hybrid": {
        "rest": 100.0,
        "5": 79.20008555234735,
        "10": 84.67543578226928,
        "15": 92.48208747727516,
        "20": 94.58881403058497
    },
    "mean_budget_generic": 8.749829159882559,
    "percentage_bucket_counter_generic": {
        "rest": 100.0,
        "5": 77.05105203066384,
        "10": 81.89528625020388,
        "15": 90.21366824335345,
        "20": 92.97015168814224
    },
    "mean_add_points_generic": 69.33355080737238,
    "mean_add_points_gpr": 62.43910290803734,
    "mean_budget_gpr": 9.721559477890063,
    "mean_budget_hybrid": 9.721756681451936,
    "mean_add_points_hybrid": 62.34017752112074,
    "point_map_generic": {
        "(4, 10)": 1.0,
        "(4, 20)": 2.0,
        "(4, 30)": 3.0,
        "(4, 40)": 4.0,
        "(4, 50)": 5.0,
        "(8, 10)": 6.0,
        "(8, 20)": 9.941348973607038,
        "(8, 30)": 10.402001177163037,
        "(8, 40)": 12.245447187373532,
        "(8, 50)": 13.415098374679213,
        "(16, 10)": 7.0,
        "(16, 20)": 12.968617771509168,
        "(16, 30)": 13.566067653276956,
        "(16, 40)": 16.215427380125085,
        "(16, 50)": 17.40840292275574,
        "(32, 10)": 8.0,
        "(32, 20)": 16.577570921985817,
        "(32, 30)": 16.371696299855838,
        "(32, 40)": 20.057770961145195,
        "(32, 50)": 21.09253065774805,
        "(64, 10)": 9.0,
        "(64, 20)": 19.277542372881356,
        "(64, 30)": 9.0,
        "(64, 40)": 0,
        "(64, 50)": 0
    },
    "base_point_cost": 4.372494507135196,
    "min_points": 9,
    "budget": 10.0
}