{
    "percentage_bucket_counter_full": {
        "rest": 100.0,
        "5": 51.62364696086594,
        "10": 68.77601998334721,
        "15": 87.92672772689426,
        "20": 92.9225645295587
    },
    "percentage_bucket_counter_gpr": {
        "rest": 100.0,
        "5": 61.47058823529412,
        "10": 76.66666666666667,
        "15": 84.80392156862744,
        "20": 91.51960784313725
    },
    "percentage_bucket_counter_hybrid": {
        "rest": 100.0,
        "5": 61.029411764705884,
        "10": 76.12745098039215,
        "15": 84.11764705882354,
        "20": 90.7843137254902
    },
    "mean_budget_generic": 0.7144061670716271,
    "percentage_bucket_counter_generic": {
        "rest": 100.0,
        "5": 52.289758534554544,
        "10": 69.94171523730225,
        "15": 81.26561199000832,
        "20": 89.09242298084929
    },
    "mean_add_points_generic": 55.69691923397169,
    "mean_add_points_gpr": 54.372058823529414,
    "mean_budget_gpr": 0.7704386386901665,
    "mean_budget_hybrid": 0.770370231159887,
    "mean_add_points_hybrid": 54.37156862745098,
    "point_map_generic": {
        "(4, 10)": 1.0,
        "(4, 20)": 2.0,
        "(4, 30)": 3.0,
        "(4, 40)": 4.0,
        "(4, 50)": 5.0,
        "(8, 10)": 6.0,
        "(8, 20)": 9.715864246250987,
        "(8, 30)": 8.642130750605327,
        "(8, 40)": 12.213470319634704,
        "(8, 50)": 13.546722454672246,
        "(16, 10)": 7.0,
        "(16, 20)": 12.483870967741936,
        "(16, 30)": 9.856105610561055,
        "(16, 40)": 16.006211180124225,
        "(16, 50)": 17.373831775700936,
        "(32, 10)": 8.0,
        "(32, 20)": 13.6125,
        "(32, 30)": 8.0,
        "(32, 40)": 0,
        "(32, 50)": 0,
        "(64, 10)": 9.0,
        "(64, 20)": 9.0,
        "(64, 30)": 9.0,
        "(64, 40)": 0,
        "(64, 50)": 0
    },
    "base_point_cost": 0.37912867804838696,
    "min_points": 9,
    "budget": 0.7999999999999999
}