{
    "percentage_bucket_counter_full": {
        "rest": 100.0,
        "5": 4.3478260869565215,
        "10": 8.695652173913043,
        "15": 8.695652173913043,
        "20": 8.695652173913043
    },
    "percentage_bucket_counter_generic": {
        "rest": 100.0,
        "5": 0.0,
        "10": 0.0,
        "15": 0.0,
        "20": 0.0
    },
    "mean_budget_generic": 16.414028750187967,
    "mean_add_points_generic": 61.81818181818182,
    "nr_func_modeled_generic": 22,
    "percentage_bucket_counter_gpr": {
        "rest": 100.0,
        "5": 4.3478260869565215,
        "10": 4.3478260869565215,
        "15": 4.3478260869565215,
        "20": 4.3478260869565215
    },
    "mean_add_points_gpr": 61.0,
    "mean_budget_gpr": 16.876183965506076,
    "nr_func_modeled_gpr": 22,
    "percentage_bucket_counter_hybrid": {
        "rest": 100.0,
        "5": 4.3478260869565215,
        "10": 4.3478260869565215,
        "15": 8.695652173913043,
        "20": 8.695652173913043
    },
    "mean_budget_hybrid": 16.781623476786084,
    "mean_add_points_hybrid": 64.30434782608695,
    "nr_func_modeled_hybrid": 23,
    "base_point_cost": 5.139588058508244,
    "min_points": 9,
    "budget": 17
}