{
    "percentage_bucket_counter_full": {
        "rest": 100.0,
        "5": 4.3478260869565215,
        "10": 8.695652173913043,
        "15": 8.695652173913043,
        "20": 8.695652173913043
    },
    "percentage_bucket_counter_generic": {
        "rest": 100.0,
        "5": 0.0,
        "10": 4.3478260869565215,
        "15": 4.3478260869565215,
        "20": 8.695652173913043
    },
    "mean_budget_generic": 24.083018469335478,
    "mean_add_points_generic": 77.17391304347827,
    "nr_func_modeled_generic": 23,
    "percentage_bucket_counter_gpr": {
        "rest": 100.0,
        "5": 0.0,
        "10": 4.3478260869565215,
        "15": 8.695652173913043,
        "20": 8.695652173913043
    },
    "mean_add_points_gpr": 76.08695652173913,
    "mean_budget_gpr": 26.707291097532522,
    "nr_func_modeled_gpr": 23,
    "percentage_bucket_counter_hybrid": {
        "rest": 100.0,
        "5": 0.0,
        "10": 4.3478260869565215,
        "15": 8.695652173913043,
        "20": 8.695652173913043
    },
    "mean_budget_hybrid": 26.800660392320207,
    "mean_add_points_hybrid": 77.1304347826087,
    "nr_func_modeled_hybrid": 23,
    "base_point_cost": 5.139588058508245,
    "min_points": 9,
    "budget": 27
}