{
    "percentage_bucket_counter_full": {
        "rest": 100.0,
        "5": 22.1,
        "10": 48.5,
        "15": 69.19999999999999,
        "20": 82.1
    },
    "percentage_bucket_counter_gpr": {
        "rest": 100.0,
        "5": 77.87787787787788,
        "10": 92.3923923923924,
        "15": 97.7977977977978,
        "20": 99.7997997997998
    },
    "percentage_bucket_counter_hybrid": {
        "rest": 100.0,
        "5": 77.87787787787788,
        "10": 92.3923923923924,
        "15": 97.7977977977978,
        "20": 99.7997997997998
    },
    "mean_budget_generic": 41.36130131089956,
    "percentage_bucket_counter_generic": {
        "rest": 100.0,
        "5": 79.3,
        "10": 92.2,
        "15": 96.89999999999999,
        "20": 98.9
    },
    "mean_add_points_generic": 88.956,
    "mean_add_points_gpr": 90.30730730730731,
    "mean_budget_gpr": 47.93097471677273,
    "mean_budget_hybrid": 47.93097471677273,
    "mean_add_points_hybrid": 90.30730730730731,
    "point_map_generic": {
        "(4, 10)": 1.0,
        "(4, 20)": 2.0,
        "(4, 30)": 3.0,
        "(4, 40)": 4.0,
        "(4, 50)": 5.0,
        "(8, 10)": 6.65,
        "(8, 20)": 10.118,
        "(8, 30)": 10.365,
        "(8, 40)": 12.357,
        "(8, 50)": 13.742,
        "(16, 10)": 8.031,
        "(16, 20)": 13.328,
        "(16, 30)": 13.697,
        "(16, 40)": 16.33,
        "(16, 50)": 17.599,
        "(32, 10)": 9.754754754754755,
        "(32, 20)": 17.04,
        "(32, 30)": 17.19,
        "(32, 40)": 20.342369477911646,
        "(32, 50)": 20.983796296296298,
        "(64, 10)": 9.0,
        "(64, 20)": 21.1187648456057,
        "(64, 30)": 19.67026194144838,
        "(64, 40)": 24.0,
        "(64, 50)": 0
    },
    "base_point_cost": 4.422577227146803,
    "min_points": 9,
    "budget": 50.0
}