{
    "percentage_bucket_counter_full": {
        "rest": 100.0,
        "5": 22.1,
        "10": 48.5,
        "15": 69.19999999999999,
        "20": 82.1
    },
    "percentage_bucket_counter_gpr": {
        "rest": 100.0,
        "5": 71.97197197197197,
        "10": 89.4894894894895,
        "15": 97.2972972972973,
        "20": 99.4994994994995
    },
    "percentage_bucket_counter_hybrid": {
        "rest": 100.0,
        "5": 71.97197197197197,
        "10": 89.4894894894895,
        "15": 97.2972972972973,
        "20": 99.4994994994995
    },
    "mean_budget_generic": 32.947367310287824,
    "percentage_bucket_counter_generic": {
        "rest": 100.0,
        "5": 78.10000000000001,
        "10": 91.8,
        "15": 96.89999999999999,
        "20": 98.6
    },
    "mean_add_points_generic": 86.268,
    "mean_add_points_gpr": 87.8028028028028,
    "mean_budget_gpr": 39.27771641789704,
    "mean_budget_hybrid": 39.27812993325033,
    "mean_add_points_hybrid": 87.8028028028028,
    "point_map_generic": {
        "(4, 10)": 1.0,
        "(4, 20)": 2.0,
        "(4, 30)": 3.0,
        "(4, 40)": 4.0,
        "(4, 50)": 5.0,
        "(8, 10)": 6.65,
        "(8, 20)": 10.118,
        "(8, 30)": 10.365,
        "(8, 40)": 12.357,
        "(8, 50)": 13.742,
        "(16, 10)": 8.031,
        "(16, 20)": 13.328,
        "(16, 30)": 13.697,
        "(16, 40)": 16.33,
        "(16, 50)": 17.594594594594593,
        "(32, 10)": 9.67641129032258,
        "(32, 20)": 17.03803803803804,
        "(32, 30)": 17.177240684793556,
        "(32, 40)": 20.275028768699656,
        "(32, 50)": 20.980988593155892,
        "(64, 10)": 9.0,
        "(64, 20)": 20.818330605564647,
        "(64, 30)": 18.520169851380043,
        "(64, 40)": 0,
        "(64, 50)": 0
    },
    "base_point_cost": 4.422577227146803,
    "min_points": 9,
    "budget": 41.0
}