{
    "percentage_bucket_counter_full": {
        "rest": 100.0,
        "5": 22.1,
        "10": 48.5,
        "15": 69.19999999999999,
        "20": 82.1
    },
    "percentage_bucket_counter_gpr": {
        "rest": 100.0,
        "5": 67.2,
        "10": 88.1,
        "15": 95.3,
        "20": 98.0
    },
    "percentage_bucket_counter_hybrid": {
        "rest": 100.0,
        "5": 67.2,
        "10": 88.1,
        "15": 95.3,
        "20": 98.0
    },
    "mean_budget_generic": 64.72294417352188,
    "percentage_bucket_counter_generic": {
        "rest": 100.0,
        "5": 78.3,
        "10": 87.8,
        "15": 96.5,
        "20": 98.4
    },
    "mean_add_points_generic": 94.492,
    "mean_add_points_gpr": 95.982,
    "mean_budget_gpr": 75.24977078321197,
    "mean_budget_hybrid": 75.24977078321197,
    "mean_add_points_hybrid": 95.982,
    "point_map_generic": {
        "(4, 10)": 1.0,
        "(4, 20)": 2.0,
        "(4, 30)": 3.0,
        "(4, 40)": 4.0,
        "(4, 50)": 5.0,
        "(8, 10)": 6.65,
        "(8, 20)": 10.118,
        "(8, 30)": 10.365,
        "(8, 40)": 12.357,
        "(8, 50)": 13.742,
        "(16, 10)": 8.031,
        "(16, 20)": 13.328,
        "(16, 30)": 13.697,
        "(16, 40)": 16.33,
        "(16, 50)": 17.599,
        "(32, 10)": 9.766,
        "(32, 20)": 17.04,
        "(32, 30)": 17.19,
        "(32, 40)": 20.345,
        "(32, 50)": 21.187,
        "(64, 10)": 10.362566844919787,
        "(64, 20)": 21.259,
        "(64, 30)": 20.812,
        "(64, 40)": 23.905523255813954,
        "(64, 50)": 0
    },
    "base_point_cost": 4.422577227146803,
    "min_points": 9,
    "budget": 78.0
}