{
    "percentage_bucket_counter_full": {
        "rest": 100.0,
        "5": 9.232954545454545,
        "10": 36.64772727272727,
        "15": 57.95454545454546,
        "20": 75.85227272727273
    },
    "percentage_bucket_counter_gpr": {
        "rest": 100.0,
        "5": 75.82260371959943,
        "10": 87.98283261802575,
        "15": 96.13733905579399,
        "20": 98.28326180257511
    },
    "percentage_bucket_counter_hybrid": {
        "rest": 100.0,
        "5": 75.53648068669528,
        "10": 87.98283261802575,
        "15": 96.13733905579399,
        "20": 98.28326180257511
    },
    "mean_budget_generic": 12.085277947929539,
    "percentage_bucket_counter_generic": {
        "rest": 100.0,
        "5": 73.4375,
        "10": 82.5284090909091,
        "15": 90.48295454545455,
        "20": 94.0340909090909
    },
    "mean_add_points_generic": 72.71022727272727,
    "mean_add_points_gpr": 74.00429184549357,
    "mean_budget_gpr": 13.437067238020727,
    "mean_budget_hybrid": 13.435297393668824,
    "mean_add_points_hybrid": 74.00572246065808,
    "point_map_generic": {
        "(4, 10)": 1.0,
        "(4, 20)": 2.0,
        "(4, 30)": 3.0,
        "(4, 40)": 4.0,
        "(4, 50)": 5.0,
        "(8, 10)": 6.0,
        "(8, 20)": 9.948936170212766,
        "(8, 30)": 10.217026378896882,
        "(8, 40)": 12.423135464231354,
        "(8, 50)": 13.322393822393822,
        "(16, 10)": 7.0,
        "(16, 20)": 13.02682563338301,
        "(16, 30)": 13.349799732977303,
        "(16, 40)": 16.190854870775347,
        "(16, 50)": 17.404907975460123,
        "(32, 10)": 8.0,
        "(32, 20)": 16.685352622061483,
        "(32, 30)": 16.134146341463413,
        "(32, 40)": 20.10967741935484,
        "(32, 50)": 21.14673913043478,
        "(64, 10)": 9.0,
        "(64, 20)": 19.895287958115183,
        "(64, 30)": 9.0,
        "(64, 40)": 0,
        "(64, 50)": 0
    },
    "base_point_cost": 4.422577227146803,
    "min_points": 9,
    "budget": 14.0
}