{
    "percentage_bucket_counter_full": {
        "rest": 100.0,
        "5": 22.1,
        "10": 48.5,
        "15": 69.19999999999999,
        "20": 82.1
    },
    "percentage_bucket_counter_gpr": {
        "rest": 100.0,
        "5": 65.46546546546547,
        "10": 88.18818818818819,
        "15": 95.3953953953954,
        "20": 98.09809809809809
    },
    "percentage_bucket_counter_hybrid": {
        "rest": 100.0,
        "5": 65.46546546546547,
        "10": 88.18818818818819,
        "15": 95.3953953953954,
        "20": 98.09809809809809
    },
    "mean_budget_generic": 60.414840063788475,
    "percentage_bucket_counter_generic": {
        "rest": 100.0,
        "5": 79.5,
        "10": 88.9,
        "15": 96.5,
        "20": 98.7
    },
    "mean_add_points_generic": 93.512,
    "mean_add_points_gpr": 94.73573573573573,
    "mean_budget_gpr": 68.04519093883647,
    "mean_budget_hybrid": 68.04519093883647,
    "mean_add_points_hybrid": 94.73573573573573,
    "point_map_generic": {
        "(4, 10)": 1.0,
        "(4, 20)": 2.0,
        "(4, 30)": 3.0,
        "(4, 40)": 4.0,
        "(4, 50)": 5.0,
        "(8, 10)": 6.65,
        "(8, 20)": 10.118,
        "(8, 30)": 10.365,
        "(8, 40)": 12.357,
        "(8, 50)": 13.742,
        "(16, 10)": 8.031,
        "(16, 20)": 13.328,
        "(16, 30)": 13.697,
        "(16, 40)": 16.33,
        "(16, 50)": 17.599,
        "(32, 10)": 9.766,
        "(32, 20)": 17.04,
        "(32, 30)": 17.19,
        "(32, 40)": 20.345,
        "(32, 50)": 21.187,
        "(64, 10)": 10.349036402569594,
        "(64, 20)": 21.25725725725726,
        "(64, 30)": 20.760491299897645,
        "(64, 40)": 23.878205128205128,
        "(64, 50)": 0
    },
    "base_point_cost": 4.422577227146803,
    "min_points": 9,
    "budget": 71.0
}