{
    "percentage_bucket_counter_full": {
        "rest": 100.0,
        "5": 87.0,
        "10": 94.5,
        "15": 97.89999999999999,
        "20": 99.9
    },
    "percentage_bucket_counter_gpr": {
        "rest": 100.0,
        "5": 86.72032193158954,
        "10": 94.56740442655935,
        "15": 97.88732394366197,
        "20": 99.89939637826963
    },
    "percentage_bucket_counter_hybrid": {
        "rest": 100.0,
        "5": 86.72032193158954,
        "10": 94.56740442655935,
        "15": 97.88732394366197,
        "20": 99.89939637826963
    },
    "mean_budget_generic": 49.31544048608494,
    "percentage_bucket_counter_generic": {
        "rest": 100.0,
        "5": 84.39999999999999,
        "10": 93.89999999999999,
        "15": 97.3,
        "20": 99.6
    },
    "mean_add_points_generic": 81.688,
    "mean_add_points_gpr": 83.14486921529175,
    "mean_budget_gpr": 56.58491848627009,
    "mean_budget_hybrid": 56.58667533308928,
    "mean_add_points_hybrid": 83.14587525150905,
    "point_map_generic": {
        "(4, 10)": 1.0,
        "(4, 20)": 2.0,
        "(4, 30)": 3.0,
        "(4, 40)": 4.0,
        "(4, 50)": 5.0,
        "(8, 10)": 6.072,
        "(8, 20)": 10.015,
        "(8, 30)": 11.057,
        "(8, 40)": 12.383,
        "(8, 50)": 13.767,
        "(16, 10)": 7.084,
        "(16, 20)": 13.185,
        "(16, 30)": 14.717,
        "(16, 40)": 16.287,
        "(16, 50)": 17.582,
        "(32, 10)": 8.146,
        "(32, 20)": 17.16,
        "(32, 30)": 18.712,
        "(32, 40)": 20.219,
        "(32, 50)": 21.283597883597885,
        "(64, 10)": 9.0,
        "(64, 20)": 21.314911366006257,
        "(64, 30)": 22.54242928452579,
        "(64, 40)": 24.0,
        "(64, 50)": 0
    },
    "base_point_cost": 2.212710401388016,
    "min_points": 9,
    "budget": 59.0
}