{
    "percentage_bucket_counter_full": {
        "rest": 100.0,
        "5": 87.0,
        "10": 94.5,
        "15": 97.89999999999999,
        "20": 99.9
    },
    "percentage_bucket_counter_gpr": {
        "rest": 100.0,
        "5": 86.8605817452357,
        "10": 94.58375125376128,
        "15": 97.89368104312939,
        "20": 99.89969909729187
    },
    "percentage_bucket_counter_hybrid": {
        "rest": 100.0,
        "5": 86.8605817452357,
        "10": 94.58375125376128,
        "15": 97.89368104312939,
        "20": 99.89969909729187
    },
    "mean_budget_generic": 54.96905671867048,
    "percentage_bucket_counter_generic": {
        "rest": 100.0,
        "5": 84.89999999999999,
        "10": 94.3,
        "15": 97.7,
        "20": 99.8
    },
    "mean_add_points_generic": 83.032,
    "mean_add_points_gpr": 84.18054162487462,
    "mean_budget_gpr": 61.57770662672844,
    "mean_budget_hybrid": 61.57770662672844,
    "mean_add_points_hybrid": 84.18054162487462,
    "point_map_generic": {
        "(4, 10)": 1.0,
        "(4, 20)": 2.0,
        "(4, 30)": 3.0,
        "(4, 40)": 4.0,
        "(4, 50)": 5.0,
        "(8, 10)": 6.072,
        "(8, 20)": 10.015,
        "(8, 30)": 11.057,
        "(8, 40)": 12.383,
        "(8, 50)": 13.767,
        "(16, 10)": 7.084,
        "(16, 20)": 13.185,
        "(16, 30)": 14.717,
        "(16, 40)": 16.287,
        "(16, 50)": 17.582,
        "(32, 10)": 8.146,
        "(32, 20)": 17.16,
        "(32, 30)": 18.712,
        "(32, 40)": 20.219,
        "(32, 50)": 21.361616161616162,
        "(64, 10)": 9.028282828282828,
        "(64, 20)": 21.33903420523139,
        "(64, 30)": 22.641927083333332,
        "(64, 40)": 24.0,
        "(64, 50)": 0
    },
    "base_point_cost": 2.212710401388016,
    "min_points": 9,
    "budget": 64.0
}