{
    "percentage_bucket_counter_full": {
        "rest": 100.0,
        "5": 87.6,
        "10": 94.13333333333334,
        "15": 97.6,
        "20": 99.86666666666667
    },
    "percentage_bucket_counter_gpr": {
        "rest": 100.0,
        "5": 84.82412060301507,
        "10": 91.05527638190955,
        "15": 96.3819095477387,
        "20": 98.19095477386935
    },
    "percentage_bucket_counter_hybrid": {
        "rest": 100.0,
        "5": 84.82412060301507,
        "10": 91.05527638190955,
        "15": 96.3819095477387,
        "20": 98.19095477386935
    },
    "mean_budget_generic": 13.76294593358241,
    "percentage_bucket_counter_generic": {
        "rest": 100.0,
        "5": 84.53333333333333,
        "10": 89.73333333333333,
        "15": 94.8,
        "20": 96.53333333333333
    },
    "mean_add_points_generic": 63.986666666666665,
    "mean_add_points_gpr": 66.70954773869347,
    "mean_budget_gpr": 15.248766483555523,
    "mean_budget_hybrid": 15.248766483555523,
    "mean_add_points_hybrid": 66.70954773869347,
    "point_map_generic": {
        "(4, 10)": 1.0,
        "(4, 20)": 2.0,
        "(4, 30)": 3.0,
        "(4, 40)": 4.0,
        "(4, 50)": 5.0,
        "(8, 10)": 6.0,
        "(8, 20)": 9.994645247657296,
        "(8, 30)": 11.068364611260053,
        "(8, 40)": 12.480851063829787,
        "(8, 50)": 13.489169675090253,
        "(16, 10)": 7.0,
        "(16, 20)": 13.0,
        "(16, 30)": 14.663157894736843,
        "(16, 40)": 16.169260700389106,
        "(16, 50)": 17.38095238095238,
        "(32, 10)": 8.0,
        "(32, 20)": 16.841379310344827,
        "(32, 30)": 18.64468085106383,
        "(32, 40)": 20.125714285714285,
        "(32, 50)": 21.179372197309416,
        "(64, 10)": 9.0,
        "(64, 20)": 20.47196261682243,
        "(64, 30)": 9.0,
        "(64, 40)": 0,
        "(64, 50)": 0
    },
    "base_point_cost": 2.212710401388016,
    "min_points": 9,
    "budget": 16.0
}