{
    "percentage_bucket_counter_full": {
        "rest": 100.0,
        "5": 87.0,
        "10": 94.5,
        "15": 97.89999999999999,
        "20": 99.9
    },
    "percentage_bucket_counter_gpr": {
        "rest": 100.0,
        "5": 86.25877632898697,
        "10": 94.6840521564694,
        "15": 97.99398194583752,
        "20": 100.0
    },
    "percentage_bucket_counter_hybrid": {
        "rest": 100.0,
        "5": 86.25877632898697,
        "10": 94.6840521564694,
        "15": 97.99398194583752,
        "20": 100.0
    },
    "mean_budget_generic": 44.884644622026016,
    "percentage_bucket_counter_generic": {
        "rest": 100.0,
        "5": 84.8,
        "10": 94.0,
        "15": 97.2,
        "20": 99.5
    },
    "mean_add_points_generic": 80.636,
    "mean_add_points_gpr": 82.00902708124373,
    "mean_budget_gpr": 51.74337996537053,
    "mean_budget_hybrid": 51.74461104375629,
    "mean_add_points_hybrid": 82.01003009027082,
    "point_map_generic": {
        "(4, 10)": 1.0,
        "(4, 20)": 2.0,
        "(4, 30)": 3.0,
        "(4, 40)": 4.0,
        "(4, 50)": 5.0,
        "(8, 10)": 6.072,
        "(8, 20)": 10.015,
        "(8, 30)": 11.057,
        "(8, 40)": 12.383,
        "(8, 50)": 13.767,
        "(16, 10)": 7.084,
        "(16, 20)": 13.185,
        "(16, 30)": 14.717,
        "(16, 40)": 16.287,
        "(16, 50)": 17.582,
        "(32, 10)": 8.146,
        "(32, 20)": 17.16,
        "(32, 30)": 18.712,
        "(32, 40)": 20.219,
        "(32, 50)": 21.207207207207208,
        "(64, 10)": 9.0,
        "(64, 20)": 21.269187986651836,
        "(64, 30)": 22.512820512820515,
        "(64, 40)": 24.0,
        "(64, 50)": 0
    },
    "base_point_cost": 2.212710401388016,
    "min_points": 9,
    "budget": 54.0
}