{
    "percentage_bucket_counter_full": {
        "rest": 100.0,
        "5": 11.727616645649434,
        "10": 40.73139974779319,
        "15": 61.91677175283733,
        "20": 78.0580075662043
    },
    "percentage_bucket_counter_gpr": {
        "rest": 100.0,
        "5": 72.73885350318471,
        "10": 88.53503184713377,
        "15": 96.17834394904459,
        "20": 98.08917197452229
    },
    "percentage_bucket_counter_hybrid": {
        "rest": 100.0,
        "5": 72.11660329531053,
        "10": 88.59315589353612,
        "15": 96.1977186311787,
        "20": 98.09885931558935
    },
    "mean_budget_generic": 15.37492754348026,
    "percentage_bucket_counter_generic": {
        "rest": 100.0,
        "5": 72.88776796973518,
        "10": 83.10214375788146,
        "15": 92.55989911727617,
        "20": 95.46027742749055
    },
    "mean_add_points_generic": 73.73518284993695,
    "mean_add_points_gpr": 75.23312101910828,
    "mean_budget_gpr": 17.25580809351662,
    "mean_budget_hybrid": 17.257927303585486,
    "mean_add_points_hybrid": 75.09885931558935,
    "point_map_generic": {
        "(4, 10)": 1.0,
        "(4, 20)": 2.0,
        "(4, 30)": 3.0,
        "(4, 40)": 4.0,
        "(4, 50)": 5.0,
        "(8, 10)": 6.009456264775413,
        "(8, 20)": 9.954430379746835,
        "(8, 30)": 10.304772234273319,
        "(8, 40)": 12.447089947089948,
        "(8, 50)": 13.80952380952381,
        "(16, 10)": 7.009456264775413,
        "(16, 20)": 12.954116059379217,
        "(16, 30)": 13.454873646209386,
        "(16, 40)": 16.186046511627907,
        "(16, 50)": 17.401941747572817,
        "(32, 10)": 8.0,
        "(32, 20)": 16.665589660743134,
        "(32, 30)": 16.366197183098592,
        "(32, 40)": 20.161209068010077,
        "(32, 50)": 21.17153284671533,
        "(64, 10)": 9.0,
        "(64, 20)": 20.268482490272373,
        "(64, 30)": 9.370860927152318,
        "(64, 40)": 0,
        "(64, 50)": 0
    },
    "base_point_cost": 4.422577227146803,
    "min_points": 9,
    "budget": 18.0
}