{
    "percentage_bucket_counter_full": {
        "rest": 100.0,
        "5": 8.24561403508772,
        "10": 29.47368421052631,
        "15": 51.75438596491229,
        "20": 71.57894736842105
    },
    "percentage_bucket_counter_gpr": {
        "rest": 100.0,
        "5": 74.28571428571429,
        "10": 82.5,
        "15": 92.32142857142858,
        "20": 95.53571428571429
    },
    "percentage_bucket_counter_hybrid": {
        "rest": 100.0,
        "5": 74.24511545293073,
        "10": 82.41563055062167,
        "15": 92.00710479573712,
        "20": 95.38188277087033
    },
    "mean_budget_generic": 7.799553710701784,
    "percentage_bucket_counter_generic": {
        "rest": 100.0,
        "5": 67.01754385964912,
        "10": 77.19298245614034,
        "15": 86.66666666666667,
        "20": 90.87719298245615
    },
    "mean_add_points_generic": 69.41754385964913,
    "mean_add_points_gpr": 71.08035714285714,
    "mean_budget_gpr": 8.688328733372702,
    "mean_budget_hybrid": 8.685526457549571,
    "mean_add_points_hybrid": 70.898756660746,
    "point_map_generic": {
        "(4, 10)": 1.0,
        "(4, 20)": 2.0,
        "(4, 30)": 3.0,
        "(4, 40)": 4.0,
        "(4, 50)": 5.0,
        "(8, 10)": 6.0,
        "(8, 20)": 9.936842105263159,
        "(8, 30)": 10.008759124087591,
        "(8, 40)": 12.161220043572985,
        "(8, 50)": 13.362637362637363,
        "(16, 10)": 7.0,
        "(16, 20)": 13.104247104247104,
        "(16, 30)": 12.989864864864865,
        "(16, 40)": 16.225653206650833,
        "(16, 50)": 17.396782841823057,
        "(32, 10)": 8.0,
        "(32, 20)": 16.7096018735363,
        "(32, 30)": 15.293181818181818,
        "(32, 40)": 20.03448275862069,
        "(32, 50)": 21.064935064935064,
        "(64, 10)": 9.0,
        "(64, 20)": 18.764705882352942,
        "(64, 30)": 9.0,
        "(64, 40)": 0,
        "(64, 50)": 0
    },
    "base_point_cost": 3.0786163308524466,
    "min_points": 9,
    "budget": 9.0
}