{
    "percentage_bucket_counter_full": {
        "rest": 100.0,
        "5": 85.97,
        "10": 95.15,
        "15": 97.97,
        "20": 99.99
    },
    "percentage_bucket_counter_generic": {
        "rest": 100.0,
        "5": 84.11999999999999,
        "10": 94.27,
        "15": 97.56,
        "20": 99.75
    },
    "percentage_bucket_counter_gpr": {
        "rest": 100.0,
        "5": 84.11999999999999,
        "10": 94.28,
        "15": 97.56,
        "20": 99.74
    },
    "percentage_bucket_counter_hybrid": {
        "rest": 100.0,
        "5": 84.11999999999999,
        "10": 94.28,
        "15": 97.56,
        "20": 99.74
    },
    "mean_budget_generic": 59.66338318499342,
    "mean_add_points_generic": 14.2571,
    "mean_budget_gpr": 59.665776921664936,
    "mean_add_points_gpr": 13.2569,
    "mean_budget_hybrid": 59.663196021192284,
    "mean_add_points_hybrid": 13.2571,
    "base_point_cost": 8.854535401655417,
    "min_points": 9,
    "budget": 69
}