{
    "percentage_bucket_counter_full": {
        "rest": 100.0,
        "5": 85.7,
        "10": 96.25,
        "15": 97.89999999999999,
        "20": 99.98
    },
    "percentage_bucket_counter_generic": {
        "rest": 100.0,
        "5": 83.72,
        "10": 94.08999999999999,
        "15": 97.58,
        "20": 99.77000000000001
    },
    "percentage_bucket_counter_gpr": {
        "rest": 100.0,
        "5": 83.72,
        "10": 94.08999999999999,
        "15": 97.58,
        "20": 99.77000000000001
    },
    "percentage_bucket_counter_hybrid": {
        "rest": 100.0,
        "5": 83.72,
        "10": 94.08999999999999,
        "15": 97.58,
        "20": 99.77000000000001
    },
    "mean_budget_generic": 72.09045631972928,
    "mean_add_points_generic": 15.0,
    "mean_budget_gpr": 72.08971882140867,
    "mean_add_points_gpr": 14.0,
    "mean_budget_hybrid": 72.08943167716063,
    "mean_add_points_hybrid": 14.0,
    "base_point_cost": 8.86752797890495,
    "min_points": 9,
    "budget": 96
}