{
    "percentage_bucket_counter_full": {
        "rest": 100.0,
        "5": 85.7,
        "10": 96.25,
        "15": 97.89999999999999,
        "20": 99.98
    },
    "percentage_bucket_counter_generic": {
        "rest": 100.0,
        "5": 83.8,
        "10": 94.08,
        "15": 97.46000000000001,
        "20": 99.72
    },
    "percentage_bucket_counter_gpr": {
        "rest": 100.0,
        "5": 83.8,
        "10": 94.08,
        "15": 97.46000000000001,
        "20": 99.72
    },
    "percentage_bucket_counter_hybrid": {
        "rest": 100.0,
        "5": 83.8,
        "10": 94.08,
        "15": 97.46000000000001,
        "20": 99.72
    },
    "mean_budget_generic": 59.68773682545165,
    "mean_add_points_generic": 14.2582,
    "mean_budget_gpr": 59.68875500757793,
    "mean_add_points_gpr": 13.2582,
    "mean_budget_hybrid": 59.687631131391434,
    "mean_add_points_hybrid": 13.2582,
    "base_point_cost": 8.86752797890495,
    "min_points": 9,
    "budget": 69
}