{
    "percentage_bucket_counter_full": {
        "rest": 100.0,
        "5": 85.7,
        "10": 96.25,
        "15": 97.89999999999999,
        "20": 99.98
    },
    "percentage_bucket_counter_generic": {
        "rest": 100.0,
        "5": 82.53,
        "10": 87.64999999999999,
        "15": 92.33,
        "20": 94.53
    },
    "percentage_bucket_counter_gpr": {
        "rest": 100.0,
        "5": 83.34,
        "10": 89.33,
        "15": 94.08,
        "20": 96.69
    },
    "percentage_bucket_counter_hybrid": {
        "rest": 100.0,
        "5": 83.33,
        "10": 89.33,
        "15": 94.08,
        "20": 96.69
    },
    "mean_budget_generic": 13.998789498469932,
    "mean_add_points_generic": 6.6218,
    "mean_budget_gpr": 14.09653132466104,
    "mean_add_points_gpr": 5.9383,
    "mean_budget_hybrid": 14.096456105386931,
    "mean_add_points_hybrid": 5.9383,
    "base_point_cost": 8.86752797890495,
    "min_points": 9,
    "budget": 14
}