{
    "percentage_bucket_counter_full": {
        "rest": 100.0,
        "5": 85.7,
        "10": 96.25,
        "15": 97.89999999999999,
        "20": 99.98
    },
    "percentage_bucket_counter_generic": {
        "rest": 100.0,
        "5": 83.67999999999999,
        "10": 93.83,
        "15": 97.07000000000001,
        "20": 99.53
    },
    "percentage_bucket_counter_gpr": {
        "rest": 100.0,
        "5": 83.67999999999999,
        "10": 93.77,
        "15": 97.00999999999999,
        "20": 99.47
    },
    "percentage_bucket_counter_hybrid": {
        "rest": 100.0,
        "5": 83.67999999999999,
        "10": 93.77,
        "15": 97.00999999999999,
        "20": 99.47
    },
    "mean_budget_generic": 47.51898718984368,
    "mean_add_points_generic": 13.5376,
    "mean_budget_gpr": 47.51844198581924,
    "mean_add_points_gpr": 12.5362,
    "mean_budget_hybrid": 47.518069010718435,
    "mean_add_points_hybrid": 12.5376,
    "base_point_cost": 8.86752797890495,
    "min_points": 9,
    "budget": 57
}