{
    "percentage_bucket_counter_full": {
        "rest": 100.0,
        "5": 85.7,
        "10": 96.25,
        "15": 97.89999999999999,
        "20": 99.98
    },
    "percentage_bucket_counter_generic": {
        "rest": 100.0,
        "5": 83.09,
        "10": 92.42,
        "15": 96.21,
        "20": 98.98
    },
    "percentage_bucket_counter_gpr": {
        "rest": 100.0,
        "5": 83.09,
        "10": 92.42,
        "15": 96.15,
        "20": 98.92999999999999
    },
    "percentage_bucket_counter_hybrid": {
        "rest": 100.0,
        "5": 83.09,
        "10": 92.42,
        "15": 96.15,
        "20": 98.92999999999999
    },
    "mean_budget_generic": 35.33120700743387,
    "mean_add_points_generic": 12.6923,
    "mean_budget_gpr": 35.33689122894429,
    "mean_add_points_gpr": 11.6903,
    "mean_budget_hybrid": 35.334688351719194,
    "mean_add_points_hybrid": 11.6925,
    "base_point_cost": 8.86752797890495,
    "min_points": 9,
    "budget": 44
}