{
    "percentage_bucket_counter_full": {
        "rest": 100.0,
        "5": 86.21,
        "10": 94.84,
        "15": 97.89,
        "20": 99.95
    },
    "percentage_bucket_counter_generic": {
        "rest": 100.0,
        "5": 83.6,
        "10": 90.84,
        "15": 95.77,
        "20": 98.22999999999999
    },
    "percentage_bucket_counter_gpr": {
        "rest": 100.0,
        "5": 83.6,
        "10": 90.84,
        "15": 95.77,
        "20": 98.22999999999999
    },
    "percentage_bucket_counter_hybrid": {
        "rest": 100.0,
        "5": 83.6,
        "10": 90.84,
        "15": 95.77,
        "20": 98.22999999999999
    },
    "mean_budget_generic": 26.599715621679312,
    "mean_add_points_generic": 11.5248,
    "mean_budget_gpr": 26.600455465841154,
    "mean_add_points_gpr": 10.5224,
    "mean_budget_hybrid": 26.599704027498554,
    "mean_add_points_hybrid": 10.5248,
    "base_point_cost": 8.74044597353801,
    "min_points": 9,
    "budget": 31
}