{
    "percentage_bucket_counter_full": {
        "rest": 100.0,
        "5": 85.7,
        "10": 96.25,
        "15": 97.89999999999999,
        "20": 99.98
    },
    "percentage_bucket_counter_generic": {
        "rest": 100.0,
        "5": 82.89,
        "10": 90.73,
        "15": 95.67999999999999,
        "20": 98.3
    },
    "percentage_bucket_counter_gpr": {
        "rest": 100.0,
        "5": 82.89,
        "10": 90.73,
        "15": 95.67999999999999,
        "20": 98.3
    },
    "percentage_bucket_counter_hybrid": {
        "rest": 100.0,
        "5": 82.89,
        "10": 90.73,
        "15": 95.67999999999999,
        "20": 98.3
    },
    "mean_budget_generic": 27.493579241868183,
    "mean_add_points_generic": 11.6791,
    "mean_budget_gpr": 27.492973025510814,
    "mean_add_points_gpr": 10.6777,
    "mean_budget_hybrid": 27.49355514493397,
    "mean_add_points_hybrid": 10.6791,
    "base_point_cost": 8.86752797890495,
    "min_points": 9,
    "budget": 32
}