{
    "percentage_bucket_counter_full": {
        "rest": 100.0,
        "5": 85.65,
        "10": 94.75,
        "15": 97.89999999999999,
        "20": 99.95
    },
    "percentage_bucket_counter_generic": {
        "rest": 100.0,
        "5": 83.27,
        "10": 91.31,
        "15": 95.99,
        "20": 98.5
    },
    "percentage_bucket_counter_gpr": {
        "rest": 100.0,
        "5": 83.28,
        "10": 91.31,
        "15": 95.99,
        "20": 98.5
    },
    "percentage_bucket_counter_hybrid": {
        "rest": 100.0,
        "5": 83.27,
        "10": 91.31,
        "15": 95.99,
        "20": 98.5
    },
    "mean_budget_generic": 30.33632676140615,
    "mean_add_points_generic": 12.0707,
    "mean_budget_gpr": 30.337138533844012,
    "mean_add_points_gpr": 11.0659,
    "mean_budget_hybrid": 30.33630472365384,
    "mean_add_points_hybrid": 11.0707,
    "base_point_cost": 8.883936944314069,
    "min_points": 9,
    "budget": 36
}