{
    "percentage_bucket_counter_full": {
        "rest": 100.0,
        "5": 86.03,
        "10": 94.71000000000001,
        "15": 97.94,
        "20": 99.89
    },
    "percentage_bucket_counter_generic": {
        "rest": 100.0,
        "5": 83.7,
        "10": 92.01,
        "15": 96.37,
        "20": 98.69
    },
    "percentage_bucket_counter_gpr": {
        "rest": 100.0,
        "5": 83.71,
        "10": 92.01,
        "15": 96.37,
        "20": 98.69
    },
    "percentage_bucket_counter_hybrid": {
        "rest": 100.0,
        "5": 83.7,
        "10": 92.01,
        "15": 96.37,
        "20": 98.69
    },
    "mean_budget_generic": 37.36932674333853,
    "mean_add_points_generic": 12.863,
    "mean_budget_gpr": 37.37221692956495,
    "mean_add_points_gpr": 11.8592,
    "mean_budget_hybrid": 37.36923062515771,
    "mean_add_points_hybrid": 11.863,
    "base_point_cost": 8.754592742626766,
    "min_points": 9,
    "budget": 46
}