{
    "percentage_bucket_counter_full": {
        "rest": 100.0,
        "5": 85.7,
        "10": 96.25,
        "15": 97.89999999999999,
        "20": 99.98
    },
    "percentage_bucket_counter_generic": {
        "rest": 100.0,
        "5": 82.31,
        "10": 87.48,
        "15": 92.36,
        "20": 94.32000000000001
    },
    "percentage_bucket_counter_gpr": {
        "rest": 100.0,
        "5": 83.24000000000001,
        "10": 89.25,
        "15": 94.21000000000001,
        "20": 96.57
    },
    "percentage_bucket_counter_hybrid": {
        "rest": 100.0,
        "5": 83.24000000000001,
        "10": 89.25,
        "15": 94.21000000000001,
        "20": 96.57
    },
    "mean_budget_generic": 13.468921632786145,
    "mean_add_points_generic": 6.3923,
    "mean_budget_gpr": 13.578325403165191,
    "mean_add_points_gpr": 5.7251,
    "mean_budget_hybrid": 13.578305272493896,
    "mean_add_points_hybrid": 5.7251,
    "base_point_cost": 8.86752797890495,
    "min_points": 9,
    "budget": 13
}