{
    "percentage_bucket_counter_full": {
        "rest": 100.0,
        "5": 85.7,
        "10": 96.25,
        "15": 97.89999999999999,
        "20": 99.98
    },
    "percentage_bucket_counter_generic": {
        "rest": 100.0,
        "5": 83.71,
        "10": 93.97999999999999,
        "15": 97.47,
        "20": 99.72
    },
    "percentage_bucket_counter_gpr": {
        "rest": 100.0,
        "5": 83.71,
        "10": 93.97999999999999,
        "15": 97.47,
        "20": 99.72
    },
    "percentage_bucket_counter_hybrid": {
        "rest": 100.0,
        "5": 83.71,
        "10": 93.97999999999999,
        "15": 97.47,
        "20": 99.72
    },
    "mean_budget_generic": 63.74026935342182,
    "mean_add_points_generic": 14.4871,
    "mean_budget_gpr": 63.74082201384034,
    "mean_add_points_gpr": 13.487,
    "mean_budget_hybrid": 63.740253053052214,
    "mean_add_points_hybrid": 13.4871,
    "base_point_cost": 8.86752797890495,
    "min_points": 9,
    "budget": 75
}