{
    "percentage_bucket_counter_full": {
        "rest": 100.0,
        "5": 86.61999999999999,
        "10": 95.19999999999999,
        "15": 97.91,
        "20": 99.94
    },
    "percentage_bucket_counter_generic": {
        "rest": 100.0,
        "5": 84.57000000000001,
        "10": 93.89999999999999,
        "15": 97.24000000000001,
        "20": 99.47
    },
    "percentage_bucket_counter_gpr": {
        "rest": 100.0,
        "5": 84.57000000000001,
        "10": 93.89999999999999,
        "15": 97.25,
        "20": 99.49
    },
    "percentage_bucket_counter_hybrid": {
        "rest": 100.0,
        "5": 84.57000000000001,
        "10": 93.89999999999999,
        "15": 97.25,
        "20": 99.49
    },
    "mean_budget_generic": 48.473665658324535,
    "mean_add_points_generic": 13.5986,
    "mean_budget_gpr": 48.474992269705865,
    "mean_add_points_gpr": 12.5967,
    "mean_budget_hybrid": 48.473452334131025,
    "mean_add_points_hybrid": 12.5986,
    "base_point_cost": 8.760454792500548,
    "min_points": 9,
    "budget": 58
}