{
    "percentage_bucket_counter_full": {
        "rest": 100.0,
        "5": 85.96000000000001,
        "10": 94.62,
        "15": 97.87,
        "20": 99.95
    },
    "percentage_bucket_counter_generic": {
        "rest": 100.0,
        "5": 77.03,
        "10": 83.11,
        "15": 88.02,
        "20": 90.10000000000001
    },
    "percentage_bucket_counter_gpr": {
        "rest": 100.0,
        "5": 80.21000000000001,
        "10": 87.33,
        "15": 92.82000000000001,
        "20": 95.24000000000001
    },
    "percentage_bucket_counter_hybrid": {
        "rest": 100.0,
        "5": 80.21000000000001,
        "10": 87.33,
        "15": 92.82000000000001,
        "20": 95.24000000000001
    },
    "mean_budget_generic": 9.877235012830935,
    "mean_add_points_generic": 3.6636,
    "mean_budget_gpr": 10.143010727367017,
    "mean_add_points_gpr": 3.3014,
    "mean_budget_hybrid": 10.143009281490148,
    "mean_add_points_hybrid": 3.3014,
    "base_point_cost": 8.819825549931354,
    "min_points": 9,
    "budget": 5
}