{
    "percentage_bucket_counter_full": {
        "rest": 100.0,
        "5": 85.7,
        "10": 96.25,
        "15": 97.89999999999999,
        "20": 99.98
    },
    "percentage_bucket_counter_generic": {
        "rest": 100.0,
        "5": 82.99,
        "10": 88.12,
        "15": 92.54,
        "20": 95.19
    },
    "percentage_bucket_counter_gpr": {
        "rest": 100.0,
        "5": 83.43,
        "10": 89.39,
        "15": 93.84,
        "20": 96.95
    },
    "percentage_bucket_counter_hybrid": {
        "rest": 100.0,
        "5": 83.43,
        "10": 89.39,
        "15": 93.84,
        "20": 96.95
    },
    "mean_budget_generic": 15.686778754102678,
    "mean_add_points_generic": 7.3227,
    "mean_budget_gpr": 15.746912207446302,
    "mean_add_points_gpr": 6.5721,
    "mean_budget_hybrid": 15.746907566998582,
    "mean_add_points_hybrid": 6.5721,
    "base_point_cost": 8.86752797890495,
    "min_points": 9,
    "budget": 17
}