{
    "percentage_bucket_counter_full": {
        "rest": 100.0,
        "5": 85.7,
        "10": 96.25,
        "15": 97.89999999999999,
        "20": 99.98
    },
    "percentage_bucket_counter_generic": {
        "rest": 100.0,
        "5": 83.26,
        "10": 91.97,
        "15": 96.03,
        "20": 98.65
    },
    "percentage_bucket_counter_gpr": {
        "rest": 100.0,
        "5": 83.26,
        "10": 91.97,
        "15": 96.03,
        "20": 98.65
    },
    "percentage_bucket_counter_hybrid": {
        "rest": 100.0,
        "5": 83.26,
        "10": 91.97,
        "15": 96.03,
        "20": 98.65
    },
    "mean_budget_generic": 32.1672396080693,
    "mean_add_points_generic": 12.351,
    "mean_budget_gpr": 32.16906473274121,
    "mean_add_points_gpr": 11.3478,
    "mean_budget_hybrid": 32.16719571983073,
    "mean_add_points_hybrid": 11.351,
    "base_point_cost": 8.86752797890495,
    "min_points": 9,
    "budget": 39
}