{
    "percentage_bucket_counter_full": {
        "rest": 100.0,
        "5": 85.7,
        "10": 96.25,
        "15": 97.89999999999999,
        "20": 99.98
    },
    "percentage_bucket_counter_generic": {
        "rest": 100.0,
        "5": 82.92,
        "10": 90.59,
        "15": 95.67999999999999,
        "20": 98.25
    },
    "percentage_bucket_counter_gpr": {
        "rest": 100.0,
        "5": 82.92,
        "10": 90.59,
        "15": 95.67999999999999,
        "20": 98.25
    },
    "percentage_bucket_counter_hybrid": {
        "rest": 100.0,
        "5": 82.92,
        "10": 90.59,
        "15": 95.67999999999999,
        "20": 98.25
    },
    "mean_budget_generic": 26.640243219253684,
    "mean_add_points_generic": 11.5407,
    "mean_budget_gpr": 26.64087809200307,
    "mean_add_points_gpr": 10.539,
    "mean_budget_hybrid": 26.640219661395,
    "mean_add_points_hybrid": 10.5407,
    "base_point_cost": 8.86752797890495,
    "min_points": 9,
    "budget": 31
}