{
    "percentage_bucket_counter_full": {
        "rest": 100.0,
        "5": 86.08,
        "10": 94.91000000000001,
        "15": 97.89,
        "20": 99.92999999999999
    },
    "percentage_bucket_counter_generic": {
        "rest": 100.0,
        "5": 84.37,
        "10": 94.21000000000001,
        "15": 97.61,
        "20": 99.67
    },
    "percentage_bucket_counter_gpr": {
        "rest": 100.0,
        "5": 84.37,
        "10": 94.21000000000001,
        "15": 97.61,
        "20": 99.67
    },
    "percentage_bucket_counter_hybrid": {
        "rest": 100.0,
        "5": 84.37,
        "10": 94.21000000000001,
        "15": 97.61,
        "20": 99.67
    },
    "mean_budget_generic": 71.9711087590079,
    "mean_add_points_generic": 15.0,
    "mean_budget_gpr": 71.97139228688118,
    "mean_add_points_gpr": 14.0,
    "mean_budget_hybrid": 71.9709518725701,
    "mean_add_points_hybrid": 14.0,
    "base_point_cost": 8.834189376936129,
    "min_points": 9,
    "budget": 97
}