{
    "percentage_bucket_counter_full": {
        "rest": 100.0,
        "5": 85.82,
        "10": 94.71000000000001,
        "15": 97.75,
        "20": 99.92999999999999
    },
    "percentage_bucket_counter_generic": {
        "rest": 100.0,
        "5": 83.95,
        "10": 93.33,
        "15": 97.05,
        "20": 99.35000000000001
    },
    "percentage_bucket_counter_gpr": {
        "rest": 100.0,
        "5": 83.94,
        "10": 93.33,
        "15": 97.02,
        "20": 99.32
    },
    "percentage_bucket_counter_hybrid": {
        "rest": 100.0,
        "5": 83.94,
        "10": 93.33,
        "15": 97.02,
        "20": 99.32
    },
    "mean_budget_generic": 45.242844930517556,
    "mean_add_points_generic": 13.3906,
    "mean_budget_gpr": 45.243583124271375,
    "mean_add_points_gpr": 12.3889,
    "mean_budget_hybrid": 45.242627868564256,
    "mean_add_points_hybrid": 12.3906,
    "base_point_cost": 8.813789716791744,
    "min_points": 9,
    "budget": 54
}