{
    "percentage_bucket_counter_full": {
        "rest": 100.0,
        "5": 85.7,
        "10": 96.25,
        "15": 97.89999999999999,
        "20": 99.98
    },
    "percentage_bucket_counter_generic": {
        "rest": 100.0,
        "5": 82.94,
        "10": 90.19,
        "15": 95.42,
        "20": 98.02
    },
    "percentage_bucket_counter_gpr": {
        "rest": 100.0,
        "5": 82.94,
        "10": 90.22,
        "15": 95.42,
        "20": 98.0
    },
    "percentage_bucket_counter_hybrid": {
        "rest": 100.0,
        "5": 82.94,
        "10": 90.22,
        "15": 95.42,
        "20": 98.0
    },
    "mean_budget_generic": 24.228964192954173,
    "mean_add_points_generic": 11.0815,
    "mean_budget_gpr": 24.229639836277464,
    "mean_add_points_gpr": 10.0801,
    "mean_budget_hybrid": 24.22894238593309,
    "mean_add_points_hybrid": 10.0815,
    "base_point_cost": 8.86752797890495,
    "min_points": 9,
    "budget": 28
}