{
    "percentage_bucket_counter_full": {
        "rest": 100.0,
        "5": 86.41,
        "10": 94.53,
        "15": 97.72999999999999,
        "20": 99.94
    },
    "percentage_bucket_counter_generic": {
        "rest": 100.0,
        "5": 83.54,
        "10": 88.24,
        "15": 93.01,
        "20": 94.87
    },
    "percentage_bucket_counter_gpr": {
        "rest": 100.0,
        "5": 83.76,
        "10": 89.17,
        "15": 94.05,
        "20": 96.63000000000001
    },
    "percentage_bucket_counter_hybrid": {
        "rest": 100.0,
        "5": 83.76,
        "10": 89.17,
        "15": 94.05,
        "20": 96.63000000000001
    },
    "mean_budget_generic": 13.939911079775891,
    "mean_add_points_generic": 6.7011,
    "mean_budget_gpr": 14.037130458325263,
    "mean_add_points_gpr": 6.0036,
    "mean_budget_hybrid": 14.03701388169798,
    "mean_add_points_hybrid": 6.0036,
    "base_point_cost": 8.707488624265748,
    "min_points": 9,
    "budget": 14
}