{
    "percentage_bucket_counter_full": {
        "rest": 100.0,
        "5": 85.7,
        "10": 96.25,
        "15": 97.89999999999999,
        "20": 99.98
    },
    "percentage_bucket_counter_generic": {
        "rest": 100.0,
        "5": 83.67,
        "10": 93.97,
        "15": 97.47,
        "20": 99.72
    },
    "percentage_bucket_counter_gpr": {
        "rest": 100.0,
        "5": 83.67,
        "10": 93.97,
        "15": 97.47,
        "20": 99.72
    },
    "percentage_bucket_counter_hybrid": {
        "rest": 100.0,
        "5": 83.67,
        "10": 93.97,
        "15": 97.47,
        "20": 99.72
    },
    "mean_budget_generic": 65.37622395202217,
    "mean_add_points_generic": 14.5839,
    "mean_budget_gpr": 65.37669238162016,
    "mean_add_points_gpr": 13.5838,
    "mean_budget_hybrid": 65.3762125988147,
    "mean_add_points_hybrid": 13.5839,
    "base_point_cost": 8.86752797890495,
    "min_points": 9,
    "budget": 78
}