{
    "percentage_bucket_counter_full": {
        "rest": 100.0,
        "5": 85.38,
        "10": 94.81,
        "15": 97.89,
        "20": 99.94
    },
    "percentage_bucket_counter_generic": {
        "rest": 100.0,
        "5": 83.13000000000001,
        "10": 91.41,
        "15": 96.04,
        "20": 98.65
    },
    "percentage_bucket_counter_gpr": {
        "rest": 100.0,
        "5": 83.13000000000001,
        "10": 91.41,
        "15": 96.04,
        "20": 98.65
    },
    "percentage_bucket_counter_hybrid": {
        "rest": 100.0,
        "5": 83.13000000000001,
        "10": 91.41,
        "15": 96.04,
        "20": 98.65
    },
    "mean_budget_generic": 33.39793484692647,
    "mean_add_points_generic": 12.496,
    "mean_budget_gpr": 33.39991675496706,
    "mean_add_points_gpr": 11.4932,
    "mean_budget_hybrid": 33.397922046967494,
    "mean_add_points_hybrid": 11.496,
    "base_point_cost": 8.820347868452913,
    "min_points": 9,
    "budget": 41
}