{
    "percentage_bucket_counter_full": {
        "rest": 100.0,
        "5": 86.08,
        "10": 94.85,
        "15": 97.84,
        "20": 99.95
    },
    "percentage_bucket_counter_generic": {
        "rest": 100.0,
        "5": 84.27,
        "10": 92.75999999999999,
        "15": 96.53,
        "20": 98.91
    },
    "percentage_bucket_counter_gpr": {
        "rest": 100.0,
        "5": 84.27,
        "10": 92.78,
        "15": 96.54,
        "20": 98.92
    },
    "percentage_bucket_counter_hybrid": {
        "rest": 100.0,
        "5": 84.27,
        "10": 92.78,
        "15": 96.54,
        "20": 98.92
    },
    "mean_budget_generic": 38.46696734421861,
    "mean_add_points_generic": 12.9177,
    "mean_budget_gpr": 38.4662861674334,
    "mean_add_points_gpr": 11.9154,
    "mean_budget_hybrid": 38.466865111800594,
    "mean_add_points_hybrid": 11.9177,
    "base_point_cost": 8.868065110343919,
    "min_points": 9,
    "budget": 47
}