{
    "percentage_bucket_counter_full": {
        "rest": 100.0,
        "5": 85.7,
        "10": 96.25,
        "15": 97.89999999999999,
        "20": 99.98
    },
    "percentage_bucket_counter_generic": {
        "rest": 100.0,
        "5": 83.72,
        "10": 93.89,
        "15": 97.1,
        "20": 99.57000000000001
    },
    "percentage_bucket_counter_gpr": {
        "rest": 100.0,
        "5": 83.72,
        "10": 93.83,
        "15": 97.04,
        "20": 99.51
    },
    "percentage_bucket_counter_hybrid": {
        "rest": 100.0,
        "5": 83.72,
        "10": 93.83,
        "15": 97.04,
        "20": 99.51
    },
    "mean_budget_generic": 48.41126991645663,
    "mean_add_points_generic": 13.5907,
    "mean_budget_gpr": 48.41113407668004,
    "mean_add_points_gpr": 12.5895,
    "mean_budget_hybrid": 48.410339866584955,
    "mean_add_points_hybrid": 12.5907,
    "base_point_cost": 8.86752797890495,
    "min_points": 9,
    "budget": 58
}