{
    "percentage_bucket_counter_full": {
        "rest": 100.0,
        "5": 85.34,
        "10": 94.5,
        "15": 97.78,
        "20": 99.94
    },
    "percentage_bucket_counter_generic": {
        "rest": 100.0,
        "5": 82.83,
        "10": 88.98,
        "15": 95.19999999999999,
        "20": 97.46000000000001
    },
    "percentage_bucket_counter_gpr": {
        "rest": 100.0,
        "5": 82.84,
        "10": 88.98,
        "15": 95.19999999999999,
        "20": 97.46000000000001
    },
    "percentage_bucket_counter_hybrid": {
        "rest": 100.0,
        "5": 82.84,
        "10": 88.98,
        "15": 95.19999999999999,
        "20": 97.46000000000001
    },
    "mean_budget_generic": 18.287923883642364,
    "mean_add_points_generic": 9.3475,
    "mean_budget_gpr": 18.29705373132498,
    "mean_add_points_gpr": 8.3588,
    "mean_budget_hybrid": 18.296934079804398,
    "mean_add_points_hybrid": 8.359,
    "base_point_cost": 8.646754891071236,
    "min_points": 9,
    "budget": 21
}