{
    "percentage_bucket_counter_full": {
        "rest": 100.0,
        "5": 86.33,
        "10": 94.97,
        "15": 98.06,
        "20": 99.97
    },
    "percentage_bucket_counter_generic": {
        "rest": 100.0,
        "5": 83.78999999999999,
        "10": 90.06,
        "15": 95.36,
        "20": 97.8
    },
    "percentage_bucket_counter_gpr": {
        "rest": 100.0,
        "5": 83.83,
        "10": 90.10000000000001,
        "15": 95.38,
        "20": 97.8
    },
    "percentage_bucket_counter_hybrid": {
        "rest": 100.0,
        "5": 83.83,
        "10": 90.10000000000001,
        "15": 95.38,
        "20": 97.8
    },
    "mean_budget_generic": 19.227524892884038,
    "mean_add_points_generic": 9.6172,
    "mean_budget_gpr": 19.23193620983875,
    "mean_add_points_gpr": 8.6214,
    "mean_budget_hybrid": 19.231852701522065,
    "mean_add_points_hybrid": 8.6215,
    "base_point_cost": 8.87264075822928,
    "min_points": 9,
    "budget": 22
}