{
    "percentage_bucket_counter_full": {
        "rest": 100.0,
        "5": 86.39,
        "10": 94.86,
        "15": 97.89,
        "20": 99.97
    },
    "percentage_bucket_counter_generic": {
        "rest": 100.0,
        "5": 84.78999999999999,
        "10": 94.5,
        "15": 97.8,
        "20": 99.7
    },
    "percentage_bucket_counter_gpr": {
        "rest": 100.0,
        "5": 84.78999999999999,
        "10": 94.5,
        "15": 97.8,
        "20": 99.7
    },
    "percentage_bucket_counter_hybrid": {
        "rest": 100.0,
        "5": 84.78999999999999,
        "10": 94.5,
        "15": 97.8,
        "20": 99.7
    },
    "mean_budget_generic": 69.9260824216937,
    "mean_add_points_generic": 14.861,
    "mean_budget_gpr": 69.92720326874249,
    "mean_add_points_gpr": 13.861,
    "mean_budget_hybrid": 69.92592450448356,
    "mean_add_points_hybrid": 13.861,
    "base_point_cost": 8.709624883471177,
    "min_points": 9,
    "budget": 83
}