{
    "percentage_bucket_counter_full": {
        "rest": 100.0,
        "5": 85.7,
        "10": 96.25,
        "15": 97.89999999999999,
        "20": 99.98
    },
    "percentage_bucket_counter_generic": {
        "rest": 100.0,
        "5": 83.8,
        "10": 93.86,
        "15": 97.02,
        "20": 99.5
    },
    "percentage_bucket_counter_gpr": {
        "rest": 100.0,
        "5": 83.8,
        "10": 93.8,
        "15": 96.96000000000001,
        "20": 99.44
    },
    "percentage_bucket_counter_hybrid": {
        "rest": 100.0,
        "5": 83.8,
        "10": 93.8,
        "15": 96.96000000000001,
        "20": 99.44
    },
    "mean_budget_generic": 46.8306648020176,
    "mean_add_points_generic": 13.4942,
    "mean_budget_gpr": 46.830286625270254,
    "mean_add_points_gpr": 12.4929,
    "mean_budget_hybrid": 46.82975958638108,
    "mean_add_points_hybrid": 12.4942,
    "base_point_cost": 8.86752797890495,
    "min_points": 9,
    "budget": 56
}