{
    "percentage_bucket_counter_full": {
        "rest": 100.0,
        "5": 85.47,
        "10": 94.58,
        "15": 97.57000000000001,
        "20": 99.92
    },
    "percentage_bucket_counter_generic": {
        "rest": 100.0,
        "5": 78.35,
        "10": 84.2,
        "15": 88.94,
        "20": 91.12
    },
    "percentage_bucket_counter_gpr": {
        "rest": 100.0,
        "5": 80.63,
        "10": 87.42999999999999,
        "15": 92.62,
        "20": 95.37
    },
    "percentage_bucket_counter_hybrid": {
        "rest": 100.0,
        "5": 80.61,
        "10": 87.41,
        "15": 92.60000000000001,
        "20": 95.35
    },
    "mean_budget_generic": 10.244704290059847,
    "mean_add_points_generic": 4.0871,
    "mean_budget_gpr": 10.490932356241347,
    "mean_add_points_gpr": 3.6769,
    "mean_budget_hybrid": 10.49087958086791,
    "mean_add_points_hybrid": 3.6769,
    "base_point_cost": 8.865201047962062,
    "min_points": 9,
    "budget": 6
}