{
    "percentage_bucket_counter_full": {
        "rest": 100.0,
        "5": 86.33999999999999,
        "10": 94.42,
        "15": 97.77,
        "20": 99.94
    },
    "percentage_bucket_counter_generic": {
        "rest": 100.0,
        "5": 84.33,
        "10": 93.53,
        "15": 97.24000000000001,
        "20": 99.65
    },
    "percentage_bucket_counter_gpr": {
        "rest": 100.0,
        "5": 84.34,
        "10": 93.53,
        "15": 97.25,
        "20": 99.65
    },
    "percentage_bucket_counter_hybrid": {
        "rest": 100.0,
        "5": 84.34,
        "10": 93.53,
        "15": 97.25,
        "20": 99.65
    },
    "mean_budget_generic": 64.89172120279245,
    "mean_add_points_generic": 14.5604,
    "mean_budget_gpr": 64.8884452032464,
    "mean_add_points_gpr": 13.5599,
    "mean_budget_hybrid": 64.89148139794641,
    "mean_add_points_hybrid": 13.5604,
    "base_point_cost": 8.825739655916498,
    "min_points": 9,
    "budget": 77
}