{
    "percentage_bucket_counter_full": {
        "rest": 100.0,
        "5": 86.16,
        "10": 94.55,
        "15": 97.72999999999999,
        "20": 99.96000000000001
    },
    "percentage_bucket_counter_generic": {
        "rest": 100.0,
        "5": 84.52,
        "10": 93.84,
        "15": 97.23,
        "20": 99.71
    },
    "percentage_bucket_counter_gpr": {
        "rest": 100.0,
        "5": 84.50999999999999,
        "10": 93.84,
        "15": 97.22,
        "20": 99.71
    },
    "percentage_bucket_counter_hybrid": {
        "rest": 100.0,
        "5": 84.50999999999999,
        "10": 93.84,
        "15": 97.22,
        "20": 99.71
    },
    "mean_budget_generic": 65.95317709884097,
    "mean_add_points_generic": 14.6178,
    "mean_budget_gpr": 65.95490167018285,
    "mean_add_points_gpr": 13.6178,
    "mean_budget_hybrid": 65.95289836149155,
    "mean_add_points_hybrid": 13.6178,
    "base_point_cost": 8.858021135168535,
    "min_points": 9,
    "budget": 79
}