{
    "percentage_bucket_counter_full": {
        "rest": 100.0,
        "5": 85.7,
        "10": 96.25,
        "15": 97.89999999999999,
        "20": 99.98
    },
    "percentage_bucket_counter_generic": {
        "rest": 100.0,
        "5": 78.83,
        "10": 84.61,
        "15": 89.24,
        "20": 91.18
    },
    "percentage_bucket_counter_gpr": {
        "rest": 100.0,
        "5": 81.37,
        "10": 88.03999999999999,
        "15": 92.85,
        "20": 95.24000000000001
    },
    "percentage_bucket_counter_hybrid": {
        "rest": 100.0,
        "5": 81.37,
        "10": 88.03999999999999,
        "15": 92.85,
        "20": 95.24000000000001
    },
    "mean_budget_generic": 10.609825673573637,
    "mean_add_points_generic": 4.4718,
    "mean_budget_gpr": 10.828398827296184,
    "mean_add_points_gpr": 4.0057,
    "mean_budget_hybrid": 10.828398827296184,
    "mean_add_points_hybrid": 4.0057,
    "base_point_cost": 8.86752797890495,
    "min_points": 9,
    "budget": 7
}