{
    "percentage_bucket_counter_full": {
        "rest": 100.0,
        "5": 85.7,
        "10": 96.25,
        "15": 97.89999999999999,
        "20": 99.98
    },
    "percentage_bucket_counter_generic": {
        "rest": 100.0,
        "5": 83.77,
        "10": 94.05,
        "15": 97.48,
        "20": 99.72
    },
    "percentage_bucket_counter_gpr": {
        "rest": 100.0,
        "5": 83.77,
        "10": 94.05,
        "15": 97.48,
        "20": 99.72
    },
    "percentage_bucket_counter_hybrid": {
        "rest": 100.0,
        "5": 83.77,
        "10": 94.05,
        "15": 97.48,
        "20": 99.72
    },
    "mean_budget_generic": 60.43139747018828,
    "mean_add_points_generic": 14.3004,
    "mean_budget_gpr": 60.433832907395306,
    "mean_add_points_gpr": 13.3004,
    "mean_budget_hybrid": 60.43132504091021,
    "mean_add_points_hybrid": 13.3004,
    "base_point_cost": 8.86752797890495,
    "min_points": 9,
    "budget": 70
}