{
    "percentage_bucket_counter_full": {
        "rest": 100.0,
        "5": 86.9,
        "10": 96.8,
        "15": 98.1,
        "20": 100.0
    },
    "percentage_bucket_counter_gpr": {
        "rest": 100.0,
        "5": 86.4,
        "10": 96.8,
        "15": 98.0,
        "20": 99.9
    },
    "percentage_bucket_counter_hybrid": {
        "rest": 100.0,
        "5": 86.4,
        "10": 96.8,
        "15": 98.0,
        "20": 99.9
    },
    "mean_budget_generic": 48.40021574559176,
    "percentage_bucket_counter_generic": {
        "rest": 100.0,
        "5": 85.5,
        "10": 95.19999999999999,
        "15": 97.89999999999999,
        "20": 99.6
    },
    "mean_add_points_generic": 113.035,
    "mean_add_points_gpr": 114.882,
    "mean_budget_gpr": 56.25103631557437,
    "mean_budget_hybrid": 56.25133400355972,
    "mean_add_points_hybrid": 114.882,
    "point_map_generic": {
        "(4, 10)": 1.0,
        "(4, 20)": 2.0,
        "(4, 30)": 3.0,
        "(4, 40)": 4.0,
        "(4, 50)": 5.0,
        "(8, 10)": 6.0,
        "(8, 20)": 10.024,
        "(8, 30)": 11.104,
        "(8, 40)": 12.4,
        "(8, 50)": 13.767,
        "(16, 10)": 7.0,
        "(16, 20)": 13.187,
        "(16, 30)": 14.824,
        "(16, 40)": 16.245,
        "(16, 50)": 17.579,
        "(32, 10)": 8.0,
        "(32, 20)": 17.201,
        "(32, 30)": 18.865,
        "(32, 40)": 20.166,
        "(32, 50)": 21.274509803921568,
        "(64, 10)": 9.0,
        "(64, 20)": 21.289473684210527,
        "(64, 30)": 22.738287560581583,
        "(64, 40)": 24.0,
        "(64, 50)": 0
    },
    "base_point_cost": 3.5354481256803356,
    "min_points": 9,
    "budget": 58.0
}