{
    "percentage_bucket_counter_full": {
        "rest": 100.0,
        "5": 80.32128514056225,
        "10": 93.57429718875501,
        "15": 95.98393574297188,
        "20": 100.0
    },
    "percentage_bucket_counter_gpr": {
        "rest": 100.0,
        "5": 73.85057471264368,
        "10": 83.04597701149426,
        "15": 91.0919540229885,
        "20": 92.81609195402298
    },
    "percentage_bucket_counter_hybrid": {
        "rest": 100.0,
        "5": 73.85057471264368,
        "10": 83.04597701149426,
        "15": 91.0919540229885,
        "20": 92.81609195402298
    },
    "mean_budget_generic": 1.7344429330545852,
    "percentage_bucket_counter_generic": {
        "rest": 100.0,
        "5": 72.28915662650603,
        "10": 82.32931726907631,
        "15": 91.96787148594377,
        "20": 94.77911646586345
    },
    "mean_add_points_generic": 77.91164658634538,
    "mean_add_points_gpr": 76.13505747126437,
    "mean_budget_gpr": 1.9386934342582354,
    "mean_budget_hybrid": 1.9386934342582354,
    "mean_add_points_hybrid": 76.13505747126437,
    "point_map_generic": {
        "(4, 10)": 1.0,
        "(4, 20)": 2.0,
        "(4, 30)": 3.0,
        "(4, 40)": 4.0,
        "(4, 50)": 5.0,
        "(8, 10)": 6.0,
        "(8, 20)": 10.0,
        "(8, 30)": 11.00418410041841,
        "(8, 40)": 12.25909090909091,
        "(8, 50)": 13.487179487179487,
        "(16, 10)": 7.0,
        "(16, 20)": 13.1651376146789,
        "(16, 30)": 14.943181818181818,
        "(16, 40)": 16.056,
        "(16, 50)": 17.296703296703296,
        "(32, 10)": 8.0,
        "(32, 20)": 17.186274509803923,
        "(32, 30)": 19.0,
        "(32, 40)": 0,
        "(32, 50)": 0,
        "(64, 10)": 9.0,
        "(64, 20)": 0,
        "(64, 30)": 0,
        "(64, 40)": 0,
        "(64, 50)": 0
    },
    "base_point_cost": 0.7793285499873152,
    "min_points": 9,
    "budget": 2.0
}