{
    "percentage_bucket_counter_full": {
        "rest": 100.0,
        "5": 83.41836734693877,
        "10": 94.89795918367348,
        "15": 96.68367346938776,
        "20": 100.0
    },
    "percentage_bucket_counter_gpr": {
        "rest": 100.0,
        "5": 82.40601503759399,
        "10": 86.76691729323308,
        "15": 92.78195488721805,
        "20": 94.13533834586467
    },
    "percentage_bucket_counter_hybrid": {
        "rest": 100.0,
        "5": 82.40601503759399,
        "10": 86.76691729323308,
        "15": 92.78195488721805,
        "20": 94.13533834586467
    },
    "mean_budget_generic": 4.220205281950815,
    "percentage_bucket_counter_generic": {
        "rest": 100.0,
        "5": 76.0204081632653,
        "10": 83.6734693877551,
        "15": 92.09183673469387,
        "20": 93.36734693877551
    },
    "mean_add_points_generic": 85.17857142857143,
    "mean_add_points_gpr": 75.49323308270677,
    "mean_budget_gpr": 4.882078432547996,
    "mean_budget_hybrid": 4.882078432547996,
    "mean_add_points_hybrid": 75.49323308270677,
    "point_map_generic": {
        "(4, 10)": 1.0,
        "(4, 20)": 2.0,
        "(4, 30)": 3.0,
        "(4, 40)": 4.0,
        "(4, 50)": 5.0,
        "(8, 10)": 6.0,
        "(8, 20)": 10.0,
        "(8, 30)": 11.002695417789758,
        "(8, 40)": 12.202739726027398,
        "(8, 50)": 13.469101123595506,
        "(16, 10)": 7.0,
        "(16, 20)": 13.343575418994414,
        "(16, 30)": 14.955621301775148,
        "(16, 40)": 16.20415224913495,
        "(16, 50)": 17.333333333333332,
        "(32, 10)": 8.0,
        "(32, 20)": 17.173745173745175,
        "(32, 30)": 18.95945945945946,
        "(32, 40)": 20.0,
        "(32, 50)": 0,
        "(64, 10)": 9.0,
        "(64, 20)": 20.0,
        "(64, 30)": 0,
        "(64, 40)": 0,
        "(64, 50)": 0
    },
    "base_point_cost": 1.8571286782543015,
    "min_points": 9,
    "budget": 5.0
}