{
    "percentage_bucket_counter_full": {
        "rest": 100.0,
        "5": 76.78571428571429,
        "10": 94.64285714285714,
        "15": 96.42857142857143,
        "20": 100.0
    },
    "percentage_bucket_counter_gpr": {
        "rest": 100.0,
        "5": 73.87387387387388,
        "10": 86.48648648648648,
        "15": 92.7927927927928,
        "20": 96.3963963963964
    },
    "percentage_bucket_counter_hybrid": {
        "rest": 100.0,
        "5": 73.87387387387388,
        "10": 86.48648648648648,
        "15": 92.7927927927928,
        "20": 96.3963963963964
    },
    "mean_budget_generic": 0.45832006664150887,
    "percentage_bucket_counter_generic": {
        "rest": 100.0,
        "5": 64.28571428571429,
        "10": 73.21428571428571,
        "15": 87.5,
        "20": 91.07142857142857
    },
    "mean_add_points_generic": 66.51785714285714,
    "mean_add_points_gpr": 65.70270270270271,
    "mean_budget_gpr": 0.48870974144436596,
    "mean_budget_hybrid": 0.48870974144436596,
    "mean_add_points_hybrid": 65.70270270270271,
    "point_map_generic": {
        "(4, 10)": 1.0,
        "(4, 20)": 2.0,
        "(4, 30)": 3.0,
        "(4, 40)": 4.0,
        "(4, 50)": 5.0,
        "(8, 10)": 6.0,
        "(8, 20)": 10.0,
        "(8, 30)": 11.0,
        "(8, 40)": 12.08108108108108,
        "(8, 50)": 13.580645161290322,
        "(16, 10)": 7.0,
        "(16, 20)": 13.153846153846153,
        "(16, 30)": 15.0,
        "(16, 40)": 16.0,
        "(16, 50)": 0,
        "(32, 10)": 8.0,
        "(32, 20)": 17.0,
        "(32, 30)": 0,
        "(32, 40)": 0,
        "(32, 50)": 0,
        "(64, 10)": 9.0,
        "(64, 20)": 0,
        "(64, 30)": 0,
        "(64, 40)": 0,
        "(64, 50)": 0
    },
    "base_point_cost": 0.27664329622777334,
    "min_points": 9,
    "budget": 0.5
}