{
    "percentage_bucket_counter_full": {
        "rest": 100.0,
        "5": 87.0741482965932,
        "10": 96.8937875751503,
        "15": 98.09619238476954,
        "20": 100.0
    },
    "percentage_bucket_counter_gpr": {
        "rest": 100.0,
        "5": 84.99496475327291,
        "10": 93.85699899295065,
        "15": 97.079556898288,
        "20": 98.89224572004028
    },
    "percentage_bucket_counter_hybrid": {
        "rest": 100.0,
        "5": 84.99496475327291,
        "10": 93.85699899295065,
        "15": 97.079556898288,
        "20": 98.89224572004028
    },
    "mean_budget_generic": 21.59914160893933,
    "percentage_bucket_counter_generic": {
        "rest": 100.0,
        "5": 85.27054108216433,
        "10": 91.78356713426854,
        "15": 96.19238476953907,
        "20": 97.79559118236473
    },
    "mean_add_points_generic": 97.64529058116233,
    "mean_add_points_gpr": 101.99899295065458,
    "mean_budget_gpr": 24.08667483927976,
    "mean_budget_hybrid": 24.086985084372696,
    "mean_add_points_hybrid": 101.99597180261833,
    "point_map_generic": {
        "(4, 10)": 1.0,
        "(4, 20)": 2.0,
        "(4, 30)": 3.0,
        "(4, 40)": 4.0,
        "(4, 50)": 5.0,
        "(8, 10)": 6.0,
        "(8, 20)": 10.02102102102102,
        "(8, 30)": 11.104,
        "(8, 40)": 12.4,
        "(8, 50)": 13.767,
        "(16, 10)": 7.0,
        "(16, 20)": 13.163801820020222,
        "(16, 30)": 14.800613496932515,
        "(16, 40)": 16.260960334029228,
        "(16, 50)": 17.30758988015979,
        "(32, 10)": 8.0,
        "(32, 20)": 17.036729857819907,
        "(32, 30)": 18.82,
        "(32, 40)": 20.171814671814673,
        "(32, 50)": 21.245989304812834,
        "(64, 10)": 9.0,
        "(64, 20)": 20.76731301939058,
        "(64, 30)": 22.844827586206897,
        "(64, 40)": 0,
        "(64, 50)": 0
    },
    "base_point_cost": 3.5354481256803356,
    "min_points": 9,
    "budget": 25.0
}