{
    "percentage_bucket_counter_full": {
        "rest": 100.0,
        "5": 86.88688688688688,
        "10": 96.7967967967968,
        "15": 98.09809809809809,
        "20": 100.0
    },
    "percentage_bucket_counter_gpr": {
        "rest": 100.0,
        "5": 85.55667001003009,
        "10": 95.78736208625878,
        "15": 97.99398194583752,
        "20": 99.89969909729187
    },
    "percentage_bucket_counter_hybrid": {
        "rest": 100.0,
        "5": 85.55667001003009,
        "10": 95.78736208625878,
        "15": 97.99398194583752,
        "20": 99.89969909729187
    },
    "mean_budget_generic": 35.18095296514134,
    "percentage_bucket_counter_generic": {
        "rest": 100.0,
        "5": 84.88488488488488,
        "10": 94.1941941941942,
        "15": 97.1971971971972,
        "20": 98.998998998999
    },
    "mean_add_points_generic": 108.54854854854855,
    "mean_add_points_gpr": 110.64393179538615,
    "mean_budget_gpr": 42.495486856139316,
    "mean_budget_hybrid": 42.49523771215323,
    "mean_add_points_hybrid": 110.64493480441324,
    "point_map_generic": {
        "(4, 10)": 1.0,
        "(4, 20)": 2.0,
        "(4, 30)": 3.0,
        "(4, 40)": 4.0,
        "(4, 50)": 5.0,
        "(8, 10)": 6.0,
        "(8, 20)": 10.024,
        "(8, 30)": 11.104,
        "(8, 40)": 12.4,
        "(8, 50)": 13.767,
        "(16, 10)": 7.0,
        "(16, 20)": 13.187,
        "(16, 30)": 14.824,
        "(16, 40)": 16.245,
        "(16, 50)": 17.579,
        "(32, 10)": 8.0,
        "(32, 20)": 17.178068410462778,
        "(32, 30)": 18.861167002012074,
        "(32, 40)": 20.131995776135163,
        "(32, 50)": 21.22882427307206,
        "(64, 10)": 9.0,
        "(64, 20)": 21.01259842519685,
        "(64, 30)": 22.85014409221902,
        "(64, 40)": 24.0,
        "(64, 50)": 0
    },
    "base_point_cost": 3.5354481256803356,
    "min_points": 9,
    "budget": 44.0
}