{
    "percentage_bucket_counter_full": {
        "rest": 100.0,
        "5": 86.9,
        "10": 96.8,
        "15": 98.1,
        "20": 100.0
    },
    "percentage_bucket_counter_gpr": {
        "rest": 100.0,
        "5": 85.61368209255534,
        "10": 95.77464788732394,
        "15": 98.08853118712274,
        "20": 99.89939637826963
    },
    "percentage_bucket_counter_hybrid": {
        "rest": 100.0,
        "5": 85.61368209255534,
        "10": 95.77464788732394,
        "15": 98.08853118712274,
        "20": 99.89939637826963
    },
    "mean_budget_generic": 33.27428780816245,
    "percentage_bucket_counter_generic": {
        "rest": 100.0,
        "5": 85.39999999999999,
        "10": 94.1,
        "15": 97.2,
        "20": 98.8
    },
    "mean_add_points_generic": 107.59,
    "mean_add_points_gpr": 109.60965794768612,
    "mean_budget_gpr": 39.617132617675814,
    "mean_budget_hybrid": 39.617132617675814,
    "mean_add_points_hybrid": 109.60965794768612,
    "point_map_generic": {
        "(4, 10)": 1.0,
        "(4, 20)": 2.0,
        "(4, 30)": 3.0,
        "(4, 40)": 4.0,
        "(4, 50)": 5.0,
        "(8, 10)": 6.0,
        "(8, 20)": 10.024,
        "(8, 30)": 11.104,
        "(8, 40)": 12.4,
        "(8, 50)": 13.767,
        "(16, 10)": 7.0,
        "(16, 20)": 13.187,
        "(16, 30)": 14.824,
        "(16, 40)": 16.245,
        "(16, 50)": 17.574574574574573,
        "(32, 10)": 8.0,
        "(32, 20)": 17.174219536757303,
        "(32, 30)": 18.855983772819474,
        "(32, 40)": 20.110112359550563,
        "(32, 50)": 21.23046357615894,
        "(64, 10)": 9.0,
        "(64, 20)": 20.959527824620572,
        "(64, 30)": 22.841059602649008,
        "(64, 40)": 0,
        "(64, 50)": 0
    },
    "base_point_cost": 3.5354481256803356,
    "min_points": 9,
    "budget": 41.0
}