{
    "percentage_bucket_counter_full": {
        "rest": 100.0,
        "5": 86.9,
        "10": 96.8,
        "15": 98.1,
        "20": 100.0
    },
    "percentage_bucket_counter_gpr": {
        "rest": 100.0,
        "5": 85.65697091273822,
        "10": 95.88766298896691,
        "15": 97.99398194583752,
        "20": 99.89969909729187
    },
    "percentage_bucket_counter_hybrid": {
        "rest": 100.0,
        "5": 85.65697091273822,
        "10": 95.88766298896691,
        "15": 97.99398194583752,
        "20": 99.89969909729187
    },
    "mean_budget_generic": 37.36992657211322,
    "percentage_bucket_counter_generic": {
        "rest": 100.0,
        "5": 85.39999999999999,
        "10": 94.5,
        "15": 97.5,
        "20": 99.0
    },
    "mean_add_points_generic": 109.415,
    "mean_add_points_gpr": 111.35205616850551,
    "mean_budget_gpr": 44.53118596104034,
    "mean_budget_hybrid": 44.531454722714635,
    "mean_add_points_hybrid": 111.35105315947844,
    "point_map_generic": {
        "(4, 10)": 1.0,
        "(4, 20)": 2.0,
        "(4, 30)": 3.0,
        "(4, 40)": 4.0,
        "(4, 50)": 5.0,
        "(8, 10)": 6.0,
        "(8, 20)": 10.024,
        "(8, 30)": 11.104,
        "(8, 40)": 12.4,
        "(8, 50)": 13.767,
        "(16, 10)": 7.0,
        "(16, 20)": 13.187,
        "(16, 30)": 14.824,
        "(16, 40)": 16.245,
        "(16, 50)": 17.579,
        "(32, 10)": 8.0,
        "(32, 20)": 17.178068410462778,
        "(32, 30)": 18.863863863863862,
        "(32, 40)": 20.160040774719675,
        "(32, 50)": 21.22648514851485,
        "(64, 10)": 9.0,
        "(64, 20)": 21.091298145506418,
        "(64, 30)": 22.825316455696203,
        "(64, 40)": 24.0,
        "(64, 50)": 0
    },
    "base_point_cost": 3.5354481256803356,
    "min_points": 9,
    "budget": 46.0
}