{
    "percentage_bucket_counter_full": {
        "rest": 100.0,
        "5": 78.16091954022988,
        "10": 94.25287356321839,
        "15": 96.55172413793103,
        "20": 100.0
    },
    "percentage_bucket_counter_gpr": {
        "rest": 100.0,
        "5": 72.37569060773481,
        "10": 83.97790055248619,
        "15": 93.37016574585635,
        "20": 95.02762430939227
    },
    "percentage_bucket_counter_hybrid": {
        "rest": 100.0,
        "5": 72.37569060773481,
        "10": 83.97790055248619,
        "15": 93.37016574585635,
        "20": 95.02762430939227
    },
    "mean_budget_generic": 0.6305873113035109,
    "percentage_bucket_counter_generic": {
        "rest": 100.0,
        "5": 65.51724137931035,
        "10": 80.45977011494253,
        "15": 93.10344827586206,
        "20": 96.55172413793103
    },
    "mean_add_points_generic": 69.36781609195403,
    "mean_add_points_gpr": 67.38674033149171,
    "mean_budget_gpr": 0.6857602359394916,
    "mean_budget_hybrid": 0.6857602359394916,
    "mean_add_points_hybrid": 67.38674033149171,
    "point_map_generic": {
        "(4, 10)": 1.0,
        "(4, 20)": 2.0,
        "(4, 30)": 3.0,
        "(4, 40)": 4.0,
        "(4, 50)": 5.0,
        "(8, 10)": 6.0,
        "(8, 20)": 10.0,
        "(8, 30)": 11.0,
        "(8, 40)": 12.166666666666666,
        "(8, 50)": 13.568627450980392,
        "(16, 10)": 7.0,
        "(16, 20)": 13.014705882352942,
        "(16, 30)": 15.0,
        "(16, 40)": 16.0,
        "(16, 50)": 17.166666666666668,
        "(32, 10)": 8.0,
        "(32, 20)": 17.11111111111111,
        "(32, 30)": 0,
        "(32, 40)": 0,
        "(32, 50)": 0,
        "(64, 10)": 9.0,
        "(64, 20)": 0,
        "(64, 30)": 0,
        "(64, 40)": 0,
        "(64, 50)": 0
    },
    "base_point_cost": 0.32817801486604475,
    "min_points": 9,
    "budget": 0.7
}