{
    "percentage_bucket_counter_full": {
        "rest": 100.0,
        "5": 86.5979381443299,
        "10": 96.17083946980854,
        "15": 97.49631811487481,
        "20": 100.0
    },
    "percentage_bucket_counter_gpr": {
        "rest": 100.0,
        "5": 84.66257668711657,
        "10": 90.69529652351737,
        "15": 95.50102249488752,
        "20": 97.6482617586912
    },
    "percentage_bucket_counter_hybrid": {
        "rest": 100.0,
        "5": 84.66257668711657,
        "10": 90.69529652351737,
        "15": 95.50102249488752,
        "20": 97.6482617586912
    },
    "mean_budget_generic": 10.535534552428013,
    "percentage_bucket_counter_generic": {
        "rest": 100.0,
        "5": 84.97790868924889,
        "10": 88.2179675994109,
        "15": 93.22533136966126,
        "20": 95.72901325478645
    },
    "mean_add_points_generic": 88.66715758468335,
    "mean_add_points_gpr": 87.37730061349693,
    "mean_budget_gpr": 11.68329598592093,
    "mean_budget_hybrid": 11.683282625629767,
    "mean_add_points_hybrid": 87.3680981595092,
    "point_map_generic": {
        "(4, 10)": 1.0,
        "(4, 20)": 2.0,
        "(4, 30)": 3.0,
        "(4, 40)": 4.0,
        "(4, 50)": 5.0,
        "(8, 10)": 6.0,
        "(8, 20)": 10.0,
        "(8, 30)": 11.135176651305683,
        "(8, 40)": 12.375626043405676,
        "(8, 50)": 13.3411306042885,
        "(16, 10)": 7.0,
        "(16, 20)": 13.094191522762952,
        "(16, 30)": 14.888475836431226,
        "(16, 40)": 16.174897119341562,
        "(16, 50)": 17.38646288209607,
        "(32, 10)": 8.0,
        "(32, 20)": 16.932926829268293,
        "(32, 30)": 18.95800524934383,
        "(32, 40)": 20.053941908713693,
        "(32, 50)": 21.144927536231883,
        "(64, 10)": 9.0,
        "(64, 20)": 20.596774193548388,
        "(64, 30)": 0,
        "(64, 40)": 0,
        "(64, 50)": 0
    },
    "base_point_cost": 3.5354481256803356,
    "min_points": 9,
    "budget": 12.0
}