{
    "percentage_bucket_counter_full": {
        "rest": 100.0,
        "5": 86.88688688688688,
        "10": 96.7967967967968,
        "15": 98.09809809809809,
        "20": 100.0
    },
    "percentage_bucket_counter_gpr": {
        "rest": 100.0,
        "5": 85.68568568568568,
        "10": 96.29629629629629,
        "15": 97.997997997998,
        "20": 99.8998998998999
    },
    "percentage_bucket_counter_hybrid": {
        "rest": 100.0,
        "5": 85.68568568568568,
        "10": 96.29629629629629,
        "15": 97.997997997998,
        "20": 99.8998998998999
    },
    "mean_budget_generic": 43.911213018986786,
    "percentage_bucket_counter_generic": {
        "rest": 100.0,
        "5": 85.88588588588588,
        "10": 95.4954954954955,
        "15": 97.7977977977978,
        "20": 99.3993993993994
    },
    "mean_add_points_generic": 111.68668668668668,
    "mean_add_points_gpr": 113.49149149149149,
    "mean_budget_gpr": 51.37669779592183,
    "mean_budget_hybrid": 51.37669779592183,
    "mean_add_points_hybrid": 113.49149149149149,
    "point_map_generic": {
        "(4, 10)": 1.0,
        "(4, 20)": 2.0,
        "(4, 30)": 3.0,
        "(4, 40)": 4.0,
        "(4, 50)": 5.0,
        "(8, 10)": 6.0,
        "(8, 20)": 10.024,
        "(8, 30)": 11.104,
        "(8, 40)": 12.4,
        "(8, 50)": 13.767,
        "(16, 10)": 7.0,
        "(16, 20)": 13.187,
        "(16, 30)": 14.824,
        "(16, 40)": 16.245,
        "(16, 50)": 17.579,
        "(32, 10)": 8.0,
        "(32, 20)": 17.197197197197198,
        "(32, 30)": 18.865,
        "(32, 40)": 20.166,
        "(32, 50)": 21.232101616628174,
        "(64, 10)": 9.0,
        "(64, 20)": 21.2438739789965,
        "(64, 30)": 22.752276867030965,
        "(64, 40)": 24.0,
        "(64, 50)": 0
    },
    "base_point_cost": 3.5354481256803356,
    "min_points": 9,
    "budget": 53.0
}