{
    "percentage_bucket_counter_full": {
        "rest": 100.0,
        "5": 84.81781376518218,
        "10": 95.54655870445345,
        "15": 97.16599190283401,
        "20": 100.0
    },
    "percentage_bucket_counter_gpr": {
        "rest": 100.0,
        "5": 84.19654714475432,
        "10": 88.57901726427623,
        "15": 94.28950863213812,
        "20": 95.61752988047809
    },
    "percentage_bucket_counter_hybrid": {
        "rest": 100.0,
        "5": 84.19654714475432,
        "10": 88.57901726427623,
        "15": 94.28950863213812,
        "20": 95.61752988047809
    },
    "mean_budget_generic": 6.049782360905489,
    "percentage_bucket_counter_generic": {
        "rest": 100.0,
        "5": 80.16194331983806,
        "10": 84.41295546558705,
        "15": 90.89068825910931,
        "20": 93.52226720647774
    },
    "mean_add_points_generic": 85.67813765182186,
    "mean_add_points_gpr": 77.52324037184594,
    "mean_budget_gpr": 6.8312972607670055,
    "mean_budget_hybrid": 6.8312972607670055,
    "mean_add_points_hybrid": 77.52324037184594,
    "point_map_generic": {
        "(4, 10)": 1.0,
        "(4, 20)": 2.0,
        "(4, 30)": 3.0,
        "(4, 40)": 4.0,
        "(4, 50)": 5.0,
        "(8, 10)": 6.0,
        "(8, 20)": 10.0,
        "(8, 30)": 11.053811659192824,
        "(8, 40)": 12.175771971496436,
        "(8, 50)": 13.417266187050359,
        "(16, 10)": 7.0,
        "(16, 20)": 13.229398663697104,
        "(16, 30)": 14.961928934010153,
        "(16, 40)": 16.197831978319783,
        "(16, 50)": 17.360759493670887,
        "(32, 10)": 8.0,
        "(32, 20)": 17.172619047619047,
        "(32, 30)": 18.96759259259259,
        "(32, 40)": 20.0,
        "(32, 50)": 21.0,
        "(64, 10)": 9.0,
        "(64, 20)": 20.107142857142858,
        "(64, 30)": 0,
        "(64, 40)": 0,
        "(64, 50)": 0
    },
    "base_point_cost": 2.3599718983171436,
    "min_points": 9,
    "budget": 7.0
}