{
    "percentage_bucket_counter_full": {
        "rest": 100.0,
        "5": 86.9,
        "10": 96.8,
        "15": 98.1,
        "20": 100.0
    },
    "percentage_bucket_counter_gpr": {
        "rest": 100.0,
        "5": 87.4,
        "10": 96.8,
        "15": 98.0,
        "20": 99.9
    },
    "percentage_bucket_counter_hybrid": {
        "rest": 100.0,
        "5": 87.4,
        "10": 96.8,
        "15": 98.0,
        "20": 99.9
    },
    "mean_budget_generic": 63.07197441738705,
    "percentage_bucket_counter_generic": {
        "rest": 100.0,
        "5": 84.8,
        "10": 95.0,
        "15": 97.7,
        "20": 99.8
    },
    "mean_add_points_generic": 117.29,
    "mean_add_points_gpr": 118.944,
    "mean_budget_gpr": 72.08037819605383,
    "mean_budget_hybrid": 72.08037819605383,
    "mean_add_points_hybrid": 118.944,
    "point_map_generic": {
        "(4, 10)": 1.0,
        "(4, 20)": 2.0,
        "(4, 30)": 3.0,
        "(4, 40)": 4.0,
        "(4, 50)": 5.0,
        "(8, 10)": 6.0,
        "(8, 20)": 10.024,
        "(8, 30)": 11.104,
        "(8, 40)": 12.4,
        "(8, 50)": 13.767,
        "(16, 10)": 7.0,
        "(16, 20)": 13.187,
        "(16, 30)": 14.824,
        "(16, 40)": 16.245,
        "(16, 50)": 17.579,
        "(32, 10)": 8.0,
        "(32, 20)": 17.201,
        "(32, 30)": 18.865,
        "(32, 40)": 20.166,
        "(32, 50)": 21.412,
        "(64, 10)": 9.0,
        "(64, 20)": 21.37878787878788,
        "(64, 30)": 22.82980866062437,
        "(64, 40)": 24.0,
        "(64, 50)": 23.0
    },
    "base_point_cost": 3.5354481256803356,
    "min_points": 9,
    "budget": 74.0
}