{
    "percentage_bucket_counter_full": {
        "rest": 100.0,
        "5": 86.88688688688688,
        "10": 96.7967967967968,
        "15": 98.09809809809809,
        "20": 100.0
    },
    "percentage_bucket_counter_gpr": {
        "rest": 100.0,
        "5": 85.18145161290323,
        "10": 94.25403225806451,
        "15": 97.27822580645162,
        "20": 98.99193548387096
    },
    "percentage_bucket_counter_hybrid": {
        "rest": 100.0,
        "5": 85.18145161290323,
        "10": 94.25403225806451,
        "15": 97.27822580645162,
        "20": 98.99193548387096
    },
    "mean_budget_generic": 22.32233253277793,
    "percentage_bucket_counter_generic": {
        "rest": 100.0,
        "5": 85.18518518518519,
        "10": 91.69169169169169,
        "15": 96.29629629629629,
        "20": 97.8978978978979
    },
    "mean_add_points_generic": 98.65365365365365,
    "mean_add_points_gpr": 102.65221774193549,
    "mean_budget_gpr": 25.03399934970945,
    "mean_budget_hybrid": 25.033806652164806,
    "mean_add_points_hybrid": 102.65524193548387,
    "point_map_generic": {
        "(4, 10)": 1.0,
        "(4, 20)": 2.0,
        "(4, 30)": 3.0,
        "(4, 40)": 4.0,
        "(4, 50)": 5.0,
        "(8, 10)": 6.0,
        "(8, 20)": 10.024,
        "(8, 30)": 11.104,
        "(8, 40)": 12.4,
        "(8, 50)": 13.767,
        "(16, 10)": 7.0,
        "(16, 20)": 13.167507568113017,
        "(16, 30)": 14.8052738336714,
        "(16, 40)": 16.252826310380268,
        "(16, 50)": 17.313548387096773,
        "(32, 10)": 8.0,
        "(32, 20)": 17.05977011494253,
        "(32, 30)": 18.818181818181817,
        "(32, 40)": 20.16187050359712,
        "(32, 50)": 21.2531328320802,
        "(64, 10)": 9.0,
        "(64, 20)": 20.75,
        "(64, 30)": 22.82089552238806,
        "(64, 40)": 0,
        "(64, 50)": 0
    },
    "base_point_cost": 3.5354481256803356,
    "min_points": 9,
    "budget": 26.0
}