{
    "percentage_bucket_counter_full": {
        "rest": 100.0,
        "5": 74.19354838709677,
        "10": 93.54838709677419,
        "15": 96.7741935483871,
        "20": 100.0
    },
    "percentage_bucket_counter_gpr": {
        "rest": 100.0,
        "5": 62.857142857142854,
        "10": 80.0,
        "15": 90.0,
        "20": 95.71428571428572
    },
    "percentage_bucket_counter_hybrid": {
        "rest": 100.0,
        "5": 62.857142857142854,
        "10": 80.0,
        "15": 90.0,
        "20": 95.71428571428572
    },
    "mean_budget_generic": 0.3715139790303042,
    "percentage_bucket_counter_generic": {
        "rest": 100.0,
        "5": 64.51612903225806,
        "10": 80.64516129032258,
        "15": 93.54838709677419,
        "20": 93.54838709677419
    },
    "mean_add_points_generic": 64.51612903225806,
    "mean_add_points_gpr": 64.85714285714286,
    "mean_budget_gpr": 0.3917546413027366,
    "mean_budget_hybrid": 0.3917546413027366,
    "mean_add_points_hybrid": 64.85714285714286,
    "point_map_generic": {
        "(4, 10)": 1.0,
        "(4, 20)": 2.0,
        "(4, 30)": 3.0,
        "(4, 40)": 4.0,
        "(4, 50)": 5.0,
        "(8, 10)": 6.0,
        "(8, 20)": 10.0,
        "(8, 30)": 11.0,
        "(8, 40)": 12.043478260869565,
        "(8, 50)": 13.647058823529411,
        "(16, 10)": 7.0,
        "(16, 20)": 13.181818181818182,
        "(16, 30)": 15.0,
        "(16, 40)": 16.0,
        "(16, 50)": 0,
        "(32, 10)": 8.0,
        "(32, 20)": 0,
        "(32, 30)": 0,
        "(32, 40)": 0,
        "(32, 50)": 0,
        "(64, 10)": 9.0,
        "(64, 20)": 0,
        "(64, 30)": 0,
        "(64, 40)": 0,
        "(64, 50)": 0
    },
    "base_point_cost": 0.22986060784443021,
    "min_points": 9,
    "budget": 0.4
}