{
    "percentage_bucket_counter_full": {
        "rest": 100.0,
        "5": 86.9,
        "10": 96.8,
        "15": 98.1,
        "20": 100.0
    },
    "percentage_bucket_counter_gpr": {
        "rest": 100.0,
        "5": 86.27254509018036,
        "10": 96.69338677354709,
        "15": 97.99599198396794,
        "20": 99.8997995991984
    },
    "percentage_bucket_counter_hybrid": {
        "rest": 100.0,
        "5": 86.27254509018036,
        "10": 96.69338677354709,
        "15": 97.99599198396794,
        "20": 99.8997995991984
    },
    "mean_budget_generic": 47.606873654003735,
    "percentage_bucket_counter_generic": {
        "rest": 100.0,
        "5": 85.5,
        "10": 95.19999999999999,
        "15": 97.89999999999999,
        "20": 99.5
    },
    "mean_add_points_generic": 112.79,
    "mean_add_points_gpr": 114.65831663326654,
    "mean_budget_gpr": 55.37017587531387,
    "mean_budget_hybrid": 55.37157715522806,
    "mean_add_points_hybrid": 114.65931863727455,
    "point_map_generic": {
        "(4, 10)": 1.0,
        "(4, 20)": 2.0,
        "(4, 30)": 3.0,
        "(4, 40)": 4.0,
        "(4, 50)": 5.0,
        "(8, 10)": 6.0,
        "(8, 20)": 10.024,
        "(8, 30)": 11.104,
        "(8, 40)": 12.4,
        "(8, 50)": 13.767,
        "(16, 10)": 7.0,
        "(16, 20)": 13.187,
        "(16, 30)": 14.824,
        "(16, 40)": 16.245,
        "(16, 50)": 17.579,
        "(32, 10)": 8.0,
        "(32, 20)": 17.201,
        "(32, 30)": 18.865,
        "(32, 40)": 20.166,
        "(32, 50)": 21.25635359116022,
        "(64, 10)": 9.0,
        "(64, 20)": 21.28159645232816,
        "(64, 30)": 22.73519736842105,
        "(64, 40)": 24.0,
        "(64, 50)": 0
    },
    "base_point_cost": 3.5354481256803356,
    "min_points": 9,
    "budget": 57.0
}