{
    "percentage_bucket_counter_full": {
        "rest": 100.0,
        "5": 86.87374749498998,
        "10": 96.79358717434869,
        "15": 98.09619238476954,
        "20": 100.0
    },
    "percentage_bucket_counter_gpr": {
        "rest": 100.0,
        "5": 85.88588588588588,
        "10": 94.8948948948949,
        "15": 97.7977977977978,
        "20": 99.2992992992993
    },
    "percentage_bucket_counter_hybrid": {
        "rest": 100.0,
        "5": 85.88588588588588,
        "10": 94.8948948948949,
        "15": 97.7977977977978,
        "20": 99.2992992992993
    },
    "mean_budget_generic": 24.20634226904686,
    "percentage_bucket_counter_generic": {
        "rest": 100.0,
        "5": 85.27054108216433,
        "10": 91.38276553106212,
        "15": 96.69338677354709,
        "20": 98.09619238476954
    },
    "mean_add_points_generic": 100.69639278557115,
    "mean_add_points_gpr": 103.76376376376376,
    "mean_budget_gpr": 27.034811259509873,
    "mean_budget_hybrid": 27.034991505940038,
    "mean_add_points_hybrid": 103.76676676676676,
    "point_map_generic": {
        "(4, 10)": 1.0,
        "(4, 20)": 2.0,
        "(4, 30)": 3.0,
        "(4, 40)": 4.0,
        "(4, 50)": 5.0,
        "(8, 10)": 6.0,
        "(8, 20)": 10.024,
        "(8, 30)": 11.104,
        "(8, 40)": 12.4,
        "(8, 50)": 13.767,
        "(16, 10)": 7.0,
        "(16, 20)": 13.17570281124498,
        "(16, 30)": 14.81010101010101,
        "(16, 40)": 16.24672708962739,
        "(16, 50)": 17.35308056872038,
        "(32, 10)": 8.0,
        "(32, 20)": 17.091409691629956,
        "(32, 30)": 18.80469715698393,
        "(32, 40)": 20.1437802907916,
        "(32, 50)": 21.247288503253795,
        "(64, 10)": 9.0,
        "(64, 20)": 20.798076923076923,
        "(64, 30)": 22.825242718446603,
        "(64, 40)": 0,
        "(64, 50)": 0
    },
    "base_point_cost": 3.5354481256803356,
    "min_points": 9,
    "budget": 28.0
}