{
    "percentage_bucket_counter_full": {
        "rest": 100.0,
        "5": 86.9,
        "10": 96.8,
        "15": 98.1,
        "20": 100.0
    },
    "percentage_bucket_counter_gpr": {
        "rest": 100.0,
        "5": 85.58558558558559,
        "10": 95.29529529529529,
        "15": 97.8978978978979,
        "20": 99.4994994994995
    },
    "percentage_bucket_counter_hybrid": {
        "rest": 100.0,
        "5": 85.58558558558559,
        "10": 95.29529529529529,
        "15": 97.8978978978979,
        "20": 99.4994994994995
    },
    "mean_budget_generic": 28.16389117414006,
    "percentage_bucket_counter_generic": {
        "rest": 100.0,
        "5": 85.3,
        "10": 92.7,
        "15": 96.8,
        "20": 98.3
    },
    "mean_add_points_generic": 104.18,
    "mean_add_points_gpr": 106.29529529529529,
    "mean_budget_gpr": 31.77910100638098,
    "mean_budget_hybrid": 31.77910100638098,
    "mean_add_points_hybrid": 106.29529529529529,
    "point_map_generic": {
        "(4, 10)": 1.0,
        "(4, 20)": 2.0,
        "(4, 30)": 3.0,
        "(4, 40)": 4.0,
        "(4, 50)": 5.0,
        "(8, 10)": 6.0,
        "(8, 20)": 10.024,
        "(8, 30)": 11.104,
        "(8, 40)": 12.4,
        "(8, 50)": 13.767,
        "(16, 10)": 7.0,
        "(16, 20)": 13.187,
        "(16, 30)": 14.821821821821821,
        "(16, 40)": 16.245,
        "(16, 50)": 17.51237113402062,
        "(32, 10)": 8.0,
        "(32, 20)": 17.14876033057851,
        "(32, 30)": 18.827354260089685,
        "(32, 40)": 20.097035040431265,
        "(32, 50)": 21.236666666666668,
        "(64, 10)": 9.0,
        "(64, 20)": 20.901437371663246,
        "(64, 30)": 22.820224719101123,
        "(64, 40)": 0,
        "(64, 50)": 0
    },
    "base_point_cost": 3.5354481256803356,
    "min_points": 9,
    "budget": 33.0
}