{
    "percentage_bucket_counter_full": {
        "rest": 100.0,
        "5": 100.0,
        "10": 100.0,
        "15": 100.0,
        "20": 100.0
    },
    "percentage_bucket_counter_generic": {
        "rest": 100.0,
        "5": 0.0,
        "10": 0.0,
        "15": 0.0,
        "20": 100.0
    },
    "percentage_bucket_counter_gpr": {
        "rest": 100.0,
        "5": 100.0,
        "10": 100.0,
        "15": 100.0,
        "20": 100.0
    },
    "percentage_bucket_counter_hybrid": {
        "rest": 100.0,
        "5": 0.0,
        "10": 100.0,
        "15": 100.0,
        "20": 100.0
    },
    "budget": 23,
    "mean_budget_generic": 21.367049053306257,
    "mean_add_points_generic": 26.0,
    "nr_func_modeled_generic": 5,
    "mean_add_points_gpr": 29.0,
    "mean_budget_gpr": 22.88443591249531,
    "nr_func_modeled_gpr": 5,
    "mean_budget_hybrid": 21.964556309136412,
    "mean_add_points_hybrid": 30.0,
    "nr_func_modeled_hybrid": 5,
    "base_point_cost": 9.483930015258435,
    "min_points": 9,
    "filter": 1.0
}