{
    "percentage_bucket_counter_full": {
        "rest": 100.0,
        "5": 100.0,
        "10": 100.0,
        "15": 100.0,
        "20": 100.0
    },
    "percentage_bucket_counter_generic": {
        "rest": 100.0,
        "5": 0.0,
        "10": 80.0,
        "15": 100.0,
        "20": 100.0
    },
    "percentage_bucket_counter_gpr": {
        "rest": 100.0,
        "5": 0.0,
        "10": 100.0,
        "15": 100.0,
        "20": 100.0
    },
    "percentage_bucket_counter_hybrid": {
        "rest": 100.0,
        "5": 0.0,
        "10": 100.0,
        "15": 100.0,
        "20": 100.0
    },
    "budget": 42,
    "mean_budget_generic": 38.15184436008078,
    "mean_add_points_generic": 36.0,
    "nr_func_modeled_generic": 5,
    "mean_add_points_gpr": 37.0,
    "mean_budget_gpr": 39.7051826284286,
    "nr_func_modeled_gpr": 5,
    "mean_budget_hybrid": 38.788479577507026,
    "mean_add_points_hybrid": 37.0,
    "nr_func_modeled_hybrid": 5,
    "base_point_cost": 9.483930015258435,
    "min_points": 9,
    "filter": 1.0
}