{
    "percentage_bucket_counter_full": {
        "rest": 100.0,
        "5": 86.9,
        "10": 96.0,
        "15": 98.5,
        "20": 99.7
    },
    "percentage_bucket_counter_generic": {
        "rest": 100.0,
        "5": 82.19999999999999,
        "10": 92.10000000000001,
        "15": 95.8,
        "20": 97.2
    },
    "mean_budget_generic": 22.054909534097995,
    "mean_add_points_generic": 401.68674698795184,
    "nr_func_modeled_generic": 996,
    "percentage_bucket_counter_gpr": {
        "rest": 100.0,
        "5": 83.3,
        "10": 93.0,
        "15": 96.2,
        "20": 97.7
    },
    "mean_add_points_gpr": 403.9347389558233,
    "mean_budget_gpr": 22.79335103542736,
    "nr_func_modeled_gpr": 996,
    "percentage_bucket_counter_hybrid": {
        "rest": 100.0,
        "5": 83.3,
        "10": 93.0,
        "15": 96.2,
        "20": 97.7
    },
    "mean_budget_hybrid": 22.79335103542736,
    "mean_add_points_hybrid": 403.9347389558233,
    "nr_func_modeled_hybrid": 996,
    "point_map_generic": {
        "(4, 10, 1000)": 1.342,
        "(4, 10, 2000)": 9.709,
        "(4, 10, 3000)": 10.963,
        "(4, 10, 4000)": 12.102,
        "(4, 10, 5000)": 12.799,
        "(4, 20, 1000)": 2.844,
        "(4, 20, 2000)": 13.877,
        "(4, 20, 3000)": 16.554,
        "(4, 20, 4000)": 19.707,
        "(4, 20, 5000)": 22.842,
        "(4, 30, 1000)": 4.252,
        "(4, 30, 2000)": 17.621,
        "(4, 30, 3000)": 22.345,
        "(4, 30, 4000)": 26.051,
        "(4, 30, 5000)": 29.527,
        "(4, 40, 1000)": 5.906,
        "(4, 40, 2000)": 21.747,
        "(4, 40, 3000)": 27.109,
        "(4, 40, 4000)": 32.385,
        "(4, 40, 5000)": 34.977,
        "(4, 50, 1000)": 7.363,
        "(4, 50, 2000)": 26.937,
        "(4, 50, 3000)": 32.757,
        "(4, 50, 4000)": 38.024,
        "(4, 50, 5000)": 41.614,
        "(8, 10, 1000)": 8.133,
        "(8, 10, 2000)": 22.085,
        "(8, 10, 3000)": 25.943,
        "(8, 10, 4000)": 30.704,
        "(8, 10, 5000)": 33.653,
        "(8, 20, 1000)": 21.506,
        "(8, 20, 2000)": 30.541,
        "(8, 20, 3000)": 36.045,
        "(8, 20, 4000)": 39.704,
        "(8, 20, 5000)": 43.523,
        "(8, 30, 1000)": 30.464,
        "(8, 30, 2000)": 37.729,
        "(8, 30, 3000)": 44.182,
        "(8, 30, 4000)": 48.452,
        "(8, 30, 5000)": 52.67,
        "(8, 40, 1000)": 36.671,
        "(8, 40, 2000)": 45.519,
        "(8, 40, 3000)": 50.524,
        "(8, 40, 4000)": 55.73,
        "(8, 40, 5000)": 58.488,
        "(8, 50, 1000)": 42.739,
        "(8, 50, 2000)": 50.581,
        "(8, 50, 3000)": 57.27,
        "(8, 50, 4000)": 60.0,
        "(8, 50, 5000)": 64.294,
        "(16, 10, 1000)": 12.595,
        "(16, 10, 2000)": 41.836,
        "(16, 10, 3000)": 47.36,
        "(16, 10, 4000)": 51.618,
        "(16, 10, 5000)": 53.52994923857868,
        "(16, 20, 1000)": 41.358,
        "(16, 20, 2000)": 52.176,
        "(16, 20, 3000)": 59.276,
        "(16, 20, 4000)": 63.08,
        "(16, 20, 5000)": 66.70102040816326,
        "(16, 30, 1000)": 52.177,
        "(16, 30, 2000)": 61.343,
        "(16, 30, 3000)": 68.224,
        "(16, 30, 4000)": 71.786,
        "(16, 30, 5000)": 74.41742654508612,
        "(16, 40, 1000)": 59.245,
        "(16, 40, 2000)": 69.1369168356998,
        "(16, 40, 3000)": 73.94088176352706,
        "(16, 40, 4000)": 78.5609756097561,
        "(16, 40, 5000)": 80.82644628099173,
        "(16, 50, 1000)": 63.831485587583146,
        "(16, 50, 2000)": 72.20065789473684,
        "(16, 50, 3000)": 77.97430167597766,
        "(16, 50, 4000)": 83.35483870967742,
        "(16, 50, 5000)": 86.17973462002412,
        "(32, 10, 1000)": 16.75175175175175,
        "(32, 10, 2000)": 65.42389006342495,
        "(32, 10, 3000)": 68.89571899012074,
        "(32, 10, 4000)": 74.49885583524028,
        "(32, 10, 5000)": 73.23864959254948,
        "(32, 20, 1000)": 61.748979591836736,
        "(32, 20, 2000)": 77.03485838779956,
        "(32, 20, 3000)": 83.09378663540446,
        "(32, 20, 4000)": 85.91345029239766,
        "(32, 20, 5000)": 90.6875,
        "(32, 30, 1000)": 75.80994475138121,
        "(32, 30, 2000)": 85.53101736972705,
        "(32, 30, 3000)": 90.67848101265822,
        "(32, 30, 4000)": 96.37465181058496,
        "(32, 30, 5000)": 99.16537867078826,
        "(32, 40, 1000)": 80.6394472361809,
        "(32, 40, 2000)": 91.3393602225313,
        "(32, 40, 3000)": 97.07614942528735,
        "(32, 40, 4000)": 102.34602076124567,
        "(32, 40, 5000)": 102.6084452975048,
        "(32, 50, 1000)": 85.03739612188366,
        "(32, 50, 2000)": 96.37282780410743,
        "(32, 50, 3000)": 101.65982905982906,
        "(32, 50, 4000)": 102.5764705882353,
        "(32, 50, 5000)": 106.10317460317461,
        "(64, 10, 1000)": 11.238255033557047,
        "(64, 10, 2000)": 81.54761904761905,
        "(64, 10, 3000)": 88.5537037037037,
        "(64, 10, 4000)": 92.86335403726709,
        "(64, 10, 5000)": 87.51911468812877,
        "(64, 20, 1000)": 74.79180327868852,
        "(64, 20, 2000)": 98.32625482625483,
        "(64, 20, 3000)": 104.45974025974026,
        "(64, 20, 4000)": 107.0982456140351,
        "(64, 20, 5000)": 109.29032258064517,
        "(64, 30, 1000)": 93.38222222222223,
        "(64, 30, 2000)": 106.23592493297588,
        "(64, 30, 3000)": 112.97524752475248,
        "(64, 30, 4000)": 115.98245614035088,
        "(64, 30, 5000)": 115.0,
        "(64, 40, 1000)": 96.9375,
        "(64, 40, 2000)": 109.33043478260869,
        "(64, 40, 3000)": 117.10526315789474,
        "(64, 40, 4000)": 0,
        "(64, 40, 5000)": 0,
        "(64, 50, 1000)": 99.43952802359883,
        "(64, 50, 2000)": 111.47333333333333,
        "(64, 50, 3000)": 116.0,
        "(64, 50, 4000)": 0,
        "(64, 50, 5000)": 0
    },
    "base_point_cost": 0.8105520881980329,
    "min_points": 13,
    "budget": 23.0
}