{
    "percentage_bucket_counter_full": {
        "rest": 100.0,
        "5": 86.9,
        "10": 96.0,
        "15": 98.5,
        "20": 99.7
    },
    "percentage_bucket_counter_generic": {
        "rest": 100.0,
        "5": 25.4,
        "10": 31.900000000000002,
        "15": 35.5,
        "20": 36.9
    },
    "mean_budget_generic": 0.6755102930777593,
    "mean_add_points_generic": 275.69,
    "nr_func_modeled_generic": 400,
    "percentage_bucket_counter_gpr": {
        "rest": 100.0,
        "5": 30.7,
        "10": 36.5,
        "15": 39.900000000000006,
        "20": 42.699999999999996
    },
    "mean_add_points_gpr": 263.09166666666664,
    "mean_budget_gpr": 0.694842719936838,
    "nr_func_modeled_gpr": 480,
    "percentage_bucket_counter_hybrid": {
        "rest": 100.0,
        "5": 30.8,
        "10": 36.6,
        "15": 40.0,
        "20": 42.8
    },
    "mean_budget_hybrid": 0.6948529303762745,
    "mean_add_points_hybrid": 262.18257261410787,
    "nr_func_modeled_hybrid": 482,
    "point_map_generic": {
        "(4, 10, 1000)": 1.3253253253253254,
        "(4, 10, 2000)": 9.687437185929648,
        "(4, 10, 3000)": 10.894366197183098,
        "(4, 10, 4000)": 12.041247484909457,
        "(4, 10, 5000)": 12.704522613065327,
        "(4, 20, 1000)": 2.077812828601472,
        "(4, 20, 2000)": 13.402390438247012,
        "(4, 20, 3000)": 16.718816067653275,
        "(4, 20, 4000)": 20.63203463203463,
        "(4, 20, 5000)": 24.2117903930131,
        "(4, 30, 1000)": 3.0757894736842104,
        "(4, 30, 2000)": 16.86262626262626,
        "(4, 30, 3000)": 22.665948275862068,
        "(4, 30, 4000)": 28.135555555555555,
        "(4, 30, 5000)": 32.17162471395881,
        "(4, 40, 1000)": 4.118947368421052,
        "(4, 40, 2000)": 20.674747474747473,
        "(4, 40, 3000)": 27.878524945770064,
        "(4, 40, 4000)": 34.10161662817552,
        "(4, 40, 5000)": 37.88192771084337,
        "(4, 50, 1000)": 5.146315789473684,
        "(4, 50, 2000)": 24.791411042944784,
        "(4, 50, 3000)": 32.551339285714285,
        "(4, 50, 4000)": 39.00717703349282,
        "(4, 50, 5000)": 42.47150259067357,
        "(8, 10, 1000)": 6.1061643835616435,
        "(8, 10, 2000)": 19.364238410596027,
        "(8, 10, 3000)": 23.962389380530972,
        "(8, 10, 4000)": 28.68243243243243,
        "(8, 10, 5000)": 30.180851063829788,
        "(8, 20, 1000)": 18.481412639405203,
        "(8, 20, 2000)": 30.0,
        "(8, 20, 3000)": 37.26086956521739,
        "(8, 20, 4000)": 42.16706443914081,
        "(8, 20, 5000)": 46.09319899244333,
        "(8, 30, 1000)": 27.06222222222222,
        "(8, 30, 2000)": 38.148063781321184,
        "(8, 30, 3000)": 46.45410628019324,
        "(8, 30, 4000)": 51.33695652173913,
        "(8, 30, 5000)": 54.771341463414636,
        "(8, 40, 1000)": 31.857471264367817,
        "(8, 40, 2000)": 44.424019607843135,
        "(8, 40, 3000)": 51.98888888888889,
        "(8, 40, 4000)": 56.728476821192054,
        "(8, 40, 5000)": 60.24199288256228,
        "(8, 50, 1000)": 36.22380952380952,
        "(8, 50, 2000)": 48.440633245382585,
        "(8, 50, 3000)": 56.322683706070286,
        "(8, 50, 4000)": 60.74551971326165,
        "(8, 50, 5000)": 64.22222222222223,
        "(16, 10, 1000)": 7.172374429223744,
        "(16, 10, 2000)": 36.179906542056074,
        "(16, 10, 3000)": 43.213235294117645,
        "(16, 10, 4000)": 47.7686170212766,
        "(16, 10, 5000)": 46.797402597402595,
        "(16, 20, 1000)": 33.46153846153846,
        "(16, 20, 2000)": 51.5547263681592,
        "(16, 20, 3000)": 60.203592814371255,
        "(16, 20, 4000)": 64.95035460992908,
        "(16, 20, 5000)": 68.39662447257383,
        "(16, 30, 1000)": 46.36272040302267,
        "(16, 30, 2000)": 61.29192546583851,
        "(16, 30, 3000)": 69.73617021276596,
        "(16, 30, 4000)": 73.54301075268818,
        "(16, 30, 5000)": 76.52631578947368,
        "(16, 40, 1000)": 51.78611111111111,
        "(16, 40, 2000)": 67.630081300813,
        "(16, 40, 3000)": 74.70760233918129,
        "(16, 40, 4000)": 78.64661654135338,
        "(16, 40, 5000)": 80.91666666666667,
        "(16, 50, 1000)": 56.44272445820433,
        "(16, 50, 2000)": 71.12322274881517,
        "(16, 50, 3000)": 78.01587301587301,
        "(16, 50, 4000)": 81.9390243902439,
        "(16, 50, 5000)": 84.4,
        "(32, 10, 1000)": 8.261415525114156,
        "(32, 10, 2000)": 55.56342182890855,
        "(32, 10, 3000)": 61.111913357400724,
        "(32, 10, 4000)": 65.85135135135135,
        "(32, 10, 5000)": 56.50232558139535,
        "(32, 20, 1000)": 46.60591133004926,
        "(32, 20, 2000)": 74.63793103448276,
        "(32, 20, 3000)": 83.25333333333333,
        "(32, 20, 4000)": 87.94285714285714,
        "(32, 20, 5000)": 87.28571428571429,
        "(32, 30, 1000)": 64.09170305676857,
        "(32, 30, 2000)": 84.82456140350877,
        "(32, 30, 3000)": 93.66666666666667,
        "(32, 30, 4000)": 0,
        "(32, 30, 5000)": 0,
        "(32, 40, 1000)": 69.09550561797752,
        "(32, 40, 2000)": 89.05555555555556,
        "(32, 40, 3000)": 0,
        "(32, 40, 4000)": 0,
        "(32, 40, 5000)": 0,
        "(32, 50, 1000)": 72.5126050420168,
        "(32, 50, 2000)": 92.5,
        "(32, 50, 3000)": 0,
        "(32, 50, 4000)": 0,
        "(32, 50, 5000)": 0,
        "(64, 10, 1000)": 9.047018348623853,
        "(64, 10, 2000)": 68.6590909090909,
        "(64, 10, 3000)": 76.41935483870968,
        "(64, 10, 4000)": 79.3529411764706,
        "(64, 10, 5000)": 14.0,
        "(64, 20, 1000)": 43.235897435897435,
        "(64, 20, 2000)": 0,
        "(64, 20, 3000)": 0,
        "(64, 20, 4000)": 0,
        "(64, 20, 5000)": 0,
        "(64, 30, 1000)": 81.29629629629629,
        "(64, 30, 2000)": 0,
        "(64, 30, 3000)": 0,
        "(64, 30, 4000)": 0,
        "(64, 30, 5000)": 0,
        "(64, 40, 1000)": 0,
        "(64, 40, 2000)": 0,
        "(64, 40, 3000)": 0,
        "(64, 40, 4000)": 0,
        "(64, 40, 5000)": 0,
        "(64, 50, 1000)": 0,
        "(64, 50, 2000)": 0,
        "(64, 50, 3000)": 0,
        "(64, 50, 4000)": 0,
        "(64, 50, 5000)": 0
    },
    "base_point_cost": 0.11819991363736593,
    "min_points": 13,
    "budget": 0.7
}