{
    "percentage_bucket_counter_full": {
        "rest": 100.0,
        "5": 86.9,
        "10": 96.0,
        "15": 98.5,
        "20": 99.7
    },
    "percentage_bucket_counter_generic": {
        "rest": 100.0,
        "5": 84.1,
        "10": 95.39999999999999,
        "15": 97.0,
        "20": 98.8
    },
    "mean_budget_generic": 45.0671394455004,
    "mean_add_points_generic": 448.1643286573146,
    "nr_func_modeled_generic": 998,
    "percentage_bucket_counter_gpr": {
        "rest": 100.0,
        "5": 85.3,
        "10": 95.19999999999999,
        "15": 97.5,
        "20": 99.2
    },
    "mean_add_points_gpr": 449.19157472417254,
    "mean_budget_gpr": 46.568277136624054,
    "nr_func_modeled_gpr": 997,
    "percentage_bucket_counter_hybrid": {
        "rest": 100.0,
        "5": 85.3,
        "10": 95.19999999999999,
        "15": 97.5,
        "20": 99.2
    },
    "mean_budget_hybrid": 46.568277136624054,
    "mean_add_points_hybrid": 449.19157472417254,
    "nr_func_modeled_hybrid": 997,
    "point_map_generic": {
        "(4, 10, 1000)": 1.342,
        "(4, 10, 2000)": 9.709,
        "(4, 10, 3000)": 10.963,
        "(4, 10, 4000)": 12.102,
        "(4, 10, 5000)": 12.799,
        "(4, 20, 1000)": 2.844,
        "(4, 20, 2000)": 13.877,
        "(4, 20, 3000)": 16.554,
        "(4, 20, 4000)": 19.707,
        "(4, 20, 5000)": 22.842,
        "(4, 30, 1000)": 4.252,
        "(4, 30, 2000)": 17.621,
        "(4, 30, 3000)": 22.345,
        "(4, 30, 4000)": 26.051,
        "(4, 30, 5000)": 29.527,
        "(4, 40, 1000)": 5.906,
        "(4, 40, 2000)": 21.747,
        "(4, 40, 3000)": 27.109,
        "(4, 40, 4000)": 32.385,
        "(4, 40, 5000)": 34.977,
        "(4, 50, 1000)": 7.363,
        "(4, 50, 2000)": 26.937,
        "(4, 50, 3000)": 32.757,
        "(4, 50, 4000)": 38.024,
        "(4, 50, 5000)": 41.614,
        "(8, 10, 1000)": 8.133,
        "(8, 10, 2000)": 22.085,
        "(8, 10, 3000)": 25.943,
        "(8, 10, 4000)": 30.704,
        "(8, 10, 5000)": 33.653,
        "(8, 20, 1000)": 21.506,
        "(8, 20, 2000)": 30.541,
        "(8, 20, 3000)": 36.045,
        "(8, 20, 4000)": 39.704,
        "(8, 20, 5000)": 43.523,
        "(8, 30, 1000)": 30.464,
        "(8, 30, 2000)": 37.729,
        "(8, 30, 3000)": 44.182,
        "(8, 30, 4000)": 48.452,
        "(8, 30, 5000)": 52.67,
        "(8, 40, 1000)": 36.671,
        "(8, 40, 2000)": 45.519,
        "(8, 40, 3000)": 50.524,
        "(8, 40, 4000)": 55.73,
        "(8, 40, 5000)": 58.488,
        "(8, 50, 1000)": 42.739,
        "(8, 50, 2000)": 50.581,
        "(8, 50, 3000)": 57.27,
        "(8, 50, 4000)": 60.0,
        "(8, 50, 5000)": 64.294,
        "(16, 10, 1000)": 12.595,
        "(16, 10, 2000)": 41.836,
        "(16, 10, 3000)": 47.36,
        "(16, 10, 4000)": 51.618,
        "(16, 10, 5000)": 53.918,
        "(16, 20, 1000)": 41.358,
        "(16, 20, 2000)": 52.176,
        "(16, 20, 3000)": 59.276,
        "(16, 20, 4000)": 63.08,
        "(16, 20, 5000)": 66.954,
        "(16, 30, 1000)": 52.177,
        "(16, 30, 2000)": 61.343,
        "(16, 30, 3000)": 68.224,
        "(16, 30, 4000)": 71.786,
        "(16, 30, 5000)": 74.47,
        "(16, 40, 1000)": 59.245,
        "(16, 40, 2000)": 69.413,
        "(16, 40, 3000)": 73.959,
        "(16, 40, 4000)": 78.673,
        "(16, 40, 5000)": 80.775,
        "(16, 50, 1000)": 66.486,
        "(16, 50, 2000)": 73.702,
        "(16, 50, 3000)": 79.128,
        "(16, 50, 4000)": 84.25,
        "(16, 50, 5000)": 86.623,
        "(32, 10, 1000)": 16.814,
        "(32, 10, 2000)": 66.301,
        "(32, 10, 3000)": 70.31,
        "(32, 10, 4000)": 76.537,
        "(32, 10, 5000)": 75.86088709677419,
        "(32, 20, 1000)": 62.1,
        "(32, 20, 2000)": 77.45,
        "(32, 20, 3000)": 83.697,
        "(32, 20, 4000)": 86.418,
        "(32, 20, 5000)": 91.48,
        "(32, 30, 1000)": 76.734,
        "(32, 30, 2000)": 85.758,
        "(32, 30, 3000)": 90.272,
        "(32, 30, 4000)": 95.588,
        "(32, 30, 5000)": 98.5253360910031,
        "(32, 40, 1000)": 83.208,
        "(32, 40, 2000)": 91.95095095095095,
        "(32, 40, 3000)": 96.43,
        "(32, 40, 4000)": 101.51773049645391,
        "(32, 40, 5000)": 102.5879917184265,
        "(32, 50, 1000)": 86.85953177257525,
        "(32, 50, 2000)": 96.2024886877828,
        "(32, 50, 3000)": 100.85197740112994,
        "(32, 50, 4000)": 102.78699551569507,
        "(32, 50, 5000)": 106.68227848101266,
        "(64, 10, 1000)": 20.276209677419356,
        "(64, 10, 2000)": 88.58998808104887,
        "(64, 10, 3000)": 93.44071856287425,
        "(64, 10, 4000)": 95.68562874251496,
        "(64, 10, 5000)": 94.02117061021171,
        "(64, 20, 1000)": 83.94654088050315,
        "(64, 20, 2000)": 100.00591715976331,
        "(64, 20, 3000)": 105.11698717948718,
        "(64, 20, 4000)": 108.20264317180617,
        "(64, 20, 5000)": 110.01596806387225,
        "(64, 30, 1000)": 97.42836879432625,
        "(64, 30, 2000)": 107.27390599675851,
        "(64, 30, 3000)": 113.40425531914893,
        "(64, 30, 4000)": 114.05636743215031,
        "(64, 30, 5000)": 117.37899543378995,
        "(64, 40, 1000)": 100.79310344827586,
        "(64, 40, 2000)": 111.93541202672606,
        "(64, 40, 3000)": 117.52835820895523,
        "(64, 40, 4000)": 118.48514851485149,
        "(64, 40, 5000)": 108.5813953488372,
        "(64, 50, 1000)": 102.8295081967213,
        "(64, 50, 2000)": 113.90123456790124,
        "(64, 50, 3000)": 118.81756756756756,
        "(64, 50, 4000)": 0,
        "(64, 50, 5000)": 0
    },
    "base_point_cost": 0.8105520881980329,
    "min_points": 13,
    "budget": 47.0
}