{
    "percentage_bucket_counter_full": {
        "rest": 100.0,
        "5": 32.19178082191781,
        "10": 49.82876712328767,
        "15": 61.47260273972602,
        "20": 69.6917808219178
    },
    "percentage_bucket_counter_generic": {
        "rest": 100.0,
        "5": 23.28767123287671,
        "10": 39.726027397260275,
        "15": 53.76712328767124,
        "20": 60.61643835616438
    },
    "percentage_bucket_counter_gpr": {
        "rest": 100.0,
        "5": 23.972602739726025,
        "10": 38.86986301369863,
        "15": 52.910958904109584,
        "20": 60.1027397260274
    },
    "percentage_bucket_counter_hybrid": {
        "rest": 100.0,
        "5": 23.972602739726025,
        "10": 38.86986301369863,
        "15": 52.910958904109584,
        "20": 60.1027397260274
    },
    "budget": 32,
    "mean_budget_generic": 26.47846189609199,
    "mean_add_points_generic": 12.467465753424657,
    "mean_budget_gpr": 26.529354315618072,
    "mean_add_points_gpr": 12.667808219178083,
    "mean_budget_hybrid": 26.52732627584896,
    "mean_add_points_hybrid": 12.667808219178083,
    "base_point_cost": 0.35056682755504465,
    "min_points": 9,
    "filter": 0
}