{
    "percentage_bucket_counter_full": {
        "rest": 100.0,
        "5": 32.19178082191781,
        "10": 49.82876712328767,
        "15": 61.47260273972602,
        "20": 69.6917808219178
    },
    "percentage_bucket_counter_generic": {
        "rest": 100.0,
        "5": 22.602739726027394,
        "10": 42.12328767123288,
        "15": 54.965753424657535,
        "20": 61.986301369863014
    },
    "percentage_bucket_counter_gpr": {
        "rest": 100.0,
        "5": 22.26027397260274,
        "10": 41.60958904109589,
        "15": 55.13698630136986,
        "20": 62.15753424657534
    },
    "percentage_bucket_counter_hybrid": {
        "rest": 100.0,
        "5": 22.26027397260274,
        "10": 41.78082191780822,
        "15": 54.794520547945204,
        "20": 61.81506849315068
    },
    "budget": 91,
    "mean_budget_generic": 47.6572251422136,
    "mean_add_points_generic": 13.931506849315069,
    "mean_budget_gpr": 47.081415326689836,
    "mean_add_points_gpr": 14.0,
    "mean_budget_hybrid": 46.21934054951513,
    "mean_add_points_hybrid": 14.0,
    "base_point_cost": 0.35056682755504465,
    "min_points": 9,
    "filter": 0
}