{
    "percentage_bucket_counter_full": {
        "rest": 100.0,
        "5": 32.19178082191781,
        "10": 49.82876712328767,
        "15": 61.47260273972602,
        "20": 69.6917808219178
    },
    "percentage_bucket_counter_generic": {
        "rest": 100.0,
        "5": 22.602739726027394,
        "10": 41.95205479452055,
        "15": 54.965753424657535,
        "20": 61.81506849315068
    },
    "percentage_bucket_counter_gpr": {
        "rest": 100.0,
        "5": 21.91780821917808,
        "10": 40.92465753424658,
        "15": 54.28082191780822,
        "20": 61.986301369863014
    },
    "percentage_bucket_counter_hybrid": {
        "rest": 100.0,
        "5": 21.91780821917808,
        "10": 40.92465753424658,
        "15": 54.28082191780822,
        "20": 61.986301369863014
    },
    "budget": 58,
    "mean_budget_generic": 43.521001024304596,
    "mean_add_points_generic": 13.681506849315069,
    "mean_budget_gpr": 43.37699926647443,
    "mean_add_points_gpr": 13.83390410958904,
    "mean_budget_hybrid": 43.375241208081455,
    "mean_add_points_hybrid": 13.835616438356164,
    "base_point_cost": 0.35056682755504465,
    "min_points": 9,
    "filter": 0
}