{
    "percentage_bucket_counter_full": {
        "rest": 100.0,
        "5": 32.19178082191781,
        "10": 49.82876712328767,
        "15": 61.47260273972602,
        "20": 69.6917808219178
    },
    "percentage_bucket_counter_generic": {
        "rest": 100.0,
        "5": 25.51369863013699,
        "10": 44.69178082191781,
        "15": 57.705479452054796,
        "20": 64.21232876712328
    },
    "percentage_bucket_counter_gpr": {
        "rest": 100.0,
        "5": 26.36986301369863,
        "10": 45.20547945205479,
        "15": 57.705479452054796,
        "20": 63.6986301369863
    },
    "percentage_bucket_counter_hybrid": {
        "rest": 100.0,
        "5": 26.36986301369863,
        "10": 45.20547945205479,
        "15": 57.705479452054796,
        "20": 63.869863013698634
    },
    "budget": 14,
    "mean_budget_generic": 11.620276461773793,
    "mean_add_points_generic": 10.479452054794521,
    "mean_budget_gpr": 11.786894055082815,
    "mean_add_points_gpr": 10.679794520547945,
    "mean_budget_hybrid": 11.781295792035182,
    "mean_add_points_hybrid": 10.679794520547945,
    "base_point_cost": 0.35056682755504465,
    "min_points": 9,
    "filter": 0
}