{
    "percentage_bucket_counter_full": {
        "rest": 100.0,
        "5": 32.19178082191781,
        "10": 49.82876712328767,
        "15": 61.47260273972602,
        "20": 69.6917808219178
    },
    "percentage_bucket_counter_generic": {
        "rest": 100.0,
        "5": 22.43150684931507,
        "10": 42.29452054794521,
        "15": 55.13698630136986,
        "20": 61.986301369863014
    },
    "percentage_bucket_counter_gpr": {
        "rest": 100.0,
        "5": 22.089041095890412,
        "10": 41.43835616438356,
        "15": 54.62328767123288,
        "20": 61.64383561643836
    },
    "percentage_bucket_counter_hybrid": {
        "rest": 100.0,
        "5": 22.43150684931507,
        "10": 41.95205479452055,
        "15": 54.965753424657535,
        "20": 61.81506849315068
    },
    "budget": 89,
    "mean_budget_generic": 47.00354060722544,
    "mean_add_points_generic": 13.905821917808218,
    "mean_budget_gpr": 46.93638360654594,
    "mean_add_points_gpr": 14.0,
    "mean_budget_hybrid": 46.27609771940959,
    "mean_add_points_hybrid": 14.0,
    "base_point_cost": 0.35056682755504465,
    "min_points": 9,
    "filter": 0
}