{
    "percentage_bucket_counter_full": {
        "rest": 100.0,
        "5": 32.19178082191781,
        "10": 49.82876712328767,
        "15": 61.47260273972602,
        "20": 69.6917808219178
    },
    "percentage_bucket_counter_generic": {
        "rest": 100.0,
        "5": 22.43150684931507,
        "10": 41.95205479452055,
        "15": 54.62328767123288,
        "20": 61.47260273972602
    },
    "percentage_bucket_counter_gpr": {
        "rest": 100.0,
        "5": 22.26027397260274,
        "10": 41.0958904109589,
        "15": 54.28082191780822,
        "20": 61.47260273972602
    },
    "percentage_bucket_counter_hybrid": {
        "rest": 100.0,
        "5": 22.26027397260274,
        "10": 41.26712328767123,
        "15": 54.45205479452054,
        "20": 61.64383561643836
    },
    "budget": 62,
    "mean_budget_generic": 44.398457786208866,
    "mean_add_points_generic": 13.75,
    "mean_budget_gpr": 44.563294597380605,
    "mean_add_points_gpr": 13.900684931506849,
    "mean_budget_hybrid": 44.561115700090255,
    "mean_add_points_hybrid": 13.907534246575343,
    "base_point_cost": 0.35056682755504465,
    "min_points": 9,
    "filter": 0
}