{
    "percentage_bucket_counter_full": {
        "rest": 100.0,
        "5": 32.19178082191781,
        "10": 49.82876712328767,
        "15": 61.47260273972602,
        "20": 69.6917808219178
    },
    "percentage_bucket_counter_generic": {
        "rest": 100.0,
        "5": 22.089041095890412,
        "10": 42.12328767123288,
        "15": 54.794520547945204,
        "20": 61.47260273972602
    },
    "percentage_bucket_counter_gpr": {
        "rest": 100.0,
        "5": 22.089041095890412,
        "10": 41.43835616438356,
        "15": 54.28082191780822,
        "20": 61.64383561643836
    },
    "percentage_bucket_counter_hybrid": {
        "rest": 100.0,
        "5": 22.26027397260274,
        "10": 41.60958904109589,
        "15": 54.62328767123288,
        "20": 61.64383561643836
    },
    "budget": 66,
    "mean_budget_generic": 44.84710619745246,
    "mean_add_points_generic": 13.792808219178083,
    "mean_budget_gpr": 45.31721275430868,
    "mean_add_points_gpr": 13.943493150684931,
    "mean_budget_hybrid": 45.286793404038626,
    "mean_add_points_hybrid": 13.950342465753424,
    "base_point_cost": 0.35056682755504465,
    "min_points": 9,
    "filter": 0
}