{
    "percentage_bucket_counter_full": {
        "rest": 100.0,
        "5": 32.19178082191781,
        "10": 49.82876712328767,
        "15": 61.47260273972602,
        "20": 69.6917808219178
    },
    "percentage_bucket_counter_generic": {
        "rest": 100.0,
        "5": 25.0,
        "10": 39.8972602739726,
        "15": 53.42465753424658,
        "20": 60.61643835616438
    },
    "percentage_bucket_counter_gpr": {
        "rest": 100.0,
        "5": 24.65753424657534,
        "10": 39.38356164383562,
        "15": 53.25342465753424,
        "20": 60.273972602739725
    },
    "percentage_bucket_counter_hybrid": {
        "rest": 100.0,
        "5": 24.65753424657534,
        "10": 39.38356164383562,
        "15": 53.25342465753424,
        "20": 60.273972602739725
    },
    "budget": 23,
    "mean_budget_generic": 16.517919019532254,
    "mean_add_points_generic": 11.527397260273972,
    "mean_budget_gpr": 16.90265440940229,
    "mean_add_points_gpr": 11.772260273972602,
    "mean_budget_hybrid": 16.879716409023747,
    "mean_add_points_hybrid": 11.773972602739725,
    "base_point_cost": 0.35056682755504465,
    "min_points": 9,
    "filter": 0
}