{
    "percentage_bucket_counter_full": {
        "rest": 100.0,
        "5": 32.19178082191781,
        "10": 49.82876712328767,
        "15": 61.47260273972602,
        "20": 69.6917808219178
    },
    "percentage_bucket_counter_generic": {
        "rest": 100.0,
        "5": 27.054794520547947,
        "10": 47.773972602739725,
        "15": 59.76027397260274,
        "20": 68.4931506849315
    },
    "percentage_bucket_counter_gpr": {
        "rest": 100.0,
        "5": 26.88356164383562,
        "10": 46.917808219178085,
        "15": 59.24657534246576,
        "20": 66.95205479452055
    },
    "percentage_bucket_counter_hybrid": {
        "rest": 100.0,
        "5": 26.88356164383562,
        "10": 46.917808219178085,
        "15": 59.417808219178085,
        "20": 67.12328767123287
    },
    "budget": 4,
    "mean_budget_generic": 4.318841296887687,
    "mean_add_points_generic": 6.666095890410959,
    "mean_budget_gpr": 4.348064118960282,
    "mean_add_points_gpr": 6.626712328767123,
    "mean_budget_hybrid": 4.345717969507281,
    "mean_add_points_hybrid": 6.626712328767123,
    "base_point_cost": 0.35056682755504465,
    "min_points": 9,
    "filter": 0
}