{
    "percentage_bucket_counter_full": {
        "rest": 100.0,
        "5": 32.19178082191781,
        "10": 49.82876712328767,
        "15": 61.47260273972602,
        "20": 69.6917808219178
    },
    "percentage_bucket_counter_generic": {
        "rest": 100.0,
        "5": 26.88356164383562,
        "10": 46.917808219178085,
        "15": 59.589041095890416,
        "20": 68.32191780821918
    },
    "percentage_bucket_counter_gpr": {
        "rest": 100.0,
        "5": 27.054794520547947,
        "10": 46.57534246575342,
        "15": 59.24657534246576,
        "20": 67.2945205479452
    },
    "percentage_bucket_counter_hybrid": {
        "rest": 100.0,
        "5": 27.054794520547947,
        "10": 46.57534246575342,
        "15": 59.24657534246576,
        "20": 67.2945205479452
    },
    "budget": 5,
    "mean_budget_generic": 4.771624984039737,
    "mean_add_points_generic": 7.265410958904109,
    "mean_budget_gpr": 4.843672199834497,
    "mean_add_points_gpr": 7.294520547945205,
    "mean_budget_hybrid": 4.84237935052194,
    "mean_add_points_hybrid": 7.294520547945205,
    "base_point_cost": 0.35056682755504465,
    "min_points": 9,
    "filter": 0
}