{
    "percentage_bucket_counter_full": {
        "rest": 100.0,
        "5": 32.19178082191781,
        "10": 49.82876712328767,
        "15": 61.47260273972602,
        "20": 69.6917808219178
    },
    "percentage_bucket_counter_generic": {
        "rest": 100.0,
        "5": 22.945205479452056,
        "10": 39.8972602739726,
        "15": 53.42465753424658,
        "20": 60.61643835616438
    },
    "percentage_bucket_counter_gpr": {
        "rest": 100.0,
        "5": 23.63013698630137,
        "10": 39.38356164383562,
        "15": 53.082191780821915,
        "20": 60.445205479452056
    },
    "percentage_bucket_counter_hybrid": {
        "rest": 100.0,
        "5": 23.63013698630137,
        "10": 39.55479452054795,
        "15": 53.082191780821915,
        "20": 60.445205479452056
    },
    "budget": 36,
    "mean_budget_generic": 28.19222350569479,
    "mean_add_points_generic": 12.648972602739725,
    "mean_budget_gpr": 28.38196843816718,
    "mean_add_points_gpr": 12.83904109589041,
    "mean_budget_hybrid": 28.37815734948242,
    "mean_add_points_hybrid": 12.83904109589041,
    "base_point_cost": 0.35056682755504465,
    "min_points": 9,
    "filter": 0
}