{
    "percentage_bucket_counter_full": {
        "rest": 100.0,
        "5": 32.19178082191781,
        "10": 49.82876712328767,
        "15": 61.47260273972602,
        "20": 69.6917808219178
    },
    "percentage_bucket_counter_generic": {
        "rest": 100.0,
        "5": 24.315068493150687,
        "10": 39.726027397260275,
        "15": 53.5958904109589,
        "20": 60.61643835616438
    },
    "percentage_bucket_counter_gpr": {
        "rest": 100.0,
        "5": 23.972602739726025,
        "10": 39.04109589041096,
        "15": 53.25342465753424,
        "20": 60.1027397260274
    },
    "percentage_bucket_counter_hybrid": {
        "rest": 100.0,
        "5": 23.8013698630137,
        "10": 38.86986301369863,
        "15": 53.082191780821915,
        "20": 59.93150684931506
    },
    "budget": 27,
    "mean_budget_generic": 20.152471167637053,
    "mean_add_points_generic": 11.909246575342467,
    "mean_budget_gpr": 20.35593456490171,
    "mean_add_points_gpr": 12.142123287671232,
    "mean_budget_hybrid": 20.344073933438125,
    "mean_add_points_hybrid": 12.142123287671232,
    "base_point_cost": 0.35056682755504465,
    "min_points": 9,
    "filter": 0
}