{
    "percentage_bucket_counter_full": {
        "rest": 100.0,
        "5": 32.19178082191781,
        "10": 49.82876712328767,
        "15": 61.47260273972602,
        "20": 69.6917808219178
    },
    "percentage_bucket_counter_generic": {
        "rest": 100.0,
        "5": 22.945205479452056,
        "10": 41.78082191780822,
        "15": 56.16438356164384,
        "20": 62.671232876712324
    },
    "percentage_bucket_counter_gpr": {
        "rest": 100.0,
        "5": 22.26027397260274,
        "10": 40.582191780821915,
        "15": 55.3082191780822,
        "20": 62.328767123287676
    },
    "percentage_bucket_counter_hybrid": {
        "rest": 100.0,
        "5": 22.26027397260274,
        "10": 40.582191780821915,
        "15": 55.3082191780822,
        "20": 62.328767123287676
    },
    "budget": 50,
    "mean_budget_generic": 39.52383228674759,
    "mean_add_points_generic": 13.45890410958904,
    "mean_budget_gpr": 39.85488138802807,
    "mean_add_points_gpr": 13.647260273972602,
    "mean_budget_hybrid": 39.85290953669084,
    "mean_add_points_hybrid": 13.647260273972602,
    "base_point_cost": 0.35056682755504465,
    "min_points": 9,
    "filter": 0
}