{
    "percentage_bucket_counter_full": {
        "rest": 100.0,
        "5": 32.19178082191781,
        "10": 49.82876712328767,
        "15": 61.47260273972602,
        "20": 69.6917808219178
    },
    "percentage_bucket_counter_generic": {
        "rest": 100.0,
        "5": 22.602739726027394,
        "10": 41.43835616438356,
        "15": 55.821917808219176,
        "20": 62.84246575342466
    },
    "percentage_bucket_counter_gpr": {
        "rest": 100.0,
        "5": 22.26027397260274,
        "10": 40.41095890410959,
        "15": 55.13698630136986,
        "20": 61.986301369863014
    },
    "percentage_bucket_counter_hybrid": {
        "rest": 100.0,
        "5": 22.26027397260274,
        "10": 40.41095890410959,
        "15": 55.13698630136986,
        "20": 61.986301369863014
    },
    "budget": 48,
    "mean_budget_generic": 38.20305347536269,
    "mean_add_points_generic": 13.383561643835616,
    "mean_budget_gpr": 38.825710701171836,
    "mean_add_points_gpr": 13.587328767123287,
    "mean_budget_hybrid": 38.825710701171836,
    "mean_add_points_hybrid": 13.587328767123287,
    "base_point_cost": 0.35056682755504465,
    "min_points": 9,
    "filter": 0
}