{
    "percentage_bucket_counter_full": {
        "rest": 100.0,
        "5": 32.19178082191781,
        "10": 49.82876712328767,
        "15": 61.47260273972602,
        "20": 69.6917808219178
    },
    "percentage_bucket_counter_generic": {
        "rest": 100.0,
        "5": 22.945205479452056,
        "10": 41.95205479452055,
        "15": 56.33561643835616,
        "20": 62.84246575342466
    },
    "percentage_bucket_counter_gpr": {
        "rest": 100.0,
        "5": 22.43150684931507,
        "10": 40.582191780821915,
        "15": 55.3082191780822,
        "20": 62.5
    },
    "percentage_bucket_counter_hybrid": {
        "rest": 100.0,
        "5": 22.43150684931507,
        "10": 40.582191780821915,
        "15": 55.3082191780822,
        "20": 62.5
    },
    "budget": 51,
    "mean_budget_generic": 39.779430914858764,
    "mean_add_points_generic": 13.474315068493151,
    "mean_budget_gpr": 40.1375174236738,
    "mean_add_points_gpr": 13.66609589041096,
    "mean_budget_hybrid": 40.1375174236738,
    "mean_add_points_hybrid": 13.66609589041096,
    "base_point_cost": 0.35056682755504465,
    "min_points": 9,
    "filter": 0
}