{
    "percentage_bucket_counter_full": {
        "rest": 100.0,
        "5": 32.19178082191781,
        "10": 49.82876712328767,
        "15": 61.47260273972602,
        "20": 69.6917808219178
    },
    "percentage_bucket_counter_generic": {
        "rest": 100.0,
        "5": 22.43150684931507,
        "10": 42.29452054794521,
        "15": 54.965753424657535,
        "20": 61.81506849315068
    },
    "percentage_bucket_counter_gpr": {
        "rest": 100.0,
        "5": 22.26027397260274,
        "10": 41.60958904109589,
        "15": 54.794520547945204,
        "20": 61.81506849315068
    },
    "percentage_bucket_counter_hybrid": {
        "rest": 100.0,
        "5": 22.26027397260274,
        "10": 41.78082191780822,
        "15": 54.794520547945204,
        "20": 61.81506849315068
    },
    "budget": 78,
    "mean_budget_generic": 45.82913247973834,
    "mean_add_points_generic": 13.866438356164384,
    "mean_budget_gpr": 46.299241077289544,
    "mean_add_points_gpr": 13.993150684931507,
    "mean_budget_hybrid": 46.1108631727063,
    "mean_add_points_hybrid": 13.998287671232877,
    "base_point_cost": 0.35056682755504465,
    "min_points": 9,
    "filter": 0
}