{
    "percentage_bucket_counter_full": {
        "rest": 100.0,
        "5": 32.19178082191781,
        "10": 49.82876712328767,
        "15": 61.47260273972602,
        "20": 69.6917808219178
    },
    "percentage_bucket_counter_generic": {
        "rest": 100.0,
        "5": 23.972602739726025,
        "10": 40.582191780821915,
        "15": 54.28082191780822,
        "20": 61.130136986301366
    },
    "percentage_bucket_counter_gpr": {
        "rest": 100.0,
        "5": 24.143835616438356,
        "10": 40.41095890410959,
        "15": 54.62328767123288,
        "20": 61.3013698630137
    },
    "percentage_bucket_counter_hybrid": {
        "rest": 100.0,
        "5": 23.972602739726025,
        "10": 40.06849315068493,
        "15": 54.28082191780822,
        "20": 60.95890410958904
    },
    "budget": 19,
    "mean_budget_generic": 14.72084027600066,
    "mean_add_points_generic": 11.243150684931507,
    "mean_budget_gpr": 15.080871294742424,
    "mean_add_points_gpr": 11.477739726027398,
    "mean_budget_hybrid": 15.049845570685491,
    "mean_add_points_hybrid": 11.477739726027398,
    "base_point_cost": 0.35056682755504465,
    "min_points": 9,
    "filter": 0
}