{
    "percentage_bucket_counter_full": {
        "rest": 100.0,
        "5": 32.19178082191781,
        "10": 49.82876712328767,
        "15": 61.47260273972602,
        "20": 69.6917808219178
    },
    "percentage_bucket_counter_generic": {
        "rest": 100.0,
        "5": 25.17123287671233,
        "10": 39.8972602739726,
        "15": 53.76712328767124,
        "20": 60.273972602739725
    },
    "percentage_bucket_counter_gpr": {
        "rest": 100.0,
        "5": 23.972602739726025,
        "10": 39.38356164383562,
        "15": 53.76712328767124,
        "20": 60.445205479452056
    },
    "percentage_bucket_counter_hybrid": {
        "rest": 100.0,
        "5": 24.315068493150687,
        "10": 39.38356164383562,
        "15": 53.76712328767124,
        "20": 60.445205479452056
    },
    "budget": 22,
    "mean_budget_generic": 15.94076534738678,
    "mean_add_points_generic": 11.450342465753424,
    "mean_budget_gpr": 16.367768179275604,
    "mean_add_points_gpr": 11.690068493150685,
    "mean_budget_hybrid": 16.34155733521509,
    "mean_add_points_hybrid": 11.695205479452055,
    "base_point_cost": 0.35056682755504465,
    "min_points": 9,
    "filter": 0
}