{
    "percentage_bucket_counter_full": {
        "rest": 100.0,
        "5": 4.3478260869565215,
        "10": 8.695652173913043,
        "15": 8.695652173913043,
        "20": 8.695652173913043
    },
    "percentage_bucket_counter_generic": {
        "rest": 100.0,
        "5": 0.0,
        "10": 0.0,
        "15": 0.0,
        "20": 0.0
    },
    "mean_budget_generic": 15.21258433348155,
    "mean_add_points_generic": 58.18181818181818,
    "nr_func_modeled_generic": 22,
    "percentage_bucket_counter_gpr": {
        "rest": 100.0,
        "5": 4.3478260869565215,
        "10": 4.3478260869565215,
        "15": 4.3478260869565215,
        "20": 4.3478260869565215
    },
    "mean_add_points_gpr": 58.90909090909091,
    "mean_budget_gpr": 15.867741329980191,
    "nr_func_modeled_gpr": 22,
    "percentage_bucket_counter_hybrid": {
        "rest": 100.0,
        "5": 4.3478260869565215,
        "10": 4.3478260869565215,
        "15": 8.695652173913043,
        "20": 8.695652173913043
    },
    "mean_budget_hybrid": 15.799502677934374,
    "mean_add_points_hybrid": 62.391304347826086,
    "nr_func_modeled_hybrid": 23,
    "base_point_cost": 5.139588058508245,
    "min_points": 9,
    "budget": 16
}