{
    "percentage_bucket_counter_full": {
        "rest": 100.0,
        "5": 9.77961432506887,
        "10": 37.878787878787875,
        "15": 58.95316804407713,
        "20": 76.5840220385675
    },
    "percentage_bucket_counter_gpr": {
        "rest": 100.0,
        "5": 67.74193548387096,
        "10": 86.08870967741935,
        "15": 96.57258064516128,
        "20": 98.48790322580645
    },
    "percentage_bucket_counter_hybrid": {
        "rest": 100.0,
        "5": 67.74193548387096,
        "10": 86.08870967741935,
        "15": 96.57258064516128,
        "20": 98.48790322580645
    },
    "mean_budget_generic": 12.93551805350264,
    "percentage_bucket_counter_generic": {
        "rest": 100.0,
        "5": 75.20661157024794,
        "10": 83.60881542699724,
        "15": 92.01101928374655,
        "20": 95.31680440771349
    },
    "mean_add_points_generic": 72.9641873278237,
    "mean_add_points_gpr": 73.29838709677419,
    "mean_budget_gpr": 14.455050806253032,
    "mean_budget_hybrid": 14.455214386209386,
    "mean_add_points_hybrid": 73.29939516129032,
    "point_map_generic": {
        "(4, 10)": 1.0,
        "(4, 20)": 2.0,
        "(4, 30)": 3.0,
        "(4, 40)": 4.0,
        "(4, 50)": 5.0,
        "(8, 10)": 6.0,
        "(8, 20)": 9.950617283950617,
        "(8, 30)": 10.23915592028136,
        "(8, 40)": 12.435935198821797,
        "(8, 50)": 13.385046728971963,
        "(16, 10)": 7.0,
        "(16, 20)": 13.00145560407569,
        "(16, 30)": 13.384217335058215,
        "(16, 40)": 16.188235294117646,
        "(16, 50)": 17.398390342052313,
        "(32, 10)": 8.0,
        "(32, 20)": 16.681818181818183,
        "(32, 30)": 16.205042016806722,
        "(32, 40)": 20.12797619047619,
        "(32, 50)": 21.148325358851675,
        "(64, 10)": 9.0,
        "(64, 20)": 20.0,
        "(64, 30)": 9.0,
        "(64, 40)": 0,
        "(64, 50)": 0
    },
    "base_point_cost": 4.422577227146803,
    "min_points": 9,
    "budget": 15.0
}