{
    "percentage_bucket_counter_full": {
        "rest": 100.0,
        "5": 22.1,
        "10": 48.5,
        "15": 69.19999999999999,
        "20": 82.1
    },
    "percentage_bucket_counter_gpr": {
        "rest": 100.0,
        "5": 68.36836836836837,
        "10": 88.988988988989,
        "15": 98.3983983983984,
        "20": 99.4994994994995
    },
    "percentage_bucket_counter_hybrid": {
        "rest": 100.0,
        "5": 68.36836836836837,
        "10": 88.988988988989,
        "15": 98.3983983983984,
        "20": 99.4994994994995
    },
    "mean_budget_generic": 25.773051574251156,
    "percentage_bucket_counter_generic": {
        "rest": 100.0,
        "5": 72.7,
        "10": 88.6,
        "15": 96.1,
        "20": 97.89999999999999
    },
    "mean_add_points_generic": 82.092,
    "mean_add_points_gpr": 84.04704704704704,
    "mean_budget_gpr": 28.47825495007161,
    "mean_budget_hybrid": 28.478033125670848,
    "mean_add_points_hybrid": 84.04704704704704,
    "point_map_generic": {
        "(4, 10)": 1.0,
        "(4, 20)": 2.0,
        "(4, 30)": 3.0,
        "(4, 40)": 4.0,
        "(4, 50)": 5.0,
        "(8, 10)": 6.65,
        "(8, 20)": 10.118,
        "(8, 30)": 10.365,
        "(8, 40)": 12.357,
        "(8, 50)": 13.742,
        "(16, 10)": 8.031,
        "(16, 20)": 13.325325325325325,
        "(16, 30)": 13.694694694694695,
        "(16, 40)": 16.330321285140563,
        "(16, 50)": 17.412946428571427,
        "(32, 10)": 9.392746113989638,
        "(32, 20)": 16.96808510638298,
        "(32, 30)": 16.954802259887007,
        "(32, 40)": 20.21951219512195,
        "(32, 50)": 21.008591065292098,
        "(64, 10)": 9.0,
        "(64, 20)": 20.641921397379914,
        "(64, 30)": 16.10891089108911,
        "(64, 40)": 0,
        "(64, 50)": 0
    },
    "base_point_cost": 4.422577227146803,
    "min_points": 9,
    "budget": 30.0
}