{
    "percentage_bucket_counter_full": {
        "rest": 100.0,
        "5": 8.555133079847907,
        "10": 27.9467680608365,
        "15": 50.38022813688213,
        "20": 70.15209125475285
    },
    "percentage_bucket_counter_gpr": {
        "rest": 100.0,
        "5": 67.9296346414073,
        "10": 77.40189445196211,
        "15": 89.71583220568336,
        "20": 94.04600811907984
    },
    "percentage_bucket_counter_hybrid": {
        "rest": 100.0,
        "5": 68.02168021680217,
        "10": 77.50677506775068,
        "15": 89.83739837398373,
        "20": 94.17344173441734
    },
    "mean_budget_generic": 6.956012925441092,
    "percentage_bucket_counter_generic": {
        "rest": 100.0,
        "5": 64.06844106463878,
        "10": 76.23574144486692,
        "15": 85.93155893536122,
        "20": 90.8745247148289
    },
    "mean_add_points_generic": 69.5361216730038,
    "mean_add_points_gpr": 64.86468200270636,
    "mean_budget_gpr": 7.749154123132522,
    "mean_budget_hybrid": 7.748974149226084,
    "mean_add_points_hybrid": 64.92005420054201,
    "point_map_generic": {
        "(4, 10)": 1.0,
        "(4, 20)": 2.0,
        "(4, 30)": 3.0,
        "(4, 40)": 4.0,
        "(4, 50)": 5.0,
        "(8, 10)": 6.0,
        "(8, 20)": 9.93194706994329,
        "(8, 30)": 9.9234375,
        "(8, 40)": 12.15632183908046,
        "(8, 50)": 13.381062355658198,
        "(16, 10)": 7.0,
        "(16, 20)": 13.11088295687885,
        "(16, 30)": 12.91358024691358,
        "(16, 40)": 16.235443037974683,
        "(16, 50)": 17.407932011331443,
        "(32, 10)": 8.0,
        "(32, 20)": 16.807792207792208,
        "(32, 30)": 15.024390243902438,
        "(32, 40)": 20.026845637583893,
        "(32, 50)": 21.01818181818182,
        "(64, 10)": 9.0,
        "(64, 20)": 18.32075471698113,
        "(64, 30)": 9.0,
        "(64, 40)": 0,
        "(64, 50)": 0
    },
    "base_point_cost": 2.7299617618215506,
    "min_points": 9,
    "budget": 8.0
}