{
    "percentage_bucket_counter_full": {
        "rest": 100.0,
        "5": 15.11216056670602,
        "10": 43.21133412042503,
        "15": 64.2266824085006,
        "20": 79.33884297520662
    },
    "percentage_bucket_counter_gpr": {
        "rest": 100.0,
        "5": 68.26826826826827,
        "10": 87.78778778778779,
        "15": 97.4974974974975,
        "20": 99.09909909909909
    },
    "percentage_bucket_counter_hybrid": {
        "rest": 100.0,
        "5": 68.26826826826827,
        "10": 87.78778778778779,
        "15": 97.4974974974975,
        "20": 99.09909909909909
    },
    "mean_budget_generic": 16.275837912331593,
    "percentage_bucket_counter_generic": {
        "rest": 100.0,
        "5": 70.6021251475797,
        "10": 83.3530106257379,
        "15": 92.91617473435655,
        "20": 95.98583234946871
    },
    "mean_add_points_generic": 73.11924439197166,
    "mean_add_points_gpr": 77.53553553553553,
    "mean_budget_gpr": 18.165114352615426,
    "mean_budget_hybrid": 18.165171076831058,
    "mean_add_points_hybrid": 77.53553553553553,
    "point_map_generic": {
        "(4, 10)": 1.0,
        "(4, 20)": 2.0,
        "(4, 30)": 3.0,
        "(4, 40)": 4.0,
        "(4, 50)": 5.0,
        "(8, 10)": 6.132875143184422,
        "(8, 20)": 9.978622327790974,
        "(8, 30)": 10.335774058577407,
        "(8, 40)": 12.44625,
        "(8, 50)": 13.876657824933687,
        "(16, 10)": 7.084883720930232,
        "(16, 20)": 12.953063885267275,
        "(16, 30)": 13.486046511627906,
        "(16, 40)": 16.20566037735849,
        "(16, 50)": 17.401941747572817,
        "(32, 10)": 8.0,
        "(32, 20)": 16.656200941915227,
        "(32, 30)": 16.400306748466257,
        "(32, 40)": 20.16867469879518,
        "(32, 50)": 21.181184668989548,
        "(64, 10)": 9.0,
        "(64, 20)": 20.298561151079138,
        "(64, 30)": 9.72258064516129,
        "(64, 40)": 0,
        "(64, 50)": 0
    },
    "base_point_cost": 4.422577227146803,
    "min_points": 9,
    "budget": 19.0
}