{
    "percentage_bucket_counter_random": {
        "rest": 100.0,
        "5": 18.34,
        "10": 41.980000000000004,
        "15": 62.28,
        "20": 78.38000000000001
    },
    "mean_budget_random": 86.30449399999999,
    "mean_add_points_random": 89.609,
    "nr_func_modeled_random": 10000,
    "percentage_bucket_counter_grid": {
        "rest": 100.0,
        "5": 19.12,
        "10": 63.88,
        "15": 85.81,
        "20": 92.7
    },
    "mean_budget_grid": 81.63897991990017,
    "mean_add_points_grid": 61.551993588459226,
    "nr_func_modeled_grid": 9982,
    "percentage_bucket_counter_bayesian": {
        "rest": 100.0,
        "5": 32.550000000000004,
        "10": 59.599999999999994,
        "15": 76.99000000000001,
        "20": 87.92999999999999
    },
    "mean_budget_bayesian": 89.0004419047662,
    "mean_add_points_bayesian": 98.1902,
    "nr_func_modeled_bayesian": 10000,
    "percentage_bucket_counter_full": {
        "rest": 100.0,
        "5": 22.43,
        "10": 49.28,
        "15": 70.16,
        "20": 83.6
    },
    "percentage_bucket_counter_generic": {
        "rest": 100.0,
        "5": 73.55000000000001,
        "10": 85.56,
        "15": 96.17,
        "20": 97.78
    },
    "mean_budget_generic": 71.0021352578613,
    "mean_add_points_generic": 96.0,
    "nr_func_modeled_generic": 10000,
    "percentage_bucket_counter_gpr": {
        "rest": 100.0,
        "5": 42.33,
        "10": 66.29,
        "15": 83.73,
        "20": 92.19000000000001
    },
    "mean_add_points_gpr": 98.1874,
    "mean_budget_gpr": 88.08127507728065,
    "nr_func_modeled_gpr": 10000,
    "percentage_bucket_counter_hybrid": {
        "rest": 100.0,
        "5": 42.33,
        "10": 66.29,
        "15": 83.73,
        "20": 92.19000000000001
    },
    "mean_budget_hybrid": 88.08127507728065,
    "mean_add_points_hybrid": 98.1874,
    "nr_func_modeled_hybrid": 10000,
    "point_map_generic": {
        "(4, 10)": 1.0,
        "(4, 20)": 2.0,
        "(4, 30)": 3.0,
        "(4, 40)": 4.0,
        "(4, 50)": 5.0,
        "(8, 10)": 6.6207,
        "(8, 20)": 10.0906,
        "(8, 30)": 10.4159,
        "(8, 40)": 12.4088,
        "(8, 50)": 13.8404,
        "(16, 10)": 8.0016,
        "(16, 20)": 13.2134,
        "(16, 30)": 13.7465,
        "(16, 40)": 16.3638,
        "(16, 50)": 17.6802,
        "(32, 10)": 9.7104,
        "(32, 20)": 16.9046,
        "(32, 30)": 17.2507,
        "(32, 40)": 20.3594,
        "(32, 50)": 21.2516,
        "(64, 10)": 11.144606121424987,
        "(64, 20)": 21.1224,
        "(64, 30)": 20.8924,
        "(64, 40)": 23.937,
        "(64, 50)": 24.0
    },
    "base_point_cost": 4.439734963034415,
    "min_points": 9,
    "budget": 91.0
}