{
    "percentage_bucket_counter_random": {
        "rest": 100.0,
        "5": 14.34,
        "10": 41.980000000000004,
        "15": 62.28,
        "20": 78.38000000000001
    },
    "mean_budget_random": 84.137801,
    "mean_add_points_random": 88.8225,
    "nr_func_modeled_random": 10000,
    "percentage_bucket_counter_grid": {
        "rest": 100.0,
        "5": 22.869999999999997,
        "10": 65.62,
        "15": 88.07000000000001,
        "20": 94.91000000000001
    },
    "mean_budget_grid": 75.95386330376017,
    "mean_add_points_grid": 58.551972761866615,
    "nr_func_modeled_grid": 9986,
    "percentage_bucket_counter_bayesian": {
        "rest": 100.0,
        "5": 36.21,
        "10": 61.7,
        "15": 79.03999999999999,
        "20": 88.67
    },
    "mean_budget_bayesian": 86.27416357408057,
    "mean_add_points_bayesian": 97.60756075607561,
    "nr_func_modeled_bayesian": 9999,
    "percentage_bucket_counter_full": {
        "rest": 100.0,
        "5": 22.43,
        "10": 49.28,
        "15": 70.16,
        "20": 83.6
    },
    "percentage_bucket_counter_generic": {
        "rest": 100.0,
        "5": 73.57000000000001,
        "10": 85.56,
        "15": 96.17,
        "20": 97.78
    },
    "mean_budget_generic": 70.99192609383759,
    "mean_add_points_generic": 95.9964,
    "nr_func_modeled_generic": 10000,
    "percentage_bucket_counter_gpr": {
        "rest": 100.0,
        "5": 43.91,
        "10": 66.88,
        "15": 84.54,
        "20": 92.39
    },
    "mean_add_points_gpr": 97.64039211763529,
    "mean_budget_gpr": 84.57361687095678,
    "nr_func_modeled_gpr": 9997,
    "percentage_bucket_counter_hybrid": {
        "rest": 100.0,
        "5": 43.91,
        "10": 66.88,
        "15": 84.54,
        "20": 92.39
    },
    "mean_budget_hybrid": 84.57361687095678,
    "mean_add_points_hybrid": 97.64039211763529,
    "nr_func_modeled_hybrid": 9997,
    "point_map_generic": {
        "(4, 10)": 1.0,
        "(4, 20)": 2.0,
        "(4, 30)": 3.0,
        "(4, 40)": 4.0,
        "(4, 50)": 5.0,
        "(8, 10)": 6.6207,
        "(8, 20)": 10.0906,
        "(8, 30)": 10.4159,
        "(8, 40)": 12.4088,
        "(8, 50)": 13.8404,
        "(16, 10)": 8.0016,
        "(16, 20)": 13.2134,
        "(16, 30)": 13.7465,
        "(16, 40)": 16.3638,
        "(16, 50)": 17.6802,
        "(32, 10)": 9.7104,
        "(32, 20)": 16.9046,
        "(32, 30)": 17.2507,
        "(32, 40)": 20.3594,
        "(32, 50)": 21.2516,
        "(64, 10)": 11.144606121424987,
        "(64, 20)": 21.1224,
        "(64, 30)": 20.8924,
        "(64, 40)": 23.936974789915965,
        "(64, 50)": 24.0
    },
    "base_point_cost": 4.439734963034415,
    "min_points": 9,
    "budget": 88.0
}