{
    "percentage_bucket_counter_random": {
        "rest": 100.0,
        "5": 66.42,
        "10": 76.47,
        "15": 86.06,
        "20": 90.27
    },
    "mean_budget_random": 48.521263999999995,
    "mean_add_points_random": 72.5548,
    "nr_func_modeled_random": 10000,
    "percentage_bucket_counter_grid": {
        "rest": 100.0,
        "5": 60.51,
        "10": 83.89999999999999,
        "15": 93.39,
        "20": 97.56
    },
    "mean_budget_grid": 39.808692360646326,
    "mean_add_points_grid": 45.514,
    "nr_func_modeled_grid": 10000,
    "percentage_bucket_counter_bayesian": {
        "rest": 100.0,
        "5": 62.93,
        "10": 78.11,
        "15": 90.53999999999999,
        "20": 95.08
    },
    "mean_budget_bayesian": 49.749850358274266,
    "mean_add_points_bayesian": 89.35990797239172,
    "nr_func_modeled_bayesian": 9997,
    "percentage_bucket_counter_full": {
        "rest": 100.0,
        "5": 22.43,
        "10": 49.28,
        "15": 70.16,
        "20": 83.6
    },
    "percentage_bucket_counter_generic": {
        "rest": 100.0,
        "5": 77.91,
        "10": 91.36999999999999,
        "15": 96.49,
        "20": 99.03
    },
    "mean_budget_generic": 42.55370220486407,
    "mean_add_points_generic": 89.14462892578516,
    "nr_func_modeled_generic": 9998,
    "percentage_bucket_counter_gpr": {
        "rest": 100.0,
        "5": 79.89,
        "10": 88.36,
        "15": 96.59,
        "20": 99.07000000000001
    },
    "mean_add_points_gpr": 90.47491236855284,
    "mean_budget_gpr": 48.94440227242581,
    "nr_func_modeled_gpr": 9985,
    "percentage_bucket_counter_hybrid": {
        "rest": 100.0,
        "5": 79.89,
        "10": 88.36,
        "15": 96.59,
        "20": 99.07000000000001
    },
    "mean_budget_hybrid": 48.94440227242581,
    "mean_add_points_hybrid": 90.47491236855284,
    "nr_func_modeled_hybrid": 9985,
    "point_map_generic": {
        "(4, 10)": 1.0,
        "(4, 20)": 2.0,
        "(4, 30)": 3.0,
        "(4, 40)": 4.0,
        "(4, 50)": 5.0,
        "(8, 10)": 6.6207,
        "(8, 20)": 10.0906,
        "(8, 30)": 10.4159,
        "(8, 40)": 12.4088,
        "(8, 50)": 13.8404,
        "(16, 10)": 8.0016,
        "(16, 20)": 13.2134,
        "(16, 30)": 13.7465,
        "(16, 40)": 16.3638,
        "(16, 50)": 17.6802,
        "(32, 10)": 9.702591814269988,
        "(32, 20)": 16.9046,
        "(32, 30)": 17.2507,
        "(32, 40)": 20.35586401126534,
        "(32, 50)": 21.029824561403508,
        "(64, 10)": 9.0,
        "(64, 20)": 20.979883720930232,
        "(64, 30)": 19.845584905660377,
        "(64, 40)": 24.0,
        "(64, 50)": 0
    },
    "base_point_cost": 4.439734963034415,
    "min_points": 9,
    "budget": 51.0
}