{
    "percentage_bucket_counter_random": {
        "rest": 100.0,
        "5": 57.05,
        "10": 66.83,
        "15": 77.91,
        "20": 85.50999999999999
    },
    "mean_budget_random": 52.855273,
    "mean_add_points_random": 75.1045,
    "nr_func_modeled_random": 10000,
    "percentage_bucket_counter_grid": {
        "rest": 100.0,
        "5": 59.39,
        "10": 82.35,
        "15": 92.97999999999999,
        "20": 97.24000000000001
    },
    "mean_budget_grid": 44.1521343930627,
    "mean_add_points_grid": 46.42304230423042,
    "nr_func_modeled_grid": 9999,
    "percentage_bucket_counter_bayesian": {
        "rest": 100.0,
        "5": 55.04,
        "10": 74.1,
        "15": 87.83999999999999,
        "20": 93.41000000000001
    },
    "mean_budget_bayesian": 54.6508662410354,
    "mean_add_points_bayesian": 90.47188312987792,
    "nr_func_modeled_bayesian": 9994,
    "percentage_bucket_counter_full": {
        "rest": 100.0,
        "5": 22.43,
        "10": 49.28,
        "15": 70.16,
        "20": 83.6
    },
    "percentage_bucket_counter_generic": {
        "rest": 100.0,
        "5": 77.25999999999999,
        "10": 90.86999999999999,
        "15": 96.24000000000001,
        "20": 99.02
    },
    "mean_budget_generic": 46.661388042391465,
    "mean_add_points_generic": 90.19821982198219,
    "nr_func_modeled_generic": 9999,
    "percentage_bucket_counter_gpr": {
        "rest": 100.0,
        "5": 77.03999999999999,
        "10": 85.8,
        "15": 94.69999999999999,
        "20": 97.61999999999999
    },
    "mean_add_points_gpr": 91.63101550775387,
    "mean_budget_gpr": 53.701872913237324,
    "nr_func_modeled_gpr": 9995,
    "percentage_bucket_counter_hybrid": {
        "rest": 100.0,
        "5": 77.03999999999999,
        "10": 85.8,
        "15": 94.69999999999999,
        "20": 97.61999999999999
    },
    "mean_budget_hybrid": 53.701872913237324,
    "mean_add_points_hybrid": 91.63101550775387,
    "nr_func_modeled_hybrid": 9995,
    "point_map_generic": {
        "(4, 10)": 1.0,
        "(4, 20)": 2.0,
        "(4, 30)": 3.0,
        "(4, 40)": 4.0,
        "(4, 50)": 5.0,
        "(8, 10)": 6.6207,
        "(8, 20)": 10.0906,
        "(8, 30)": 10.4159,
        "(8, 40)": 12.4088,
        "(8, 50)": 13.8404,
        "(16, 10)": 8.0016,
        "(16, 20)": 13.2134,
        "(16, 30)": 13.7465,
        "(16, 40)": 16.3638,
        "(16, 50)": 17.6802,
        "(32, 10)": 9.708141628325665,
        "(32, 20)": 16.9046,
        "(32, 30)": 17.2507,
        "(32, 40)": 20.359079539769883,
        "(32, 50)": 21.085821306599097,
        "(64, 10)": 9.0,
        "(64, 20)": 21.061471028437033,
        "(64, 30)": 20.067232739420934,
        "(64, 40)": 24.0,
        "(64, 50)": 0
    },
    "base_point_cost": 4.439734963034415,
    "min_points": 9,
    "budget": 56.0
}