{
    "percentage_bucket_counter_random": {
        "rest": 100.0,
        "5": 74.44,
        "10": 86.63,
        "15": 95.00999999999999,
        "20": 98.53
    },
    "mean_budget_random": 35.990435,
    "mean_add_points_random": 64.7419,
    "nr_func_modeled_random": 10000,
    "percentage_bucket_counter_grid": {
        "rest": 100.0,
        "5": 66.36,
        "10": 86.6,
        "15": 94.91000000000001,
        "20": 98.28
    },
    "mean_budget_grid": 29.10281231450649,
    "mean_add_points_grid": 43.263811048839074,
    "nr_func_modeled_grid": 9992,
    "percentage_bucket_counter_bayesian": {
        "rest": 100.0,
        "5": 69.34,
        "10": 82.38,
        "15": 92.47999999999999,
        "20": 96.58
    },
    "mean_budget_bayesian": 37.0177149113776,
    "mean_add_points_bayesian": 85.37068188645239,
    "nr_func_modeled_bayesian": 9987,
    "percentage_bucket_counter_full": {
        "rest": 100.0,
        "5": 22.43,
        "10": 49.28,
        "15": 70.16,
        "20": 83.6
    },
    "percentage_bucket_counter_generic": {
        "rest": 100.0,
        "5": 75.63,
        "10": 89.37,
        "15": 96.17,
        "20": 98.21
    },
    "mean_budget_generic": 31.335096383226176,
    "mean_add_points_generic": 85.31852741096439,
    "nr_func_modeled_generic": 9996,
    "percentage_bucket_counter_gpr": {
        "rest": 100.0,
        "5": 79.84,
        "10": 91.94,
        "15": 97.33000000000001,
        "20": 99.32
    },
    "mean_add_points_gpr": 86.83129388164494,
    "mean_budget_gpr": 36.29265311434568,
    "nr_func_modeled_gpr": 9970,
    "percentage_bucket_counter_hybrid": {
        "rest": 100.0,
        "5": 79.84,
        "10": 91.94,
        "15": 97.33000000000001,
        "20": 99.32
    },
    "mean_budget_hybrid": 36.29265311434568,
    "mean_add_points_hybrid": 86.83129388164494,
    "nr_func_modeled_hybrid": 9970,
    "point_map_generic": {
        "(4, 10)": 1.0,
        "(4, 20)": 2.0,
        "(4, 30)": 3.0,
        "(4, 40)": 4.0,
        "(4, 50)": 5.0,
        "(8, 10)": 6.6207,
        "(8, 20)": 10.0906,
        "(8, 30)": 10.4159,
        "(8, 40)": 12.4088,
        "(8, 50)": 13.8404,
        "(16, 10)": 8.0016,
        "(16, 20)": 13.2134,
        "(16, 30)": 13.7465,
        "(16, 40)": 16.3638,
        "(16, 50)": 17.66980753809142,
        "(32, 10)": 9.607874810701666,
        "(32, 20)": 16.89846339258813,
        "(32, 30)": 17.215386185083155,
        "(32, 40)": 20.257396080389466,
        "(32, 50)": 21.013353524229075,
        "(64, 10)": 9.0,
        "(64, 20)": 20.561807631440125,
        "(64, 30)": 18.211761916054066,
        "(64, 40)": 0,
        "(64, 50)": 0
    },
    "base_point_cost": 4.439734963034415,
    "min_points": 9,
    "budget": 38.0
}