{
    "percentage_bucket_counter_random": {
        "rest": 100.0,
        "5": 33.08,
        "10": 45.019999999999996,
        "15": 50.31,
        "20": 52.980000000000004
    },
    "mean_budget_random": 8.039403858994818,
    "mean_add_points_random": 43.94262005649718,
    "nr_func_modeled_random": 5664,
    "percentage_bucket_counter_grid": {
        "rest": 100.0,
        "5": 13.99,
        "10": 24.34,
        "15": 30.959999999999997,
        "20": 35.06
    },
    "mean_budget_grid": 5.494749626160795,
    "mean_add_points_grid": 38.01836158192091,
    "nr_func_modeled_grid": 5664,
    "percentage_bucket_counter_bayesian": {
        "rest": 100.0,
        "5": 54.949999999999996,
        "10": 62.44,
        "15": 70.13000000000001,
        "20": 72.78999999999999
    },
    "mean_budget_bayesian": 8.843330085083162,
    "mean_add_points_bayesian": 61.88859281817028,
    "nr_func_modeled_bayesian": 7881,
    "percentage_bucket_counter_full": {
        "rest": 100.0,
        "5": 22.43,
        "10": 49.28,
        "15": 70.16,
        "20": 83.6
    },
    "percentage_bucket_counter_generic": {
        "rest": 100.0,
        "5": 36.84,
        "10": 42.35,
        "15": 48.15,
        "20": 50.970000000000006
    },
    "mean_budget_generic": 7.82327109329902,
    "mean_add_points_generic": 69.33829523303207,
    "nr_func_modeled_generic": 5643,
    "percentage_bucket_counter_gpr": {
        "rest": 100.0,
        "5": 54.21,
        "10": 64.11,
        "15": 71.09,
        "20": 73.6
    },
    "mean_add_points_gpr": 64.09796277665995,
    "mean_budget_gpr": 8.727084783795842,
    "nr_func_modeled_gpr": 7952,
    "percentage_bucket_counter_hybrid": {
        "rest": 100.0,
        "5": 54.2,
        "10": 63.690000000000005,
        "15": 70.65,
        "20": 73.16
    },
    "mean_budget_hybrid": 8.726516636888112,
    "mean_add_points_hybrid": 64.07741611159985,
    "nr_func_modeled_hybrid": 7957,
    "point_map_generic": {
        "(4, 10)": 1.0,
        "(4, 20)": 2.0,
        "(4, 30)": 3.0,
        "(4, 40)": 4.0,
        "(4, 50)": 5.0,
        "(8, 10)": 6.0,
        "(8, 20)": 9.910317043265021,
        "(8, 30)": 10.069660589891804,
        "(8, 40)": 12.18391061452514,
        "(8, 50)": 13.42595523400407,
        "(16, 10)": 7.0,
        "(16, 20)": 12.954192693545334,
        "(16, 30)": 13.044317985859632,
        "(16, 40)": 16.239532619279455,
        "(16, 50)": 17.41579689703808,
        "(32, 10)": 8.0,
        "(32, 20)": 16.484021460228597,
        "(32, 30)": 15.397540032490136,
        "(32, 40)": 20.04208065458796,
        "(32, 50)": 21.0633608815427,
        "(64, 10)": 9.0,
        "(64, 20)": 18.434227330779056,
        "(64, 30)": 9.0,
        "(64, 40)": 0,
        "(64, 50)": 0
    },
    "base_point_cost": 3.1370689442306547,
    "min_points": 9,
    "budget": 9.0
}