{
    "percentage_bucket_counter_random": {
        "rest": 100.0,
        "5": 44.41,
        "10": 57.07,
        "15": 61.85000000000001,
        "20": 64.37
    },
    "mean_budget_random": 10.84038235645635,
    "mean_add_points_random": 46.32839395300105,
    "nr_func_modeled_random": 6681,
    "percentage_bucket_counter_grid": {
        "rest": 100.0,
        "5": 22.17,
        "10": 33.2,
        "15": 40.53,
        "20": 45.2
    },
    "mean_budget_grid": 7.520800495228402,
    "mean_add_points_grid": 38.47499251272836,
    "nr_func_modeled_grid": 6678,
    "percentage_bucket_counter_bayesian": {
        "rest": 100.0,
        "5": 69.57,
        "10": 85.39,
        "15": 94.5,
        "20": 96.77
    },
    "mean_budget_bayesian": 11.779069228652386,
    "mean_add_points_bayesian": 66.41893801736322,
    "nr_func_modeled_bayesian": 9906,
    "percentage_bucket_counter_full": {
        "rest": 100.0,
        "5": 22.43,
        "10": 49.28,
        "15": 70.16,
        "20": 83.6
    },
    "percentage_bucket_counter_generic": {
        "rest": 100.0,
        "5": 46.45,
        "10": 52.629999999999995,
        "15": 58.43000000000001,
        "20": 61.62
    },
    "mean_budget_generic": 10.461934272713696,
    "mean_add_points_generic": 71.0424733603482,
    "nr_func_modeled_generic": 6663,
    "percentage_bucket_counter_gpr": {
        "rest": 100.0,
        "5": 70.98,
        "10": 85.26,
        "15": 94.03,
        "20": 96.48
    },
    "mean_add_points_gpr": 68.08436152071421,
    "mean_budget_gpr": 11.620725162994304,
    "nr_func_modeled_gpr": 9969,
    "percentage_bucket_counter_hybrid": {
        "rest": 100.0,
        "5": 70.73,
        "10": 85.22999999999999,
        "15": 94.05,
        "20": 96.5
    },
    "mean_budget_hybrid": 11.620712551417208,
    "mean_add_points_hybrid": 68.07389211951073,
    "nr_func_modeled_hybrid": 9974,
    "point_map_generic": {
        "(4, 10)": 1.0,
        "(4, 20)": 2.0,
        "(4, 30)": 3.0,
        "(4, 40)": 4.0,
        "(4, 50)": 5.0,
        "(8, 10)": 6.0,
        "(8, 20)": 9.92418184510588,
        "(8, 30)": 10.223243933588762,
        "(8, 40)": 12.416428210738934,
        "(8, 50)": 13.38253807106599,
        "(16, 10)": 7.0,
        "(16, 20)": 12.925815558343789,
        "(16, 30)": 13.275405892964521,
        "(16, 40)": 16.2134236713953,
        "(16, 50)": 17.435627715527097,
        "(32, 10)": 8.0,
        "(32, 20)": 16.479674796747968,
        "(32, 30)": 15.936664044059796,
        "(32, 40)": 20.085036794766967,
        "(32, 50)": 21.130807719799858,
        "(64, 10)": 9.0,
        "(64, 20)": 19.440484196368526,
        "(64, 30)": 9.0,
        "(64, 40)": 0,
        "(64, 50)": 0
    },
    "base_point_cost": 4.439734963034415,
    "min_points": 9,
    "budget": 12.0
}