{
    "percentage_bucket_counter_random": {
        "rest": 100.0,
        "5": 14.530000000000001,
        "10": 41.68,
        "15": 62.29,
        "20": 78.38000000000001
    },
    "mean_budget_random": 71.745726,
    "mean_add_points_random": 84.3653,
    "nr_func_modeled_random": 10000,
    "percentage_bucket_counter_grid": {
        "rest": 100.0,
        "5": 36.01,
        "10": 69.48,
        "15": 89.91,
        "20": 95.57
    },
    "mean_budget_grid": 60.38796065044584,
    "mean_add_points_grid": 51.30791554087862,
    "nr_func_modeled_grid": 9993,
    "percentage_bucket_counter_bayesian": {
        "rest": 100.0,
        "5": 49.16,
        "10": 69.28,
        "15": 86.27,
        "20": 93.45
    },
    "mean_budget_bayesian": 73.29816658040954,
    "mean_add_points_bayesian": 95.00300030003001,
    "nr_func_modeled_bayesian": 9999,
    "percentage_bucket_counter_full": {
        "rest": 100.0,
        "5": 22.43,
        "10": 49.28,
        "15": 70.16,
        "20": 83.6
    },
    "percentage_bucket_counter_generic": {
        "rest": 100.0,
        "5": 78.03999999999999,
        "10": 86.53,
        "15": 96.17,
        "20": 98.39
    },
    "mean_budget_generic": 63.227625026014366,
    "mean_add_points_generic": 94.1096,
    "nr_func_modeled_generic": 10000,
    "percentage_bucket_counter_gpr": {
        "rest": 100.0,
        "5": 57.830000000000005,
        "10": 73.44000000000001,
        "15": 88.96,
        "20": 94.13
    },
    "mean_add_points_gpr": 95.4117,
    "mean_budget_gpr": 72.1775718768142,
    "nr_func_modeled_gpr": 10000,
    "percentage_bucket_counter_hybrid": {
        "rest": 100.0,
        "5": 57.830000000000005,
        "10": 73.44000000000001,
        "15": 88.96,
        "20": 94.13
    },
    "mean_budget_hybrid": 72.1775718768142,
    "mean_add_points_hybrid": 95.4117,
    "nr_func_modeled_hybrid": 10000,
    "point_map_generic": {
        "(4, 10)": 1.0,
        "(4, 20)": 2.0,
        "(4, 30)": 3.0,
        "(4, 40)": 4.0,
        "(4, 50)": 5.0,
        "(8, 10)": 6.6207,
        "(8, 20)": 10.0906,
        "(8, 30)": 10.4159,
        "(8, 40)": 12.4088,
        "(8, 50)": 13.8404,
        "(16, 10)": 8.0016,
        "(16, 20)": 13.2134,
        "(16, 30)": 13.7465,
        "(16, 40)": 16.3638,
        "(16, 50)": 17.6802,
        "(32, 10)": 9.7104,
        "(32, 20)": 16.9046,
        "(32, 30)": 17.2507,
        "(32, 40)": 20.3594,
        "(32, 50)": 21.2516,
        "(64, 10)": 10.317453535569323,
        "(64, 20)": 21.1224,
        "(64, 30)": 20.88605817452357,
        "(64, 40)": 23.89515314708852,
        "(64, 50)": 0
    },
    "base_point_cost": 4.439734963034415,
    "min_points": 9,
    "budget": 75.0
}