{
    "percentage_bucket_counter_random": {
        "rest": 100.0,
        "5": 55.06999999999999,
        "10": 68.05,
        "15": 72.85000000000001,
        "20": 74.67
    },
    "mean_budget_random": 15.454905980440117,
    "mean_add_points_random": 49.75496342737722,
    "nr_func_modeled_random": 7656,
    "percentage_bucket_counter_grid": {
        "rest": 100.0,
        "5": 36.17,
        "10": 47.33,
        "15": 54.17999999999999,
        "20": 58.199999999999996
    },
    "mean_budget_grid": 11.799660222590537,
    "mean_add_points_grid": 39.65938521909745,
    "nr_func_modeled_grid": 7645,
    "percentage_bucket_counter_bayesian": {
        "rest": 100.0,
        "5": 72.17,
        "10": 89.21,
        "15": 96.83,
        "20": 98.21
    },
    "mean_budget_bayesian": 16.591203386211404,
    "mean_add_points_bayesian": 73.97218596244603,
    "nr_func_modeled_bayesian": 9959,
    "percentage_bucket_counter_full": {
        "rest": 100.0,
        "5": 22.43,
        "10": 49.28,
        "15": 70.16,
        "20": 83.6
    },
    "percentage_bucket_counter_generic": {
        "rest": 100.0,
        "5": 54.86,
        "10": 61.96,
        "15": 69.99,
        "20": 72.31
    },
    "mean_budget_generic": 14.54385177960369,
    "mean_add_points_generic": 73.13060530788339,
    "nr_func_modeled_generic": 7649,
    "percentage_bucket_counter_gpr": {
        "rest": 100.0,
        "5": 69.38,
        "10": 86.49,
        "15": 95.33,
        "20": 97.27
    },
    "mean_add_points_gpr": 75.31208659049909,
    "mean_budget_gpr": 16.376584362711615,
    "nr_func_modeled_gpr": 9978,
    "percentage_bucket_counter_hybrid": {
        "rest": 100.0,
        "5": 69.38,
        "10": 86.49,
        "15": 95.33,
        "20": 97.27
    },
    "mean_budget_hybrid": 16.37658370470538,
    "mean_add_points_hybrid": 75.31208659049909,
    "nr_func_modeled_hybrid": 9978,
    "point_map_generic": {
        "(4, 10)": 1.0,
        "(4, 20)": 2.0,
        "(4, 30)": 3.0,
        "(4, 40)": 4.0,
        "(4, 50)": 5.0,
        "(8, 10)": 6.0,
        "(8, 20)": 9.933523760062322,
        "(8, 30)": 10.33359692724808,
        "(8, 40)": 12.498414449193437,
        "(8, 50)": 13.764542483660131,
        "(16, 10)": 7.0,
        "(16, 20)": 12.837599779796312,
        "(16, 30)": 13.458512522135088,
        "(16, 40)": 16.205045408678103,
        "(16, 50)": 17.4776849398818,
        "(32, 10)": 8.0,
        "(32, 20)": 16.457904201405917,
        "(32, 30)": 16.36362142622412,
        "(32, 40)": 20.150540615469918,
        "(32, 50)": 21.199111470113085,
        "(64, 10)": 9.0,
        "(64, 20)": 19.88421052631579,
        "(64, 30)": 9.119743406985032,
        "(64, 40)": 0,
        "(64, 50)": 0
    },
    "base_point_cost": 4.439734963034415,
    "min_points": 9,
    "budget": 17.0
}