{
    "percentage_bucket_counter_random": {
        "rest": 100.0,
        "5": 72.72999999999999,
        "10": 86.52,
        "15": 95.49,
        "20": 98.35000000000001
    },
    "mean_budget_random": 37.868186,
    "mean_add_points_random": 65.8631,
    "nr_func_modeled_random": 10000,
    "percentage_bucket_counter_grid": {
        "rest": 100.0,
        "5": 65.12,
        "10": 86.3,
        "15": 94.76,
        "20": 98.31
    },
    "mean_budget_grid": 30.90985300405318,
    "mean_add_points_grid": 43.65476547654765,
    "nr_func_modeled_grid": 9999,
    "percentage_bucket_counter_bayesian": {
        "rest": 100.0,
        "5": 68.93,
        "10": 82.88,
        "15": 92.96,
        "20": 96.39
    },
    "mean_budget_bayesian": 39.03420085529728,
    "mean_add_points_bayesian": 85.988098809881,
    "nr_func_modeled_bayesian": 9999,
    "percentage_bucket_counter_full": {
        "rest": 100.0,
        "5": 22.43,
        "10": 49.28,
        "15": 70.16,
        "20": 83.6
    },
    "percentage_bucket_counter_generic": {
        "rest": 100.0,
        "5": 76.44999999999999,
        "10": 90.16999999999999,
        "15": 96.26,
        "20": 98.33
    },
    "mean_budget_generic": 32.501443110746735,
    "mean_add_points_generic": 85.92475485291175,
    "nr_func_modeled_generic": 9994,
    "percentage_bucket_counter_gpr": {
        "rest": 100.0,
        "5": 79.80000000000001,
        "10": 91.25999999999999,
        "15": 97.11,
        "20": 99.17
    },
    "mean_add_points_gpr": 87.47256495134918,
    "mean_budget_gpr": 38.256933299624144,
    "nr_func_modeled_gpr": 9969,
    "percentage_bucket_counter_hybrid": {
        "rest": 100.0,
        "5": 79.80000000000001,
        "10": 91.25999999999999,
        "15": 97.11,
        "20": 99.17
    },
    "mean_budget_hybrid": 38.256933299624144,
    "mean_add_points_hybrid": 87.47256495134918,
    "nr_func_modeled_hybrid": 9969,
    "point_map_generic": {
        "(4, 10)": 1.0,
        "(4, 20)": 2.0,
        "(4, 30)": 3.0,
        "(4, 40)": 4.0,
        "(4, 50)": 5.0,
        "(8, 10)": 6.6207,
        "(8, 20)": 10.0906,
        "(8, 30)": 10.4159,
        "(8, 40)": 12.4088,
        "(8, 50)": 13.8404,
        "(16, 10)": 8.0016,
        "(16, 20)": 13.2134,
        "(16, 30)": 13.7465,
        "(16, 40)": 16.3638,
        "(16, 50)": 17.671109329592145,
        "(32, 10)": 9.634541792547834,
        "(32, 20)": 16.902692962258484,
        "(32, 30)": 17.234736098496317,
        "(32, 40)": 20.281957976288297,
        "(32, 50)": 21.021175224986766,
        "(64, 10)": 9.0,
        "(64, 20)": 20.59046822742475,
        "(64, 30)": 18.479973148355338,
        "(64, 40)": 0,
        "(64, 50)": 0
    },
    "base_point_cost": 4.439734963034415,
    "min_points": 9,
    "budget": 40.0
}