{
    "percentage_bucket_counter_full": {
        "rest": 0,
        "5": 0,
        "10": 0,
        "15": 0,
        "20": 0
    },
    "percentage_bucket_counter_generic": {
        "rest": 100.0,
        "5": 1.58,
        "10": 2.19,
        "15": 2.7199999999999998,
        "20": 2.92
    },
    "mean_budget_generic": 0.3648945953270427,
    "mean_add_points_generic": 36.0,
    "nr_func_modeled_generic": 642,
    "percentage_bucket_counter_gpr": {
        "rest": 100.0,
        "5": 4.21,
        "10": 5.25,
        "15": 6.35,
        "20": 6.81
    },
    "mean_budget_gpr": 0.28157717443975777,
    "mean_add_points_gpr": 18.0,
    "nr_func_modeled_gpr": 1450,
    "percentage_bucket_counter_hybrid": {
        "rest": 100.0,
        "5": 4.21,
        "10": 5.25,
        "15": 6.35,
        "20": 6.81
    },
    "mean_budget_hybrid": 0.28157717443975777,
    "mean_add_points_hybrid": 18.0,
    "nr_func_modeled_hybrid": 1450,
    "percentage_bucket_counter_random": {
        "rest": 100.0,
        "5": 1.58,
        "10": 2.19,
        "15": 2.7199999999999998,
        "20": 2.92
    },
    "mean_budget_random": 0.38949000317328963,
    "mean_add_points_random": 36.822429906542055,
    "nr_func_modeled_random": 642,
    "percentage_bucket_counter_grid": {
        "rest": 100.0,
        "5": 1.58,
        "10": 2.19,
        "15": 2.7199999999999998,
        "20": 2.92
    },
    "mean_budget_grid": 0.3648945953270427,
    "mean_add_points_grid": 36.0,
    "nr_func_modeled_grid": 642,
    "percentage_bucket_counter_bayesian": {
        "rest": 100.0,
        "5": 7.489999999999999,
        "10": 9.049999999999999,
        "15": 10.530000000000001,
        "20": 11.44
    },
    "mean_budget_bayesian": 0.49466892371525717,
    "mean_add_points_bayesian": 48.97194076383476,
    "nr_func_modeled_bayesian": 1283,
    "point_map_generic": {
        "(4, 10)": 1.0,
        "(4, 20)": 2.0,
        "(4, 30)": 3.0,
        "(4, 40)": 4.0,
        "(4, 50)": 5.0,
        "(8, 10)": 6.0,
        "(8, 20)": 6.0,
        "(8, 30)": 6.0,
        "(8, 40)": 0,
        "(8, 50)": 0,
        "(16, 10)": 7.0,
        "(16, 20)": 7.0,
        "(16, 30)": 7.0,
        "(16, 40)": 0,
        "(16, 50)": 0,
        "(32, 10)": 8.0,
        "(32, 20)": 8.0,
        "(32, 30)": 8.0,
        "(32, 40)": 0,
        "(32, 50)": 0,
        "(64, 10)": 9.0,
        "(64, 20)": 9.0,
        "(64, 30)": 9.0,
        "(64, 40)": 0,
        "(64, 50)": 0
    },
    "base_point_cost": 0.28157717443975777,
    "min_points": 9,
    "budget": 0.5
}