{
    "percentage_bucket_counter_full": {
        "rest": 0,
        "5": 0,
        "10": 0,
        "15": 0,
        "20": 0
    },
    "percentage_bucket_counter_generic": {
        "rest": 100.0,
        "5": 9.71,
        "10": 12.02,
        "15": 13.98,
        "20": 15.93
    },
    "mean_budget_generic": 1.4905383324771493,
    "mean_add_points_generic": 36.0,
    "nr_func_modeled_generic": 3301,
    "percentage_bucket_counter_gpr": {
        "rest": 100.0,
        "5": 15.920000000000002,
        "10": 19.11,
        "15": 22.21,
        "20": 24.349999999999998
    },
    "mean_budget_gpr": 1.5600741727887153,
    "mean_add_points_gpr": 18.0,
    "nr_func_modeled_gpr": 5306,
    "percentage_bucket_counter_hybrid": {
        "rest": 100.0,
        "5": 15.920000000000002,
        "10": 19.11,
        "15": 22.21,
        "20": 24.349999999999998
    },
    "mean_budget_hybrid": 1.5600741727887153,
    "mean_add_points_hybrid": 18.0,
    "nr_func_modeled_hybrid": 5306,
    "percentage_bucket_counter_random": {
        "rest": 100.0,
        "5": 9.71,
        "10": 12.02,
        "15": 13.98,
        "20": 15.93
    },
    "mean_budget_random": 2.918173395881973,
    "mean_add_points_random": 38.726446531354135,
    "nr_func_modeled_random": 3301,
    "percentage_bucket_counter_grid": {
        "rest": 100.0,
        "5": 10.549999999999999,
        "10": 14.549999999999999,
        "15": 16.98,
        "20": 19.33
    },
    "mean_budget_grid": 2.2158631221685328,
    "mean_add_points_grid": 37.05582524271845,
    "nr_func_modeled_grid": 3296,
    "percentage_bucket_counter_bayesian": {
        "rest": 100.0,
        "5": 36.89,
        "10": 39.12,
        "15": 42.36,
        "20": 44.54
    },
    "mean_budget_bayesian": 3.9452308342692333,
    "mean_add_points_bayesian": 58.495321749092994,
    "nr_func_modeled_bayesian": 5237,
    "point_map_generic": {
        "(4, 10)": 1.0,
        "(4, 20)": 2.0,
        "(4, 30)": 3.0,
        "(4, 40)": 4.0,
        "(4, 50)": 5.0,
        "(8, 10)": 6.0,
        "(8, 20)": 6.0,
        "(8, 30)": 6.0,
        "(8, 40)": 0,
        "(8, 50)": 0,
        "(16, 10)": 7.0,
        "(16, 20)": 7.0,
        "(16, 30)": 7.0,
        "(16, 40)": 0,
        "(16, 50)": 0,
        "(32, 10)": 8.0,
        "(32, 20)": 8.0,
        "(32, 30)": 8.0,
        "(32, 40)": 0,
        "(32, 50)": 0,
        "(64, 10)": 9.0,
        "(64, 20)": 9.0,
        "(64, 30)": 9.0,
        "(64, 40)": 0,
        "(64, 50)": 0
    },
    "base_point_cost": 1.5600741727887153,
    "min_points": 9,
    "budget": 4.0
}