{
    "percentage_bucket_counter_full": {
        "rest": 0,
        "5": 0,
        "10": 0,
        "15": 0,
        "20": 0
    },
    "percentage_bucket_counter_generic": {
        "rest": 100.0,
        "5": 27.85,
        "10": 31.790000000000003,
        "15": 35.3,
        "20": 38.33
    },
    "mean_budget_generic": 8.9028445970246,
    "mean_add_points_generic": 36.0,
    "nr_func_modeled_generic": 10000,
    "percentage_bucket_counter_gpr": {
        "rest": 100.0,
        "5": 28.939999999999998,
        "10": 33.51,
        "15": 37.79,
        "20": 40.78
    },
    "mean_budget_gpr": 4.450699586865215,
    "mean_add_points_gpr": 18.0,
    "nr_func_modeled_gpr": 10000,
    "percentage_bucket_counter_hybrid": {
        "rest": 100.0,
        "5": 28.939999999999998,
        "10": 33.51,
        "15": 37.79,
        "20": 40.78
    },
    "mean_budget_hybrid": 4.450699586865215,
    "mean_add_points_hybrid": 18.0,
    "nr_func_modeled_hybrid": 10000,
    "percentage_bucket_counter_random": {
        "rest": 100.0,
        "5": 27.85,
        "10": 31.790000000000003,
        "15": 35.3,
        "20": 38.33
    },
    "mean_budget_random": 97.171452,
    "mean_add_points_random": 95.791,
    "nr_func_modeled_random": 10000,
    "percentage_bucket_counter_grid": {
        "rest": 100.0,
        "5": 69.01,
        "10": 86.45,
        "15": 94.52000000000001,
        "20": 97.28
    },
    "mean_budget_grid": 98.01076761235969,
    "mean_add_points_grid": 81.06916717080057,
    "nr_func_modeled_grid": 9918,
    "percentage_bucket_counter_bayesian": {
        "rest": 100.0,
        "5": 71.86,
        "10": 85.76,
        "15": 96.14,
        "20": 98.97
    },
    "mean_budget_bayesian": 92.68089557122407,
    "mean_add_points_bayesian": 99.0,
    "nr_func_modeled_bayesian": 10000,
    "point_map_generic": {
        "(4, 10)": 1.0,
        "(4, 20)": 2.0,
        "(4, 30)": 3.0,
        "(4, 40)": 4.0,
        "(4, 50)": 5.0,
        "(8, 10)": 6.0,
        "(8, 20)": 6.0,
        "(8, 30)": 6.0,
        "(8, 40)": 0,
        "(8, 50)": 0,
        "(16, 10)": 7.0,
        "(16, 20)": 7.0,
        "(16, 30)": 7.0,
        "(16, 40)": 0,
        "(16, 50)": 0,
        "(32, 10)": 8.0,
        "(32, 20)": 8.0,
        "(32, 30)": 8.0,
        "(32, 40)": 0,
        "(32, 50)": 0,
        "(64, 10)": 9.0,
        "(64, 20)": 9.0,
        "(64, 30)": 9.0,
        "(64, 40)": 0,
        "(64, 50)": 0
    },
    "base_point_cost": 4.450699586865215,
    "min_points": 9,
    "budget": 99.0
}