{
    "percentage_bucket_counter_full": {
        "rest": 0,
        "5": 0,
        "10": 0,
        "15": 0,
        "20": 0
    },
    "percentage_bucket_counter_generic": {
        "rest": 100.0,
        "5": 19.41,
        "10": 22.400000000000002,
        "15": 25.319999999999997,
        "20": 27.92
    },
    "mean_budget_generic": 4.289394647294417,
    "mean_add_points_generic": 36.0,
    "nr_func_modeled_generic": 6498,
    "percentage_bucket_counter_gpr": {
        "rest": 100.0,
        "5": 28.92,
        "10": 33.489999999999995,
        "15": 37.769999999999996,
        "20": 40.760000000000005
    },
    "mean_budget_gpr": 4.449357130746286,
    "mean_add_points_gpr": 18.0,
    "nr_func_modeled_gpr": 9998,
    "percentage_bucket_counter_hybrid": {
        "rest": 100.0,
        "5": 28.92,
        "10": 33.489999999999995,
        "15": 37.769999999999996,
        "20": 40.760000000000005
    },
    "mean_budget_hybrid": 4.449357130746286,
    "mean_add_points_hybrid": 18.0,
    "nr_func_modeled_hybrid": 9998,
    "percentage_bucket_counter_random": {
        "rest": 100.0,
        "5": 19.41,
        "10": 22.400000000000002,
        "15": 25.319999999999997,
        "20": 27.92
    },
    "mean_budget_random": 9.93867476975712,
    "mean_add_points_random": 45.192366882117575,
    "nr_func_modeled_random": 6498,
    "percentage_bucket_counter_grid": {
        "rest": 100.0,
        "5": 30.509999999999998,
        "10": 38.019999999999996,
        "15": 42.78,
        "20": 46.01
    },
    "mean_budget_grid": 6.8052274225723846,
    "mean_add_points_grid": 38.217297630040015,
    "nr_func_modeled_grid": 6498,
    "percentage_bucket_counter_bayesian": {
        "rest": 100.0,
        "5": 81.43,
        "10": 87.33999999999999,
        "15": 94.32000000000001,
        "20": 96.61
    },
    "mean_budget_bayesian": 10.81008150910525,
    "mean_add_points_bayesian": 63.68109087249673,
    "nr_func_modeled_bayesian": 9937,
    "point_map_generic": {
        "(4, 10)": 1.0,
        "(4, 20)": 2.0,
        "(4, 30)": 3.0,
        "(4, 40)": 4.0,
        "(4, 50)": 5.0,
        "(8, 10)": 6.0,
        "(8, 20)": 6.0,
        "(8, 30)": 6.0,
        "(8, 40)": 0,
        "(8, 50)": 0,
        "(16, 10)": 7.0,
        "(16, 20)": 7.0,
        "(16, 30)": 7.0,
        "(16, 40)": 0,
        "(16, 50)": 0,
        "(32, 10)": 8.0,
        "(32, 20)": 8.0,
        "(32, 30)": 8.0,
        "(32, 40)": 0,
        "(32, 50)": 0,
        "(64, 10)": 9.0,
        "(64, 20)": 9.0,
        "(64, 30)": 9.0,
        "(64, 40)": 0,
        "(64, 50)": 0
    },
    "base_point_cost": 4.449357130746286,
    "min_points": 9,
    "budget": 11.0
}