{
    "percentage_bucket_counter_full": {
        "rest": 0,
        "5": 0,
        "10": 0,
        "15": 0,
        "20": 0
    },
    "percentage_bucket_counter_generic": {
        "rest": 100.0,
        "5": 27.85,
        "10": 31.790000000000003,
        "15": 35.3,
        "20": 38.33
    },
    "mean_budget_generic": 8.9028445970246,
    "mean_add_points_generic": 36.0,
    "nr_func_modeled_generic": 10000,
    "percentage_bucket_counter_gpr": {
        "rest": 100.0,
        "5": 28.939999999999998,
        "10": 33.51,
        "15": 37.79,
        "20": 40.78
    },
    "mean_budget_gpr": 4.450699586865215,
    "mean_add_points_gpr": 18.0,
    "nr_func_modeled_gpr": 10000,
    "percentage_bucket_counter_hybrid": {
        "rest": 100.0,
        "5": 28.939999999999998,
        "10": 33.51,
        "15": 37.79,
        "20": 40.78
    },
    "mean_budget_hybrid": 4.450699586865215,
    "mean_add_points_hybrid": 18.0,
    "nr_func_modeled_hybrid": 10000,
    "percentage_bucket_counter_random": {
        "rest": 100.0,
        "5": 27.85,
        "10": 31.790000000000003,
        "15": 35.3,
        "20": 38.33
    },
    "mean_budget_random": 93.91411799999999,
    "mean_add_points_random": 94.4578,
    "nr_func_modeled_random": 10000,
    "percentage_bucket_counter_grid": {
        "rest": 100.0,
        "5": 65.42999999999999,
        "10": 86.00999999999999,
        "15": 94.33,
        "20": 97.43
    },
    "mean_budget_grid": 92.26804558987418,
    "mean_add_points_grid": 68.22671088332831,
    "nr_func_modeled_grid": 9951,
    "percentage_bucket_counter_bayesian": {
        "rest": 100.0,
        "5": 72.02,
        "10": 86.64,
        "15": 96.12,
        "20": 98.94
    },
    "mean_budget_bayesian": 91.58515485544274,
    "mean_add_points_bayesian": 98.70781234370311,
    "nr_func_modeled_bayesian": 9997,
    "point_map_generic": {
        "(4, 10)": 1.0,
        "(4, 20)": 2.0,
        "(4, 30)": 3.0,
        "(4, 40)": 4.0,
        "(4, 50)": 5.0,
        "(8, 10)": 6.0,
        "(8, 20)": 6.0,
        "(8, 30)": 6.0,
        "(8, 40)": 0,
        "(8, 50)": 0,
        "(16, 10)": 7.0,
        "(16, 20)": 7.0,
        "(16, 30)": 7.0,
        "(16, 40)": 0,
        "(16, 50)": 0,
        "(32, 10)": 8.0,
        "(32, 20)": 8.0,
        "(32, 30)": 8.0,
        "(32, 40)": 0,
        "(32, 50)": 0,
        "(64, 10)": 9.0,
        "(64, 20)": 9.0,
        "(64, 30)": 9.0,
        "(64, 40)": 0,
        "(64, 50)": 0
    },
    "base_point_cost": 4.450699586865215,
    "min_points": 9,
    "budget": 95.0
}