{
    "percentage_bucket_counter_full": {
        "rest": 0,
        "5": 0,
        "10": 0,
        "15": 0,
        "20": 0
    },
    "percentage_bucket_counter_generic": {
        "rest": 100.0,
        "5": 4.590000000000001,
        "10": 5.45,
        "15": 6.510000000000001,
        "20": 7.049999999999999
    },
    "mean_budget_generic": 0.5634808926357471,
    "mean_add_points_generic": 36.0,
    "nr_func_modeled_generic": 1450,
    "percentage_bucket_counter_gpr": {
        "rest": 100.0,
        "5": 7.13,
        "10": 9.19,
        "15": 10.81,
        "20": 12.0
    },
    "mean_budget_gpr": 0.4558293284981582,
    "mean_add_points_gpr": 18.0,
    "nr_func_modeled_gpr": 2393,
    "percentage_bucket_counter_hybrid": {
        "rest": 100.0,
        "5": 7.13,
        "10": 9.19,
        "15": 10.81,
        "20": 12.0
    },
    "mean_budget_hybrid": 0.4558293284981582,
    "mean_add_points_hybrid": 18.0,
    "nr_func_modeled_hybrid": 2393,
    "percentage_bucket_counter_random": {
        "rest": 100.0,
        "5": 4.590000000000001,
        "10": 5.45,
        "15": 6.510000000000001,
        "20": 7.049999999999999
    },
    "mean_budget_random": 0.6133625952084495,
    "mean_add_points_random": 36.9448275862069,
    "nr_func_modeled_random": 1450,
    "percentage_bucket_counter_grid": {
        "rest": 100.0,
        "5": 4.590000000000001,
        "10": 5.45,
        "15": 6.510000000000001,
        "20": 7.049999999999999
    },
    "mean_budget_grid": 0.5634808926357471,
    "mean_add_points_grid": 36.0,
    "nr_func_modeled_grid": 1450,
    "percentage_bucket_counter_bayesian": {
        "rest": 100.0,
        "5": 14.78,
        "10": 17.62,
        "15": 19.55,
        "20": 21.34
    },
    "mean_budget_bayesian": 0.986587834209203,
    "mean_add_points_bayesian": 53.402014267729754,
    "nr_func_modeled_bayesian": 2383,
    "point_map_generic": {
        "(4, 10)": 1.0,
        "(4, 20)": 2.0,
        "(4, 30)": 3.0,
        "(4, 40)": 4.0,
        "(4, 50)": 5.0,
        "(8, 10)": 6.0,
        "(8, 20)": 6.0,
        "(8, 30)": 6.0,
        "(8, 40)": 0,
        "(8, 50)": 0,
        "(16, 10)": 7.0,
        "(16, 20)": 7.0,
        "(16, 30)": 7.0,
        "(16, 40)": 0,
        "(16, 50)": 0,
        "(32, 10)": 8.0,
        "(32, 20)": 8.0,
        "(32, 30)": 8.0,
        "(32, 40)": 0,
        "(32, 50)": 0,
        "(64, 10)": 9.0,
        "(64, 20)": 9.0,
        "(64, 30)": 9.0,
        "(64, 40)": 0,
        "(64, 50)": 0
    },
    "base_point_cost": 0.4558293284981582,
    "min_points": 9,
    "budget": 0.9999999999999999
}