{
    "percentage_bucket_counter_full": {
        "rest": 100.0,
        "5": 87.9,
        "10": 95.3,
        "15": 98.3,
        "20": 99.7
    },
    "percentage_bucket_counter_generic": {
        "rest": 100.0,
        "5": 36.9,
        "10": 40.6,
        "15": 43.3,
        "20": 44.9
    },
    "mean_budget_generic": 0.957463032737671,
    "mean_add_points_generic": 287.89166666666665,
    "nr_func_modeled_generic": 480,
    "percentage_bucket_counter_gpr": {
        "rest": 100.0,
        "5": 42.0,
        "10": 44.800000000000004,
        "15": 48.0,
        "20": 49.7
    },
    "mean_add_points_gpr": 259.0156794425087,
    "mean_budget_gpr": 0.9920472039745408,
    "nr_func_modeled_gpr": 574,
    "percentage_bucket_counter_hybrid": {
        "rest": 100.0,
        "5": 41.4,
        "10": 44.4,
        "15": 47.699999999999996,
        "20": 49.4
    },
    "mean_budget_hybrid": 0.9919879142985097,
    "mean_add_points_hybrid": 259.0278745644599,
    "nr_func_modeled_hybrid": 574,
    "point_map_generic": {
        "(4, 10, 1000)": 1.12012012012012,
        "(4, 10, 2000)": 9.948897795591183,
        "(4, 10, 3000)": 10.945837512537613,
        "(4, 10, 4000)": 12.012036108324974,
        "(4, 10, 5000)": 12.908817635270541,
        "(4, 20, 1000)": 2.0735887096774195,
        "(4, 20, 2000)": 14.227926078028748,
        "(4, 20, 3000)": 16.987577639751553,
        "(4, 20, 4000)": 20.579166666666666,
        "(4, 20, 5000)": 24.242171189979125,
        "(4, 30, 1000)": 3.0726538849646823,
        "(4, 30, 2000)": 17.77892561983471,
        "(4, 30, 3000)": 22.698744769874477,
        "(4, 30, 4000)": 27.76421052631579,
        "(4, 30, 5000)": 32.019067796610166,
        "(4, 40, 1000)": 4.1140262361251265,
        "(4, 40, 2000)": 21.834368530020704,
        "(4, 40, 3000)": 28.14075630252101,
        "(4, 40, 4000)": 34.063559322033896,
        "(4, 40, 5000)": 37.80266075388027,
        "(4, 50, 1000)": 5.140262361251262,
        "(4, 50, 2000)": 26.116666666666667,
        "(4, 50, 3000)": 32.97644539614561,
        "(4, 50, 4000)": 38.73258426966292,
        "(4, 50, 5000)": 42.45667447306791,
        "(8, 10, 1000)": 6.052684903748734,
        "(8, 10, 2000)": 19.65126050420168,
        "(8, 10, 3000)": 24.326315789473686,
        "(8, 10, 4000)": 28.877378435517972,
        "(8, 10, 5000)": 31.9171974522293,
        "(8, 20, 1000)": 21.210084033613445,
        "(8, 20, 2000)": 30.158458244111348,
        "(8, 20, 3000)": 37.21645021645022,
        "(8, 20, 4000)": 42.40576496674058,
        "(8, 20, 5000)": 46.53810623556582,
        "(8, 30, 1000)": 27.261241970021413,
        "(8, 30, 2000)": 38.32683982683983,
        "(8, 30, 3000)": 46.183035714285715,
        "(8, 30, 4000)": 51.3792270531401,
        "(8, 30, 5000)": 54.608108108108105,
        "(8, 40, 1000)": 32.54838709677419,
        "(8, 40, 2000)": 44.5456570155902,
        "(8, 40, 3000)": 52.224938875305625,
        "(8, 40, 4000)": 57.01939058171745,
        "(8, 40, 5000)": 60.16614420062696,
        "(8, 50, 1000)": 36.69844789356984,
        "(8, 50, 2000)": 48.866348448687354,
        "(8, 50, 3000)": 56.31880108991825,
        "(8, 50, 4000)": 60.798136645962735,
        "(8, 50, 5000)": 64.33447098976109,
        "(16, 10, 1000)": 7.11144883485309,
        "(16, 10, 2000)": 36.9757174392936,
        "(16, 10, 3000)": 43.970454545454544,
        "(16, 10, 4000)": 48.720873786407765,
        "(16, 10, 5000)": 51.121212121212125,
        "(16, 20, 1000)": 39.16299559471366,
        "(16, 20, 2000)": 52.158508158508155,
        "(16, 20, 3000)": 60.196335078534034,
        "(16, 20, 4000)": 65.12576687116564,
        "(16, 20, 5000)": 68.44912280701755,
        "(16, 30, 1000)": 47.32783018867924,
        "(16, 30, 2000)": 61.50948509485095,
        "(16, 30, 3000)": 69.59786476868328,
        "(16, 30, 4000)": 73.76394849785407,
        "(16, 30, 5000)": 76.68947368421053,
        "(16, 40, 1000)": 52.72911392405063,
        "(16, 40, 2000)": 67.48196721311476,
        "(16, 40, 3000)": 74.91592920353982,
        "(16, 40, 4000)": 78.73939393939393,
        "(16, 40, 5000)": 81.47014925373135,
        "(16, 50, 1000)": 56.80386740331492,
        "(16, 50, 2000)": 71.44573643410853,
        "(16, 50, 3000)": 78.33727810650888,
        "(16, 50, 4000)": 82.24409448818898,
        "(16, 50, 5000)": 84.4367816091954,
        "(32, 10, 1000)": 8.191489361702128,
        "(32, 10, 2000)": 56.34782608695652,
        "(32, 10, 3000)": 62.7047619047619,
        "(32, 10, 4000)": 66.38783269961978,
        "(32, 10, 5000)": 66.16517857142857,
        "(32, 20, 1000)": 57.966573816155986,
        "(32, 20, 2000)": 74.89655172413794,
        "(32, 20, 3000)": 83.28099173553719,
        "(32, 20, 4000)": 87.35211267605634,
        "(32, 20, 5000)": 89.0,
        "(32, 30, 1000)": 65.72463768115942,
        "(32, 30, 2000)": 84.85185185185185,
        "(32, 30, 3000)": 93.92857142857143,
        "(32, 30, 4000)": 98.0,
        "(32, 30, 5000)": 0,
        "(32, 40, 1000)": 69.89449541284404,
        "(32, 40, 2000)": 89.05263157894737,
        "(32, 40, 3000)": 0,
        "(32, 40, 4000)": 0,
        "(32, 40, 5000)": 0,
        "(32, 50, 1000)": 72.675,
        "(32, 50, 2000)": 90.33333333333333,
        "(32, 50, 3000)": 0,
        "(32, 50, 4000)": 0,
        "(32, 50, 5000)": 0,
        "(64, 10, 1000)": 9.0,
        "(64, 10, 2000)": 69.4753086419753,
        "(64, 10, 3000)": 75.57291666666667,
        "(64, 10, 4000)": 79.7872340425532,
        "(64, 10, 5000)": 53.23529411764706,
        "(64, 20, 1000)": 70.4,
        "(64, 20, 2000)": 87.5,
        "(64, 20, 3000)": 0,
        "(64, 20, 4000)": 0,
        "(64, 20, 5000)": 0,
        "(64, 30, 1000)": 82.125,
        "(64, 30, 2000)": 0,
        "(64, 30, 3000)": 0,
        "(64, 30, 4000)": 0,
        "(64, 30, 5000)": 0,
        "(64, 40, 1000)": 81.6,
        "(64, 40, 2000)": 0,
        "(64, 40, 3000)": 0,
        "(64, 40, 4000)": 0,
        "(64, 40, 5000)": 0,
        "(64, 50, 1000)": 91.0,
        "(64, 50, 2000)": 0,
        "(64, 50, 3000)": 0,
        "(64, 50, 4000)": 0,
        "(64, 50, 5000)": 0
    },
    "base_point_cost": 0.18764388080449299,
    "min_points": 13,
    "budget": 0.9999999999999999
}