{
    "percentage_bucket_counter_full": {
        "rest": 100.0,
        "5": 91.66666666666666,
        "10": 100.0,
        "15": 100.0,
        "20": 100.0
    },
    "percentage_bucket_counter_generic": {
        "rest": 100.0,
        "5": 33.33333333333333,
        "10": 41.66666666666667,
        "15": 41.66666666666667,
        "20": 41.66666666666667
    },
    "mean_budget_generic": 0.5945184036579972,
    "mean_add_points_generic": 129.0,
    "nr_func_modeled_generic": 5,
    "percentage_bucket_counter_gpr": {
        "rest": 100.0,
        "5": 75.0,
        "10": 83.33333333333334,
        "15": 83.33333333333334,
        "20": 83.33333333333334
    },
    "mean_add_points_gpr": 126.7,
    "mean_budget_gpr": 0.5987094559971455,
    "nr_func_modeled_gpr": 10,
    "percentage_bucket_counter_hybrid": {
        "rest": 100.0,
        "5": 58.333333333333336,
        "10": 66.66666666666666,
        "15": 66.66666666666666,
        "20": 66.66666666666666
    },
    "mean_budget_hybrid": 0.5984193425251138,
    "mean_add_points_hybrid": 132.75,
    "nr_func_modeled_hybrid": 8,
    "base_point_cost": 0.28941812102083586,
    "min_points": 13,
    "budget": 0.6
}