{
    "percentage_bucket_counter_full": {
        "rest": 100.0,
        "5": 91.66666666666666,
        "10": 100.0,
        "15": 100.0,
        "20": 100.0
    },
    "percentage_bucket_counter_generic": {
        "rest": 100.0,
        "5": 83.33333333333334,
        "10": 83.33333333333334,
        "15": 83.33333333333334,
        "20": 83.33333333333334
    },
    "mean_budget_generic": 14.62074976470526,
    "mean_add_points_generic": 386.25,
    "nr_func_modeled_generic": 12,
    "percentage_bucket_counter_gpr": {
        "rest": 100.0,
        "5": 75.0,
        "10": 83.33333333333334,
        "15": 83.33333333333334,
        "20": 83.33333333333334
    },
    "mean_add_points_gpr": 376.1818181818182,
    "mean_budget_gpr": 14.95912374630453,
    "nr_func_modeled_gpr": 11,
    "percentage_bucket_counter_hybrid": {
        "rest": 100.0,
        "5": 75.0,
        "10": 83.33333333333334,
        "15": 83.33333333333334,
        "20": 83.33333333333334
    },
    "mean_budget_hybrid": 14.977687247100796,
    "mean_add_points_hybrid": 376.27272727272725,
    "nr_func_modeled_hybrid": 11,
    "base_point_cost": 0.28941812102083586,
    "min_points": 13,
    "budget": 15
}