{
    "percentage_bucket_counter_full": {
        "rest": 100.0,
        "5": 91.66666666666666,
        "10": 100.0,
        "15": 100.0,
        "20": 100.0
    },
    "percentage_bucket_counter_generic": {
        "rest": 100.0,
        "5": 75.0,
        "10": 75.0,
        "15": 91.66666666666666,
        "20": 91.66666666666666
    },
    "mean_budget_generic": 63.82015003761989,
    "mean_add_points_generic": 497.5,
    "nr_func_modeled_generic": 12,
    "percentage_bucket_counter_gpr": {
        "rest": 100.0,
        "5": 75.0,
        "10": 83.33333333333334,
        "15": 91.66666666666666,
        "20": 91.66666666666666
    },
    "mean_add_points_gpr": 495.0833333333333,
    "mean_budget_gpr": 65.74818202012399,
    "nr_func_modeled_gpr": 12,
    "percentage_bucket_counter_hybrid": {
        "rest": 100.0,
        "5": 75.0,
        "10": 83.33333333333334,
        "15": 91.66666666666666,
        "20": 91.66666666666666
    },
    "mean_budget_hybrid": 66.35139574884232,
    "mean_add_points_hybrid": 495.9166666666667,
    "nr_func_modeled_hybrid": 12,
    "base_point_cost": 0.28941812102083586,
    "min_points": 13,
    "budget": 68
}