{
    "percentage_bucket_counter_full": {
        "rest": 100.0,
        "5": 91.66666666666666,
        "10": 100.0,
        "15": 100.0,
        "20": 100.0
    },
    "percentage_bucket_counter_generic": {
        "rest": 100.0,
        "5": 83.33333333333334,
        "10": 83.33333333333334,
        "15": 83.33333333333334,
        "20": 83.33333333333334
    },
    "mean_budget_generic": 17.30613361602158,
    "mean_add_points_generic": 401.6666666666667,
    "nr_func_modeled_generic": 12,
    "percentage_bucket_counter_gpr": {
        "rest": 100.0,
        "5": 83.33333333333334,
        "10": 83.33333333333334,
        "15": 83.33333333333334,
        "20": 83.33333333333334
    },
    "mean_add_points_gpr": 393.45454545454544,
    "mean_budget_gpr": 17.96269319969545,
    "nr_func_modeled_gpr": 11,
    "percentage_bucket_counter_hybrid": {
        "rest": 100.0,
        "5": 83.33333333333334,
        "10": 83.33333333333334,
        "15": 83.33333333333334,
        "20": 83.33333333333334
    },
    "mean_budget_hybrid": 17.955537688259785,
    "mean_add_points_hybrid": 393.1818181818182,
    "nr_func_modeled_hybrid": 11,
    "base_point_cost": 0.28941812102083586,
    "min_points": 13,
    "budget": 18
}