{
    "percentage_bucket_counter_full": {
        "rest": 100.0,
        "5": 91.66666666666666,
        "10": 100.0,
        "15": 100.0,
        "20": 100.0
    },
    "percentage_bucket_counter_generic": {
        "rest": 100.0,
        "5": 25.0,
        "10": 33.33333333333333,
        "15": 33.33333333333333,
        "20": 33.33333333333333
    },
    "mean_budget_generic": 0.6932565100171721,
    "mean_add_points_generic": 150.0,
    "nr_func_modeled_generic": 4,
    "percentage_bucket_counter_gpr": {
        "rest": 100.0,
        "5": 41.66666666666667,
        "10": 58.333333333333336,
        "15": 58.333333333333336,
        "20": 58.333333333333336
    },
    "mean_add_points_gpr": 140.71428571428572,
    "mean_budget_gpr": 0.6976015852881172,
    "nr_func_modeled_gpr": 7,
    "percentage_bucket_counter_hybrid": {
        "rest": 100.0,
        "5": 50.0,
        "10": 66.66666666666666,
        "15": 66.66666666666666,
        "20": 66.66666666666666
    },
    "mean_budget_hybrid": 0.6969508199305858,
    "mean_add_points_hybrid": 143.375,
    "nr_func_modeled_hybrid": 8,
    "base_point_cost": 0.28941812102083586,
    "min_points": 13,
    "budget": 0.7
}