{
    "percentage_bucket_counter_full": {
        "rest": 100.0,
        "5": 91.66666666666666,
        "10": 100.0,
        "15": 100.0,
        "20": 100.0
    },
    "percentage_bucket_counter_generic": {
        "rest": 100.0,
        "5": 83.33333333333334,
        "10": 91.66666666666666,
        "15": 91.66666666666666,
        "20": 91.66666666666666
    },
    "mean_budget_generic": 41.251462233870136,
    "mean_add_points_generic": 471.25,
    "nr_func_modeled_generic": 12,
    "percentage_bucket_counter_gpr": {
        "rest": 100.0,
        "5": 91.66666666666666,
        "10": 100.0,
        "15": 100.0,
        "20": 100.0
    },
    "mean_add_points_gpr": 467.4166666666667,
    "mean_budget_gpr": 41.78934297398935,
    "nr_func_modeled_gpr": 12,
    "percentage_bucket_counter_hybrid": {
        "rest": 100.0,
        "5": 91.66666666666666,
        "10": 100.0,
        "15": 100.0,
        "20": 100.0
    },
    "mean_budget_hybrid": 41.759686581797986,
    "mean_add_points_hybrid": 467.25,
    "nr_func_modeled_hybrid": 12,
    "base_point_cost": 0.28941812102083586,
    "min_points": 13,
    "budget": 42
}