{
    "percentage_bucket_counter_full": {
        "rest": 100.0,
        "5": 91.66666666666666,
        "10": 100.0,
        "15": 100.0,
        "20": 100.0
    },
    "percentage_bucket_counter_generic": {
        "rest": 100.0,
        "5": 75.0,
        "10": 75.0,
        "15": 83.33333333333334,
        "20": 83.33333333333334
    },
    "mean_budget_generic": 66.69903526436453,
    "mean_add_points_generic": 500.0,
    "nr_func_modeled_generic": 12,
    "percentage_bucket_counter_gpr": {
        "rest": 100.0,
        "5": 91.66666666666666,
        "10": 100.0,
        "15": 100.0,
        "20": 100.0
    },
    "mean_add_points_gpr": 499.6666666666667,
    "mean_budget_gpr": 79.14905643203933,
    "nr_func_modeled_gpr": 12,
    "percentage_bucket_counter_hybrid": {
        "rest": 100.0,
        "5": 91.66666666666666,
        "10": 100.0,
        "15": 100.0,
        "20": 100.0
    },
    "mean_budget_hybrid": 78.85499628060192,
    "mean_add_points_hybrid": 499.6666666666667,
    "nr_func_modeled_hybrid": 12,
    "base_point_cost": 0.28941812102083586,
    "min_points": 13,
    "budget": 80
}