{
    "percentage_bucket_counter_full": {
        "rest": 100.0,
        "5": 91.66666666666666,
        "10": 100.0,
        "15": 100.0,
        "20": 100.0
    },
    "percentage_bucket_counter_generic": {
        "rest": 100.0,
        "5": 83.33333333333334,
        "10": 83.33333333333334,
        "15": 83.33333333333334,
        "20": 83.33333333333334
    },
    "mean_budget_generic": 7.804156172356386,
    "mean_add_points_generic": 330.8333333333333,
    "nr_func_modeled_generic": 12,
    "percentage_bucket_counter_gpr": {
        "rest": 100.0,
        "5": 75.0,
        "10": 83.33333333333334,
        "15": 83.33333333333334,
        "20": 83.33333333333334
    },
    "mean_add_points_gpr": 318.27272727272725,
    "mean_budget_gpr": 7.977693588320525,
    "nr_func_modeled_gpr": 11,
    "percentage_bucket_counter_hybrid": {
        "rest": 100.0,
        "5": 83.33333333333334,
        "10": 83.33333333333334,
        "15": 83.33333333333334,
        "20": 83.33333333333334
    },
    "mean_budget_hybrid": 7.973311086819959,
    "mean_add_points_hybrid": 322.0,
    "nr_func_modeled_hybrid": 10,
    "base_point_cost": 0.28941812102083586,
    "min_points": 13,
    "budget": 8
}