{
    "percentage_bucket_counter_full": {
        "rest": 100.0,
        "5": 57.14285714285714,
        "10": 78.57142857142857,
        "15": 85.71428571428571,
        "20": 92.85714285714286
    },
    "percentage_bucket_counter_generic": {
        "rest": 100.0,
        "5": 7.142857142857142,
        "10": 7.142857142857142,
        "15": 7.142857142857142,
        "20": 7.142857142857142
    },
    "mean_budget_generic": 5.951889389083001,
    "mean_add_points_generic": 38.0,
    "nr_func_modeled_generic": 2,
    "percentage_bucket_counter_gpr": {
        "rest": 100.0,
        "5": 57.14285714285714,
        "10": 71.42857142857143,
        "15": 78.57142857142857,
        "20": 78.57142857142857
    },
    "mean_add_points_gpr": 18.5,
    "mean_budget_gpr": 11.92844479799349,
    "nr_func_modeled_gpr": 14,
    "percentage_bucket_counter_hybrid": {
        "rest": 100.0,
        "5": 21.428571428571427,
        "10": 35.714285714285715,
        "15": 42.857142857142854,
        "20": 78.57142857142857
    },
    "mean_budget_hybrid": 11.829952095000518,
    "mean_add_points_hybrid": 22.428571428571427,
    "nr_func_modeled_hybrid": 14,
    "base_point_cost": 8.791839529489142,
    "min_points": 9,
    "budget": 13
}