{
    "percentage_bucket_counter_full": {
        "rest": 100.0,
        "5": 57.14285714285714,
        "10": 78.57142857142857,
        "15": 85.71428571428571,
        "20": 92.85714285714286
    },
    "percentage_bucket_counter_generic": {
        "rest": 100.0,
        "5": 28.57142857142857,
        "10": 71.42857142857143,
        "15": 78.57142857142857,
        "20": 85.71428571428571
    },
    "mean_budget_generic": 46.58004852450524,
    "mean_add_points_generic": 40.57142857142857,
    "nr_func_modeled_generic": 14,
    "percentage_bucket_counter_gpr": {
        "rest": 100.0,
        "5": 57.14285714285714,
        "10": 71.42857142857143,
        "15": 85.71428571428571,
        "20": 85.71428571428571
    },
    "mean_add_points_gpr": 41.142857142857146,
    "mean_budget_gpr": 48.25973732556934,
    "nr_func_modeled_gpr": 14,
    "percentage_bucket_counter_hybrid": {
        "rest": 100.0,
        "5": 57.14285714285714,
        "10": 64.28571428571429,
        "15": 78.57142857142857,
        "20": 78.57142857142857
    },
    "mean_budget_hybrid": 48.31422409007361,
    "mean_add_points_hybrid": 41.5,
    "nr_func_modeled_hybrid": 14,
    "base_point_cost": 8.791839529489142,
    "min_points": 9,
    "budget": 54
}