{
    "percentage_bucket_counter_full": {
        "rest": 100.0,
        "5": 75.0,
        "10": 100.0,
        "15": 100.0,
        "20": 100.0
    },
    "percentage_bucket_counter_generic": {
        "rest": 100.0,
        "5": 75.0,
        "10": 100.0,
        "15": 100.0,
        "20": 100.0
    },
    "mean_budget_generic": 84.84246737691612,
    "mean_add_points_generic": 740.0,
    "nr_func_modeled_generic": 4,
    "percentage_bucket_counter_gpr": {
        "rest": 100.0,
        "5": 75.0,
        "10": 100.0,
        "15": 100.0,
        "20": 100.0
    },
    "mean_add_points_gpr": 742.0,
    "mean_budget_gpr": 88.3845427310107,
    "nr_func_modeled_gpr": 4,
    "percentage_bucket_counter_hybrid": {
        "rest": 100.0,
        "5": 75.0,
        "10": 100.0,
        "15": 100.0,
        "20": 100.0
    },
    "mean_budget_hybrid": 88.33182842822504,
    "mean_add_points_hybrid": 742.0,
    "nr_func_modeled_hybrid": 4,
    "base_point_cost": 0.20490511850076626,
    "min_points": 13,
    "budget": 89
}