{
    "percentage_bucket_counter_full": {
        "rest": 100.0,
        "5": 87.0,
        "10": 94.5,
        "15": 97.89999999999999,
        "20": 99.9
    },
    "percentage_bucket_counter_gpr": {
        "rest": 100.0,
        "5": 86.07214428857716,
        "10": 94.48897795591182,
        "15": 97.79559118236473,
        "20": 99.8997995991984
    },
    "percentage_bucket_counter_hybrid": {
        "rest": 100.0,
        "5": 86.05817452357071,
        "10": 94.48345035105315,
        "15": 97.79338014042126,
        "20": 99.89969909729187
    },
    "mean_budget_generic": 52.37668180464225,
    "percentage_bucket_counter_generic": {
        "rest": 100.0,
        "5": 84.7,
        "10": 94.1,
        "15": 97.6,
        "20": 99.8
    },
    "mean_add_points_generic": 82.436,
    "mean_add_points_gpr": 83.80260521042084,
    "mean_budget_gpr": 59.15263581752973,
    "mean_budget_hybrid": 59.15350053430327,
    "mean_add_points_hybrid": 83.81043129388165,
    "point_map_generic": {
        "(4, 10)": 1.0,
        "(4, 20)": 2.0,
        "(4, 30)": 3.0,
        "(4, 40)": 4.0,
        "(4, 50)": 5.0,
        "(8, 10)": 6.072,
        "(8, 20)": 10.015,
        "(8, 30)": 11.057,
        "(8, 40)": 12.383,
        "(8, 50)": 13.767,
        "(16, 10)": 7.084,
        "(16, 20)": 13.185,
        "(16, 30)": 14.717,
        "(16, 40)": 16.287,
        "(16, 50)": 17.582,
        "(32, 10)": 8.146,
        "(32, 20)": 17.16,
        "(32, 30)": 18.712,
        "(32, 40)": 20.219,
        "(32, 50)": 21.3347022587269,
        "(64, 10)": 9.0,
        "(64, 20)": 21.336363636363636,
        "(64, 30)": 22.5919881305638,
        "(64, 40)": 24.0,
        "(64, 50)": 0
    },
    "base_point_cost": 2.212710401388016,
    "min_points": 9,
    "budget": 62.0
}