{
    "percentage_bucket_counter_full": {
        "rest": 100.0,
        "5": 86.98698698698699,
        "10": 94.49449449449449,
        "15": 97.8978978978979,
        "20": 99.8998998998999
    },
    "percentage_bucket_counter_gpr": {
        "rest": 100.0,
        "5": 85.2112676056338,
        "10": 92.65593561368209,
        "15": 96.78068410462777,
        "20": 98.8933601609658
    },
    "percentage_bucket_counter_hybrid": {
        "rest": 100.0,
        "5": 85.2112676056338,
        "10": 92.65593561368209,
        "15": 96.78068410462777,
        "20": 98.8933601609658
    },
    "mean_budget_generic": 22.383684291226324,
    "percentage_bucket_counter_generic": {
        "rest": 100.0,
        "5": 84.38438438438438,
        "10": 91.1911911911912,
        "15": 96.5965965965966,
        "20": 98.1981981981982
    },
    "mean_add_points_generic": 69.97097097097097,
    "mean_add_points_gpr": 71.40342052313883,
    "mean_budget_gpr": 24.955476364419113,
    "mean_budget_hybrid": 24.956075963814477,
    "mean_add_points_hybrid": 71.40543259557344,
    "point_map_generic": {
        "(4, 10)": 1.0,
        "(4, 20)": 2.0,
        "(4, 30)": 3.0,
        "(4, 40)": 4.0,
        "(4, 50)": 5.0,
        "(8, 10)": 6.072,
        "(8, 20)": 10.015,
        "(8, 30)": 11.057,
        "(8, 40)": 12.383,
        "(8, 50)": 13.767,
        "(16, 10)": 7.077077077077077,
        "(16, 20)": 13.165489404641775,
        "(16, 30)": 14.715577889447236,
        "(16, 40)": 16.28985507246377,
        "(16, 50)": 17.315245478036175,
        "(32, 10)": 8.02020202020202,
        "(32, 20)": 17.03673938002296,
        "(32, 30)": 18.64886515353805,
        "(32, 40)": 20.16517055655296,
        "(32, 50)": 21.251870324189525,
        "(64, 10)": 9.0,
        "(64, 20)": 20.735449735449734,
        "(64, 30)": 21.0,
        "(64, 40)": 0,
        "(64, 50)": 0
    },
    "base_point_cost": 2.212710401388016,
    "min_points": 9,
    "budget": 26.0
}