{
    "percentage_bucket_counter_full": {
        "rest": 100.0,
        "5": 87.0,
        "10": 94.5,
        "15": 97.89999999999999,
        "20": 99.9
    },
    "percentage_bucket_counter_gpr": {
        "rest": 100.0,
        "5": 85.67134268537075,
        "10": 94.48897795591182,
        "15": 97.79559118236473,
        "20": 99.8997995991984
    },
    "percentage_bucket_counter_hybrid": {
        "rest": 100.0,
        "5": 85.67134268537075,
        "10": 94.48897795591182,
        "15": 97.79559118236473,
        "20": 99.8997995991984
    },
    "mean_budget_generic": 42.33354922307834,
    "percentage_bucket_counter_generic": {
        "rest": 100.0,
        "5": 84.8,
        "10": 93.8,
        "15": 97.2,
        "20": 99.3
    },
    "mean_add_points_generic": 79.984,
    "mean_add_points_gpr": 81.31963927855712,
    "mean_budget_gpr": 48.801337222986845,
    "mean_budget_hybrid": 48.8009036419859,
    "mean_add_points_hybrid": 81.31963927855712,
    "point_map_generic": {
        "(4, 10)": 1.0,
        "(4, 20)": 2.0,
        "(4, 30)": 3.0,
        "(4, 40)": 4.0,
        "(4, 50)": 5.0,
        "(8, 10)": 6.072,
        "(8, 20)": 10.015,
        "(8, 30)": 11.057,
        "(8, 40)": 12.383,
        "(8, 50)": 13.767,
        "(16, 10)": 7.084,
        "(16, 20)": 13.185,
        "(16, 30)": 14.717,
        "(16, 40)": 16.287,
        "(16, 50)": 17.582,
        "(32, 10)": 8.133133133133134,
        "(32, 20)": 17.16,
        "(32, 30)": 18.712,
        "(32, 40)": 20.219,
        "(32, 50)": 21.198135198135198,
        "(64, 10)": 9.0,
        "(64, 20)": 21.229777256740913,
        "(64, 30)": 22.504970178926442,
        "(64, 40)": 24.0,
        "(64, 50)": 0
    },
    "base_point_cost": 2.212710401388016,
    "min_points": 9,
    "budget": 51.0
}