{
    "percentage_bucket_counter_full": {
        "rest": 100.0,
        "5": 87.0,
        "10": 94.5,
        "15": 97.89999999999999,
        "20": 99.9
    },
    "percentage_bucket_counter_gpr": {
        "rest": 100.0,
        "5": 86.84738955823293,
        "10": 94.87951807228916,
        "15": 98.19277108433735,
        "20": 99.8995983935743
    },
    "percentage_bucket_counter_hybrid": {
        "rest": 100.0,
        "5": 86.84738955823293,
        "10": 94.87951807228916,
        "15": 98.19277108433735,
        "20": 99.8995983935743
    },
    "mean_budget_generic": 58.838914785615465,
    "percentage_bucket_counter_generic": {
        "rest": 100.0,
        "5": 84.89999999999999,
        "10": 94.39999999999999,
        "15": 97.8,
        "20": 99.9
    },
    "mean_add_points_generic": 83.916,
    "mean_add_points_gpr": 85.0070281124498,
    "mean_budget_gpr": 65.02798921781533,
    "mean_budget_hybrid": 65.02541760838339,
    "mean_add_points_hybrid": 85.0070281124498,
    "point_map_generic": {
        "(4, 10)": 1.0,
        "(4, 20)": 2.0,
        "(4, 30)": 3.0,
        "(4, 40)": 4.0,
        "(4, 50)": 5.0,
        "(8, 10)": 6.072,
        "(8, 20)": 10.015,
        "(8, 30)": 11.057,
        "(8, 40)": 12.383,
        "(8, 50)": 13.767,
        "(16, 10)": 7.084,
        "(16, 20)": 13.185,
        "(16, 30)": 14.717,
        "(16, 40)": 16.287,
        "(16, 50)": 17.582,
        "(32, 10)": 8.146,
        "(32, 20)": 17.16,
        "(32, 30)": 18.712,
        "(32, 40)": 20.219,
        "(32, 50)": 21.378,
        "(64, 10)": 9.042381432896065,
        "(64, 20)": 21.343,
        "(64, 30)": 22.693080357142858,
        "(64, 40)": 24.0,
        "(64, 50)": 0
    },
    "base_point_cost": 2.212710401388016,
    "min_points": 9,
    "budget": 68.0
}