{
    "percentage_bucket_counter_full": {
        "rest": 100.0,
        "5": 87.0,
        "10": 94.5,
        "15": 97.89999999999999,
        "20": 99.9
    },
    "percentage_bucket_counter_gpr": {
        "rest": 100.0,
        "5": 86.13065326633166,
        "10": 94.87437185929647,
        "15": 97.68844221105527,
        "20": 99.49748743718592
    },
    "percentage_bucket_counter_hybrid": {
        "rest": 100.0,
        "5": 86.13065326633166,
        "10": 94.87437185929647,
        "15": 97.68844221105527,
        "20": 99.49748743718592
    },
    "mean_budget_generic": 31.424063323788573,
    "percentage_bucket_counter_generic": {
        "rest": 100.0,
        "5": 85.0,
        "10": 93.0,
        "15": 96.7,
        "20": 98.9
    },
    "mean_add_points_generic": 76.228,
    "mean_add_points_gpr": 77.55175879396985,
    "mean_budget_gpr": 36.162241877034155,
    "mean_budget_hybrid": 36.16069675465369,
    "mean_add_points_hybrid": 77.55175879396985,
    "point_map_generic": {
        "(4, 10)": 1.0,
        "(4, 20)": 2.0,
        "(4, 30)": 3.0,
        "(4, 40)": 4.0,
        "(4, 50)": 5.0,
        "(8, 10)": 6.072,
        "(8, 20)": 10.015,
        "(8, 30)": 11.057,
        "(8, 40)": 12.383,
        "(8, 50)": 13.767,
        "(16, 10)": 7.084,
        "(16, 20)": 13.185,
        "(16, 30)": 14.717,
        "(16, 40)": 16.287,
        "(16, 50)": 17.57757757757758,
        "(32, 10)": 8.04233870967742,
        "(32, 20)": 17.147325933400605,
        "(32, 30)": 18.706122448979592,
        "(32, 40)": 20.144078144078144,
        "(32, 50)": 21.196948682385575,
        "(64, 10)": 9.0,
        "(64, 20)": 20.92167577413479,
        "(64, 30)": 22.26492537313433,
        "(64, 40)": 0,
        "(64, 50)": 0
    },
    "base_point_cost": 2.212710401388016,
    "min_points": 9,
    "budget": 38.0
}