{
    "percentage_bucket_counter_full": {
        "rest": 100.0,
        "5": 87.0741482965932,
        "10": 94.48897795591182,
        "15": 97.89579158316634,
        "20": 99.8997995991984
    },
    "percentage_bucket_counter_gpr": {
        "rest": 100.0,
        "5": 85.34136546184739,
        "10": 93.07228915662651,
        "15": 96.8875502008032,
        "20": 99.09638554216868
    },
    "percentage_bucket_counter_hybrid": {
        "rest": 100.0,
        "5": 85.32663316582915,
        "10": 93.06532663316584,
        "15": 96.88442211055276,
        "20": 99.09547738693468
    },
    "mean_budget_generic": 24.180208916721977,
    "percentage_bucket_counter_generic": {
        "rest": 100.0,
        "5": 84.76953907815631,
        "10": 91.38276553106212,
        "15": 96.69338677354709,
        "20": 98.39679358717434
    },
    "mean_add_points_generic": 71.56513026052104,
    "mean_add_points_gpr": 72.86646586345381,
    "mean_budget_gpr": 26.81762695370718,
    "mean_budget_hybrid": 26.816266862290206,
    "mean_add_points_hybrid": 72.87839195979899,
    "point_map_generic": {
        "(4, 10)": 1.0,
        "(4, 20)": 2.0,
        "(4, 30)": 3.0,
        "(4, 40)": 4.0,
        "(4, 50)": 5.0,
        "(8, 10)": 6.072,
        "(8, 20)": 10.015,
        "(8, 30)": 11.057,
        "(8, 40)": 12.383,
        "(8, 50)": 13.767,
        "(16, 10)": 7.084,
        "(16, 20)": 13.173694779116467,
        "(16, 30)": 14.715863453815262,
        "(16, 40)": 16.28470111448835,
        "(16, 50)": 17.35468564650059,
        "(32, 10)": 8.031281533804238,
        "(32, 20)": 17.068206820682068,
        "(32, 30)": 18.650060753341435,
        "(32, 40)": 20.1525974025974,
        "(32, 50)": 21.25,
        "(64, 10)": 9.0,
        "(64, 20)": 20.781774580335732,
        "(64, 30)": 21.49122807017544,
        "(64, 40)": 0,
        "(64, 50)": 0
    },
    "base_point_cost": 2.212710401388016,
    "min_points": 9,
    "budget": 28.0
}