{
    "percentage_bucket_counter_full": {
        "rest": 100.0,
        "5": 78.57142857142857,
        "10": 91.07142857142857,
        "15": 96.42857142857143,
        "20": 100.0
    },
    "percentage_bucket_counter_gpr": {
        "rest": 100.0,
        "5": 59.523809523809526,
        "10": 73.80952380952381,
        "15": 85.71428571428571,
        "20": 95.23809523809523
    },
    "percentage_bucket_counter_hybrid": {
        "rest": 100.0,
        "5": 60.46511627906976,
        "10": 74.4186046511628,
        "15": 86.04651162790698,
        "20": 95.34883720930233
    },
    "mean_budget_generic": 0.45808785992810297,
    "percentage_bucket_counter_generic": {
        "rest": 100.0,
        "5": 62.5,
        "10": 73.21428571428571,
        "15": 85.71428571428571,
        "20": 91.07142857142857
    },
    "mean_add_points_generic": 44.214285714285715,
    "mean_add_points_gpr": 46.666666666666664,
    "mean_budget_gpr": 0.48758447954134326,
    "mean_budget_hybrid": 0.4877764054782058,
    "mean_add_points_hybrid": 46.395348837209305,
    "point_map_generic": {
        "(4, 10)": 1.0,
        "(4, 20)": 2.0,
        "(4, 30)": 3.0,
        "(4, 40)": 4.0,
        "(4, 50)": 5.0,
        "(8, 10)": 6.0,
        "(8, 20)": 9.935483870967742,
        "(8, 30)": 10.17910447761194,
        "(8, 40)": 12.08108108108108,
        "(8, 50)": 13.580645161290322,
        "(16, 10)": 7.0,
        "(16, 20)": 13.0,
        "(16, 30)": 12.25,
        "(16, 40)": 16.0,
        "(16, 50)": 0,
        "(32, 10)": 8.0,
        "(32, 20)": 12.5,
        "(32, 30)": 8.0,
        "(32, 40)": 0,
        "(32, 50)": 0,
        "(64, 10)": 9.0,
        "(64, 20)": 9.0,
        "(64, 30)": 9.0,
        "(64, 40)": 0,
        "(64, 50)": 0
    },
    "base_point_cost": 0.23713638337099602,
    "min_points": 9,
    "budget": 0.5
}