{
    "percentage_bucket_counter_full": {
        "rest": 100.0,
        "5": 86.49517684887459,
        "10": 93.08681672025723,
        "15": 97.10610932475883,
        "20": 99.83922829581994
    },
    "percentage_bucket_counter_gpr": {
        "rest": 100.0,
        "5": 84.21052631578947,
        "10": 88.48684210526315,
        "15": 93.91447368421053,
        "20": 96.05263157894737
    },
    "percentage_bucket_counter_hybrid": {
        "rest": 100.0,
        "5": 84.23645320197043,
        "10": 88.50574712643679,
        "15": 93.92446633825944,
        "20": 96.05911330049261
    },
    "mean_budget_generic": 8.707642521202237,
    "percentage_bucket_counter_generic": {
        "rest": 100.0,
        "5": 82.63665594855306,
        "10": 86.81672025723472,
        "15": 92.92604501607717,
        "20": 94.69453376205787
    },
    "mean_add_points_generic": 60.260450160771704,
    "mean_add_points_gpr": 61.9375,
    "mean_budget_gpr": 9.627477450680363,
    "mean_budget_hybrid": 9.627879423496507,
    "mean_add_points_hybrid": 61.893267651888344,
    "point_map_generic": {
        "(4, 10)": 1.0,
        "(4, 20)": 2.0,
        "(4, 30)": 3.0,
        "(4, 40)": 4.0,
        "(4, 50)": 5.0,
        "(8, 10)": 6.0,
        "(8, 20)": 9.99344262295082,
        "(8, 30)": 11.026890756302521,
        "(8, 40)": 12.177551020408163,
        "(8, 50)": 13.363825363825363,
        "(16, 10)": 7.0,
        "(16, 20)": 13.132978723404255,
        "(16, 30)": 14.751515151515152,
        "(16, 40)": 16.196388261851016,
        "(16, 50)": 17.3734335839599,
        "(32, 10)": 8.0,
        "(32, 20)": 16.86004514672686,
        "(32, 30)": 18.596439169139465,
        "(32, 40)": 20.04040404040404,
        "(32, 50)": 21.1123595505618,
        "(64, 10)": 9.0,
        "(64, 20)": 20.2027027027027,
        "(64, 30)": 9.0,
        "(64, 40)": 0,
        "(64, 50)": 0
    },
    "base_point_cost": 2.212710401388016,
    "min_points": 9,
    "budget": 10.0
}