{
    "percentage_bucket_counter_random": {
        "rest": 100.0,
        "5": 34.54,
        "10": 38.41,
        "15": 42.61,
        "20": 44.96
    },
    "mean_budget_random": 60.260144000000004,
    "mean_add_points_random": 78.5596,
    "nr_func_modeled_random": 10000,
    "percentage_bucket_counter_grid": {
        "rest": 100.0,
        "5": 81.91000000000001,
        "10": 92.61,
        "15": 96.7,
        "20": 99.63
    },
    "mean_budget_grid": 51.086780863405494,
    "mean_add_points_grid": 48.19327731092437,
    "nr_func_modeled_grid": 9996,
    "percentage_bucket_counter_bayesian": {
        "rest": 100.0,
        "5": 85.49,
        "10": 93.32000000000001,
        "15": 97.72,
        "20": 99.89
    },
    "mean_budget_bayesian": 61.47329831447238,
    "mean_add_points_bayesian": 92.16793358671734,
    "nr_func_modeled_bayesian": 9998,
    "percentage_bucket_counter_full": {
        "rest": 100.0,
        "5": 84.02,
        "10": 92.83,
        "15": 97.61999999999999,
        "20": 99.74
    },
    "percentage_bucket_counter_generic": {
        "rest": 100.0,
        "5": 83.89,
        "10": 93.16,
        "15": 97.08,
        "20": 99.72
    },
    "mean_budget_generic": 53.75639963703518,
    "mean_add_points_generic": 91.72509003601441,
    "nr_func_modeled_generic": 9996,
    "percentage_bucket_counter_gpr": {
        "rest": 100.0,
        "5": 85.00999999999999,
        "10": 93.37,
        "15": 97.65,
        "20": 99.83
    },
    "mean_add_points_gpr": 92.95617370422254,
    "mean_budget_gpr": 60.636774399877815,
    "nr_func_modeled_gpr": 9994,
    "percentage_bucket_counter_hybrid": {
        "rest": 100.0,
        "5": 85.00999999999999,
        "10": 93.37,
        "15": 97.65,
        "20": 99.83
    },
    "mean_budget_hybrid": 60.63686669690869,
    "mean_add_points_hybrid": 92.95627376425855,
    "nr_func_modeled_hybrid": 9994,
    "point_map_generic": {
        "(4, 10)": 1.0,
        "(4, 20)": 2.0,
        "(4, 30)": 3.0,
        "(4, 40)": 4.0,
        "(4, 50)": 5.0,
        "(8, 10)": 6.1905,
        "(8, 20)": 10.0165,
        "(8, 30)": 10.9303,
        "(8, 40)": 12.4321,
        "(8, 50)": 13.8607,
        "(16, 10)": 7.3091,
        "(16, 20)": 13.1081,
        "(16, 30)": 14.4762,
        "(16, 40)": 16.3181,
        "(16, 50)": 17.6714,
        "(32, 10)": 8.4904,
        "(32, 20)": 17.0188,
        "(32, 30)": 18.3805,
        "(32, 40)": 20.254,
        "(32, 50)": 21.393776606527467,
        "(64, 10)": 9.24910007199424,
        "(64, 20)": 21.186888552697933,
        "(64, 30)": 22.050456838947223,
        "(64, 40)": 23.998788368336026,
        "(64, 50)": 0
    },
    "base_point_cost": 4.44915138586133,
    "min_points": 9,
    "budget": 63.0
}