{
    "percentage_bucket_counter_random": {
        "rest": 100.0,
        "5": 34.54,
        "10": 38.41,
        "15": 42.61,
        "20": 44.96
    },
    "mean_budget_random": 84.341571,
    "mean_add_points_random": 88.8102,
    "nr_func_modeled_random": 10000,
    "percentage_bucket_counter_grid": {
        "rest": 100.0,
        "5": 82.67999999999999,
        "10": 92.09,
        "15": 96.76,
        "20": 99.64
    },
    "mean_budget_grid": 76.74938379038,
    "mean_add_points_grid": 58.85788630904724,
    "nr_func_modeled_grid": 9992,
    "percentage_bucket_counter_bayesian": {
        "rest": 100.0,
        "5": 84.91,
        "10": 93.05,
        "15": 97.6,
        "20": 99.74
    },
    "mean_budget_bayesian": 86.35619234678397,
    "mean_add_points_bayesian": 97.49049619847939,
    "nr_func_modeled_bayesian": 9996,
    "percentage_bucket_counter_full": {
        "rest": 100.0,
        "5": 84.02,
        "10": 92.83,
        "15": 97.61999999999999,
        "20": 99.74
    },
    "percentage_bucket_counter_generic": {
        "rest": 100.0,
        "5": 84.09,
        "10": 93.42,
        "15": 97.48,
        "20": 99.81
    },
    "mean_budget_generic": 71.77158363541444,
    "mean_add_points_generic": 95.9908,
    "nr_func_modeled_generic": 10000,
    "percentage_bucket_counter_gpr": {
        "rest": 100.0,
        "5": 85.22999999999999,
        "10": 93.23,
        "15": 97.64,
        "20": 99.87
    },
    "mean_add_points_gpr": 97.52531012404962,
    "mean_budget_gpr": 84.53994646188555,
    "nr_func_modeled_gpr": 9996,
    "percentage_bucket_counter_hybrid": {
        "rest": 100.0,
        "5": 85.22999999999999,
        "10": 93.23,
        "15": 97.64,
        "20": 99.87
    },
    "mean_budget_hybrid": 84.53994646188555,
    "mean_add_points_hybrid": 97.52531012404962,
    "nr_func_modeled_hybrid": 9996,
    "point_map_generic": {
        "(4, 10)": 1.0,
        "(4, 20)": 2.0,
        "(4, 30)": 3.0,
        "(4, 40)": 4.0,
        "(4, 50)": 5.0,
        "(8, 10)": 6.1905,
        "(8, 20)": 10.0165,
        "(8, 30)": 10.9303,
        "(8, 40)": 12.4321,
        "(8, 50)": 13.8607,
        "(16, 10)": 7.3091,
        "(16, 20)": 13.1081,
        "(16, 30)": 14.4762,
        "(16, 40)": 16.3181,
        "(16, 50)": 17.6714,
        "(32, 10)": 8.4904,
        "(32, 20)": 17.0188,
        "(32, 30)": 18.3805,
        "(32, 40)": 20.254,
        "(32, 50)": 21.4156,
        "(64, 10)": 9.583442047165077,
        "(64, 20)": 21.1944,
        "(64, 30)": 22.3036,
        "(64, 40)": 23.99579284784133,
        "(64, 50)": 24.0
    },
    "base_point_cost": 4.44915138586133,
    "min_points": 9,
    "budget": 88.0
}