{
    "percentage_bucket_counter_random": {
        "rest": 100.0,
        "5": 34.54,
        "10": 38.41,
        "15": 42.61,
        "20": 44.96
    },
    "mean_budget_random": 62.08478899999999,
    "mean_add_points_random": 79.4317,
    "nr_func_modeled_random": 10000,
    "percentage_bucket_counter_grid": {
        "rest": 100.0,
        "5": 81.92,
        "10": 92.51,
        "15": 96.7,
        "20": 99.65
    },
    "mean_budget_grid": 52.47287863575607,
    "mean_add_points_grid": 48.67213442688538,
    "nr_func_modeled_grid": 9998,
    "percentage_bucket_counter_bayesian": {
        "rest": 100.0,
        "5": 85.46000000000001,
        "10": 93.31,
        "15": 97.72,
        "20": 99.89
    },
    "mean_budget_bayesian": 63.421699078267274,
    "mean_add_points_bayesian": 92.69203840768154,
    "nr_func_modeled_bayesian": 9998,
    "percentage_bucket_counter_full": {
        "rest": 100.0,
        "5": 84.02,
        "10": 92.83,
        "15": 97.61999999999999,
        "20": 99.74
    },
    "percentage_bucket_counter_generic": {
        "rest": 100.0,
        "5": 84.00999999999999,
        "10": 93.31,
        "15": 97.2,
        "20": 99.72
    },
    "mean_budget_generic": 56.14503977912429,
    "mean_add_points_generic": 92.28331332533013,
    "nr_func_modeled_generic": 9996,
    "percentage_bucket_counter_gpr": {
        "rest": 100.0,
        "5": 85.28,
        "10": 93.41000000000001,
        "15": 97.7,
        "20": 99.9
    },
    "mean_add_points_gpr": 93.38337667533507,
    "mean_budget_gpr": 62.6876986651165,
    "nr_func_modeled_gpr": 9998,
    "percentage_bucket_counter_hybrid": {
        "rest": 100.0,
        "5": 85.28,
        "10": 93.41000000000001,
        "15": 97.7,
        "20": 99.9
    },
    "mean_budget_hybrid": 62.6876651847453,
    "mean_add_points_hybrid": 93.38337667533507,
    "nr_func_modeled_hybrid": 9998,
    "point_map_generic": {
        "(4, 10)": 1.0,
        "(4, 20)": 2.0,
        "(4, 30)": 3.0,
        "(4, 40)": 4.0,
        "(4, 50)": 5.0,
        "(8, 10)": 6.1905,
        "(8, 20)": 10.0165,
        "(8, 30)": 10.9303,
        "(8, 40)": 12.4321,
        "(8, 50)": 13.8607,
        "(16, 10)": 7.3091,
        "(16, 20)": 13.1081,
        "(16, 30)": 14.4762,
        "(16, 40)": 16.3181,
        "(16, 50)": 17.6714,
        "(32, 10)": 8.4904,
        "(32, 20)": 17.0188,
        "(32, 30)": 18.3805,
        "(32, 40)": 20.254,
        "(32, 50)": 21.413713713713715,
        "(64, 10)": 9.387701079209936,
        "(64, 20)": 21.191393319289798,
        "(64, 30)": 22.139945652173914,
        "(64, 40)": 23.99894105188846,
        "(64, 50)": 0
    },
    "base_point_cost": 4.44915138586133,
    "min_points": 9,
    "budget": 65.0
}