{
    "percentage_bucket_counter_random": {
        "rest": 100.0,
        "5": 20.68,
        "10": 23.27,
        "15": 26.88,
        "20": 28.48
    },
    "mean_budget_random": 6.990713611993109,
    "mean_add_points_random": 42.57237090086694,
    "nr_func_modeled_random": 5306,
    "percentage_bucket_counter_grid": {
        "rest": 100.0,
        "5": 26.52,
        "10": 31.480000000000004,
        "15": 35.82,
        "20": 37.95
    },
    "mean_budget_grid": 4.8667404484900025,
    "mean_add_points_grid": 37.82921771913289,
    "nr_func_modeled_grid": 5305,
    "percentage_bucket_counter_bayesian": {
        "rest": 100.0,
        "5": 59.24,
        "10": 61.11,
        "15": 65.91,
        "20": 67.81
    },
    "mean_budget_bayesian": 7.863633966189588,
    "mean_add_points_bayesian": 61.44660982541616,
    "nr_func_modeled_bayesian": 7389,
    "percentage_bucket_counter_full": {
        "rest": 100.0,
        "5": 84.02,
        "10": 92.83,
        "15": 97.61999999999999,
        "20": 99.74
    },
    "percentage_bucket_counter_generic": {
        "rest": 100.0,
        "5": 41.0,
        "10": 43.47,
        "15": 47.32,
        "20": 48.86
    },
    "mean_budget_generic": 6.931651365862687,
    "mean_add_points_generic": 68.61456953642384,
    "nr_func_modeled_generic": 5285,
    "percentage_bucket_counter_gpr": {
        "rest": 100.0,
        "5": 60.3,
        "10": 63.73,
        "15": 68.7,
        "20": 70.12
    },
    "mean_add_points_gpr": 63.74288781535159,
    "mean_budget_gpr": 7.75851374343078,
    "nr_func_modeled_gpr": 7452,
    "percentage_bucket_counter_hybrid": {
        "rest": 100.0,
        "5": 59.870000000000005,
        "10": 63.29,
        "15": 68.27,
        "20": 69.67999999999999
    },
    "mean_budget_hybrid": 7.757361956854365,
    "mean_add_points_hybrid": 63.73862874010466,
    "nr_func_modeled_hybrid": 7453,
    "point_map_generic": {
        "(4, 10)": 1.0,
        "(4, 20)": 2.0,
        "(4, 30)": 3.0,
        "(4, 40)": 4.0,
        "(4, 50)": 5.0,
        "(8, 10)": 6.0,
        "(8, 20)": 9.951367781155016,
        "(8, 30)": 10.738158899923606,
        "(8, 40)": 12.186150234741785,
        "(8, 50)": 13.464689265536723,
        "(16, 10)": 7.0,
        "(16, 20)": 12.998378597486827,
        "(16, 30)": 14.27147613762486,
        "(16, 40)": 16.22159090909091,
        "(16, 50)": 17.385970239902825,
        "(32, 10)": 8.0,
        "(32, 20)": 16.794258373205743,
        "(32, 30)": 17.494524298425734,
        "(32, 40)": 20.021769662921347,
        "(32, 50)": 21.02708803611738,
        "(64, 10)": 9.0,
        "(64, 20)": 18.7117296222664,
        "(64, 30)": 9.0,
        "(64, 40)": 0,
        "(64, 50)": 0
    },
    "base_point_cost": 2.741824486551002,
    "min_points": 9,
    "budget": 8.0
}