{
    "percentage_bucket_counter_random": {
        "rest": 100.0,
        "5": 34.54,
        "10": 38.41,
        "15": 42.61,
        "20": 44.96
    },
    "mean_budget_random": 54.422862,
    "mean_add_points_random": 75.7133,
    "nr_func_modeled_random": 10000,
    "percentage_bucket_counter_grid": {
        "rest": 100.0,
        "5": 81.86,
        "10": 92.91,
        "15": 96.73,
        "20": 99.64
    },
    "mean_budget_grid": 47.011615602043975,
    "mean_add_points_grid": 46.94368310493148,
    "nr_func_modeled_grid": 9997,
    "percentage_bucket_counter_bayesian": {
        "rest": 100.0,
        "5": 85.02,
        "10": 93.38,
        "15": 97.74000000000001,
        "20": 99.89
    },
    "mean_budget_bayesian": 56.60834593801366,
    "mean_add_points_bayesian": 90.82946589317864,
    "nr_func_modeled_bayesian": 9998,
    "percentage_bucket_counter_full": {
        "rest": 100.0,
        "5": 84.02,
        "10": 92.83,
        "15": 97.61999999999999,
        "20": 99.74
    },
    "percentage_bucket_counter_generic": {
        "rest": 100.0,
        "5": 83.77,
        "10": 93.15,
        "15": 96.92,
        "20": 99.68
    },
    "mean_budget_generic": 48.47332227031717,
    "mean_add_points_generic": 90.4364,
    "nr_func_modeled_generic": 10000,
    "percentage_bucket_counter_gpr": {
        "rest": 100.0,
        "5": 84.44,
        "10": 93.43,
        "15": 97.56,
        "20": 99.79
    },
    "mean_add_points_gpr": 91.87653826913457,
    "mean_budget_gpr": 55.59656231089211,
    "nr_func_modeled_gpr": 9995,
    "percentage_bucket_counter_hybrid": {
        "rest": 100.0,
        "5": 84.44,
        "10": 93.43,
        "15": 97.56,
        "20": 99.79
    },
    "mean_budget_hybrid": 55.596427042083384,
    "mean_add_points_hybrid": 91.87653826913457,
    "nr_func_modeled_hybrid": 9995,
    "point_map_generic": {
        "(4, 10)": 1.0,
        "(4, 20)": 2.0,
        "(4, 30)": 3.0,
        "(4, 40)": 4.0,
        "(4, 50)": 5.0,
        "(8, 10)": 6.1905,
        "(8, 20)": 10.0165,
        "(8, 30)": 10.9303,
        "(8, 40)": 12.4321,
        "(8, 50)": 13.8607,
        "(16, 10)": 7.3091,
        "(16, 20)": 13.1081,
        "(16, 30)": 14.4762,
        "(16, 40)": 16.3181,
        "(16, 50)": 17.6714,
        "(32, 10)": 8.487897579515904,
        "(32, 20)": 17.0188,
        "(32, 30)": 18.3805,
        "(32, 40)": 20.253925392539255,
        "(32, 50)": 21.28218522146044,
        "(64, 10)": 9.0,
        "(64, 20)": 21.154306094618693,
        "(64, 30)": 21.881426735218508,
        "(64, 40)": 23.998122653316646,
        "(64, 50)": 0
    },
    "base_point_cost": 4.44915138586133,
    "min_points": 9,
    "budget": 58.0
}