{
    "percentage_bucket_counter_random": {
        "rest": 100.0,
        "5": 34.54,
        "10": 38.41,
        "15": 42.61,
        "20": 44.96
    },
    "mean_budget_random": 74.239329,
    "mean_add_points_random": 85.0133,
    "nr_func_modeled_random": 10000,
    "percentage_bucket_counter_grid": {
        "rest": 100.0,
        "5": 81.92,
        "10": 92.35,
        "15": 96.8,
        "20": 99.7
    },
    "mean_budget_grid": 64.13105881055982,
    "mean_add_points_grid": 52.73101930579174,
    "nr_func_modeled_grid": 9997,
    "percentage_bucket_counter_bayesian": {
        "rest": 100.0,
        "5": 85.28999999999999,
        "10": 93.23,
        "15": 97.64,
        "20": 99.9
    },
    "mean_budget_bayesian": 77.11391913300523,
    "mean_add_points_bayesian": 95.75757575757575,
    "nr_func_modeled_bayesian": 9999,
    "percentage_bucket_counter_full": {
        "rest": 100.0,
        "5": 84.02,
        "10": 92.83,
        "15": 97.61999999999999,
        "20": 99.74
    },
    "percentage_bucket_counter_generic": {
        "rest": 100.0,
        "5": 83.98,
        "10": 93.28999999999999,
        "15": 97.27,
        "20": 99.77000000000001
    },
    "mean_budget_generic": 65.82407935770821,
    "mean_add_points_generic": 94.51795538661598,
    "nr_func_modeled_generic": 9997,
    "percentage_bucket_counter_gpr": {
        "rest": 100.0,
        "5": 85.38,
        "10": 93.28999999999999,
        "15": 97.68,
        "20": 99.91
    },
    "mean_add_points_gpr": 95.9905,
    "mean_budget_gpr": 76.22805362755382,
    "nr_func_modeled_gpr": 10000,
    "percentage_bucket_counter_hybrid": {
        "rest": 100.0,
        "5": 85.38,
        "10": 93.28999999999999,
        "15": 97.68,
        "20": 99.91
    },
    "mean_budget_hybrid": 76.22805362755382,
    "mean_add_points_hybrid": 95.9905,
    "nr_func_modeled_hybrid": 10000,
    "point_map_generic": {
        "(4, 10)": 1.0,
        "(4, 20)": 2.0,
        "(4, 30)": 3.0,
        "(4, 40)": 4.0,
        "(4, 50)": 5.0,
        "(8, 10)": 6.1905,
        "(8, 20)": 10.0165,
        "(8, 30)": 10.9303,
        "(8, 40)": 12.4321,
        "(8, 50)": 13.8607,
        "(16, 10)": 7.3091,
        "(16, 20)": 13.1081,
        "(16, 30)": 14.4762,
        "(16, 40)": 16.3181,
        "(16, 50)": 17.6714,
        "(32, 10)": 8.4904,
        "(32, 20)": 17.0188,
        "(32, 30)": 18.3805,
        "(32, 40)": 20.254,
        "(32, 50)": 21.4156,
        "(64, 10)": 9.57765284609979,
        "(64, 20)": 21.1944,
        "(64, 30)": 22.3036,
        "(64, 40)": 23.99368587213891,
        "(64, 50)": 0
    },
    "base_point_cost": 4.44915138586133,
    "min_points": 9,
    "budget": 79.0
}