{
    "percentage_bucket_counter_random": {
        "rest": 100.0,
        "5": 34.54,
        "10": 38.41,
        "15": 42.61,
        "20": 44.96
    },
    "mean_budget_random": 63.218061999999996,
    "mean_add_points_random": 79.8654,
    "nr_func_modeled_random": 10000,
    "percentage_bucket_counter_grid": {
        "rest": 100.0,
        "5": 81.89,
        "10": 92.45,
        "15": 96.71,
        "20": 99.66000000000001
    },
    "mean_budget_grid": 53.05513335583081,
    "mean_add_points_grid": 48.875687568756874,
    "nr_func_modeled_grid": 9999,
    "percentage_bucket_counter_bayesian": {
        "rest": 100.0,
        "5": 85.42,
        "10": 93.28999999999999,
        "15": 97.7,
        "20": 99.88
    },
    "mean_budget_bayesian": 64.28943450845081,
    "mean_add_points_bayesian": 92.91427428228468,
    "nr_func_modeled_bayesian": 9997,
    "percentage_bucket_counter_full": {
        "rest": 100.0,
        "5": 84.02,
        "10": 92.83,
        "15": 97.61999999999999,
        "20": 99.74
    },
    "percentage_bucket_counter_generic": {
        "rest": 100.0,
        "5": 84.06,
        "10": 93.33,
        "15": 97.25,
        "20": 99.76
    },
    "mean_budget_generic": 57.112123729043624,
    "mean_add_points_generic": 92.50340136054422,
    "nr_func_modeled_generic": 9996,
    "percentage_bucket_counter_gpr": {
        "rest": 100.0,
        "5": 85.46000000000001,
        "10": 93.4,
        "15": 97.68,
        "20": 99.92
    },
    "mean_add_points_gpr": 93.5704,
    "mean_budget_gpr": 63.615737395140236,
    "nr_func_modeled_gpr": 10000,
    "percentage_bucket_counter_hybrid": {
        "rest": 100.0,
        "5": 85.46000000000001,
        "10": 93.4,
        "15": 97.68,
        "20": 99.92
    },
    "mean_budget_hybrid": 63.615867724976965,
    "mean_add_points_hybrid": 93.5705,
    "nr_func_modeled_hybrid": 10000,
    "point_map_generic": {
        "(4, 10)": 1.0,
        "(4, 20)": 2.0,
        "(4, 30)": 3.0,
        "(4, 40)": 4.0,
        "(4, 50)": 5.0,
        "(8, 10)": 6.1905,
        "(8, 20)": 10.0165,
        "(8, 30)": 10.9303,
        "(8, 40)": 12.4321,
        "(8, 50)": 13.8607,
        "(16, 10)": 7.3091,
        "(16, 20)": 13.1081,
        "(16, 30)": 14.4762,
        "(16, 40)": 16.3181,
        "(16, 50)": 17.6714,
        "(32, 10)": 8.4904,
        "(32, 20)": 17.0188,
        "(32, 30)": 18.3805,
        "(32, 40)": 20.254,
        "(32, 50)": 21.4148244473342,
        "(64, 10)": 9.44153736943515,
        "(64, 20)": 21.19276987782896,
        "(64, 30)": 22.171938168846612,
        "(64, 40)": 23.999001996007983,
        "(64, 50)": 0
    },
    "base_point_cost": 4.44915138586133,
    "min_points": 9,
    "budget": 66.0
}