{
    "percentage_bucket_counter_random": {
        "rest": 100.0,
        "5": 34.54,
        "10": 38.41,
        "15": 42.61,
        "20": 44.96
    },
    "mean_budget_random": 48.453804999999996,
    "mean_add_points_random": 72.1753,
    "nr_func_modeled_random": 10000,
    "percentage_bucket_counter_grid": {
        "rest": 100.0,
        "5": 81.96,
        "10": 93.21000000000001,
        "15": 96.78,
        "20": 99.68
    },
    "mean_budget_grid": 39.793935462706486,
    "mean_add_points_grid": 45.43894389438944,
    "nr_func_modeled_grid": 9999,
    "percentage_bucket_counter_bayesian": {
        "rest": 100.0,
        "5": 85.34,
        "10": 93.32000000000001,
        "15": 97.75,
        "20": 99.92999999999999
    },
    "mean_budget_bayesian": 49.800004475251086,
    "mean_add_points_bayesian": 89.126,
    "nr_func_modeled_bayesian": 10000,
    "percentage_bucket_counter_full": {
        "rest": 100.0,
        "5": 84.02,
        "10": 92.83,
        "15": 97.61999999999999,
        "20": 99.74
    },
    "percentage_bucket_counter_generic": {
        "rest": 100.0,
        "5": 83.94,
        "10": 92.86999999999999,
        "15": 96.66,
        "20": 99.31
    },
    "mean_budget_generic": 42.578711439601584,
    "mean_add_points_generic": 88.96548964689407,
    "nr_func_modeled_generic": 9997,
    "percentage_bucket_counter_gpr": {
        "rest": 100.0,
        "5": 84.11,
        "10": 93.47,
        "15": 97.59,
        "20": 99.75
    },
    "mean_add_points_gpr": 90.26523261630815,
    "mean_budget_gpr": 48.975831999983086,
    "nr_func_modeled_gpr": 9995,
    "percentage_bucket_counter_hybrid": {
        "rest": 100.0,
        "5": 84.13000000000001,
        "10": 93.47,
        "15": 97.59,
        "20": 99.75
    },
    "mean_budget_hybrid": 48.97560264544643,
    "mean_add_points_hybrid": 90.26553276638319,
    "nr_func_modeled_hybrid": 9995,
    "point_map_generic": {
        "(4, 10)": 1.0,
        "(4, 20)": 2.0,
        "(4, 30)": 3.0,
        "(4, 40)": 4.0,
        "(4, 50)": 5.0,
        "(8, 10)": 6.1905,
        "(8, 20)": 10.0165,
        "(8, 30)": 10.9303,
        "(8, 40)": 12.4321,
        "(8, 50)": 13.8607,
        "(16, 10)": 7.3091,
        "(16, 20)": 13.1081,
        "(16, 30)": 14.4762,
        "(16, 40)": 16.3181,
        "(16, 50)": 17.6714,
        "(32, 10)": 8.482889733840304,
        "(32, 20)": 17.0188,
        "(32, 30)": 18.3805,
        "(32, 40)": 20.25340544871795,
        "(32, 50)": 21.21091340450771,
        "(64, 10)": 9.0,
        "(64, 20)": 21.05624706434946,
        "(64, 30)": 21.761422254974207,
        "(64, 40)": 24.0,
        "(64, 50)": 0
    },
    "base_point_cost": 4.44915138586133,
    "min_points": 9,
    "budget": 51.0
}