{
    "percentage_bucket_counter_random": {
        "rest": 100.0,
        "5": 34.54,
        "10": 38.41,
        "15": 42.61,
        "20": 44.96
    },
    "mean_budget_random": 31.347126,
    "mean_add_points_random": 60.9319,
    "nr_func_modeled_random": 10000,
    "percentage_bucket_counter_grid": {
        "rest": 100.0,
        "5": 71.67999999999999,
        "10": 80.75,
        "15": 83.82,
        "20": 86.66
    },
    "mean_budget_grid": 22.806213194440048,
    "mean_add_points_grid": 41.69644822411205,
    "nr_func_modeled_grid": 9995,
    "percentage_bucket_counter_bayesian": {
        "rest": 100.0,
        "5": 84.24000000000001,
        "10": 92.47,
        "15": 97.04,
        "20": 99.86
    },
    "mean_budget_bayesian": 32.10996276830414,
    "mean_add_points_bayesian": 83.31689013408045,
    "nr_func_modeled_bayesian": 9994,
    "percentage_bucket_counter_full": {
        "rest": 100.0,
        "5": 84.02,
        "10": 92.83,
        "15": 97.61999999999999,
        "20": 99.74
    },
    "percentage_bucket_counter_generic": {
        "rest": 100.0,
        "5": 82.93,
        "10": 91.0,
        "15": 95.94,
        "20": 98.46000000000001
    },
    "mean_budget_generic": 28.262781916259467,
    "mean_add_points_generic": 83.26690676270508,
    "nr_func_modeled_generic": 9996,
    "percentage_bucket_counter_gpr": {
        "rest": 100.0,
        "5": 84.35000000000001,
        "10": 93.39,
        "15": 97.32,
        "20": 99.41
    },
    "mean_add_points_gpr": 84.8626450580232,
    "mean_budget_gpr": 31.453459931126933,
    "nr_func_modeled_gpr": 9996,
    "percentage_bucket_counter_hybrid": {
        "rest": 100.0,
        "5": 84.35000000000001,
        "10": 93.39,
        "15": 97.32,
        "20": 99.41
    },
    "mean_budget_hybrid": 31.45343233827687,
    "mean_add_points_hybrid": 84.86334533813526,
    "nr_func_modeled_hybrid": 9996,
    "point_map_generic": {
        "(4, 10)": 1.0,
        "(4, 20)": 2.0,
        "(4, 30)": 3.0,
        "(4, 40)": 4.0,
        "(4, 50)": 5.0,
        "(8, 10)": 6.1905,
        "(8, 20)": 10.0165,
        "(8, 30)": 10.9303,
        "(8, 40)": 12.4321,
        "(8, 50)": 13.8607,
        "(16, 10)": 7.3091,
        "(16, 20)": 13.107232169650896,
        "(16, 30)": 14.475947594759475,
        "(16, 40)": 16.31795436349079,
        "(16, 50)": 17.585021294276515,
        "(32, 10)": 8.420438543552605,
        "(32, 20)": 16.98744985083839,
        "(32, 30)": 18.315882482880493,
        "(32, 40)": 20.14868845560387,
        "(32, 50)": 21.19993164730007,
        "(64, 10)": 9.0,
        "(64, 20)": 20.615093588211867,
        "(64, 30)": 20.42257217847769,
        "(64, 40)": 0,
        "(64, 50)": 0
    },
    "base_point_cost": 4.44915138586133,
    "min_points": 9,
    "budget": 33.0
}