{
    "percentage_bucket_counter_random": {
        "rest": 100.0,
        "5": 15.479999999999999,
        "10": 17.76,
        "15": 21.029999999999998,
        "20": 22.259999999999998
    },
    "mean_budget_random": 4.00407543832065,
    "mean_add_points_random": 39.56501784803672,
    "nr_func_modeled_random": 3922,
    "percentage_bucket_counter_grid": {
        "rest": 100.0,
        "5": 17.11,
        "10": 21.12,
        "15": 24.779999999999998,
        "20": 26.369999999999997
    },
    "mean_budget_grid": 2.986672615284724,
    "mean_add_points_grid": 37.320408163265306,
    "nr_func_modeled_grid": 3920,
    "percentage_bucket_counter_bayesian": {
        "rest": 100.0,
        "5": 45.68,
        "10": 47.42,
        "15": 51.339999999999996,
        "20": 53.22
    },
    "mean_budget_bayesian": 4.934998647033123,
    "mean_add_points_bayesian": 58.648936170212764,
    "nr_func_modeled_bayesian": 6110,
    "percentage_bucket_counter_full": {
        "rest": 100.0,
        "5": 84.02,
        "10": 92.83,
        "15": 97.61999999999999,
        "20": 99.74
    },
    "percentage_bucket_counter_generic": {
        "rest": 100.0,
        "5": 28.299999999999997,
        "10": 30.84,
        "15": 34.160000000000004,
        "20": 35.53
    },
    "mean_budget_generic": 4.254780954058693,
    "mean_add_points_generic": 67.58648925281474,
    "nr_func_modeled_generic": 3908,
    "percentage_bucket_counter_gpr": {
        "rest": 100.0,
        "5": 47.599999999999994,
        "10": 50.39,
        "15": 54.71,
        "20": 56.42
    },
    "mean_add_points_gpr": 61.00520494469746,
    "mean_budget_gpr": 4.841854989699843,
    "nr_func_modeled_gpr": 6148,
    "percentage_bucket_counter_hybrid": {
        "rest": 100.0,
        "5": 46.81,
        "10": 49.61,
        "15": 53.94,
        "20": 55.65
    },
    "mean_budget_hybrid": 4.840501064461511,
    "mean_add_points_hybrid": 60.98911100276288,
    "nr_func_modeled_hybrid": 6153,
    "point_map_generic": {
        "(4, 10)": 1.0,
        "(4, 20)": 2.0,
        "(4, 30)": 3.0,
        "(4, 40)": 4.0,
        "(4, 50)": 5.0,
        "(8, 10)": 6.0,
        "(8, 20)": 9.934054611025244,
        "(8, 30)": 10.526368407898026,
        "(8, 40)": 12.22206664799776,
        "(8, 50)": 13.537192474674384,
        "(16, 10)": 7.0,
        "(16, 20)": 13.147108366086469,
        "(16, 30)": 14.10535024820739,
        "(16, 40)": 16.208139950017852,
        "(16, 50)": 17.380035810205907,
        "(32, 10)": 8.0,
        "(32, 20)": 16.850245190494153,
        "(32, 30)": 16.68998923573735,
        "(32, 40)": 20.0,
        "(32, 50)": 21.0,
        "(64, 10)": 9.0,
        "(64, 20)": 12.6875,
        "(64, 30)": 9.0,
        "(64, 40)": 0,
        "(64, 50)": 0
    },
    "base_point_cost": 1.983874717781462,
    "min_points": 9,
    "budget": 5.0
}