{
    "percentage_bucket_counter_random": {
        "rest": 100.0,
        "5": 33.72,
        "10": 37.53,
        "15": 41.65,
        "20": 43.89
    },
    "mean_budget_random": 18.544781389735196,
    "mean_add_points_random": 48.77421652421653,
    "nr_func_modeled_random": 9828,
    "percentage_bucket_counter_grid": {
        "rest": 100.0,
        "5": 59.050000000000004,
        "10": 65.8,
        "15": 69.63000000000001,
        "20": 72.50999999999999
    },
    "mean_budget_grid": 15.02555219796906,
    "mean_add_points_grid": 39.436831925073804,
    "nr_func_modeled_grid": 9823,
    "percentage_bucket_counter_bayesian": {
        "rest": 100.0,
        "5": 83.81,
        "10": 91.59,
        "15": 96.52,
        "20": 98.83999999999999
    },
    "mean_budget_bayesian": 19.52538998727849,
    "mean_add_points_bayesian": 76.46976371645975,
    "nr_func_modeled_bayesian": 9988,
    "percentage_bucket_counter_full": {
        "rest": 100.0,
        "5": 84.02,
        "10": 92.83,
        "15": 97.61999999999999,
        "20": 99.74
    },
    "percentage_bucket_counter_generic": {
        "rest": 100.0,
        "5": 79.77,
        "10": 85.54,
        "15": 91.97,
        "20": 94.17999999999999
    },
    "mean_budget_generic": 17.53735067797229,
    "mean_add_points_generic": 70.97107818088912,
    "nr_func_modeled_generic": 9785,
    "percentage_bucket_counter_gpr": {
        "rest": 100.0,
        "5": 82.78999999999999,
        "10": 90.46,
        "15": 95.86,
        "20": 98.45
    },
    "mean_add_points_gpr": 77.809328395556,
    "mean_budget_gpr": 19.19095274318402,
    "nr_func_modeled_gpr": 9991,
    "percentage_bucket_counter_hybrid": {
        "rest": 100.0,
        "5": 82.78,
        "10": 90.45,
        "15": 95.85000000000001,
        "20": 98.44000000000001
    },
    "mean_budget_hybrid": 19.190910965300546,
    "mean_add_points_hybrid": 77.81371371371371,
    "nr_func_modeled_hybrid": 9990,
    "point_map_generic": {
        "(4, 10)": 1.0,
        "(4, 20)": 2.0,
        "(4, 30)": 3.0,
        "(4, 40)": 4.0,
        "(4, 50)": 5.0,
        "(8, 10)": 6.13673139158576,
        "(8, 20)": 9.998337144044896,
        "(8, 30)": 10.927674587527239,
        "(8, 40)": 12.472506187452922,
        "(8, 50)": 13.93630289532294,
        "(16, 10)": 7.113524083985179,
        "(16, 20)": 12.888050766283525,
        "(16, 30)": 14.350557620817844,
        "(16, 40)": 16.24268707482993,
        "(16, 50)": 17.456069480912948,
        "(32, 10)": 8.0,
        "(32, 20)": 16.598208770846202,
        "(32, 30)": 18.059008509064004,
        "(32, 40)": 20.174975562072337,
        "(32, 50)": 21.23478561549101,
        "(64, 10)": 9.0,
        "(64, 20)": 20.230637422892393,
        "(64, 30)": 11.951020408163265,
        "(64, 40)": 0,
        "(64, 50)": 0
    },
    "base_point_cost": 4.44915138586133,
    "min_points": 9,
    "budget": 20.0
}