{
    "percentage_bucket_counter_random": {
        "rest": 100.0,
        "5": 34.54,
        "10": 38.41,
        "15": 42.61,
        "20": 44.96
    },
    "mean_budget_random": 72.75199,
    "mean_add_points_random": 84.6789,
    "nr_func_modeled_random": 10000,
    "percentage_bucket_counter_grid": {
        "rest": 100.0,
        "5": 81.88,
        "10": 92.36,
        "15": 96.82,
        "20": 99.71
    },
    "mean_budget_grid": 62.92718402550021,
    "mean_add_points_grid": 52.14242848569714,
    "nr_func_modeled_grid": 9998,
    "percentage_bucket_counter_bayesian": {
        "rest": 100.0,
        "5": 85.33,
        "10": 93.27,
        "15": 97.67,
        "20": 99.9
    },
    "mean_budget_bayesian": 75.31800507028473,
    "mean_add_points_bayesian": 95.3011301130113,
    "nr_func_modeled_bayesian": 9999,
    "percentage_bucket_counter_full": {
        "rest": 100.0,
        "5": 84.02,
        "10": 92.83,
        "15": 97.61999999999999,
        "20": 99.74
    },
    "percentage_bucket_counter_generic": {
        "rest": 100.0,
        "5": 83.99,
        "10": 93.30000000000001,
        "15": 97.28,
        "20": 99.78
    },
    "mean_budget_generic": 64.74526731342753,
    "mean_add_points_generic": 94.25565113022604,
    "nr_func_modeled_generic": 9998,
    "percentage_bucket_counter_gpr": {
        "rest": 100.0,
        "5": 85.48,
        "10": 93.32000000000001,
        "15": 97.69,
        "20": 99.91
    },
    "mean_add_points_gpr": 95.62866286628663,
    "mean_budget_gpr": 74.16812208851869,
    "nr_func_modeled_gpr": 9999,
    "percentage_bucket_counter_hybrid": {
        "rest": 100.0,
        "5": 85.48,
        "10": 93.32000000000001,
        "15": 97.69,
        "20": 99.91
    },
    "mean_budget_hybrid": 74.16812208851869,
    "mean_add_points_hybrid": 95.62866286628663,
    "nr_func_modeled_hybrid": 9999,
    "point_map_generic": {
        "(4, 10)": 1.0,
        "(4, 20)": 2.0,
        "(4, 30)": 3.0,
        "(4, 40)": 4.0,
        "(4, 50)": 5.0,
        "(8, 10)": 6.1905,
        "(8, 20)": 10.0165,
        "(8, 30)": 10.9303,
        "(8, 40)": 12.4321,
        "(8, 50)": 13.8607,
        "(16, 10)": 7.3091,
        "(16, 20)": 13.1081,
        "(16, 30)": 14.4762,
        "(16, 40)": 16.3181,
        "(16, 50)": 17.6714,
        "(32, 10)": 8.4904,
        "(32, 20)": 17.0188,
        "(32, 30)": 18.3805,
        "(32, 40)": 20.254,
        "(32, 50)": 21.4156,
        "(64, 10)": 9.57765284609979,
        "(64, 20)": 21.1944,
        "(64, 30)": 22.303251625812905,
        "(64, 40)": 23.99313863476425,
        "(64, 50)": 0
    },
    "base_point_cost": 4.44915138586133,
    "min_points": 9,
    "budget": 77.0
}