{
    "percentage_bucket_counter_full": {
        "rest": 100.0,
        "5": 87.9,
        "10": 95.3,
        "15": 98.3,
        "20": 99.7
    },
    "percentage_bucket_counter_generic": {
        "rest": 100.0,
        "5": 86.1,
        "10": 93.4,
        "15": 97.1,
        "20": 98.5
    },
    "mean_budget_generic": 43.20450958338054,
    "mean_add_points_generic": 445.3813813813814,
    "nr_func_modeled_generic": 999,
    "percentage_bucket_counter_gpr": {
        "rest": 100.0,
        "5": 86.7,
        "10": 94.8,
        "15": 97.6,
        "20": 99.0
    },
    "mean_add_points_gpr": 446.457,
    "mean_budget_gpr": 44.58386683771021,
    "nr_func_modeled_gpr": 1000,
    "percentage_bucket_counter_hybrid": {
        "rest": 100.0,
        "5": 86.7,
        "10": 94.8,
        "15": 97.6,
        "20": 99.0
    },
    "mean_budget_hybrid": 44.58386683771021,
    "mean_add_points_hybrid": 446.457,
    "nr_func_modeled_hybrid": 1000,
    "point_map_generic": {
        "(4, 10, 1000)": 1.137,
        "(4, 10, 2000)": 9.957,
        "(4, 10, 3000)": 10.978,
        "(4, 10, 4000)": 12.035,
        "(4, 10, 5000)": 12.943,
        "(4, 20, 1000)": 2.193,
        "(4, 20, 2000)": 14.383,
        "(4, 20, 3000)": 16.8,
        "(4, 20, 4000)": 19.819,
        "(4, 20, 5000)": 22.988,
        "(4, 30, 1000)": 3.213,
        "(4, 30, 2000)": 18.316,
        "(4, 30, 3000)": 22.14,
        "(4, 30, 4000)": 25.925,
        "(4, 30, 5000)": 29.448,
        "(4, 40, 1000)": 4.309,
        "(4, 40, 2000)": 23.075,
        "(4, 40, 3000)": 27.595,
        "(4, 40, 4000)": 32.072,
        "(4, 40, 5000)": 35.47,
        "(4, 50, 1000)": 5.376,
        "(4, 50, 2000)": 28.362,
        "(4, 50, 3000)": 33.255,
        "(4, 50, 4000)": 37.745,
        "(4, 50, 5000)": 41.261,
        "(8, 10, 1000)": 6.337,
        "(8, 10, 2000)": 21.89,
        "(8, 10, 3000)": 26.207,
        "(8, 10, 4000)": 30.342,
        "(8, 10, 5000)": 33.832,
        "(8, 20, 1000)": 23.078,
        "(8, 20, 2000)": 30.332,
        "(8, 20, 3000)": 35.737,
        "(8, 20, 4000)": 39.954,
        "(8, 20, 5000)": 43.842,
        "(8, 30, 1000)": 30.295,
        "(8, 30, 2000)": 38.113,
        "(8, 30, 3000)": 43.859,
        "(8, 30, 4000)": 48.271,
        "(8, 30, 5000)": 52.205,
        "(8, 40, 1000)": 36.904,
        "(8, 40, 2000)": 45.204,
        "(8, 40, 3000)": 50.698,
        "(8, 40, 4000)": 55.291,
        "(8, 40, 5000)": 58.761,
        "(8, 50, 1000)": 42.786,
        "(8, 50, 2000)": 50.933,
        "(8, 50, 3000)": 56.754,
        "(8, 50, 4000)": 60.661,
        "(8, 50, 5000)": 64.394,
        "(16, 10, 1000)": 7.735,
        "(16, 10, 2000)": 41.86,
        "(16, 10, 3000)": 47.338,
        "(16, 10, 4000)": 51.736,
        "(16, 10, 5000)": 55.206,
        "(16, 20, 1000)": 44.346,
        "(16, 20, 2000)": 52.888,
        "(16, 20, 3000)": 58.874,
        "(16, 20, 4000)": 63.196,
        "(16, 20, 5000)": 67.072,
        "(16, 30, 1000)": 52.688,
        "(16, 30, 2000)": 61.636,
        "(16, 30, 3000)": 67.535,
        "(16, 30, 4000)": 71.726,
        "(16, 30, 5000)": 75.16,
        "(16, 40, 1000)": 59.593,
        "(16, 40, 2000)": 68.688,
        "(16, 40, 3000)": 73.974,
        "(16, 40, 4000)": 78.364,
        "(16, 40, 5000)": 81.495,
        "(16, 50, 1000)": 65.657,
        "(16, 50, 2000)": 73.985,
        "(16, 50, 3000)": 79.424,
        "(16, 50, 4000)": 83.764,
        "(16, 50, 5000)": 86.77,
        "(32, 10, 1000)": 9.081,
        "(32, 10, 2000)": 65.86,
        "(32, 10, 3000)": 71.051,
        "(32, 10, 4000)": 75.902,
        "(32, 10, 5000)": 78.29357798165138,
        "(32, 20, 1000)": 68.306,
        "(32, 20, 2000)": 77.527,
        "(32, 20, 3000)": 83.16,
        "(32, 20, 4000)": 87.106,
        "(32, 20, 5000)": 90.87166324435319,
        "(32, 30, 1000)": 76.795,
        "(32, 30, 2000)": 85.623,
        "(32, 30, 3000)": 90.819,
        "(32, 30, 4000)": 95.11334002006018,
        "(32, 30, 5000)": 98.2655601659751,
        "(32, 40, 1000)": 83.091,
        "(32, 40, 2000)": 91.71442885771543,
        "(32, 40, 3000)": 96.71142284569139,
        "(32, 40, 4000)": 100.92427385892117,
        "(32, 40, 5000)": 103.43179377013963,
        "(32, 50, 1000)": 86.2992213570634,
        "(32, 50, 2000)": 95.46388261851015,
        "(32, 50, 3000)": 100.69510807736064,
        "(32, 50, 4000)": 104.06228373702422,
        "(32, 50, 5000)": 106.80809399477806,
        "(64, 10, 1000)": 9.996984924623115,
        "(64, 10, 2000)": 89.17948717948718,
        "(64, 10, 3000)": 93.02337023370234,
        "(64, 10, 4000)": 96.04621848739495,
        "(64, 10, 5000)": 97.37945205479453,
        "(64, 20, 1000)": 91.73752711496746,
        "(64, 20, 2000)": 100.27363184079601,
        "(64, 20, 3000)": 105.17384615384616,
        "(64, 20, 4000)": 108.49668874172185,
        "(64, 20, 5000)": 110.16629213483147,
        "(64, 30, 1000)": 97.45027624309392,
        "(64, 30, 2000)": 107.35862068965517,
        "(64, 30, 3000)": 113.25545851528385,
        "(64, 30, 4000)": 116.19658119658119,
        "(64, 30, 5000)": 117.74111675126903,
        "(64, 40, 1000)": 100.86724137931034,
        "(64, 40, 2000)": 111.76958525345623,
        "(64, 40, 3000)": 117.42483660130719,
        "(64, 40, 4000)": 120.78846153846153,
        "(64, 40, 5000)": 113.4,
        "(64, 50, 1000)": 102.93893129770993,
        "(64, 50, 2000)": 113.7667731629393,
        "(64, 50, 3000)": 118.71739130434783,
        "(64, 50, 4000)": 0,
        "(64, 50, 5000)": 0
    },
    "base_point_cost": 1.6282407129845105,
    "min_points": 13,
    "budget": 45.0
}