{
    "percentage_bucket_counter_full": {
        "rest": 100.0,
        "5": 87.9,
        "10": 95.3,
        "15": 98.3,
        "20": 99.7
    },
    "percentage_bucket_counter_generic": {
        "rest": 100.0,
        "5": 27.3,
        "10": 31.5,
        "15": 34.599999999999994,
        "20": 35.8
    },
    "mean_budget_generic": 0.5792086951814297,
    "mean_add_points_generic": 272.4073107049608,
    "nr_func_modeled_generic": 383,
    "percentage_bucket_counter_gpr": {
        "rest": 100.0,
        "5": 29.5,
        "10": 33.800000000000004,
        "15": 36.199999999999996,
        "20": 37.1
    },
    "mean_add_points_gpr": 273.7808564231738,
    "mean_budget_gpr": 0.5955373314685293,
    "nr_func_modeled_gpr": 397,
    "percentage_bucket_counter_hybrid": {
        "rest": 100.0,
        "5": 29.7,
        "10": 34.0,
        "15": 36.4,
        "20": 37.3
    },
    "mean_budget_hybrid": 0.5955583143732055,
    "mean_add_points_hybrid": 272.7794486215539,
    "nr_func_modeled_hybrid": 399,
    "point_map_generic": {
        "(4, 10, 1000)": 1.12012012012012,
        "(4, 10, 2000)": 9.948897795591183,
        "(4, 10, 3000)": 10.945837512537613,
        "(4, 10, 4000)": 12.012036108324974,
        "(4, 10, 5000)": 12.908817635270541,
        "(4, 20, 1000)": 2.0735887096774195,
        "(4, 20, 2000)": 14.243956043956043,
        "(4, 20, 3000)": 17.110864745011085,
        "(4, 20, 4000)": 20.830734966592427,
        "(4, 20, 5000)": 24.436651583710407,
        "(4, 30, 1000)": 3.0726538849646823,
        "(4, 30, 2000)": 17.845474613686534,
        "(4, 30, 3000)": 22.919101123595507,
        "(4, 30, 4000)": 28.139269406392692,
        "(4, 30, 5000)": 32.09976247030879,
        "(4, 40, 1000)": 4.1140262361251265,
        "(4, 40, 2000)": 21.973333333333333,
        "(4, 40, 3000)": 28.478458049886623,
        "(4, 40, 4000)": 34.00479616306954,
        "(4, 40, 5000)": 38.1275,
        "(4, 50, 1000)": 5.140262361251262,
        "(4, 50, 2000)": 26.195505617977528,
        "(4, 50, 3000)": 33.007075471698116,
        "(4, 50, 4000)": 38.66497461928934,
        "(4, 50, 5000)": 42.45967741935484,
        "(8, 10, 1000)": 6.052684903748734,
        "(8, 10, 2000)": 19.142533936651585,
        "(8, 10, 3000)": 23.94760820045558,
        "(8, 10, 4000)": 28.44675925925926,
        "(8, 10, 5000)": 31.388235294117646,
        "(8, 20, 1000)": 20.624719101123596,
        "(8, 20, 2000)": 29.80046403712297,
        "(8, 20, 3000)": 37.07380952380952,
        "(8, 20, 4000)": 42.27363184079602,
        "(8, 20, 5000)": 46.024193548387096,
        "(8, 30, 1000)": 26.822988505747126,
        "(8, 30, 2000)": 38.233890214797135,
        "(8, 30, 3000)": 46.285353535353536,
        "(8, 30, 4000)": 51.09770114942529,
        "(8, 30, 5000)": 54.50961538461539,
        "(8, 40, 1000)": 31.71462829736211,
        "(8, 40, 2000)": 44.23529411764706,
        "(8, 40, 3000)": 51.907462686567165,
        "(8, 40, 4000)": 56.4878892733564,
        "(8, 40, 5000)": 59.87356321839081,
        "(8, 50, 1000)": 36.09158415841584,
        "(8, 50, 2000)": 48.613259668508285,
        "(8, 50, 3000)": 55.939189189189186,
        "(8, 50, 4000)": 60.890977443609025,
        "(8, 50, 5000)": 64.03070175438596,
        "(16, 10, 1000)": 7.11144883485309,
        "(16, 10, 2000)": 36.156028368794324,
        "(16, 10, 3000)": 42.81794871794872,
        "(16, 10, 4000)": 47.416666666666664,
        "(16, 10, 5000)": 49.72093023255814,
        "(16, 20, 1000)": 38.14832535885167,
        "(16, 20, 2000)": 51.787234042553195,
        "(16, 20, 3000)": 60.04838709677419,
        "(16, 20, 4000)": 65.0984251968504,
        "(16, 20, 5000)": 68.6588785046729,
        "(16, 30, 1000)": 46.23746701846966,
        "(16, 30, 2000)": 61.486666666666665,
        "(16, 30, 3000)": 69.64351851851852,
        "(16, 30, 4000)": 73.61046511627907,
        "(16, 30, 5000)": 76.32089552238806,
        "(16, 40, 1000)": 51.51183431952663,
        "(16, 40, 2000)": 67.43589743589743,
        "(16, 40, 3000)": 74.42763157894737,
        "(16, 40, 4000)": 78.7457627118644,
        "(16, 40, 5000)": 81.28985507246377,
        "(16, 50, 1000)": 55.77955271565495,
        "(16, 50, 2000)": 71.07734806629834,
        "(16, 50, 3000)": 77.91379310344827,
        "(16, 50, 4000)": 81.8135593220339,
        "(16, 50, 5000)": 84.51851851851852,
        "(32, 10, 1000)": 8.139959432048682,
        "(32, 10, 2000)": 54.9601226993865,
        "(32, 10, 3000)": 60.80078125,
        "(32, 10, 4000)": 65.30150753768844,
        "(32, 10, 5000)": 63.19879518072289,
        "(32, 20, 1000)": 56.23452768729641,
        "(32, 20, 2000)": 74.44654088050315,
        "(32, 20, 3000)": 83.03508771929825,
        "(32, 20, 4000)": 87.44,
        "(32, 20, 5000)": 87.2,
        "(32, 30, 1000)": 63.61214953271028,
        "(32, 30, 2000)": 84.72093023255815,
        "(32, 30, 3000)": 94.0,
        "(32, 30, 4000)": 0,
        "(32, 30, 5000)": 0,
        "(32, 40, 1000)": 68.49044585987261,
        "(32, 40, 2000)": 88.6923076923077,
        "(32, 40, 3000)": 0,
        "(32, 40, 4000)": 0,
        "(32, 40, 5000)": 0,
        "(32, 50, 1000)": 71.71028037383178,
        "(32, 50, 2000)": 90.0,
        "(32, 50, 3000)": 0,
        "(32, 50, 4000)": 0,
        "(32, 50, 5000)": 0,
        "(64, 10, 1000)": 9.0,
        "(64, 10, 2000)": 68.05172413793103,
        "(64, 10, 3000)": 76.69565217391305,
        "(64, 10, 4000)": 74.0909090909091,
        "(64, 10, 5000)": 18.733333333333334,
        "(64, 20, 1000)": 67.58163265306122,
        "(64, 20, 2000)": 0,
        "(64, 20, 3000)": 0,
        "(64, 20, 4000)": 0,
        "(64, 20, 5000)": 0,
        "(64, 30, 1000)": 81.5625,
        "(64, 30, 2000)": 0,
        "(64, 30, 3000)": 0,
        "(64, 30, 4000)": 0,
        "(64, 30, 5000)": 0,
        "(64, 40, 1000)": 0,
        "(64, 40, 2000)": 0,
        "(64, 40, 3000)": 0,
        "(64, 40, 4000)": 0,
        "(64, 40, 5000)": 0,
        "(64, 50, 1000)": 0,
        "(64, 50, 2000)": 0,
        "(64, 50, 3000)": 0,
        "(64, 50, 4000)": 0,
        "(64, 50, 5000)": 0
    },
    "base_point_cost": 0.10924639003695961,
    "min_points": 13,
    "budget": 0.6
}