{
    "percentage_bucket_counter_full": {
        "rest": 100.0,
        "5": 75.0,
        "10": 81.25,
        "15": 93.75,
        "20": 100.0
    },
    "percentage_bucket_counter_gpr": {
        "rest": 100.0,
        "5": 60.0,
        "10": 90.0,
        "15": 100.0,
        "20": 100.0
    },
    "percentage_bucket_counter_hybrid": {
        "rest": 100.0,
        "5": 50.0,
        "10": 91.66666666666666,
        "15": 100.0,
        "20": 100.0
    },
    "mean_budget_generic": 0.28547074637443165,
    "percentage_bucket_counter_generic": {
        "rest": 100.0,
        "5": 56.25,
        "10": 62.5,
        "15": 81.25,
        "20": 87.5
    },
    "mean_add_points_generic": 41.0,
    "mean_add_points_gpr": 45.7,
    "mean_budget_gpr": 0.2982087830530993,
    "mean_budget_hybrid": 0.29789587993278077,
    "mean_add_points_hybrid": 43.583333333333336,
    "point_map_generic": {
        "(4, 10)": 1.0,
        "(4, 20)": 2.0,
        "(4, 30)": 3.0,
        "(4, 40)": 4.0,
        "(4, 50)": 5.0,
        "(8, 10)": 6.0,
        "(8, 20)": 9.789473684210526,
        "(8, 30)": 8.962962962962964,
        "(8, 40)": 12.083333333333334,
        "(8, 50)": 13.5,
        "(16, 10)": 7.0,
        "(16, 20)": 12.727272727272727,
        "(16, 30)": 7.666666666666667,
        "(16, 40)": 0,
        "(16, 50)": 0,
        "(32, 10)": 8.0,
        "(32, 20)": 8.0,
        "(32, 30)": 8.0,
        "(32, 40)": 0,
        "(32, 50)": 0,
        "(64, 10)": 9.0,
        "(64, 20)": 9.0,
        "(64, 30)": 9.0,
        "(64, 40)": 0,
        "(64, 50)": 0
    },
    "base_point_cost": 0.17072692576649356,
    "min_points": 9,
    "budget": 0.30000000000000004
}