{
    "percentage_bucket_counter_full": {
        "rest": 100.0,
        "5": 86.94779116465864,
        "10": 94.47791164658635,
        "15": 97.89156626506023,
        "20": 99.8995983935743
    },
    "percentage_bucket_counter_gpr": {
        "rest": 100.0,
        "5": 85.10204081632654,
        "10": 91.93877551020408,
        "15": 96.93877551020408,
        "20": 98.67346938775509
    },
    "percentage_bucket_counter_hybrid": {
        "rest": 100.0,
        "5": 85.11722731906218,
        "10": 91.94699286442406,
        "15": 96.94189602446484,
        "20": 98.67482161060143
    },
    "mean_budget_generic": 18.287853698393366,
    "percentage_bucket_counter_generic": {
        "rest": 100.0,
        "5": 84.53815261044177,
        "10": 90.66265060240963,
        "15": 96.285140562249,
        "20": 97.99196787148594
    },
    "mean_add_points_generic": 64.43373493975903,
    "mean_add_points_gpr": 65.98877551020408,
    "mean_budget_gpr": 20.294777687578378,
    "mean_budget_hybrid": 20.295583753118425,
    "mean_add_points_hybrid": 65.96024464831804,
    "point_map_generic": {
        "(4, 10)": 1.0,
        "(4, 20)": 2.0,
        "(4, 30)": 3.0,
        "(4, 40)": 4.0,
        "(4, 50)": 5.0,
        "(8, 10)": 6.016129032258065,
        "(8, 20)": 10.00100806451613,
        "(8, 30)": 11.057344064386317,
        "(8, 40)": 12.403885480572598,
        "(8, 50)": 13.804776739356178,
        "(16, 10)": 7.021190716448032,
        "(16, 20)": 13.09945945945946,
        "(16, 30)": 14.681306306306306,
        "(16, 40)": 16.21524064171123,
        "(16, 50)": 17.32718120805369,
        "(32, 10)": 8.0,
        "(32, 20)": 16.8108504398827,
        "(32, 30)": 18.64097744360902,
        "(32, 40)": 20.17995444191344,
        "(32, 50)": 21.228295819935692,
        "(64, 10)": 9.0,
        "(64, 20)": 20.654237288135594,
        "(64, 30)": 17.22222222222222,
        "(64, 40)": 0,
        "(64, 50)": 0
    },
    "base_point_cost": 2.212710401388016,
    "min_points": 9,
    "budget": 21.0
}