{
    "percentage_bucket_counter_full": {
        "rest": 100.0,
        "5": 87.54914809960681,
        "10": 94.23328964613368,
        "15": 97.64089121887287,
        "20": 99.8689384010485
    },
    "percentage_bucket_counter_gpr": {
        "rest": 100.0,
        "5": 85.80901856763926,
        "10": 90.84880636604774,
        "15": 96.41909814323607,
        "20": 98.0106100795756
    },
    "percentage_bucket_counter_hybrid": {
        "rest": 100.0,
        "5": 85.79017264276229,
        "10": 90.83665338645417,
        "15": 96.41434262948208,
        "20": 98.00796812749005
    },
    "mean_budget_generic": 14.5845510078483,
    "percentage_bucket_counter_generic": {
        "rest": 100.0,
        "5": 84.53473132372214,
        "10": 90.03931847968545,
        "15": 95.41284403669725,
        "20": 96.72346002621232
    },
    "mean_add_points_generic": 64.66710353866317,
    "mean_add_points_gpr": 66.12068965517241,
    "mean_budget_gpr": 16.321753606762424,
    "mean_budget_hybrid": 16.320422235442653,
    "mean_add_points_hybrid": 66.16334661354581,
    "point_map_generic": {
        "(4, 10)": 1.0,
        "(4, 20)": 2.0,
        "(4, 30)": 3.0,
        "(4, 40)": 4.0,
        "(4, 50)": 5.0,
        "(8, 10)": 6.0,
        "(8, 20)": 9.994736842105263,
        "(8, 30)": 11.070866141732283,
        "(8, 40)": 12.493877551020407,
        "(8, 50)": 13.647350993377483,
        "(16, 10)": 7.0,
        "(16, 20)": 12.98342541436464,
        "(16, 30)": 14.649408284023668,
        "(16, 40)": 16.171483622350674,
        "(16, 50)": 17.376470588235293,
        "(32, 10)": 8.0,
        "(32, 20)": 16.827814569536425,
        "(32, 30)": 18.64814814814815,
        "(32, 40)": 20.13783783783784,
        "(32, 50)": 21.177419354838708,
        "(64, 10)": 9.0,
        "(64, 20)": 20.57391304347826,
        "(64, 30)": 9.0,
        "(64, 40)": 0,
        "(64, 50)": 0
    },
    "base_point_cost": 2.212710401388016,
    "min_points": 9,
    "budget": 17.0
}