{
    "percentage_bucket_counter_full": {
        "rest": 100.0,
        "5": 87.0,
        "10": 94.5,
        "15": 97.89999999999999,
        "20": 99.9
    },
    "percentage_bucket_counter_gpr": {
        "rest": 100.0,
        "5": 87.41188318227593,
        "10": 94.662638469285,
        "15": 98.08660624370594,
        "20": 99.8992950654582
    },
    "percentage_bucket_counter_hybrid": {
        "rest": 100.0,
        "5": 87.41188318227593,
        "10": 94.662638469285,
        "15": 98.08660624370594,
        "20": 99.8992950654582
    },
    "mean_budget_generic": 71.76199507351075,
    "percentage_bucket_counter_generic": {
        "rest": 100.0,
        "5": 85.1,
        "10": 94.5,
        "15": 97.89999999999999,
        "20": 100.0
    },
    "mean_add_points_generic": 86.988,
    "mean_add_points_gpr": 88.50855991943605,
    "mean_budget_gpr": 84.45781059822342,
    "mean_budget_hybrid": 84.45781059822342,
    "mean_add_points_hybrid": 88.50855991943605,
    "point_map_generic": {
        "(4, 10)": 1.0,
        "(4, 20)": 2.0,
        "(4, 30)": 3.0,
        "(4, 40)": 4.0,
        "(4, 50)": 5.0,
        "(8, 10)": 6.072,
        "(8, 20)": 10.015,
        "(8, 30)": 11.057,
        "(8, 40)": 12.383,
        "(8, 50)": 13.767,
        "(16, 10)": 7.084,
        "(16, 20)": 13.185,
        "(16, 30)": 14.717,
        "(16, 40)": 16.287,
        "(16, 50)": 17.582,
        "(32, 10)": 8.146,
        "(32, 20)": 17.16,
        "(32, 30)": 18.712,
        "(32, 40)": 20.219,
        "(32, 50)": 21.378,
        "(64, 10)": 9.056451612903226,
        "(64, 20)": 21.343,
        "(64, 30)": 22.725,
        "(64, 40)": 23.991983967935873,
        "(64, 50)": 24.0
    },
    "base_point_cost": 2.212710401388016,
    "min_points": 9,
    "budget": 88.0
}