{
    "percentage_bucket_counter_full": {
        "rest": 100.0,
        "5": 87.0,
        "10": 94.5,
        "15": 97.89999999999999,
        "20": 99.9
    },
    "percentage_bucket_counter_gpr": {
        "rest": 100.0,
        "5": 85.46922300706358,
        "10": 94.04641775983855,
        "15": 97.27547931382442,
        "20": 99.39455095862765
    },
    "percentage_bucket_counter_hybrid": {
        "rest": 100.0,
        "5": 85.46922300706358,
        "10": 94.04641775983855,
        "15": 97.27547931382442,
        "20": 99.39455095862765
    },
    "mean_budget_generic": 28.129950533964852,
    "percentage_bucket_counter_generic": {
        "rest": 100.0,
        "5": 85.0,
        "10": 92.5,
        "15": 96.7,
        "20": 98.5
    },
    "mean_add_points_generic": 74.372,
    "mean_add_points_gpr": 75.5882946518668,
    "mean_budget_gpr": 31.54358503315716,
    "mean_budget_hybrid": 31.542935143141985,
    "mean_add_points_hybrid": 75.58728557013119,
    "point_map_generic": {
        "(4, 10)": 1.0,
        "(4, 20)": 2.0,
        "(4, 30)": 3.0,
        "(4, 40)": 4.0,
        "(4, 50)": 5.0,
        "(8, 10)": 6.072,
        "(8, 20)": 10.015,
        "(8, 30)": 11.057,
        "(8, 40)": 12.383,
        "(8, 50)": 13.767,
        "(16, 10)": 7.084,
        "(16, 20)": 13.185,
        "(16, 30)": 14.717,
        "(16, 40)": 16.286286286286288,
        "(16, 50)": 17.515463917525775,
        "(32, 10)": 8.04233870967742,
        "(32, 20)": 17.12680412371134,
        "(32, 30)": 18.68246968026461,
        "(32, 40)": 20.131034482758622,
        "(32, 50)": 21.214285714285715,
        "(64, 10)": 9.0,
        "(64, 20)": 20.881147540983605,
        "(64, 30)": 22.02127659574468,
        "(64, 40)": 0,
        "(64, 50)": 0
    },
    "base_point_cost": 2.212710401388016,
    "min_points": 9,
    "budget": 33.0
}