{
    "percentage_bucket_counter_full": {
        "rest": 100.0,
        "5": 22.426728018405523,
        "10": 49.28478543563069,
        "15": 70.17105131539462,
        "20": 83.6150845253576
    },
    "percentage_bucket_counter_gpr": {
        "rest": 100.0,
        "5": 80.53354728713269,
        "10": 92.59853575368568,
        "15": 97.64316517901915,
        "20": 99.44840036104704
    },
    "percentage_bucket_counter_hybrid": {
        "rest": 100.0,
        "5": 80.53354728713269,
        "10": 92.59853575368568,
        "15": 97.64316517901915,
        "20": 99.44840036104704
    },
    "mean_budget_generic": 34.49547658326256,
    "percentage_bucket_counter_generic": {
        "rest": 100.0,
        "5": 77.38321496448934,
        "10": 91.05731719515855,
        "15": 96.62898869660899,
        "20": 98.4295288586576
    },
    "mean_add_points_generic": 86.74322296689007,
    "mean_add_points_gpr": 88.31481295757698,
    "mean_budget_gpr": 41.10418731931909,
    "mean_budget_hybrid": 41.10418731931909,
    "mean_add_points_hybrid": 88.31481295757698,
    "point_map_generic": {
        "(4, 10)": 1.0,
        "(4, 20)": 2.0,
        "(4, 30)": 3.0,
        "(4, 40)": 4.0,
        "(4, 50)": 5.0,
        "(8, 10)": 6.6207,
        "(8, 20)": 10.0906,
        "(8, 30)": 10.4159,
        "(8, 40)": 12.4088,
        "(8, 50)": 13.8404,
        "(16, 10)": 8.0016,
        "(16, 20)": 13.2134,
        "(16, 30)": 13.7465,
        "(16, 40)": 16.3638,
        "(16, 50)": 17.6802,
        "(32, 10)": 9.665428255848981,
        "(32, 20)": 16.903971191357407,
        "(32, 30)": 17.245788206979544,
        "(32, 40)": 20.31220733964935,
        "(32, 50)": 21.023878711307642,
        "(64, 10)": 9.0,
        "(64, 20)": 20.661591050341826,
        "(64, 30)": 18.876810116255353,
        "(64, 40)": 24.0,
        "(64, 50)": 0
    },
    "base_point_cost": 4.439734963034415,
    "min_points": 9,
    "budget": 43.0
}