{
    "percentage_bucket_counter_full": {
        "rest": 100.0,
        "5": 22.43,
        "10": 49.28,
        "15": 70.16,
        "20": 83.6
    },
    "percentage_bucket_counter_generic": {
        "rest": 100.0,
        "5": 48.209999999999994,
        "10": 54.67999999999999,
        "15": 60.67,
        "20": 63.53
    },
    "mean_budget_generic": 11.235659965363528,
    "mean_add_points_generic": 71.74897360703812,
    "nr_func_modeled_generic": 6820,
    "percentage_bucket_counter_gpr": {
        "rest": 100.0,
        "5": 70.30999999999999,
        "10": 85.24000000000001,
        "15": 94.39999999999999,
        "20": 96.95
    },
    "mean_add_points_gpr": 69.94466720128308,
    "mean_budget_gpr": 12.56359443818308,
    "nr_func_modeled_gpr": 9976,
    "percentage_bucket_counter_hybrid": {
        "rest": 100.0,
        "5": 70.05,
        "10": 85.22,
        "15": 94.39999999999999,
        "20": 96.95
    },
    "mean_budget_hybrid": 12.563343166240195,
    "mean_add_points_hybrid": 69.94546912590216,
    "nr_func_modeled_hybrid": 9976,
    "point_map_generic": {
        "(4, 10)": 1.0,
        "(4, 20)": 2.0,
        "(4, 30)": 3.0,
        "(4, 40)": 4.0,
        "(4, 50)": 5.0,
        "(8, 10)": 6.0,
        "(8, 20)": 9.92564623874528,
        "(8, 30)": 10.250093271981097,
        "(8, 40)": 12.451008878127523,
        "(8, 50)": 13.38068296625581,
        "(16, 10)": 7.0,
        "(16, 20)": 12.90578060992262,
        "(16, 30)": 13.326973113616653,
        "(16, 40)": 16.209389281262983,
        "(16, 50)": 17.45005488474204,
        "(32, 10)": 8.0,
        "(32, 20)": 16.472519365547768,
        "(32, 30)": 16.065564531279353,
        "(32, 40)": 20.1046511627907,
        "(32, 50)": 21.14508094645081,
        "(64, 10)": 9.0,
        "(64, 20)": 19.517784256559768,
        "(64, 30)": 9.0,
        "(64, 40)": 0,
        "(64, 50)": 0
    },
    "base_point_cost": 4.439734963034415,
    "min_points": 9,
    "budget": 13.0
}