{
    "percentage_bucket_counter_full": {
        "rest": 100.0,
        "5": 22.41672501750525,
        "10": 49.27478243473042,
        "15": 70.15104531359407,
        "20": 83.59507852355706
    },
    "percentage_bucket_counter_gpr": {
        "rest": 100.0,
        "5": 55.276331597917505,
        "10": 72.336804164998,
        "15": 88.42611133360032,
        "20": 93.74249098918702
    },
    "percentage_bucket_counter_hybrid": {
        "rest": 100.0,
        "5": 55.276331597917505,
        "10": 72.336804164998,
        "15": 88.42611133360032,
        "20": 93.74249098918702
    },
    "mean_budget_generic": 64.21716319299684,
    "percentage_bucket_counter_generic": {
        "rest": 100.0,
        "5": 77.59327798339501,
        "10": 86.39591877563268,
        "15": 96.16885065519656,
        "20": 98.37951385415624
    },
    "mean_add_points_generic": 94.3447034110233,
    "mean_add_points_gpr": 95.81107328794553,
    "mean_budget_gpr": 74.3542728269412,
    "mean_budget_hybrid": 74.3542728269412,
    "mean_add_points_hybrid": 95.81107328794553,
    "point_map_generic": {
        "(4, 10)": 1.0,
        "(4, 20)": 2.0,
        "(4, 30)": 3.0,
        "(4, 40)": 4.0,
        "(4, 50)": 5.0,
        "(8, 10)": 6.6207,
        "(8, 20)": 10.0906,
        "(8, 30)": 10.4159,
        "(8, 40)": 12.4088,
        "(8, 50)": 13.8404,
        "(16, 10)": 8.0016,
        "(16, 20)": 13.2134,
        "(16, 30)": 13.7465,
        "(16, 40)": 16.3638,
        "(16, 50)": 17.6802,
        "(32, 10)": 9.7104,
        "(32, 20)": 16.9046,
        "(32, 30)": 17.2507,
        "(32, 40)": 20.3594,
        "(32, 50)": 21.2516,
        "(64, 10)": 10.326929234710214,
        "(64, 20)": 21.1224,
        "(64, 30)": 20.891978395679136,
        "(64, 40)": 23.90347906403941,
        "(64, 50)": 0
    },
    "base_point_cost": 4.439734963034415,
    "min_points": 9,
    "budget": 77.0
}