{
    "percentage_bucket_counter_full": {
        "rest": 100.0,
        "5": 22.43,
        "10": 49.28,
        "15": 70.16,
        "20": 83.6
    },
    "percentage_bucket_counter_generic": {
        "rest": 100.0,
        "5": 16.49,
        "10": 23.13,
        "15": 26.369999999999997,
        "20": 28.96
    },
    "mean_budget_generic": 3.396750900364988,
    "mean_add_points_generic": 68.09395973154362,
    "nr_func_modeled_generic": 3278,
    "percentage_bucket_counter_gpr": {
        "rest": 100.0,
        "5": 32.31,
        "10": 38.43,
        "15": 43.19,
        "20": 46.64
    },
    "mean_add_points_gpr": 61.10452565801931,
    "mean_budget_gpr": 3.867322091982074,
    "nr_func_modeled_gpr": 5281,
    "percentage_bucket_counter_hybrid": {
        "rest": 100.0,
        "5": 32.1,
        "10": 38.14,
        "15": 42.93,
        "20": 46.35
    },
    "mean_budget_hybrid": 3.866547927332018,
    "mean_add_points_hybrid": 61.101457505205374,
    "nr_func_modeled_hybrid": 5283,
    "point_map_generic": {
        "(4, 10)": 1.0,
        "(4, 20)": 2.0,
        "(4, 30)": 3.0,
        "(4, 40)": 4.0,
        "(4, 50)": 5.0,
        "(8, 10)": 6.0,
        "(8, 20)": 9.849101090480401,
        "(8, 30)": 9.499242588184377,
        "(8, 40)": 12.232080833596463,
        "(8, 50)": 13.534173855341738,
        "(16, 10)": 7.0,
        "(16, 20)": 13.009082367679298,
        "(16, 30)": 12.340218423551757,
        "(16, 40)": 16.2194275802255,
        "(16, 50)": 17.415300546448087,
        "(32, 10)": 8.0,
        "(32, 20)": 16.469318662716887,
        "(32, 30)": 12.945037564254646,
        "(32, 40)": 20.0,
        "(32, 50)": 0,
        "(64, 10)": 9.0,
        "(64, 20)": 9.413533834586467,
        "(64, 30)": 9.0,
        "(64, 40)": 0,
        "(64, 50)": 0
    },
    "base_point_cost": 1.5611898195698735,
    "min_points": 9,
    "budget": 4.0
}