{
    "percentage_bucket_counter_full": {
        "rest": 100.0,
        "5": 22.422242224222423,
        "10": 49.27492749274928,
        "15": 70.15701570157016,
        "20": 83.59835983598359
    },
    "percentage_bucket_counter_gpr": {
        "rest": 100.0,
        "5": 66.02223780426726,
        "10": 78.05268957227285,
        "15": 90.38365220875488,
        "20": 94.83121306220575
    },
    "percentage_bucket_counter_hybrid": {
        "rest": 100.0,
        "5": 66.02223780426726,
        "10": 78.05268957227285,
        "15": 90.38365220875488,
        "20": 94.83121306220575
    },
    "mean_budget_generic": 57.7749144726768,
    "percentage_bucket_counter_generic": {
        "rest": 100.0,
        "5": 77.77777777777779,
        "10": 88.26882688268827,
        "15": 96.35963596359636,
        "20": 98.78987898789879
    },
    "mean_add_points_generic": 92.87528752875288,
    "mean_add_points_gpr": 93.97545827907443,
    "mean_budget_gpr": 64.51995492366635,
    "mean_budget_hybrid": 64.51995492366635,
    "mean_add_points_hybrid": 93.97545827907443,
    "point_map_generic": {
        "(4, 10)": 1.0,
        "(4, 20)": 2.0,
        "(4, 30)": 3.0,
        "(4, 40)": 4.0,
        "(4, 50)": 5.0,
        "(8, 10)": 6.6207,
        "(8, 20)": 10.0906,
        "(8, 30)": 10.4159,
        "(8, 40)": 12.4088,
        "(8, 50)": 13.8404,
        "(16, 10)": 8.0016,
        "(16, 20)": 13.2134,
        "(16, 30)": 13.7465,
        "(16, 40)": 16.3638,
        "(16, 50)": 17.6802,
        "(32, 10)": 9.7104,
        "(32, 20)": 16.9046,
        "(32, 30)": 17.2507,
        "(32, 40)": 20.3594,
        "(32, 50)": 21.2516,
        "(64, 10)": 10.096935448815476,
        "(64, 20)": 21.121673003802282,
        "(64, 30)": 20.70549809471965,
        "(64, 40)": 23.873653795639612,
        "(64, 50)": 0
    },
    "base_point_cost": 4.439734963034415,
    "min_points": 9,
    "budget": 67.0
}