{
    "percentage_bucket_counter_full": {
        "rest": 100.0,
        "5": 22.424484896979397,
        "10": 49.26985397079416,
        "15": 70.15403080616123,
        "20": 83.59671934386877
    },
    "percentage_bucket_counter_gpr": {
        "rest": 100.0,
        "5": 62.130473995390325,
        "10": 75.29812606473595,
        "15": 89.65828239302536,
        "20": 94.30804689848682
    },
    "percentage_bucket_counter_hybrid": {
        "rest": 100.0,
        "5": 62.130473995390325,
        "10": 75.29812606473595,
        "15": 89.65828239302536,
        "20": 94.30804689848682
    },
    "mean_budget_generic": 61.24374609542132,
    "percentage_bucket_counter_generic": {
        "rest": 100.0,
        "5": 78.34566913382676,
        "10": 87.10742148429685,
        "15": 96.24924984997,
        "20": 98.55971194238847
    },
    "mean_add_points_generic": 93.66553310662133,
    "mean_add_points_gpr": 94.91301733640645,
    "mean_budget_gpr": 69.09146203729901,
    "mean_budget_hybrid": 69.09146203729901,
    "mean_add_points_hybrid": 94.91301733640645,
    "point_map_generic": {
        "(4, 10)": 1.0,
        "(4, 20)": 2.0,
        "(4, 30)": 3.0,
        "(4, 40)": 4.0,
        "(4, 50)": 5.0,
        "(8, 10)": 6.6207,
        "(8, 20)": 10.0906,
        "(8, 30)": 10.4159,
        "(8, 40)": 12.4088,
        "(8, 50)": 13.8404,
        "(16, 10)": 8.0016,
        "(16, 20)": 13.2134,
        "(16, 30)": 13.7465,
        "(16, 40)": 16.3638,
        "(16, 50)": 17.6802,
        "(32, 10)": 9.7104,
        "(32, 20)": 16.9046,
        "(32, 30)": 17.2507,
        "(32, 40)": 20.3594,
        "(32, 50)": 21.2516,
        "(64, 10)": 10.290301862556198,
        "(64, 20)": 21.12221222122212,
        "(64, 30)": 20.863341443633413,
        "(64, 40)": 23.87880621092962,
        "(64, 50)": 0
    },
    "base_point_cost": 4.439734963034415,
    "min_points": 9,
    "budget": 72.0
}