{
    "percentage_bucket_counter_full": {
        "rest": 100.0,
        "5": 22.434486897379475,
        "10": 49.26985397079416,
        "15": 70.15403080616123,
        "20": 83.59671934386877
    },
    "percentage_bucket_counter_gpr": {
        "rest": 100.0,
        "5": 80.31440873135077,
        "10": 92.67047161309702,
        "15": 97.75708420947231,
        "20": 99.47932312005608
    },
    "percentage_bucket_counter_hybrid": {
        "rest": 100.0,
        "5": 80.32442174827275,
        "10": 92.66045859617503,
        "15": 97.74707119255032,
        "20": 99.47932312005608
    },
    "mean_budget_generic": 33.04530877177285,
    "percentage_bucket_counter_generic": {
        "rest": 100.0,
        "5": 76.69533906781356,
        "10": 90.4380876175235,
        "15": 96.32926585317063,
        "20": 98.38967793558712
    },
    "mean_add_points_generic": 86.1748349669934,
    "mean_add_points_gpr": 87.6999098828477,
    "mean_budget_gpr": 39.23830914158714,
    "mean_budget_hybrid": 39.238106936928915,
    "mean_add_points_hybrid": 87.6999098828477,
    "point_map_generic": {
        "(4, 10)": 1.0,
        "(4, 20)": 2.0,
        "(4, 30)": 3.0,
        "(4, 40)": 4.0,
        "(4, 50)": 5.0,
        "(8, 10)": 6.6207,
        "(8, 20)": 10.0906,
        "(8, 30)": 10.4159,
        "(8, 40)": 12.4088,
        "(8, 50)": 13.8404,
        "(16, 10)": 8.0016,
        "(16, 20)": 13.2134,
        "(16, 30)": 13.7465,
        "(16, 40)": 16.3638,
        "(16, 50)": 17.677174021815272,
        "(32, 10)": 9.644028574303249,
        "(32, 20)": 16.902912621359224,
        "(32, 30)": 17.239178578618883,
        "(32, 40)": 20.28979685527373,
        "(32, 50)": 21.02497073741709,
        "(64, 10)": 9.0,
        "(64, 20)": 20.601149425287357,
        "(64, 30)": 18.613463626492944,
        "(64, 40)": 0,
        "(64, 50)": 0
    },
    "base_point_cost": 4.439734963034415,
    "min_points": 9,
    "budget": 41.0
}