{
    "percentage_bucket_counter_full": {
        "rest": 100.0,
        "5": 7.197763801537387,
        "10": 22.501747030048914,
        "15": 46.92522711390636,
        "20": 68.55345911949685
    },
    "percentage_bucket_counter_gpr": {
        "rest": 100.0,
        "5": 54.41759826902272,
        "10": 72.95347998557519,
        "15": 82.29354489722323,
        "20": 89.75838442120447
    },
    "percentage_bucket_counter_hybrid": {
        "rest": 100.0,
        "5": 54.440848615605894,
        "10": 72.63574253865515,
        "15": 82.09277238403452,
        "20": 89.82380438691119
    },
    "mean_budget_generic": 2.5524389124009916,
    "percentage_bucket_counter_generic": {
        "rest": 100.0,
        "5": 46.820405310971346,
        "10": 70.44025157232704,
        "15": 79.59468902865129,
        "20": 87.63102725366876
    },
    "mean_add_points_generic": 66.12718378756115,
    "mean_add_points_gpr": 67.72628921745402,
    "mean_budget_gpr": 2.876416775779759,
    "mean_budget_hybrid": 2.8754282416657655,
    "mean_add_points_hybrid": 67.68033081625315,
    "point_map_generic": {
        "(4, 10)": 1.0,
        "(4, 20)": 2.0,
        "(4, 30)": 3.0,
        "(4, 40)": 4.0,
        "(4, 50)": 5.0,
        "(8, 10)": 6.0,
        "(8, 20)": 9.828533154722036,
        "(8, 30)": 9.352340223330957,
        "(8, 40)": 12.256177325581396,
        "(8, 50)": 13.539468464894883,
        "(16, 10)": 7.0,
        "(16, 20)": 12.897032534858777,
        "(16, 30)": 11.97975161987041,
        "(16, 40)": 16.19153674832962,
        "(16, 50)": 17.42042931162102,
        "(32, 10)": 8.0,
        "(32, 20)": 16.317266949152543,
        "(32, 30)": 11.705910390848427,
        "(32, 40)": 20.0,
        "(32, 50)": 0,
        "(64, 10)": 9.0,
        "(64, 20)": 9.0,
        "(64, 30)": 9.0,
        "(64, 40)": 0,
        "(64, 50)": 0
    },
    "base_point_cost": 1.174690500753453,
    "min_points": 9,
    "budget": 3.0
}