{
    "percentage_bucket_counter_full": {
        "rest": 100.0,
        "5": 22.43224322432243,
        "10": 49.27492749274928,
        "15": 70.15701570157016,
        "20": 83.59835983598359
    },
    "percentage_bucket_counter_gpr": {
        "rest": 100.0,
        "5": 45.58926604585962,
        "10": 67.93831981576048,
        "15": 85.53119054771201,
        "20": 92.840692900771
    },
    "percentage_bucket_counter_hybrid": {
        "rest": 100.0,
        "5": 45.58926604585962,
        "10": 67.93831981576048,
        "15": 85.53119054771201,
        "20": 92.840692900771
    },
    "mean_budget_generic": 70.6016768760345,
    "percentage_bucket_counter_generic": {
        "rest": 100.0,
        "5": 73.73737373737373,
        "10": 85.55855585558557,
        "15": 96.16961696169616,
        "20": 97.77977797779778
    },
    "mean_add_points_generic": 95.87918791879189,
    "mean_add_points_gpr": 97.07259437268449,
    "mean_budget_gpr": 80.96369733099144,
    "mean_budget_hybrid": 80.96369733099144,
    "mean_add_points_hybrid": 97.07259437268449,
    "point_map_generic": {
        "(4, 10)": 1.0,
        "(4, 20)": 2.0,
        "(4, 30)": 3.0,
        "(4, 40)": 4.0,
        "(4, 50)": 5.0,
        "(8, 10)": 6.6207,
        "(8, 20)": 10.0906,
        "(8, 30)": 10.4159,
        "(8, 40)": 12.4088,
        "(8, 50)": 13.8404,
        "(16, 10)": 8.0016,
        "(16, 20)": 13.2134,
        "(16, 30)": 13.7465,
        "(16, 40)": 16.3638,
        "(16, 50)": 17.6802,
        "(32, 10)": 9.7104,
        "(32, 20)": 16.9046,
        "(32, 30)": 17.2507,
        "(32, 40)": 20.3594,
        "(32, 50)": 21.2516,
        "(64, 10)": 11.117457763475462,
        "(64, 20)": 21.1224,
        "(64, 30)": 20.8924,
        "(64, 40)": 23.935377987485897,
        "(64, 50)": 24.0
    },
    "base_point_cost": 4.439734963034415,
    "min_points": 9,
    "budget": 85.0
}