{
    "percentage_bucket_counter_full": {
        "rest": 100.0,
        "5": 8.994708994708994,
        "10": 26.984126984126984,
        "15": 38.095238095238095,
        "20": 64.55026455026454
    },
    "percentage_bucket_counter_gpr": {
        "rest": 100.0,
        "5": 20.73170731707317,
        "10": 48.78048780487805,
        "15": 60.97560975609756,
        "20": 67.07317073170732
    },
    "percentage_bucket_counter_hybrid": {
        "rest": 100.0,
        "5": 24.050632911392405,
        "10": 53.16455696202531,
        "15": 68.35443037974683,
        "20": 73.41772151898735
    },
    "mean_budget_generic": 0.28370259664833064,
    "percentage_bucket_counter_generic": {
        "rest": 100.0,
        "5": 33.33333333333333,
        "10": 48.67724867724868,
        "15": 64.02116402116403,
        "20": 71.95767195767195
    },
    "mean_add_points_generic": 49.98941798941799,
    "mean_add_points_gpr": 53.707317073170735,
    "mean_budget_gpr": 0.29504269423363527,
    "mean_budget_hybrid": 0.29439557474865474,
    "mean_add_points_hybrid": 54.35443037974684,
    "point_map_generic": {
        "(4, 10)": 1.0,
        "(4, 20)": 2.0,
        "(4, 30)": 3.0,
        "(4, 40)": 4.0,
        "(4, 50)": 5.0,
        "(8, 10)": 6.0,
        "(8, 20)": 8.457831325301205,
        "(8, 30)": 6.572883513685551,
        "(8, 40)": 12.11023622047244,
        "(8, 50)": 13.703703703703704,
        "(16, 10)": 7.0,
        "(16, 20)": 9.835390946502057,
        "(16, 30)": 7.185393258426966,
        "(16, 40)": 16.0,
        "(16, 50)": 0,
        "(32, 10)": 8.0,
        "(32, 20)": 8.0,
        "(32, 30)": 8.0,
        "(32, 40)": 0,
        "(32, 50)": 0,
        "(64, 10)": 9.0,
        "(64, 20)": 9.0,
        "(64, 30)": 9.0,
        "(64, 40)": 0,
        "(64, 50)": 0
    },
    "base_point_cost": 0.2009404705880856,
    "min_points": 9,
    "budget": 0.30000000000000004
}