{
    "percentage_bucket_counter_full": {
        "rest": 100.0,
        "5": 22.42121060530265,
        "10": 49.26463231615808,
        "15": 70.14507253626815,
        "20": 83.59179589794897
    },
    "percentage_bucket_counter_gpr": {
        "rest": 100.0,
        "5": 80.95953525641025,
        "10": 91.4863782051282,
        "15": 97.46594551282051,
        "20": 99.40905448717949
    },
    "percentage_bucket_counter_hybrid": {
        "rest": 100.0,
        "5": 80.95953525641025,
        "10": 91.4863782051282,
        "15": 97.46594551282051,
        "20": 99.40905448717949
    },
    "mean_budget_generic": 36.36472477331589,
    "percentage_bucket_counter_generic": {
        "rest": 100.0,
        "5": 77.65882941470736,
        "10": 91.33566783391696,
        "15": 96.37818909454727,
        "20": 98.40920460230114
    },
    "mean_add_points_generic": 87.35967983991996,
    "mean_add_points_gpr": 88.91155849358974,
    "mean_budget_gpr": 43.10746178817202,
    "mean_budget_hybrid": 43.10753592109318,
    "mean_add_points_hybrid": 88.91155849358974,
    "point_map_generic": {
        "(4, 10)": 1.0,
        "(4, 20)": 2.0,
        "(4, 30)": 3.0,
        "(4, 40)": 4.0,
        "(4, 50)": 5.0,
        "(8, 10)": 6.6207,
        "(8, 20)": 10.0906,
        "(8, 30)": 10.4159,
        "(8, 40)": 12.4088,
        "(8, 50)": 13.8404,
        "(16, 10)": 8.0016,
        "(16, 20)": 13.2134,
        "(16, 30)": 13.7465,
        "(16, 40)": 16.3638,
        "(16, 50)": 17.6802,
        "(32, 10)": 9.675260834670947,
        "(32, 20)": 16.904180836167235,
        "(32, 30)": 17.25,
        "(32, 40)": 20.33837172938601,
        "(32, 50)": 21.022806147744173,
        "(64, 10)": 9.0,
        "(64, 20)": 20.754103080909875,
        "(64, 30)": 19.143019726858878,
        "(64, 40)": 24.0,
        "(64, 50)": 0
    },
    "base_point_cost": 4.439734963034415,
    "min_points": 9,
    "budget": 45.0
}