{
    "percentage_bucket_counter_full": {
        "rest": 100.0,
        "5": 22.434486897379475,
        "10": 49.27985597119424,
        "15": 70.16403280656132,
        "20": 83.59671934386877
    },
    "percentage_bucket_counter_gpr": {
        "rest": 100.0,
        "5": 56.49038461538461,
        "10": 72.82652243589743,
        "15": 88.78205128205127,
        "20": 93.95032051282051
    },
    "percentage_bucket_counter_hybrid": {
        "rest": 100.0,
        "5": 56.49038461538461,
        "10": 72.82652243589743,
        "15": 88.78205128205127,
        "20": 93.95032051282051
    },
    "mean_budget_generic": 63.738763167579556,
    "percentage_bucket_counter_generic": {
        "rest": 100.0,
        "5": 77.89557911582317,
        "10": 86.50730146029207,
        "15": 96.16923384676936,
        "20": 98.37967593518704
    },
    "mean_add_points_generic": 94.23164632926586,
    "mean_add_points_gpr": 95.62239583333333,
    "mean_budget_gpr": 73.29221456766082,
    "mean_budget_hybrid": 73.29221456766082,
    "mean_add_points_hybrid": 95.62239583333333,
    "point_map_generic": {
        "(4, 10)": 1.0,
        "(4, 20)": 2.0,
        "(4, 30)": 3.0,
        "(4, 40)": 4.0,
        "(4, 50)": 5.0,
        "(8, 10)": 6.6207,
        "(8, 20)": 10.0906,
        "(8, 30)": 10.4159,
        "(8, 40)": 12.4088,
        "(8, 50)": 13.8404,
        "(16, 10)": 8.0016,
        "(16, 20)": 13.2134,
        "(16, 30)": 13.7465,
        "(16, 40)": 16.3638,
        "(16, 50)": 17.6802,
        "(32, 10)": 9.7104,
        "(32, 20)": 16.9046,
        "(32, 30)": 17.2507,
        "(32, 40)": 20.3594,
        "(32, 50)": 21.2516,
        "(64, 10)": 10.326929234710214,
        "(64, 20)": 21.1224,
        "(64, 30)": 20.891134680808484,
        "(64, 40)": 23.899308348077852,
        "(64, 50)": 0
    },
    "base_point_cost": 4.439734963034415,
    "min_points": 9,
    "budget": 76.0
}