{
    "percentage_bucket_counter_full": {
        "rest": 100.0,
        "5": 22.43,
        "10": 49.28,
        "15": 70.16,
        "20": 83.6
    },
    "percentage_bucket_counter_generic": {
        "rest": 100.0,
        "5": 77.10000000000001,
        "10": 90.8,
        "15": 96.53,
        "20": 98.36
    },
    "mean_budget_generic": 33.641709716738774,
    "mean_add_points_generic": 86.43257302921168,
    "nr_func_modeled_generic": 9996,
    "percentage_bucket_counter_gpr": {
        "rest": 100.0,
        "5": 80.21000000000001,
        "10": 91.08000000000001,
        "15": 97.22,
        "20": 99.33
    },
    "mean_add_points_gpr": 88.06449674511768,
    "mean_budget_gpr": 40.1360022180329,
    "nr_func_modeled_gpr": 9985,
    "percentage_bucket_counter_hybrid": {
        "rest": 100.0,
        "5": 80.21000000000001,
        "10": 91.08000000000001,
        "15": 97.22,
        "20": 99.33
    },
    "mean_budget_hybrid": 40.1360022180329,
    "mean_add_points_hybrid": 88.06449674511768,
    "nr_func_modeled_hybrid": 9985,
    "point_map_generic": {
        "(4, 10)": 1.0,
        "(4, 20)": 2.0,
        "(4, 30)": 3.0,
        "(4, 40)": 4.0,
        "(4, 50)": 5.0,
        "(8, 10)": 6.6207,
        "(8, 20)": 10.0906,
        "(8, 30)": 10.4159,
        "(8, 40)": 12.4088,
        "(8, 50)": 13.8404,
        "(16, 10)": 8.0016,
        "(16, 20)": 13.2134,
        "(16, 30)": 13.7465,
        "(16, 40)": 16.3638,
        "(16, 50)": 17.6802,
        "(32, 10)": 9.6556783919598,
        "(32, 20)": 16.903551775887944,
        "(32, 30)": 17.243422373970677,
        "(32, 40)": 20.298914867434835,
        "(32, 50)": 21.027514717174302,
        "(64, 10)": 9.0,
        "(64, 20)": 20.618249234241496,
        "(64, 30)": 18.732093809423198,
        "(64, 40)": 24.0,
        "(64, 50)": 0
    },
    "base_point_cost": 4.439734963034415,
    "min_points": 9,
    "budget": 42.0
}