{
    "percentage_bucket_counter_full": {
        "rest": 100.0,
        "5": 22.43,
        "10": 49.28,
        "15": 70.16,
        "20": 83.6
    },
    "percentage_bucket_counter_gpr": {
        "rest": 100.0,
        "5": 63.930323355691264,
        "10": 76.5742316548203,
        "15": 90.009009910902,
        "20": 94.40384422865151
    },
    "percentage_bucket_counter_hybrid": {
        "rest": 100.0,
        "5": 63.930323355691264,
        "10": 76.5742316548203,
        "15": 90.009009910902,
        "20": 94.40384422865151
    },
    "mean_budget_generic": 59.96024497021926,
    "percentage_bucket_counter_generic": {
        "rest": 100.0,
        "5": 78.27,
        "10": 87.52,
        "15": 96.3,
        "20": 98.68
    },
    "mean_add_points_generic": 93.374,
    "mean_add_points_gpr": 94.52427670437481,
    "mean_budget_gpr": 67.0920251198371,
    "mean_budget_hybrid": 67.0920251198371,
    "mean_add_points_hybrid": 94.52427670437481,
    "point_map_generic": {
        "(4, 10)": 1.0,
        "(4, 20)": 2.0,
        "(4, 30)": 3.0,
        "(4, 40)": 4.0,
        "(4, 50)": 5.0,
        "(8, 10)": 6.6207,
        "(8, 20)": 10.0906,
        "(8, 30)": 10.4159,
        "(8, 40)": 12.4088,
        "(8, 50)": 13.8404,
        "(16, 10)": 8.0016,
        "(16, 20)": 13.2134,
        "(16, 30)": 13.7465,
        "(16, 40)": 16.3638,
        "(16, 50)": 17.6802,
        "(32, 10)": 9.7104,
        "(32, 20)": 16.9046,
        "(32, 30)": 17.2507,
        "(32, 40)": 20.3594,
        "(32, 50)": 21.2516,
        "(64, 10)": 10.258933361948706,
        "(64, 20)": 21.122024404880975,
        "(64, 30)": 20.820024824162186,
        "(64, 40)": 23.870786516853933,
        "(64, 50)": 0
    },
    "base_point_cost": 4.439734963034415,
    "min_points": 9,
    "budget": 70.0
}