{
    "percentage_bucket_counter_full": {
        "rest": 100.0,
        "5": 9.75232198142415,
        "10": 35.27863777089783,
        "15": 56.470588235294116,
        "20": 76.39318885448917
    },
    "percentage_bucket_counter_gpr": {
        "rest": 100.0,
        "5": 72.31275462237544,
        "10": 81.9492322156064,
        "15": 90.33218426825447,
        "20": 94.09276089000313
    },
    "percentage_bucket_counter_hybrid": {
        "rest": 100.0,
        "5": 72.48238057948316,
        "10": 81.80109631949882,
        "15": 90.44635865309318,
        "20": 94.17384494909945
    },
    "mean_budget_generic": 9.642921100492062,
    "percentage_bucket_counter_generic": {
        "rest": 100.0,
        "5": 66.85758513931889,
        "10": 76.91950464396284,
        "15": 85.69659442724458,
        "20": 90.94427244582043
    },
    "mean_add_points_generic": 70.15975232198143,
    "mean_add_points_gpr": 71.55531181447822,
    "mean_budget_gpr": 10.606816321452023,
    "mean_budget_hybrid": 10.603676872167895,
    "mean_add_points_hybrid": 71.55191855912294,
    "point_map_generic": {
        "(4, 10)": 1.0,
        "(4, 20)": 2.0,
        "(4, 30)": 3.0,
        "(4, 40)": 4.0,
        "(4, 50)": 5.0,
        "(8, 10)": 6.0,
        "(8, 20)": 9.921460346678938,
        "(8, 30)": 10.193450815360336,
        "(8, 40)": 12.367379679144385,
        "(8, 50)": 13.388293487221764,
        "(16, 10)": 7.0,
        "(16, 20)": 12.946296600426999,
        "(16, 30)": 13.194088825667773,
        "(16, 40)": 16.220056930151085,
        "(16, 50)": 17.42964035722906,
        "(32, 10)": 8.0,
        "(32, 20)": 16.495630461922598,
        "(32, 30)": 15.799053887289181,
        "(32, 40)": 20.07233273056058,
        "(32, 50)": 21.116117850953206,
        "(64, 10)": 9.0,
        "(64, 20)": 19.2934179222839,
        "(64, 30)": 9.0,
        "(64, 40)": 0,
        "(64, 50)": 0
    },
    "base_point_cost": 4.438415798013444,
    "min_points": 9,
    "budget": 11.0
}