{
    "percentage_bucket_counter_full": {
        "rest": 100.0,
        "5": 22.428971588635456,
        "10": 49.2797118847539,
        "15": 70.16806722689076,
        "20": 83.59343737494997
    },
    "percentage_bucket_counter_gpr": {
        "rest": 100.0,
        "5": 75.70797348865234,
        "10": 92.15705965053223,
        "15": 97.0877686282386,
        "20": 99.15645711990359
    },
    "percentage_bucket_counter_hybrid": {
        "rest": 100.0,
        "5": 75.79317269076306,
        "10": 92.15863453815261,
        "15": 97.08835341365462,
        "20": 99.1566265060241
    },
    "mean_budget_generic": 24.99002462943567,
    "percentage_bucket_counter_generic": {
        "rest": 100.0,
        "5": 69.42777110844338,
        "10": 87.41496598639455,
        "15": 95.76830732292918,
        "20": 97.68907563025209
    },
    "mean_add_points_generic": 81.29491796718688,
    "mean_add_points_gpr": 82.56627836915044,
    "mean_budget_gpr": 27.814580018149968,
    "mean_budget_hybrid": 27.814142571095246,
    "mean_add_points_hybrid": 82.5621485943775,
    "point_map_generic": {
        "(4, 10)": 1.0,
        "(4, 20)": 2.0,
        "(4, 30)": 3.0,
        "(4, 40)": 4.0,
        "(4, 50)": 5.0,
        "(8, 10)": 6.6207,
        "(8, 20)": 10.0906,
        "(8, 30)": 10.4159,
        "(8, 40)": 12.4088,
        "(8, 50)": 13.8404,
        "(16, 10)": 7.999799939981995,
        "(16, 20)": 13.211727036221733,
        "(16, 30)": 13.742310389740506,
        "(16, 40)": 16.36513058384592,
        "(16, 50)": 17.438674291049132,
        "(32, 10)": 9.27148518982061,
        "(32, 20)": 16.821210498125335,
        "(32, 30)": 16.987571921749137,
        "(32, 40)": 20.222294867603793,
        "(32, 50)": 21.035235541937954,
        "(64, 10)": 9.0,
        "(64, 20)": 20.373107747105966,
        "(64, 30)": 16.021045247281656,
        "(64, 40)": 0,
        "(64, 50)": 0
    },
    "base_point_cost": 4.439734963034415,
    "min_points": 9,
    "budget": 29.0
}