{
    "percentage_bucket_counter_full": {
        "rest": 100.0,
        "5": 22.43,
        "10": 49.28,
        "15": 70.16,
        "20": 83.6
    },
    "percentage_bucket_counter_generic": {
        "rest": 100.0,
        "5": 73.92,
        "10": 85.55,
        "15": 96.16,
        "20": 97.77
    },
    "mean_budget_generic": 70.17710243217638,
    "mean_add_points_generic": 95.76237623762377,
    "nr_func_modeled_generic": 9999,
    "percentage_bucket_counter_gpr": {
        "rest": 100.0,
        "5": 46.31,
        "10": 68.13,
        "15": 85.64,
        "20": 92.93
    },
    "mean_add_points_gpr": 96.92889288928893,
    "mean_budget_gpr": 80.2553194821092,
    "nr_func_modeled_gpr": 9999,
    "percentage_bucket_counter_hybrid": {
        "rest": 100.0,
        "5": 46.31,
        "10": 68.13,
        "15": 85.64,
        "20": 92.93
    },
    "mean_budget_hybrid": 80.2553194821092,
    "mean_add_points_hybrid": 96.92889288928893,
    "nr_func_modeled_hybrid": 9999,
    "point_map_generic": {
        "(4, 10)": 1.0,
        "(4, 20)": 2.0,
        "(4, 30)": 3.0,
        "(4, 40)": 4.0,
        "(4, 50)": 5.0,
        "(8, 10)": 6.6207,
        "(8, 20)": 10.0906,
        "(8, 30)": 10.4159,
        "(8, 40)": 12.4088,
        "(8, 50)": 13.8404,
        "(16, 10)": 8.0016,
        "(16, 20)": 13.2134,
        "(16, 30)": 13.7465,
        "(16, 40)": 16.3638,
        "(16, 50)": 17.6802,
        "(32, 10)": 9.7104,
        "(32, 20)": 16.9046,
        "(32, 30)": 17.2507,
        "(32, 40)": 20.3594,
        "(32, 50)": 21.2516,
        "(64, 10)": 11.071954788576042,
        "(64, 20)": 21.1224,
        "(64, 30)": 20.8924,
        "(64, 40)": 23.933663262082764,
        "(64, 50)": 0
    },
    "base_point_cost": 4.439734963034415,
    "min_points": 9,
    "budget": 84.0
}