{
    "percentage_bucket_counter_full": {
        "rest": 100.0,
        "5": 22.43,
        "10": 49.28,
        "15": 70.16,
        "20": 83.6
    },
    "percentage_bucket_counter_generic": {
        "rest": 100.0,
        "5": 72.61,
        "10": 87.52,
        "15": 95.85000000000001,
        "20": 97.76
    },
    "mean_budget_generic": 28.16149753897639,
    "mean_add_points_generic": 83.49824947484245,
    "nr_func_modeled_generic": 9997,
    "percentage_bucket_counter_gpr": {
        "rest": 100.0,
        "5": 79.74,
        "10": 93.10000000000001,
        "15": 97.55,
        "20": 99.45
    },
    "mean_add_points_gpr": 85.08299129041946,
    "mean_budget_gpr": 31.462418702385268,
    "nr_func_modeled_gpr": 9989,
    "percentage_bucket_counter_hybrid": {
        "rest": 100.0,
        "5": 79.74,
        "10": 93.10000000000001,
        "15": 97.55,
        "20": 99.45
    },
    "mean_budget_hybrid": 31.462418702385268,
    "mean_add_points_hybrid": 85.08299129041946,
    "nr_func_modeled_hybrid": 9989,
    "point_map_generic": {
        "(4, 10)": 1.0,
        "(4, 20)": 2.0,
        "(4, 30)": 3.0,
        "(4, 40)": 4.0,
        "(4, 50)": 5.0,
        "(8, 10)": 6.6207,
        "(8, 20)": 10.0906,
        "(8, 30)": 10.4159,
        "(8, 40)": 12.4088,
        "(8, 50)": 13.8404,
        "(16, 10)": 8.0016,
        "(16, 20)": 13.212842568513702,
        "(16, 30)": 13.74487243621811,
        "(16, 40)": 16.363627264538085,
        "(16, 50)": 17.597719025401762,
        "(32, 10)": 9.497142857142856,
        "(32, 20)": 16.87090479613844,
        "(32, 30)": 17.094465025059925,
        "(32, 40)": 20.235028885444553,
        "(32, 50)": 20.995841995841996,
        "(64, 10)": 9.0,
        "(64, 20)": 20.492397660818714,
        "(64, 30)": 17.182347800757356,
        "(64, 40)": 0,
        "(64, 50)": 0
    },
    "base_point_cost": 4.439734963034415,
    "min_points": 9,
    "budget": 33.0
}