{
    "percentage_bucket_counter_full": {
        "rest": 100.0,
        "5": 10.015408320493066,
        "10": 27.247046738572163,
        "15": 48.664612223934256,
        "20": 70.18489984591679
    },
    "percentage_bucket_counter_gpr": {
        "rest": 100.0,
        "5": 62.98051606108478,
        "10": 75.17114270668773,
        "15": 84.17588204318062,
        "20": 90.94260136914166
    },
    "percentage_bucket_counter_hybrid": {
        "rest": 100.0,
        "5": 62.83093053735256,
        "10": 74.94102228047183,
        "15": 84.24639580602883,
        "20": 90.82568807339449
    },
    "mean_budget_generic": 4.252173067393986,
    "percentage_bucket_counter_generic": {
        "rest": 100.0,
        "5": 54.314329738058554,
        "10": 69.90241397021057,
        "15": 81.0477657935285,
        "20": 87.82742681047766
    },
    "mean_add_points_generic": 67.73805855161787,
    "mean_add_points_gpr": 69.39152185360716,
    "mean_budget_gpr": 4.819702279447122,
    "mean_budget_hybrid": 4.82007519782751,
    "mean_add_points_hybrid": 69.33315858453473,
    "point_map_generic": {
        "(4, 10)": 1.0,
        "(4, 20)": 2.0,
        "(4, 30)": 3.0,
        "(4, 40)": 4.0,
        "(4, 50)": 5.0,
        "(8, 10)": 6.0,
        "(8, 20)": 9.870510875063227,
        "(8, 30)": 9.616613418530351,
        "(8, 40)": 12.207726763717805,
        "(8, 50)": 13.516072980017377,
        "(16, 10)": 7.0,
        "(16, 20)": 13.053630363036303,
        "(16, 30)": 12.574058033780858,
        "(16, 40)": 16.23527311674402,
        "(16, 50)": 17.410587188612098,
        "(32, 10)": 8.0,
        "(32, 20)": 16.58632040965618,
        "(32, 30)": 13.686050536517826,
        "(32, 40)": 20.0,
        "(32, 50)": 21.0,
        "(64, 10)": 9.0,
        "(64, 20)": 12.07865168539326,
        "(64, 30)": 9.0,
        "(64, 40)": 0,
        "(64, 50)": 0
    },
    "base_point_cost": 1.95602449224869,
    "min_points": 9,
    "budget": 5.0
}