{
    "percentage_bucket_counter_full": {
        "rest": 100.0,
        "5": 22.43,
        "10": 49.28,
        "15": 70.16,
        "20": 83.6
    },
    "percentage_bucket_counter_generic": {
        "rest": 100.0,
        "5": 78.45,
        "10": 87.36,
        "15": 96.25,
        "20": 98.58
    },
    "mean_budget_generic": 60.59618146357285,
    "mean_add_points_generic": 93.51790358071614,
    "nr_func_modeled_generic": 9998,
    "percentage_bucket_counter_gpr": {
        "rest": 100.0,
        "5": 63.160000000000004,
        "10": 76.17,
        "15": 89.94,
        "20": 94.6
    },
    "mean_add_points_gpr": 94.7035703570357,
    "mean_budget_gpr": 68.05766015752748,
    "nr_func_modeled_gpr": 9999,
    "percentage_bucket_counter_hybrid": {
        "rest": 100.0,
        "5": 63.160000000000004,
        "10": 76.17,
        "15": 89.94,
        "20": 94.6
    },
    "mean_budget_hybrid": 68.05766015752748,
    "mean_add_points_hybrid": 94.7035703570357,
    "nr_func_modeled_hybrid": 9999,
    "point_map_generic": {
        "(4, 10)": 1.0,
        "(4, 20)": 2.0,
        "(4, 30)": 3.0,
        "(4, 40)": 4.0,
        "(4, 50)": 5.0,
        "(8, 10)": 6.6207,
        "(8, 20)": 10.0906,
        "(8, 30)": 10.4159,
        "(8, 40)": 12.4088,
        "(8, 50)": 13.8404,
        "(16, 10)": 8.0016,
        "(16, 20)": 13.2134,
        "(16, 30)": 13.7465,
        "(16, 40)": 16.3638,
        "(16, 50)": 17.6802,
        "(32, 10)": 9.7104,
        "(32, 20)": 16.9046,
        "(32, 30)": 17.2507,
        "(32, 40)": 20.3594,
        "(32, 50)": 21.2516,
        "(64, 10)": 10.275318829707427,
        "(64, 20)": 21.12221222122212,
        "(64, 30)": 20.84432852613276,
        "(64, 40)": 23.87414675767918,
        "(64, 50)": 0
    },
    "base_point_cost": 4.439734963034415,
    "min_points": 9,
    "budget": 71.0
}