{
    "percentage_bucket_counter_full": {
        "rest": 100.0,
        "5": 22.433460076045627,
        "10": 49.26956173704223,
        "15": 70.16209725835502,
        "20": 83.59015409245546
    },
    "percentage_bucket_counter_gpr": {
        "rest": 100.0,
        "5": 80.01203490121353,
        "10": 92.5383612476181,
        "15": 97.63313609467455,
        "20": 99.46845852973624
    },
    "percentage_bucket_counter_hybrid": {
        "rest": 100.0,
        "5": 80.00200581686892,
        "10": 92.52833216327349,
        "15": 97.62310701032996,
        "20": 99.46845852973624
    },
    "mean_budget_generic": 32.501443110746735,
    "percentage_bucket_counter_generic": {
        "rest": 100.0,
        "5": 76.49589753852311,
        "10": 90.2241344806884,
        "15": 96.31779067440465,
        "20": 98.38903342005203
    },
    "mean_add_points_generic": 85.92475485291175,
    "mean_add_points_gpr": 87.37237990171498,
    "mean_budget_gpr": 38.28473276769885,
    "mean_budget_hybrid": 38.28450482388863,
    "mean_add_points_hybrid": 87.37237990171498,
    "point_map_generic": {
        "(4, 10)": 1.0,
        "(4, 20)": 2.0,
        "(4, 30)": 3.0,
        "(4, 40)": 4.0,
        "(4, 50)": 5.0,
        "(8, 10)": 6.6207,
        "(8, 20)": 10.0906,
        "(8, 30)": 10.4159,
        "(8, 40)": 12.4088,
        "(8, 50)": 13.8404,
        "(16, 10)": 8.0016,
        "(16, 20)": 13.2134,
        "(16, 30)": 13.7465,
        "(16, 40)": 16.3638,
        "(16, 50)": 17.671109329592145,
        "(32, 10)": 9.634541792547834,
        "(32, 20)": 16.902692962258484,
        "(32, 30)": 17.234736098496317,
        "(32, 40)": 20.281957976288297,
        "(32, 50)": 21.021175224986766,
        "(64, 10)": 9.0,
        "(64, 20)": 20.59046822742475,
        "(64, 30)": 18.479973148355338,
        "(64, 40)": 0,
        "(64, 50)": 0
    },
    "base_point_cost": 4.439734963034415,
    "min_points": 9,
    "budget": 40.0
}