{
    "percentage_bucket_counter_full": {
        "rest": 100.0,
        "5": 22.43,
        "10": 49.28,
        "15": 70.16,
        "20": 83.6
    },
    "percentage_bucket_counter_generic": {
        "rest": 100.0,
        "5": 0,
        "10": 0,
        "15": 0,
        "20": 0
    },
    "mean_budget_generic": NaN,
    "mean_add_points_generic": NaN,
    "nr_func_modeled_generic": 0,
    "percentage_bucket_counter_gpr": {
        "rest": 100.0,
        "5": 0.04,
        "10": 0.12,
        "15": 0.13,
        "20": 0.16999999999999998
    },
    "mean_add_points_gpr": 44.23076923076923,
    "mean_budget_gpr": 0.0993563633090583,
    "nr_func_modeled_gpr": 26,
    "percentage_bucket_counter_hybrid": {
        "rest": 100.0,
        "5": 0.04,
        "10": 0.12,
        "15": 0.13,
        "20": 0.16999999999999998
    },
    "mean_budget_hybrid": 0.0993755959016737,
    "mean_add_points_hybrid": 43.357142857142854,
    "nr_func_modeled_hybrid": 28,
    "point_map_generic": {
        "(4, 10)": 1.0,
        "(4, 20)": 2.0,
        "(4, 30)": 3.0,
        "(4, 40)": 4.0,
        "(4, 50)": 5.0,
        "(8, 10)": 6.0,
        "(8, 20)": 6.0,
        "(8, 30)": 6.0,
        "(8, 40)": 0,
        "(8, 50)": 0,
        "(16, 10)": 7.0,
        "(16, 20)": 7.0,
        "(16, 30)": 7.0,
        "(16, 40)": 0,
        "(16, 50)": 0,
        "(32, 10)": 8.0,
        "(32, 20)": 8.0,
        "(32, 30)": 8.0,
        "(32, 40)": 0,
        "(32, 50)": 0,
        "(64, 10)": 9.0,
        "(64, 20)": 9.0,
        "(64, 30)": 9.0,
        "(64, 40)": 0,
        "(64, 50)": 0
    },
    "base_point_cost": 0.08612094289562634,
    "min_points": 9,
    "budget": 0.1
}