{
    "percentage_bucket_counter_full": {
        "rest": 100.0,
        "5": 22.436731019305793,
        "10": 49.28478543563069,
        "15": 70.15104531359407,
        "20": 83.59507852355706
    },
    "percentage_bucket_counter_gpr": {
        "rest": 100.0,
        "5": 78.82341150531168,
        "10": 92.2629785528162,
        "15": 97.46442172780117,
        "20": 99.43876528362398
    },
    "percentage_bucket_counter_hybrid": {
        "rest": 100.0,
        "5": 78.82341150531168,
        "10": 92.2629785528162,
        "15": 97.46442172780117,
        "20": 99.43876528362398
    },
    "mean_budget_generic": 29.46850505323966,
    "percentage_bucket_counter_generic": {
        "rest": 100.0,
        "5": 74.24227268180455,
        "10": 88.29648894668401,
        "15": 96.06882064619386,
        "20": 98.01940582174652
    },
    "mean_add_points_generic": 84.28568570571171,
    "mean_add_points_gpr": 85.52786129484866,
    "mean_budget_gpr": 33.486650877467326,
    "mean_budget_hybrid": 33.48660391176058,
    "mean_add_points_hybrid": 85.52786129484866,
    "point_map_generic": {
        "(4, 10)": 1.0,
        "(4, 20)": 2.0,
        "(4, 30)": 3.0,
        "(4, 40)": 4.0,
        "(4, 50)": 5.0,
        "(8, 10)": 6.6207,
        "(8, 20)": 10.0906,
        "(8, 30)": 10.4159,
        "(8, 40)": 12.4088,
        "(8, 50)": 13.8404,
        "(16, 10)": 8.0016,
        "(16, 20)": 13.2134,
        "(16, 30)": 13.746174617461746,
        "(16, 40)": 16.36367273454691,
        "(16, 50)": 17.640154205133406,
        "(32, 10)": 9.55005076142132,
        "(32, 20)": 16.88811259619279,
        "(32, 30)": 17.155946857865878,
        "(32, 40)": 20.239080768713883,
        "(32, 50)": 21.001345693779903,
        "(64, 10)": 9.0,
        "(64, 20)": 20.52893649004134,
        "(64, 30)": 17.622880215343205,
        "(64, 40)": 0,
        "(64, 50)": 0
    },
    "base_point_cost": 4.439734963034415,
    "min_points": 9,
    "budget": 35.0
}