{
    "percentage_bucket_counter_full": {
        "rest": 100.0,
        "5": 22.43224322432243,
        "10": 49.27492749274928,
        "15": 70.15701570157016,
        "20": 83.59835983598359
    },
    "percentage_bucket_counter_gpr": {
        "rest": 100.0,
        "5": 81.59607489736658,
        "10": 89.56643636727746,
        "15": 97.07619905877641,
        "20": 99.31911484930409
    },
    "percentage_bucket_counter_hybrid": {
        "rest": 100.0,
        "5": 81.59607489736658,
        "10": 89.56643636727746,
        "15": 97.07619905877641,
        "20": 99.31911484930409
    },
    "mean_budget_generic": 41.60133692203793,
    "percentage_bucket_counter_generic": {
        "rest": 100.0,
        "5": 78.01780178017802,
        "10": 91.43914391439144,
        "15": 96.49964996499651,
        "20": 98.96989698969897
    },
    "mean_add_points_generic": 88.9028902890289,
    "mean_add_points_gpr": 90.24251526985081,
    "mean_budget_gpr": 47.94144572960403,
    "mean_budget_hybrid": 47.9419537387,
    "mean_add_points_hybrid": 90.24251526985081,
    "point_map_generic": {
        "(4, 10)": 1.0,
        "(4, 20)": 2.0,
        "(4, 30)": 3.0,
        "(4, 40)": 4.0,
        "(4, 50)": 5.0,
        "(8, 10)": 6.6207,
        "(8, 20)": 10.0906,
        "(8, 30)": 10.4159,
        "(8, 40)": 12.4088,
        "(8, 50)": 13.8404,
        "(16, 10)": 8.0016,
        "(16, 20)": 13.2134,
        "(16, 30)": 13.7465,
        "(16, 40)": 16.3638,
        "(16, 50)": 17.6802,
        "(32, 10)": 9.702591814269988,
        "(32, 20)": 16.9046,
        "(32, 30)": 17.2507,
        "(32, 40)": 20.355410166079515,
        "(32, 50)": 21.027237354085603,
        "(64, 10)": 9.0,
        "(64, 20)": 20.958065284727187,
        "(64, 30)": 19.779100324625134,
        "(64, 40)": 24.0,
        "(64, 50)": 0
    },
    "base_point_cost": 4.439734963034415,
    "min_points": 9,
    "budget": 50.0
}