{
    "percentage_bucket_counter_full": {
        "rest": 100.0,
        "5": 22.434486897379475,
        "10": 49.26985397079416,
        "15": 70.15403080616123,
        "20": 83.59671934386877
    },
    "percentage_bucket_counter_gpr": {
        "rest": 100.0,
        "5": 79.20881321982975,
        "10": 92.35853780671006,
        "15": 97.44616925388083,
        "20": 99.53930896344517
    },
    "percentage_bucket_counter_hybrid": {
        "rest": 100.0,
        "5": 79.18878317476215,
        "10": 92.35853780671006,
        "15": 97.44616925388083,
        "20": 99.53930896344517
    },
    "mean_budget_generic": 30.68983028168139,
    "percentage_bucket_counter_generic": {
        "rest": 100.0,
        "5": 75.24504900980196,
        "10": 88.99779955991198,
        "15": 96.15923184636928,
        "20": 98.11962392478496
    },
    "mean_add_points_generic": 84.9873974794959,
    "mean_add_points_gpr": 86.29714571857787,
    "mean_budget_gpr": 35.37024911297693,
    "mean_budget_hybrid": 35.37027421543796,
    "mean_add_points_hybrid": 86.2972458688032,
    "point_map_generic": {
        "(4, 10)": 1.0,
        "(4, 20)": 2.0,
        "(4, 30)": 3.0,
        "(4, 40)": 4.0,
        "(4, 50)": 5.0,
        "(8, 10)": 6.6207,
        "(8, 20)": 10.0906,
        "(8, 30)": 10.4159,
        "(8, 40)": 12.4088,
        "(8, 50)": 13.8404,
        "(16, 10)": 8.0016,
        "(16, 20)": 13.2134,
        "(16, 30)": 13.746174617461746,
        "(16, 40)": 16.36367273454691,
        "(16, 50)": 17.669573934837093,
        "(32, 10)": 9.596422073984233,
        "(32, 20)": 16.895520885757424,
        "(32, 30)": 17.20238462329119,
        "(32, 40)": 20.250384615384615,
        "(32, 50)": 21.01142937773388,
        "(64, 10)": 9.0,
        "(64, 20)": 20.555094679891795,
        "(64, 30)": 18.002983590253606,
        "(64, 40)": 0,
        "(64, 50)": 0
    },
    "base_point_cost": 4.439734963034415,
    "min_points": 9,
    "budget": 37.0
}