{
    "percentage_bucket_counter_full": {
        "rest": 100.0,
        "5": 11.099490129428684,
        "10": 41.35181069420839,
        "15": 62.217283305007186,
        "20": 79.74898679565956
    },
    "percentage_bucket_counter_gpr": {
        "rest": 100.0,
        "5": 74.70853206147325,
        "10": 85.5988341282459,
        "15": 94.55484896661368,
        "20": 96.97933227344993
    },
    "percentage_bucket_counter_hybrid": {
        "rest": 100.0,
        "5": 74.59666754826766,
        "10": 85.58582385612272,
        "15": 94.55170589791061,
        "20": 96.97170060830467
    },
    "mean_budget_generic": 14.54385177960369,
    "percentage_bucket_counter_generic": {
        "rest": 100.0,
        "5": 71.72179369852269,
        "10": 81.00405281736175,
        "15": 91.5021571447248,
        "20": 94.53523336383842
    },
    "mean_add_points_generic": 73.13060530788339,
    "mean_add_points_gpr": 74.63513513513513,
    "mean_budget_gpr": 16.33848512131311,
    "mean_budget_hybrid": 16.337917659317444,
    "mean_add_points_hybrid": 74.59111346204708,
    "point_map_generic": {
        "(4, 10)": 1.0,
        "(4, 20)": 2.0,
        "(4, 30)": 3.0,
        "(4, 40)": 4.0,
        "(4, 50)": 5.0,
        "(8, 10)": 6.0,
        "(8, 20)": 9.933523760062322,
        "(8, 30)": 10.33359692724808,
        "(8, 40)": 12.498414449193437,
        "(8, 50)": 13.764542483660131,
        "(16, 10)": 7.0,
        "(16, 20)": 12.837599779796312,
        "(16, 30)": 13.458512522135088,
        "(16, 40)": 16.205045408678103,
        "(16, 50)": 17.4776849398818,
        "(32, 10)": 8.0,
        "(32, 20)": 16.457904201405917,
        "(32, 30)": 16.36362142622412,
        "(32, 40)": 20.150540615469918,
        "(32, 50)": 21.199111470113085,
        "(64, 10)": 9.0,
        "(64, 20)": 19.88421052631579,
        "(64, 30)": 9.119743406985032,
        "(64, 40)": 0,
        "(64, 50)": 0
    },
    "base_point_cost": 4.439734963034415,
    "min_points": 9,
    "budget": 17.0
}