{
    "percentage_bucket_counter_full": {
        "rest": 100.0,
        "5": 22.387012726726123,
        "10": 49.27347429602165,
        "15": 70.12726726124863,
        "20": 83.59555065637839
    },
    "percentage_bucket_counter_gpr": {
        "rest": 100.0,
        "5": 73.45248914470362,
        "10": 89.22548722609311,
        "15": 95.72856710087852,
        "20": 97.92992022619408
    },
    "percentage_bucket_counter_hybrid": {
        "rest": 100.0,
        "5": 73.58109472833772,
        "10": 89.23449808119572,
        "15": 95.72813573015553,
        "20": 97.92971116946072
    },
    "mean_budget_generic": 19.216694856038796,
    "percentage_bucket_counter_generic": {
        "rest": 100.0,
        "5": 71.33981360857801,
        "10": 85.37929652269767,
        "15": 94.6788255336206,
        "20": 96.78324481410962
    },
    "mean_add_points_generic": 75.06764204830144,
    "mean_add_points_gpr": 76.45763909926285,
    "mean_budget_gpr": 21.282595178536027,
    "mean_budget_hybrid": 21.281497343897755,
    "mean_add_points_hybrid": 76.46081599676833,
    "point_map_generic": {
        "(4, 10)": 1.0,
        "(4, 20)": 2.0,
        "(4, 30)": 3.0,
        "(4, 40)": 4.0,
        "(4, 50)": 5.0,
        "(8, 10)": 6.607235919021848,
        "(8, 20)": 10.087967137561366,
        "(8, 30)": 10.415105679655413,
        "(8, 40)": 12.412037037037036,
        "(8, 50)": 13.850975634415125,
        "(16, 10)": 7.941010101010101,
        "(16, 20)": 13.156533528000834,
        "(16, 30)": 13.677616340282166,
        "(16, 40)": 16.301628106255354,
        "(16, 50)": 17.36920659858602,
        "(32, 10)": 8.290744351416446,
        "(32, 20)": 16.577363515312918,
        "(32, 30)": 16.582934262080975,
        "(32, 40)": 20.196087352138306,
        "(32, 50)": 21.236549165120593,
        "(64, 10)": 9.0,
        "(64, 20)": 20.15166018546216,
        "(64, 30)": 11.962690785754663,
        "(64, 40)": 0,
        "(64, 50)": 0
    },
    "base_point_cost": 4.439734963034415,
    "min_points": 9,
    "budget": 22.0
}