{
    "percentage_bucket_counter_full": {
        "rest": 100.0,
        "5": 22.43,
        "10": 49.28,
        "15": 70.16,
        "20": 83.6
    },
    "percentage_bucket_counter_generic": {
        "rest": 100.0,
        "5": 71.87,
        "10": 87.42999999999999,
        "15": 95.83,
        "20": 97.74000000000001
    },
    "mean_budget_generic": 27.424145797180664,
    "mean_add_points_generic": 83.01000400160063,
    "nr_func_modeled_generic": 9996,
    "percentage_bucket_counter_gpr": {
        "rest": 100.0,
        "5": 79.52,
        "10": 92.60000000000001,
        "15": 97.47,
        "20": 99.42
    },
    "mean_add_points_gpr": 84.68938938938939,
    "mean_budget_gpr": 30.483734370079997,
    "nr_func_modeled_gpr": 9990,
    "percentage_bucket_counter_hybrid": {
        "rest": 100.0,
        "5": 79.52,
        "10": 92.60000000000001,
        "15": 97.47,
        "20": 99.42
    },
    "mean_budget_hybrid": 30.483734370079997,
    "mean_add_points_hybrid": 84.68938938938939,
    "nr_func_modeled_hybrid": 9990,
    "point_map_generic": {
        "(4, 10)": 1.0,
        "(4, 20)": 2.0,
        "(4, 30)": 3.0,
        "(4, 40)": 4.0,
        "(4, 50)": 5.0,
        "(8, 10)": 6.6207,
        "(8, 20)": 10.0906,
        "(8, 30)": 10.4159,
        "(8, 40)": 12.4088,
        "(8, 50)": 13.8404,
        "(16, 10)": 8.0016,
        "(16, 20)": 13.212563769130739,
        "(16, 30)": 13.744220954668268,
        "(16, 40)": 16.363445167751628,
        "(16, 50)": 17.56685339816087,
        "(32, 10)": 9.4354342024225,
        "(32, 20)": 16.861490683229814,
        "(32, 30)": 17.06730025417173,
        "(32, 40)": 20.23165404775772,
        "(32, 50)": 20.997494153023723,
        "(64, 10)": 9.0,
        "(64, 20)": 20.46304434678386,
        "(64, 30)": 16.94112291350531,
        "(64, 40)": 0,
        "(64, 50)": 0
    },
    "base_point_cost": 4.439734963034415,
    "min_points": 9,
    "budget": 32.0
}