{
    "percentage_bucket_counter_full": {
        "rest": 100.0,
        "5": 22.41569098368858,
        "10": 49.25447813469429,
        "15": 70.14910437306115,
        "20": 83.59851896327429
    },
    "percentage_bucket_counter_gpr": {
        "rest": 100.0,
        "5": 79.04551834770403,
        "10": 92.46039703228394,
        "15": 97.49348305594546,
        "20": 99.4986966111891
    },
    "percentage_bucket_counter_hybrid": {
        "rest": 100.0,
        "5": 79.0254662121516,
        "10": 92.46039703228394,
        "15": 97.49348305594546,
        "20": 99.4986966111891
    },
    "mean_budget_generic": 30.06597812651053,
    "percentage_bucket_counter_generic": {
        "rest": 100.0,
        "5": 74.84238967277093,
        "10": 88.59201441008706,
        "15": 96.11728209746822,
        "20": 98.0886620634444
    },
    "mean_add_points_generic": 84.64044831381968,
    "mean_add_points_gpr": 85.93031882895528,
    "mean_budget_gpr": 34.43157538578753,
    "mean_budget_hybrid": 34.431439427830085,
    "mean_add_points_hybrid": 85.93031882895528,
    "point_map_generic": {
        "(4, 10)": 1.0,
        "(4, 20)": 2.0,
        "(4, 30)": 3.0,
        "(4, 40)": 4.0,
        "(4, 50)": 5.0,
        "(8, 10)": 6.6207,
        "(8, 20)": 10.0906,
        "(8, 30)": 10.4159,
        "(8, 40)": 12.4088,
        "(8, 50)": 13.8404,
        "(16, 10)": 8.0016,
        "(16, 20)": 13.2134,
        "(16, 30)": 13.746174617461746,
        "(16, 40)": 16.36367273454691,
        "(16, 50)": 17.66069451434323,
        "(32, 10)": 9.577764277035238,
        "(32, 20)": 16.892006459426725,
        "(32, 30)": 17.181071242849715,
        "(32, 40)": 20.24340291453328,
        "(32, 50)": 21.00695047784535,
        "(64, 10)": 9.0,
        "(64, 20)": 20.541274238227146,
        "(64, 30)": 17.79646017699115,
        "(64, 40)": 0,
        "(64, 50)": 0
    },
    "base_point_cost": 4.439734963034415,
    "min_points": 9,
    "budget": 36.0
}