{
    "percentage_bucket_counter_full": {
        "rest": 100.0,
        "5": 6.587335316617085,
        "10": 20.78198045048874,
        "15": 45.2188695282618,
        "20": 67.61580960475987
    },
    "percentage_bucket_counter_gpr": {
        "rest": 100.0,
        "5": 48.00177619893428,
        "10": 70.15985790408526,
        "15": 79.35168738898757,
        "20": 87.52220248667851
    },
    "percentage_bucket_counter_hybrid": {
        "rest": 100.0,
        "5": 48.20175438596491,
        "10": 70.30701754385966,
        "15": 79.4298245614035,
        "20": 87.63157894736841
    },
    "mean_budget_generic": 1.7291541825329098,
    "percentage_bucket_counter_generic": {
        "rest": 100.0,
        "5": 39.77900552486188,
        "10": 65.61835954101147,
        "15": 76.45558861028474,
        "20": 86.69783255418615
    },
    "mean_add_points_generic": 62.789630259243516,
    "mean_add_points_gpr": 64.58392539964476,
    "mean_budget_gpr": 1.9210854269745399,
    "mean_budget_hybrid": 1.9204363056410074,
    "mean_add_points_hybrid": 64.43508771929825,
    "point_map_generic": {
        "(4, 10)": 1.0,
        "(4, 20)": 2.0,
        "(4, 30)": 3.0,
        "(4, 40)": 4.0,
        "(4, 50)": 5.0,
        "(8, 10)": 6.0,
        "(8, 20)": 9.7952,
        "(8, 30)": 9.12466197944835,
        "(8, 40)": 12.271162790697675,
        "(8, 50)": 13.527070063694268,
        "(16, 10)": 7.0,
        "(16, 20)": 12.759964958388085,
        "(16, 30)": 11.357887874837028,
        "(16, 40)": 16.133333333333333,
        "(16, 50)": 17.401937046004843,
        "(32, 10)": 8.0,
        "(32, 20)": 16.01740506329114,
        "(32, 30)": 9.972861356932153,
        "(32, 40)": 20.0,
        "(32, 50)": 0,
        "(64, 10)": 9.0,
        "(64, 20)": 9.0,
        "(64, 30)": 9.0,
        "(64, 40)": 0,
        "(64, 50)": 0
    },
    "base_point_cost": 0.7470289276090094,
    "min_points": 9,
    "budget": 2.0
}