{
    "percentage_bucket_counter_full": {
        "rest": 100.0,
        "5": 22.424484896979397,
        "10": 49.26985397079416,
        "15": 70.15403080616123,
        "20": 83.59671934386877
    },
    "percentage_bucket_counter_gpr": {
        "rest": 100.0,
        "5": 81.62611394813257,
        "10": 89.1959547411635,
        "15": 96.83588665264844,
        "20": 99.2189846800841
    },
    "percentage_bucket_counter_hybrid": {
        "rest": 100.0,
        "5": 81.62611394813257,
        "10": 89.1959547411635,
        "15": 96.83588665264844,
        "20": 99.2189846800841
    },
    "mean_budget_generic": 42.55370220486407,
    "percentage_bucket_counter_generic": {
        "rest": 100.0,
        "5": 77.9255851170234,
        "10": 91.3882776555311,
        "15": 96.50930186037208,
        "20": 99.0498099619924
    },
    "mean_add_points_generic": 89.14462892578516,
    "mean_add_points_gpr": 90.48683288274758,
    "mean_budget_gpr": 48.901792087233645,
    "mean_budget_hybrid": 48.90188271329768,
    "mean_add_points_hybrid": 90.48683288274758,
    "point_map_generic": {
        "(4, 10)": 1.0,
        "(4, 20)": 2.0,
        "(4, 30)": 3.0,
        "(4, 40)": 4.0,
        "(4, 50)": 5.0,
        "(8, 10)": 6.6207,
        "(8, 20)": 10.0906,
        "(8, 30)": 10.4159,
        "(8, 40)": 12.4088,
        "(8, 50)": 13.8404,
        "(16, 10)": 8.0016,
        "(16, 20)": 13.2134,
        "(16, 30)": 13.7465,
        "(16, 40)": 16.3638,
        "(16, 50)": 17.6802,
        "(32, 10)": 9.702591814269988,
        "(32, 20)": 16.9046,
        "(32, 30)": 17.2507,
        "(32, 40)": 20.35586401126534,
        "(32, 50)": 21.029824561403508,
        "(64, 10)": 9.0,
        "(64, 20)": 20.979883720930232,
        "(64, 30)": 19.845584905660377,
        "(64, 40)": 24.0,
        "(64, 50)": 0
    },
    "base_point_cost": 4.439734963034415,
    "min_points": 9,
    "budget": 51.0
}