{
    "percentage_bucket_counter_full": {
        "rest": 100.0,
        "5": 22.43224322432243,
        "10": 49.27492749274928,
        "15": 70.15701570157016,
        "20": 83.59835983598359
    },
    "percentage_bucket_counter_gpr": {
        "rest": 100.0,
        "5": 67.24051646481833,
        "10": 78.54068661795615,
        "15": 90.80172154939446,
        "20": 95.16564908417577
    },
    "percentage_bucket_counter_hybrid": {
        "rest": 100.0,
        "5": 67.24051646481833,
        "10": 78.54068661795615,
        "15": 90.80172154939446,
        "20": 95.16564908417577
    },
    "mean_budget_generic": 56.95778616748031,
    "percentage_bucket_counter_generic": {
        "rest": 100.0,
        "5": 77.74777477747776,
        "10": 88.5088508850885,
        "15": 96.36963696369637,
        "20": 98.84988498849884
    },
    "mean_add_points_generic": 92.69366936693669,
    "mean_add_points_gpr": 93.76628966069462,
    "mean_budget_gpr": 63.548692492169884,
    "mean_budget_hybrid": 63.548692492169884,
    "mean_add_points_hybrid": 93.76628966069462,
    "point_map_generic": {
        "(4, 10)": 1.0,
        "(4, 20)": 2.0,
        "(4, 30)": 3.0,
        "(4, 40)": 4.0,
        "(4, 50)": 5.0,
        "(8, 10)": 6.6207,
        "(8, 20)": 10.0906,
        "(8, 30)": 10.4159,
        "(8, 40)": 12.4088,
        "(8, 50)": 13.8404,
        "(16, 10)": 8.0016,
        "(16, 20)": 13.2134,
        "(16, 30)": 13.7465,
        "(16, 40)": 16.3638,
        "(16, 50)": 17.6802,
        "(32, 10)": 9.7104,
        "(32, 20)": 16.9046,
        "(32, 30)": 17.2507,
        "(32, 40)": 20.3594,
        "(32, 50)": 21.2516,
        "(64, 10)": 10.044844517184943,
        "(64, 20)": 21.121309178260436,
        "(64, 30)": 20.6578128472994,
        "(64, 40)": 23.8768156424581,
        "(64, 50)": 0
    },
    "base_point_cost": 4.439734963034415,
    "min_points": 9,
    "budget": 66.0
}