{
    "percentage_bucket_counter_full": {
        "rest": 100.0,
        "5": 22.43,
        "10": 49.28,
        "15": 70.16,
        "20": 83.6
    },
    "percentage_bucket_counter_generic": {
        "rest": 100.0,
        "5": 77.8,
        "10": 91.27,
        "15": 96.49,
        "20": 98.98
    },
    "mean_budget_generic": 44.23193837453824,
    "mean_add_points_generic": 89.58727618285485,
    "nr_func_modeled_generic": 9997,
    "percentage_bucket_counter_gpr": {
        "rest": 100.0,
        "5": 79.25,
        "10": 87.89,
        "15": 96.17999999999999,
        "20": 98.82
    },
    "mean_add_points_gpr": 90.95066546582608,
    "mean_budget_gpr": 50.826655273809614,
    "nr_func_modeled_gpr": 9993,
    "percentage_bucket_counter_hybrid": {
        "rest": 100.0,
        "5": 79.25,
        "10": 87.89,
        "15": 96.17999999999999,
        "20": 98.82
    },
    "mean_budget_hybrid": 50.826655273809614,
    "mean_add_points_hybrid": 90.95066546582608,
    "nr_func_modeled_hybrid": 9993,
    "point_map_generic": {
        "(4, 10)": 1.0,
        "(4, 20)": 2.0,
        "(4, 30)": 3.0,
        "(4, 40)": 4.0,
        "(4, 50)": 5.0,
        "(8, 10)": 6.6207,
        "(8, 20)": 10.0906,
        "(8, 30)": 10.4159,
        "(8, 40)": 12.4088,
        "(8, 50)": 13.8404,
        "(16, 10)": 8.0016,
        "(16, 20)": 13.2134,
        "(16, 30)": 13.7465,
        "(16, 40)": 16.3638,
        "(16, 50)": 17.6802,
        "(32, 10)": 9.70701210363109,
        "(32, 20)": 16.9046,
        "(32, 30)": 17.2507,
        "(32, 40)": 20.357150025087808,
        "(32, 50)": 21.038862776567694,
        "(64, 10)": 9.0,
        "(64, 20)": 21.018338365201835,
        "(64, 30)": 19.962705984388553,
        "(64, 40)": 24.0,
        "(64, 50)": 0
    },
    "base_point_cost": 4.439734963034415,
    "min_points": 9,
    "budget": 53.0
}