{
    "percentage_bucket_counter_full": {
        "rest": 100.0,
        "5": 22.436731019305793,
        "10": 49.294788436530965,
        "15": 70.18105431629489,
        "20": 83.62508752625789
    },
    "percentage_bucket_counter_gpr": {
        "rest": 100.0,
        "5": 81.53568564554932,
        "10": 89.78548516439456,
        "15": 97.13311948676825,
        "20": 99.32838813151564
    },
    "percentage_bucket_counter_hybrid": {
        "rest": 100.0,
        "5": 81.53568564554932,
        "10": 89.78548516439456,
        "15": 97.13311948676825,
        "20": 99.32838813151564
    },
    "mean_budget_generic": 40.60309458600015,
    "percentage_bucket_counter_generic": {
        "rest": 100.0,
        "5": 77.8333500050015,
        "10": 91.26738021406422,
        "15": 96.3889166750025,
        "20": 98.8296488946684
    },
    "mean_add_points_generic": 88.62058617585275,
    "mean_add_points_gpr": 89.99107858861267,
    "mean_budget_gpr": 46.98660036318331,
    "mean_budget_hybrid": 46.98706455741557,
    "mean_add_points_hybrid": 89.99107858861267,
    "point_map_generic": {
        "(4, 10)": 1.0,
        "(4, 20)": 2.0,
        "(4, 30)": 3.0,
        "(4, 40)": 4.0,
        "(4, 50)": 5.0,
        "(8, 10)": 6.6207,
        "(8, 20)": 10.0906,
        "(8, 30)": 10.4159,
        "(8, 40)": 12.4088,
        "(8, 50)": 13.8404,
        "(16, 10)": 8.0016,
        "(16, 20)": 13.2134,
        "(16, 30)": 13.7465,
        "(16, 40)": 16.3638,
        "(16, 50)": 17.6802,
        "(32, 10)": 9.701461168935149,
        "(32, 20)": 16.9046,
        "(32, 30)": 17.2507,
        "(32, 40)": 20.354347387532783,
        "(32, 50)": 21.025050697840868,
        "(64, 10)": 9.0,
        "(64, 20)": 20.929333824070667,
        "(64, 30)": 19.66864665275325,
        "(64, 40)": 24.0,
        "(64, 50)": 0
    },
    "base_point_cost": 4.439734963034415,
    "min_points": 9,
    "budget": 49.0
}