{
    "percentage_bucket_counter_full": {
        "rest": 100.0,
        "5": 22.428971588635456,
        "10": 49.28971588635454,
        "15": 70.1580632252901,
        "20": 83.59343737494997
    },
    "percentage_bucket_counter_gpr": {
        "rest": 100.0,
        "5": 53.067760984886405,
        "10": 71.36422780502453,
        "15": 87.61885697127416,
        "20": 93.38404564107698
    },
    "percentage_bucket_counter_hybrid": {
        "rest": 100.0,
        "5": 53.067760984886405,
        "10": 71.36422780502453,
        "15": 87.61885697127416,
        "20": 93.38404564107698
    },
    "mean_budget_generic": 64.80717743168083,
    "percentage_bucket_counter_generic": {
        "rest": 100.0,
        "5": 77.20088035214086,
        "10": 86.26450580232093,
        "15": 96.16846738695479,
        "20": 98.37935174069628
    },
    "mean_add_points_generic": 94.48579431772708,
    "mean_add_points_gpr": 95.97737964167752,
    "mean_budget_gpr": 75.30588185077542,
    "mean_budget_hybrid": 75.30588185077542,
    "mean_add_points_hybrid": 95.97737964167752,
    "point_map_generic": {
        "(4, 10)": 1.0,
        "(4, 20)": 2.0,
        "(4, 30)": 3.0,
        "(4, 40)": 4.0,
        "(4, 50)": 5.0,
        "(8, 10)": 6.6207,
        "(8, 20)": 10.0906,
        "(8, 30)": 10.4159,
        "(8, 40)": 12.4088,
        "(8, 50)": 13.8404,
        "(16, 10)": 8.0016,
        "(16, 20)": 13.2134,
        "(16, 30)": 13.7465,
        "(16, 40)": 16.3638,
        "(16, 50)": 17.6802,
        "(32, 10)": 9.7104,
        "(32, 20)": 16.9046,
        "(32, 30)": 17.2507,
        "(32, 40)": 20.3594,
        "(32, 50)": 21.2516,
        "(64, 10)": 10.326929234710214,
        "(64, 20)": 21.1224,
        "(64, 30)": 20.8924,
        "(64, 40)": 23.908280998977656,
        "(64, 50)": 0
    },
    "base_point_cost": 4.439734963034415,
    "min_points": 9,
    "budget": 78.0
}