{
    "percentage_bucket_counter_random": {
        "rest": 100.0,
        "5": 50.21,
        "10": 57.67,
        "15": 60.91,
        "20": 63.05
    },
    "mean_budget_random": 9.93867476975712,
    "mean_add_points_random": 45.192366882117575,
    "nr_func_modeled_random": 6498,
    "percentage_bucket_counter_grid": {
        "rest": 100.0,
        "5": 30.509999999999998,
        "10": 38.019999999999996,
        "15": 42.78,
        "20": 46.01
    },
    "mean_budget_grid": 6.8052274225723846,
    "mean_add_points_grid": 38.217297630040015,
    "nr_func_modeled_grid": 6498,
    "percentage_bucket_counter_bayesian": {
        "rest": 100.0,
        "5": 81.43,
        "10": 87.33999999999999,
        "15": 94.32000000000001,
        "20": 96.61
    },
    "mean_budget_bayesian": 10.81008150910525,
    "mean_add_points_bayesian": 63.68109087249673,
    "nr_func_modeled_bayesian": 9937,
    "percentage_bucket_counter_full": {
        "rest": 100.0,
        "5": 66.01,
        "10": 83.21,
        "15": 94.85,
        "20": 97.81
    },
    "percentage_bucket_counter_generic": {
        "rest": 100.0,
        "5": 50.629999999999995,
        "10": 53.82,
        "15": 58.919999999999995,
        "20": 60.69
    },
    "mean_budget_generic": 9.64574091883567,
    "mean_add_points_generic": 69.97624556532469,
    "nr_func_modeled_generic": 6483,
    "percentage_bucket_counter_gpr": {
        "rest": 100.0,
        "5": 80.67999999999999,
        "10": 86.95,
        "15": 94.77,
        "20": 96.55
    },
    "mean_add_points_gpr": 65.39173188842064,
    "mean_budget_gpr": 10.678580318936861,
    "nr_func_modeled_gpr": 9966,
    "percentage_bucket_counter_hybrid": {
        "rest": 100.0,
        "5": 80.38,
        "10": 86.7,
        "15": 94.54,
        "20": 96.34
    },
    "mean_budget_hybrid": 10.677799555479918,
    "mean_add_points_hybrid": 65.38808066619845,
    "nr_func_modeled_hybrid": 9967,
    "point_map_generic": {
        "(4, 10)": 1.0,
        "(4, 20)": 2.0,
        "(4, 30)": 3.0,
        "(4, 40)": 4.0,
        "(4, 50)": 5.0,
        "(8, 10)": 6.0,
        "(8, 20)": 9.944530046224962,
        "(8, 30)": 10.444042316258352,
        "(8, 40)": 12.353621094455482,
        "(8, 50)": 13.39905427631579,
        "(16, 10)": 7.0,
        "(16, 20)": 12.967970942710913,
        "(16, 30)": 13.622692178583417,
        "(16, 40)": 16.205296563799518,
        "(16, 50)": 17.41648590021692,
        "(32, 10)": 8.0,
        "(32, 20)": 16.596719932716567,
        "(32, 30)": 16.52497175141243,
        "(32, 40)": 20.070054945054945,
        "(32, 50)": 21.116321009918845,
        "(64, 10)": 9.0,
        "(64, 20)": 19.56244761106454,
        "(64, 30)": 9.0,
        "(64, 40)": 0,
        "(64, 50)": 0
    },
    "base_point_cost": 4.449357130746286,
    "min_points": 9,
    "budget": 11.0
}