{
    "percentage_bucket_counter_random": {
        "rest": 100.0,
        "5": 81.19,
        "10": 91.13,
        "15": 96.91,
        "20": 99.17
    },
    "mean_budget_random": 22.525089,
    "mean_add_points_random": 52.1416,
    "nr_func_modeled_random": 10000,
    "percentage_bucket_counter_grid": {
        "rest": 100.0,
        "5": 62.79,
        "10": 70.24000000000001,
        "15": 74.07000000000001,
        "20": 76.87
    },
    "mean_budget_grid": 17.318807005924242,
    "mean_add_points_grid": 40.14241424142414,
    "nr_func_modeled_grid": 9999,
    "percentage_bucket_counter_bayesian": {
        "rest": 100.0,
        "5": 82.56,
        "10": 90.48,
        "15": 96.67999999999999,
        "20": 99.16
    },
    "mean_budget_bayesian": 23.42523711169062,
    "mean_add_points_bayesian": 79.14026832198638,
    "nr_func_modeled_bayesian": 9988,
    "percentage_bucket_counter_full": {
        "rest": 100.0,
        "5": 66.01,
        "10": 83.21,
        "15": 94.85,
        "20": 97.81
    },
    "percentage_bucket_counter_generic": {
        "rest": 100.0,
        "5": 81.46,
        "10": 88.38000000000001,
        "15": 95.91,
        "20": 97.83
    },
    "mean_budget_generic": 20.878054642877817,
    "mean_add_points_generic": 77.08137323591232,
    "nr_func_modeled_generic": 9991,
    "percentage_bucket_counter_gpr": {
        "rest": 100.0,
        "5": 82.64,
        "10": 91.08000000000001,
        "15": 96.21,
        "20": 98.52
    },
    "mean_add_points_gpr": 80.68601160696417,
    "mean_budget_gpr": 22.93337746280306,
    "nr_func_modeled_gpr": 9994,
    "percentage_bucket_counter_hybrid": {
        "rest": 100.0,
        "5": 82.64,
        "10": 91.08000000000001,
        "15": 96.21,
        "20": 98.52
    },
    "mean_budget_hybrid": 22.93336756567493,
    "mean_add_points_hybrid": 80.68641184710826,
    "nr_func_modeled_hybrid": 9994,
    "point_map_generic": {
        "(4, 10)": 1.0,
        "(4, 20)": 2.0,
        "(4, 30)": 3.0,
        "(4, 40)": 4.0,
        "(4, 50)": 5.0,
        "(8, 10)": 6.432202541779246,
        "(8, 20)": 10.064032016008005,
        "(8, 30)": 10.6304,
        "(8, 40)": 12.42156862745098,
        "(8, 50)": 13.856068204613841,
        "(16, 10)": 7.7046798276380395,
        "(16, 20)": 13.147885181052844,
        "(16, 30)": 14.009531618325305,
        "(16, 40)": 16.319514329468387,
        "(16, 50)": 17.353756898259515,
        "(32, 10)": 8.522035341707474,
        "(32, 20)": 16.755468173998526,
        "(32, 30)": 17.26282323018228,
        "(32, 40)": 20.19266247379455,
        "(32, 50)": 21.251917069014485,
        "(64, 10)": 9.0,
        "(64, 20)": 20.33976510067114,
        "(64, 30)": 14.053489889106327,
        "(64, 40)": 0,
        "(64, 50)": 0
    },
    "base_point_cost": 4.450699586865215,
    "min_points": 9,
    "budget": 24.0
}