{
    "percentage_bucket_counter_random": {
        "rest": 100.0,
        "5": 19.34,
        "10": 24.91,
        "15": 28.139999999999997,
        "20": 30.39
    },
    "mean_budget_random": 2.918173395881973,
    "mean_add_points_random": 38.726446531354135,
    "nr_func_modeled_random": 3301,
    "percentage_bucket_counter_grid": {
        "rest": 100.0,
        "5": 10.549999999999999,
        "10": 14.549999999999999,
        "15": 16.98,
        "20": 19.33
    },
    "mean_budget_grid": 2.2158631221685328,
    "mean_add_points_grid": 37.05582524271845,
    "nr_func_modeled_grid": 3296,
    "percentage_bucket_counter_bayesian": {
        "rest": 100.0,
        "5": 36.89,
        "10": 39.12,
        "15": 42.36,
        "20": 44.54
    },
    "mean_budget_bayesian": 3.9452308342692333,
    "mean_add_points_bayesian": 58.495321749092994,
    "nr_func_modeled_bayesian": 5237,
    "percentage_bucket_counter_full": {
        "rest": 100.0,
        "5": 66.01,
        "10": 83.21,
        "15": 94.85,
        "20": 97.81
    },
    "percentage_bucket_counter_generic": {
        "rest": 100.0,
        "5": 22.49,
        "10": 26.029999999999998,
        "15": 28.43,
        "20": 30.2
    },
    "mean_budget_generic": 3.4040185031519283,
    "mean_add_points_generic": 68.00243013365736,
    "nr_func_modeled_generic": 3292,
    "percentage_bucket_counter_gpr": {
        "rest": 100.0,
        "5": 38.37,
        "10": 42.07,
        "15": 45.31,
        "20": 47.77
    },
    "mean_add_points_gpr": 60.958766786457346,
    "mean_budget_gpr": 3.8626111641459797,
    "nr_func_modeled_gpr": 5287,
    "percentage_bucket_counter_hybrid": {
        "rest": 100.0,
        "5": 38.03,
        "10": 41.72,
        "15": 44.940000000000005,
        "20": 47.4
    },
    "mean_budget_hybrid": 3.8616487541477267,
    "mean_add_points_hybrid": 60.97067726068861,
    "nr_func_modeled_hybrid": 5286,
    "point_map_generic": {
        "(4, 10)": 1.0,
        "(4, 20)": 2.0,
        "(4, 30)": 3.0,
        "(4, 40)": 4.0,
        "(4, 50)": 5.0,
        "(8, 10)": 6.0,
        "(8, 20)": 9.892697466467958,
        "(8, 30)": 9.847526165556612,
        "(8, 40)": 12.23895202020202,
        "(8, 50)": 13.538435940099834,
        "(16, 10)": 7.0,
        "(16, 20)": 13.067533291058973,
        "(16, 30)": 12.91874835656061,
        "(16, 40)": 16.200518582541054,
        "(16, 50)": 17.39923329682366,
        "(32, 10)": 8.0,
        "(32, 20)": 16.646341463414632,
        "(32, 30)": 13.877209746774964,
        "(32, 40)": 20.0,
        "(32, 50)": 0,
        "(64, 10)": 9.0,
        "(64, 20)": 9.578947368421053,
        "(64, 30)": 9.0,
        "(64, 40)": 0,
        "(64, 50)": 0
    },
    "base_point_cost": 1.5600741727887153,
    "min_points": 9,
    "budget": 4.0
}