{
    "percentage_bucket_counter_random": {
        "rest": 100.0,
        "5": 61.89,
        "10": 70.24000000000001,
        "15": 73.75,
        "20": 75.49
    },
    "mean_budget_random": 15.402847506215561,
    "mean_add_points_random": 49.516473499153534,
    "nr_func_modeled_random": 7679,
    "percentage_bucket_counter_grid": {
        "rest": 100.0,
        "5": 46.52,
        "10": 53.14,
        "15": 57.50999999999999,
        "20": 60.089999999999996
    },
    "mean_budget_grid": 11.718075684859095,
    "mean_add_points_grid": 39.593644178171395,
    "nr_func_modeled_grid": 7678,
    "percentage_bucket_counter_bayesian": {
        "rest": 100.0,
        "5": 83.33,
        "10": 90.52,
        "15": 96.35000000000001,
        "20": 98.11999999999999
    },
    "mean_budget_bayesian": 16.595311422721434,
    "mean_add_points_bayesian": 73.76044176706827,
    "nr_func_modeled_bayesian": 9960,
    "percentage_bucket_counter_full": {
        "rest": 100.0,
        "5": 66.01,
        "10": 83.21,
        "15": 94.85,
        "20": 97.81
    },
    "percentage_bucket_counter_generic": {
        "rest": 100.0,
        "5": 61.980000000000004,
        "10": 65.92,
        "15": 72.46000000000001,
        "20": 73.42999999999999
    },
    "mean_budget_generic": 14.573451659950711,
    "mean_add_points_generic": 72.9690963619768,
    "nr_func_modeled_generic": 7669,
    "percentage_bucket_counter_gpr": {
        "rest": 100.0,
        "5": 81.66,
        "10": 88.96,
        "15": 96.08,
        "20": 98.14
    },
    "mean_add_points_gpr": 75.11507260891337,
    "mean_budget_gpr": 16.38034910135717,
    "nr_func_modeled_gpr": 9985,
    "percentage_bucket_counter_hybrid": {
        "rest": 100.0,
        "5": 81.66,
        "10": 88.96,
        "15": 96.08,
        "20": 98.14
    },
    "mean_budget_hybrid": 16.380326177024976,
    "mean_add_points_hybrid": 75.11597396094142,
    "nr_func_modeled_hybrid": 9985,
    "point_map_generic": {
        "(4, 10)": 1.0,
        "(4, 20)": 2.0,
        "(4, 30)": 3.0,
        "(4, 40)": 4.0,
        "(4, 50)": 5.0,
        "(8, 10)": 6.0,
        "(8, 20)": 9.953198127925116,
        "(8, 30)": 10.558973145628771,
        "(8, 40)": 12.523612832163018,
        "(8, 50)": 13.7524078379276,
        "(16, 10)": 7.0,
        "(16, 20)": 12.843659445287706,
        "(16, 30)": 13.773562300319488,
        "(16, 40)": 16.193639291465377,
        "(16, 50)": 17.4638124362895,
        "(32, 10)": 8.0,
        "(32, 20)": 16.55060062530854,
        "(32, 30)": 16.980541305501504,
        "(32, 40)": 20.147312726260093,
        "(32, 50)": 21.200911350455677,
        "(64, 10)": 9.0,
        "(64, 20)": 20.02772031443939,
        "(64, 30)": 9.099898063200815,
        "(64, 40)": 0,
        "(64, 50)": 0
    },
    "base_point_cost": 4.450699586865215,
    "min_points": 9,
    "budget": 17.0
}