{
    "percentage_bucket_counter_random": {
        "rest": 100.0,
        "5": 14.45,
        "10": 19.97,
        "15": 23.35,
        "20": 25.580000000000002
    },
    "mean_budget_random": 1.670919276590181,
    "mean_add_points_random": 37.48074921956295,
    "nr_func_modeled_random": 2883,
    "percentage_bucket_counter_grid": {
        "rest": 100.0,
        "5": 9.41,
        "10": 12.15,
        "15": 13.69,
        "20": 15.35
    },
    "mean_budget_grid": 1.4479404212881344,
    "mean_add_points_grid": 36.45508151231356,
    "nr_func_modeled_grid": 2883,
    "percentage_bucket_counter_bayesian": {
        "rest": 100.0,
        "5": 30.509999999999998,
        "10": 32.83,
        "15": 35.74,
        "20": 37.68
    },
    "mean_budget_bayesian": 2.959399419754822,
    "mean_add_points_bayesian": 58.322974217311234,
    "nr_func_modeled_bayesian": 4344,
    "percentage_bucket_counter_full": {
        "rest": 100.0,
        "5": 66.01,
        "10": 83.21,
        "15": 94.85,
        "20": 97.81
    },
    "percentage_bucket_counter_generic": {
        "rest": 100.0,
        "5": 18.63,
        "10": 22.59,
        "15": 25.2,
        "20": 26.529999999999998
    },
    "mean_budget_generic": 2.5596422799423393,
    "mean_add_points_generic": 65.97835951134381,
    "nr_func_modeled_generic": 2865,
    "percentage_bucket_counter_gpr": {
        "rest": 100.0,
        "5": 29.93,
        "10": 33.75,
        "15": 36.77,
        "20": 39.12
    },
    "mean_add_points_gpr": 60.659685863874344,
    "mean_budget_gpr": 2.8959428747262725,
    "nr_func_modeled_gpr": 4393,
    "percentage_bucket_counter_hybrid": {
        "rest": 100.0,
        "5": 29.74,
        "10": 33.62,
        "15": 36.620000000000005,
        "20": 39.03
    },
    "mean_budget_hybrid": 2.895924925268369,
    "mean_add_points_hybrid": 60.5933242506812,
    "nr_func_modeled_hybrid": 4404,
    "point_map_generic": {
        "(4, 10)": 1.0,
        "(4, 20)": 2.0,
        "(4, 30)": 3.0,
        "(4, 40)": 4.0,
        "(4, 50)": 5.0,
        "(8, 10)": 6.0,
        "(8, 20)": 9.87813134732566,
        "(8, 30)": 9.721973094170403,
        "(8, 40)": 12.263808139534884,
        "(8, 50)": 13.555335184450614,
        "(16, 10)": 7.0,
        "(16, 20)": 12.96551724137931,
        "(16, 30)": 12.607521989687594,
        "(16, 40)": 16.169557918298825,
        "(16, 50)": 17.405445180279617,
        "(32, 10)": 8.0,
        "(32, 20)": 16.53318705430609,
        "(32, 30)": 12.57673860911271,
        "(32, 40)": 20.0,
        "(32, 50)": 0,
        "(64, 10)": 9.0,
        "(64, 20)": 9.0,
        "(64, 30)": 9.0,
        "(64, 40)": 0,
        "(64, 50)": 0
    },
    "base_point_cost": 1.1928917641108396,
    "min_points": 9,
    "budget": 3.0
}