{
    "percentage_bucket_counter_random": {
        "rest": 100.0,
        "5": 59.919999999999995,
        "10": 80.7,
        "15": 93.10000000000001,
        "20": 96.77
    },
    "mean_budget_random": 81.09588000000001,
    "mean_add_points_random": 87.438,
    "nr_func_modeled_random": 10000,
    "percentage_bucket_counter_grid": {
        "rest": 100.0,
        "5": 69.96,
        "10": 88.53,
        "15": 96.47,
        "20": 99.47
    },
    "mean_budget_grid": 69.01991637264408,
    "mean_add_points_grid": 54.744846908144886,
    "nr_func_modeled_grid": 9994,
    "percentage_bucket_counter_bayesian": {
        "rest": 100.0,
        "5": 76.64,
        "10": 88.56,
        "15": 97.18,
        "20": 99.52
    },
    "mean_budget_bayesian": 80.41060196468352,
    "mean_add_points_bayesian": 96.61976197619762,
    "nr_func_modeled_bayesian": 9999,
    "percentage_bucket_counter_full": {
        "rest": 100.0,
        "5": 66.01,
        "10": 83.21,
        "15": 94.85,
        "20": 97.81
    },
    "percentage_bucket_counter_generic": {
        "rest": 100.0,
        "5": 82.80999999999999,
        "10": 91.52,
        "15": 97.27,
        "20": 99.56
    },
    "mean_budget_generic": 69.82451317158308,
    "mean_add_points_generic": 95.53790758151631,
    "nr_func_modeled_generic": 9998,
    "percentage_bucket_counter_gpr": {
        "rest": 100.0,
        "5": 77.32,
        "10": 89.12,
        "15": 97.34,
        "20": 99.52
    },
    "mean_add_points_gpr": 96.73977397739775,
    "mean_budget_gpr": 79.84344532308285,
    "nr_func_modeled_gpr": 9999,
    "percentage_bucket_counter_hybrid": {
        "rest": 100.0,
        "5": 77.32,
        "10": 89.12,
        "15": 97.34,
        "20": 99.52
    },
    "mean_budget_hybrid": 79.84344532308285,
    "mean_add_points_hybrid": 96.73977397739775,
    "nr_func_modeled_hybrid": 9999,
    "point_map_generic": {
        "(4, 10)": 1.0,
        "(4, 20)": 2.0,
        "(4, 30)": 3.0,
        "(4, 40)": 4.0,
        "(4, 50)": 5.0,
        "(8, 10)": 6.4367,
        "(8, 20)": 10.0649,
        "(8, 30)": 10.6304,
        "(8, 40)": 12.4214,
        "(8, 50)": 13.8531,
        "(16, 10)": 7.7179,
        "(16, 20)": 13.1682,
        "(16, 30)": 14.0342,
        "(16, 40)": 16.3348,
        "(16, 50)": 17.6749,
        "(32, 10)": 9.1805,
        "(32, 20)": 16.9737,
        "(32, 30)": 17.7255,
        "(32, 40)": 20.3053,
        "(32, 50)": 21.3461,
        "(64, 10)": 10.369554230263823,
        "(64, 20)": 21.1637,
        "(64, 30)": 21.4792,
        "(64, 40)": 23.971067917783735,
        "(64, 50)": 0
    },
    "base_point_cost": 4.450699586865215,
    "min_points": 9,
    "budget": 83.0
}