{
    "percentage_bucket_counter_random": {
        "rest": 100.0,
        "5": 63.91,
        "10": 83.03,
        "15": 93.28999999999999,
        "20": 96.56
    },
    "mean_budget_random": 59.147459,
    "mean_add_points_random": 78.1214,
    "nr_func_modeled_random": 10000,
    "percentage_bucket_counter_grid": {
        "rest": 100.0,
        "5": 75.4,
        "10": 89.92,
        "15": 96.5,
        "20": 99.33
    },
    "mean_budget_grid": 50.24313072673238,
    "mean_add_points_grid": 47.91157347204161,
    "nr_func_modeled_grid": 9997,
    "percentage_bucket_counter_bayesian": {
        "rest": 100.0,
        "5": 80.21000000000001,
        "10": 89.7,
        "15": 97.57000000000001,
        "20": 99.61
    },
    "mean_budget_bayesian": 60.47970869081859,
    "mean_add_points_bayesian": 91.96589658965897,
    "nr_func_modeled_bayesian": 9999,
    "percentage_bucket_counter_full": {
        "rest": 100.0,
        "5": 66.01,
        "10": 83.21,
        "15": 94.85,
        "20": 97.81
    },
    "percentage_bucket_counter_generic": {
        "rest": 100.0,
        "5": 82.67999999999999,
        "10": 91.57,
        "15": 96.91,
        "20": 99.45
    },
    "mean_budget_generic": 52.46362870944324,
    "mean_add_points_generic": 91.50175087543772,
    "nr_func_modeled_generic": 9995,
    "percentage_bucket_counter_gpr": {
        "rest": 100.0,
        "5": 82.85,
        "10": 91.06,
        "15": 97.50999999999999,
        "20": 99.66000000000001
    },
    "mean_add_points_gpr": 92.79925985197039,
    "mean_budget_gpr": 59.57685061069843,
    "nr_func_modeled_gpr": 9998,
    "percentage_bucket_counter_hybrid": {
        "rest": 100.0,
        "5": 82.85,
        "10": 91.06,
        "15": 97.50999999999999,
        "20": 99.66000000000001
    },
    "mean_budget_hybrid": 59.57685061069843,
    "mean_add_points_hybrid": 92.79925985197039,
    "nr_func_modeled_hybrid": 9998,
    "point_map_generic": {
        "(4, 10)": 1.0,
        "(4, 20)": 2.0,
        "(4, 30)": 3.0,
        "(4, 40)": 4.0,
        "(4, 50)": 5.0,
        "(8, 10)": 6.4367,
        "(8, 20)": 10.0649,
        "(8, 30)": 10.6304,
        "(8, 40)": 12.4214,
        "(8, 50)": 13.8531,
        "(16, 10)": 7.7179,
        "(16, 20)": 13.1682,
        "(16, 30)": 14.0342,
        "(16, 40)": 16.3348,
        "(16, 50)": 17.6749,
        "(32, 10)": 9.1805,
        "(32, 20)": 16.9737,
        "(32, 30)": 17.7255,
        "(32, 40)": 20.3053,
        "(32, 50)": 21.315682281059065,
        "(64, 10)": 9.240211174659041,
        "(64, 20)": 21.154623547246082,
        "(64, 30)": 20.98809208785393,
        "(64, 40)": 23.989958158995815,
        "(64, 50)": 0
    },
    "base_point_cost": 4.450699586865215,
    "min_points": 9,
    "budget": 62.0
}