{
    "percentage_bucket_counter_random": {
        "rest": 100.0,
        "5": 60.62,
        "10": 82.16,
        "15": 93.17,
        "20": 96.53
    },
    "mean_budget_random": 62.107549,
    "mean_add_points_random": 79.5097,
    "nr_func_modeled_random": 10000,
    "percentage_bucket_counter_grid": {
        "rest": 100.0,
        "5": 75.08,
        "10": 89.61,
        "15": 96.49,
        "20": 99.33999999999999
    },
    "mean_budget_grid": 52.35498218490785,
    "mean_add_points_grid": 48.64012802560512,
    "nr_func_modeled_grid": 9998,
    "percentage_bucket_counter_bayesian": {
        "rest": 100.0,
        "5": 79.62,
        "10": 89.53,
        "15": 97.52,
        "20": 99.61
    },
    "mean_budget_bayesian": 63.40684322337638,
    "mean_add_points_bayesian": 92.753,
    "nr_func_modeled_bayesian": 10000,
    "percentage_bucket_counter_full": {
        "rest": 100.0,
        "5": 66.01,
        "10": 83.21,
        "15": 94.85,
        "20": 97.81
    },
    "percentage_bucket_counter_generic": {
        "rest": 100.0,
        "5": 82.80999999999999,
        "10": 92.0,
        "15": 97.08,
        "20": 99.47
    },
    "mean_budget_generic": 56.15363885206701,
    "mean_add_points_generic": 92.36450935280584,
    "nr_func_modeled_generic": 9997,
    "percentage_bucket_counter_gpr": {
        "rest": 100.0,
        "5": 82.78999999999999,
        "10": 90.64999999999999,
        "15": 97.52,
        "20": 99.72
    },
    "mean_add_points_gpr": 93.4517355206562,
    "mean_budget_gpr": 62.68125488532608,
    "nr_func_modeled_gpr": 9997,
    "percentage_bucket_counter_hybrid": {
        "rest": 100.0,
        "5": 82.78999999999999,
        "10": 90.64999999999999,
        "15": 97.52,
        "20": 99.72
    },
    "mean_budget_hybrid": 62.68125488532608,
    "mean_add_points_hybrid": 93.4517355206562,
    "nr_func_modeled_hybrid": 9997,
    "point_map_generic": {
        "(4, 10)": 1.0,
        "(4, 20)": 2.0,
        "(4, 30)": 3.0,
        "(4, 40)": 4.0,
        "(4, 50)": 5.0,
        "(8, 10)": 6.4367,
        "(8, 20)": 10.0649,
        "(8, 30)": 10.6304,
        "(8, 40)": 12.4214,
        "(8, 50)": 13.8531,
        "(16, 10)": 7.7179,
        "(16, 20)": 13.1682,
        "(16, 30)": 14.0342,
        "(16, 40)": 16.3348,
        "(16, 50)": 17.6749,
        "(32, 10)": 9.1805,
        "(32, 20)": 16.9737,
        "(32, 30)": 17.7255,
        "(32, 40)": 20.3053,
        "(32, 50)": 21.345669133826764,
        "(64, 10)": 9.799198058457318,
        "(64, 20)": 21.161487570168404,
        "(64, 30)": 21.197036158861884,
        "(64, 40)": 23.95899470899471,
        "(64, 50)": 0
    },
    "base_point_cost": 4.450699586865215,
    "min_points": 9,
    "budget": 65.0
}