{
    "percentage_bucket_counter_random": {
        "rest": 100.0,
        "5": 0.03,
        "10": 0.03,
        "15": 0.27,
        "20": 0.31
    },
    "mean_budget_random": 0.18395651634316812,
    "mean_add_points_random": 36.829268292682926,
    "nr_func_modeled_random": 41,
    "percentage_bucket_counter_grid": {
        "rest": 100.0,
        "5": 0.03,
        "10": 0.03,
        "15": 0.03,
        "20": 0.04
    },
    "mean_budget_grid": 0.17282899238798813,
    "mean_add_points_grid": 36.0,
    "nr_func_modeled_grid": 41,
    "percentage_bucket_counter_bayesian": {
        "rest": 100.0,
        "5": 0.79,
        "10": 1.54,
        "15": 1.8599999999999999,
        "20": 1.94
    },
    "mean_budget_bayesian": 0.19877545944399103,
    "mean_add_points_bayesian": 45.139013452914796,
    "nr_func_modeled_bayesian": 223,
    "percentage_bucket_counter_full": {
        "rest": 100.0,
        "5": 66.01,
        "10": 83.21,
        "15": 94.85,
        "20": 97.81
    },
    "percentage_bucket_counter_generic": {
        "rest": 100.0,
        "5": 0.05,
        "10": 0.11,
        "15": 0.13999999999999999,
        "20": 0.15
    },
    "mean_budget_generic": 0.1924124677940458,
    "mean_add_points_generic": 50.26086956521739,
    "nr_func_modeled_generic": 23,
    "percentage_bucket_counter_gpr": {
        "rest": 100.0,
        "5": 1.16,
        "10": 1.67,
        "15": 2.27,
        "20": 2.37
    },
    "mean_add_points_gpr": 46.48951048951049,
    "mean_budget_gpr": 0.19548910891351148,
    "nr_func_modeled_gpr": 286,
    "percentage_bucket_counter_hybrid": {
        "rest": 100.0,
        "5": 1.2,
        "10": 1.7399999999999998,
        "15": 2.34,
        "20": 2.46
    },
    "mean_budget_hybrid": 0.19573887360881786,
    "mean_add_points_hybrid": 46.324137931034485,
    "nr_func_modeled_hybrid": 290,
    "point_map_generic": {
        "(4, 10)": 1.0,
        "(4, 20)": 2.0,
        "(4, 30)": 3.0,
        "(4, 40)": 4.0,
        "(4, 50)": 5.0,
        "(8, 10)": 6.0,
        "(8, 20)": 7.251908396946565,
        "(8, 30)": 6.178217821782178,
        "(8, 40)": 12.0,
        "(8, 50)": 13.928571428571429,
        "(16, 10)": 7.0,
        "(16, 20)": 8.487603305785123,
        "(16, 30)": 7.032719836400818,
        "(16, 40)": 0,
        "(16, 50)": 0,
        "(32, 10)": 8.0,
        "(32, 20)": 8.0,
        "(32, 30)": 8.0,
        "(32, 40)": 0,
        "(32, 50)": 0,
        "(64, 10)": 9.0,
        "(64, 20)": 9.0,
        "(64, 30)": 9.0,
        "(64, 40)": 0,
        "(64, 50)": 0
    },
    "base_point_cost": 0.14518069699319458,
    "min_points": 9,
    "budget": 0.2
}