{
    "percentage_bucket_counter_random": {
        "rest": 100.0,
        "5": 59.919999999999995,
        "10": 80.7,
        "15": 93.10000000000001,
        "20": 96.77
    },
    "mean_budget_random": 83.589727,
    "mean_add_points_random": 88.6307,
    "nr_func_modeled_random": 10000,
    "percentage_bucket_counter_grid": {
        "rest": 100.0,
        "5": 68.77,
        "10": 88.22,
        "15": 96.47,
        "20": 99.46000000000001
    },
    "mean_budget_grid": 73.25698309132689,
    "mean_add_points_grid": 57.05025025025025,
    "nr_func_modeled_grid": 9990,
    "percentage_bucket_counter_bayesian": {
        "rest": 100.0,
        "5": 75.55,
        "10": 88.36,
        "15": 96.5,
        "20": 99.33
    },
    "mean_budget_bayesian": 83.88176982187377,
    "mean_add_points_bayesian": 97.1006,
    "nr_func_modeled_bayesian": 10000,
    "percentage_bucket_counter_full": {
        "rest": 100.0,
        "5": 66.01,
        "10": 83.21,
        "15": 94.85,
        "20": 97.81
    },
    "percentage_bucket_counter_generic": {
        "rest": 100.0,
        "5": 82.83,
        "10": 91.53,
        "15": 97.28,
        "20": 99.57000000000001
    },
    "mean_budget_generic": 71.2911173294366,
    "mean_add_points_generic": 95.93439343934394,
    "nr_func_modeled_generic": 9999,
    "percentage_bucket_counter_gpr": {
        "rest": 100.0,
        "5": 76.64999999999999,
        "10": 88.72,
        "15": 97.22,
        "20": 99.48
    },
    "mean_add_points_gpr": 97.18734987990392,
    "mean_budget_gpr": 82.11524304766327,
    "nr_func_modeled_gpr": 9992,
    "percentage_bucket_counter_hybrid": {
        "rest": 100.0,
        "5": 76.64999999999999,
        "10": 88.72,
        "15": 97.22,
        "20": 99.48
    },
    "mean_budget_hybrid": 82.11524304766327,
    "mean_add_points_hybrid": 97.18734987990392,
    "nr_func_modeled_hybrid": 9992,
    "point_map_generic": {
        "(4, 10)": 1.0,
        "(4, 20)": 2.0,
        "(4, 30)": 3.0,
        "(4, 40)": 4.0,
        "(4, 50)": 5.0,
        "(8, 10)": 6.4367,
        "(8, 20)": 10.0649,
        "(8, 30)": 10.6304,
        "(8, 40)": 12.4214,
        "(8, 50)": 13.8531,
        "(16, 10)": 7.7179,
        "(16, 20)": 13.1682,
        "(16, 30)": 14.0342,
        "(16, 40)": 16.3348,
        "(16, 50)": 17.6749,
        "(32, 10)": 9.1805,
        "(32, 20)": 16.9737,
        "(32, 30)": 17.7255,
        "(32, 40)": 20.3053,
        "(32, 50)": 21.3461,
        "(64, 10)": 10.465321690253939,
        "(64, 20)": 21.1637,
        "(64, 30)": 21.4792,
        "(64, 40)": 23.973737578584466,
        "(64, 50)": 24.0
    },
    "base_point_cost": 4.450699586865215,
    "min_points": 9,
    "budget": 86.0
}