{
    "percentage_bucket_counter_random": {
        "rest": 100.0,
        "5": 70.5,
        "10": 84.81,
        "15": 93.61,
        "20": 96.91
    },
    "mean_budget_random": 55.085687,
    "mean_add_points_random": 76.154,
    "nr_func_modeled_random": 10000,
    "percentage_bucket_counter_grid": {
        "rest": 100.0,
        "5": 76.03999999999999,
        "10": 90.19,
        "15": 96.56,
        "20": 99.29
    },
    "mean_budget_grid": 47.74033854285166,
    "mean_add_points_grid": 47.16004403963567,
    "nr_func_modeled_grid": 9991,
    "percentage_bucket_counter_bayesian": {
        "rest": 100.0,
        "5": 77.88000000000001,
        "10": 88.49000000000001,
        "15": 97.46000000000001,
        "20": 99.58
    },
    "mean_budget_bayesian": 57.62317734635266,
    "mean_add_points_bayesian": 91.17635290587177,
    "nr_func_modeled_bayesian": 9997,
    "percentage_bucket_counter_full": {
        "rest": 100.0,
        "5": 66.01,
        "10": 83.21,
        "15": 94.85,
        "20": 97.81
    },
    "percentage_bucket_counter_generic": {
        "rest": 100.0,
        "5": 82.5,
        "10": 91.55,
        "15": 96.75,
        "20": 99.42999999999999
    },
    "mean_budget_generic": 49.372787305893574,
    "mean_add_points_generic": 90.74362308692608,
    "nr_func_modeled_generic": 9997,
    "percentage_bucket_counter_gpr": {
        "rest": 100.0,
        "5": 82.75,
        "10": 91.27,
        "15": 97.22,
        "20": 99.55000000000001
    },
    "mean_add_points_gpr": 92.18288288288288,
    "mean_budget_gpr": 56.636311064767895,
    "nr_func_modeled_gpr": 9990,
    "percentage_bucket_counter_hybrid": {
        "rest": 100.0,
        "5": 82.75,
        "10": 91.27,
        "15": 97.22,
        "20": 99.55000000000001
    },
    "mean_budget_hybrid": 56.636305042850616,
    "mean_add_points_hybrid": 92.18288288288288,
    "nr_func_modeled_hybrid": 9990,
    "point_map_generic": {
        "(4, 10)": 1.0,
        "(4, 20)": 2.0,
        "(4, 30)": 3.0,
        "(4, 40)": 4.0,
        "(4, 50)": 5.0,
        "(8, 10)": 6.4367,
        "(8, 20)": 10.0649,
        "(8, 30)": 10.6304,
        "(8, 40)": 12.4214,
        "(8, 50)": 13.8531,
        "(16, 10)": 7.7179,
        "(16, 20)": 13.1682,
        "(16, 30)": 14.0342,
        "(16, 40)": 16.3348,
        "(16, 50)": 17.6749,
        "(32, 10)": 9.1805,
        "(32, 20)": 16.9737,
        "(32, 30)": 17.7255,
        "(32, 40)": 20.3053,
        "(32, 50)": 21.256093700538145,
        "(64, 10)": 9.0,
        "(64, 20)": 21.134505949301605,
        "(64, 30)": 20.805916305916305,
        "(64, 40)": 23.999460043196546,
        "(64, 50)": 0
    },
    "base_point_cost": 4.450699586865215,
    "min_points": 9,
    "budget": 59.0
}