{
    "percentage_bucket_counter_random": {
        "rest": 100.0,
        "5": 82.17999999999999,
        "10": 91.06,
        "15": 97.25,
        "20": 99.42
    },
    "mean_budget_random": 36.886050999999995,
    "mean_add_points_random": 65.0712,
    "nr_func_modeled_random": 10000,
    "percentage_bucket_counter_grid": {
        "rest": 100.0,
        "5": 80.46,
        "10": 92.89,
        "15": 96.81,
        "20": 99.58
    },
    "mean_budget_grid": 30.046225973897236,
    "mean_add_points_grid": 43.4246849369874,
    "nr_func_modeled_grid": 9998,
    "percentage_bucket_counter_bayesian": {
        "rest": 100.0,
        "5": 81.95,
        "10": 90.07,
        "15": 97.06,
        "20": 99.22999999999999
    },
    "mean_budget_bayesian": 37.992924506912594,
    "mean_add_points_bayesian": 85.59253327995195,
    "nr_func_modeled_bayesian": 9991,
    "percentage_bucket_counter_full": {
        "rest": 100.0,
        "5": 66.01,
        "10": 83.21,
        "15": 94.85,
        "20": 97.81
    },
    "percentage_bucket_counter_generic": {
        "rest": 100.0,
        "5": 82.6,
        "10": 90.3,
        "15": 96.24000000000001,
        "20": 98.6
    },
    "mean_budget_generic": 32.07333605156772,
    "mean_add_points_generic": 85.52270454090818,
    "nr_func_modeled_generic": 9998,
    "percentage_bucket_counter_gpr": {
        "rest": 100.0,
        "5": 84.00999999999999,
        "10": 93.75,
        "15": 97.46000000000001,
        "20": 99.7
    },
    "mean_add_points_gpr": 87.00610549494544,
    "mean_budget_gpr": 37.250557620770245,
    "nr_func_modeled_gpr": 9991,
    "percentage_bucket_counter_hybrid": {
        "rest": 100.0,
        "5": 84.00999999999999,
        "10": 93.75,
        "15": 97.46000000000001,
        "20": 99.7
    },
    "mean_budget_hybrid": 37.2506324561694,
    "mean_add_points_hybrid": 87.0063056751076,
    "nr_func_modeled_hybrid": 9991,
    "point_map_generic": {
        "(4, 10)": 1.0,
        "(4, 20)": 2.0,
        "(4, 30)": 3.0,
        "(4, 40)": 4.0,
        "(4, 50)": 5.0,
        "(8, 10)": 6.4367,
        "(8, 20)": 10.0649,
        "(8, 30)": 10.6304,
        "(8, 40)": 12.4214,
        "(8, 50)": 13.8531,
        "(16, 10)": 7.7179,
        "(16, 20)": 13.1682,
        "(16, 30)": 14.0342,
        "(16, 40)": 16.3348,
        "(16, 50)": 17.66362542610788,
        "(32, 10)": 9.119533527696793,
        "(32, 20)": 16.970025062656642,
        "(32, 30)": 17.705434230573896,
        "(32, 40)": 20.221215416213603,
        "(32, 50)": 21.12422701662773,
        "(64, 10)": 9.0,
        "(64, 20)": 20.641061210334662,
        "(64, 30)": 19.23719464144996,
        "(64, 40)": 0,
        "(64, 50)": 0
    },
    "base_point_cost": 4.450699586865215,
    "min_points": 9,
    "budget": 39.0
}