{
    "percentage_bucket_counter_full": {
        "rest": 100.0,
        "5": 9.171597633136095,
        "10": 34.9112426035503,
        "15": 56.36094674556213,
        "20": 74.85207100591717
    },
    "percentage_bucket_counter_gpr": {
        "rest": 100.0,
        "5": 72.42083758937692,
        "10": 87.23186925434116,
        "15": 95.50561797752809,
        "20": 97.65066394279877
    },
    "percentage_bucket_counter_hybrid": {
        "rest": 100.0,
        "5": 72.34693877551021,
        "10": 87.24489795918367,
        "15": 95.51020408163265,
        "20": 97.6530612244898
    },
    "mean_budget_generic": 10.509682031147424,
    "percentage_bucket_counter_generic": {
        "rest": 100.0,
        "5": 69.37869822485207,
        "10": 80.1775147928994,
        "15": 88.16568047337277,
        "20": 92.60355029585799
    },
    "mean_add_points_generic": 71.2603550295858,
    "mean_add_points_gpr": 68.72625127681307,
    "mean_budget_gpr": 11.620155980537257,
    "mean_budget_hybrid": 11.619748130072685,
    "mean_add_points_hybrid": 68.69489795918368,
    "point_map_generic": {
        "(4, 10)": 1.0,
        "(4, 20)": 2.0,
        "(4, 30)": 3.0,
        "(4, 40)": 4.0,
        "(4, 50)": 5.0,
        "(8, 10)": 6.0,
        "(8, 20)": 9.947058823529412,
        "(8, 30)": 10.175219023779725,
        "(8, 40)": 12.37704918032787,
        "(8, 50)": 13.322265625,
        "(16, 10)": 7.0,
        "(16, 20)": 13.049766718506998,
        "(16, 30)": 13.233823529411765,
        "(16, 40)": 16.19753086419753,
        "(16, 50)": 17.409190371991247,
        "(32, 10)": 8.0,
        "(32, 20)": 16.681818181818183,
        "(32, 30)": 15.930581613508442,
        "(32, 40)": 20.072289156626507,
        "(32, 50)": 21.12751677852349,
        "(64, 10)": 9.0,
        "(64, 20)": 19.82608695652174,
        "(64, 30)": 9.0,
        "(64, 40)": 0,
        "(64, 50)": 0
    },
    "base_point_cost": 4.422577227146803,
    "min_points": 9,
    "budget": 12.0
}