{
    "percentage_bucket_counter_full": {
        "rest": 100.0,
        "5": 8.906882591093117,
        "10": 26.113360323886642,
        "15": 48.582995951417004,
        "20": 68.42105263157895
    },
    "percentage_bucket_counter_gpr": {
        "rest": 100.0,
        "5": 71.13702623906705,
        "10": 80.02915451895043,
        "15": 87.90087463556851,
        "20": 92.27405247813411
    },
    "percentage_bucket_counter_hybrid": {
        "rest": 100.0,
        "5": 70.39187227866474,
        "10": 79.24528301886792,
        "15": 87.08272859216255,
        "20": 91.43686502177069
    },
    "mean_budget_generic": 6.036468063246184,
    "percentage_bucket_counter_generic": {
        "rest": 100.0,
        "5": 61.943319838056674,
        "10": 75.30364372469636,
        "15": 84.41295546558705,
        "20": 90.08097165991903
    },
    "mean_add_points_generic": 68.5910931174089,
    "mean_add_points_gpr": 64.43877551020408,
    "mean_budget_gpr": 6.778582630912281,
    "mean_budget_hybrid": 6.778761743229153,
    "mean_add_points_hybrid": 64.31204644412192,
    "point_map_generic": {
        "(4, 10)": 1.0,
        "(4, 20)": 2.0,
        "(4, 30)": 3.0,
        "(4, 40)": 4.0,
        "(4, 50)": 5.0,
        "(8, 10)": 6.0,
        "(8, 20)": 9.926680244399185,
        "(8, 30)": 9.801011804384485,
        "(8, 40)": 12.161904761904761,
        "(8, 50)": 13.39568345323741,
        "(16, 10)": 7.0,
        "(16, 20)": 13.121739130434783,
        "(16, 30)": 12.810760667903525,
        "(16, 40)": 16.226775956284154,
        "(16, 50)": 17.399361022364218,
        "(32, 10)": 8.0,
        "(32, 20)": 16.861671469740635,
        "(32, 30)": 14.626344086021506,
        "(32, 40)": 20.008403361344538,
        "(32, 50)": 21.0,
        "(64, 10)": 9.0,
        "(64, 20)": 17.5,
        "(64, 30)": 9.0,
        "(64, 40)": 0,
        "(64, 50)": 0
    },
    "base_point_cost": 2.4466405857243223,
    "min_points": 9,
    "budget": 7.0
}