{
    "percentage_bucket_counter_full": {
        "rest": 100.0,
        "5": 22.12212212212212,
        "10": 48.548548548548546,
        "15": 69.16916916916917,
        "20": 82.08208208208208
    },
    "percentage_bucket_counter_gpr": {
        "rest": 100.0,
        "5": 75.0501002004008,
        "10": 83.96793587174348,
        "15": 93.687374749499,
        "20": 96.59318637274549
    },
    "percentage_bucket_counter_hybrid": {
        "rest": 100.0,
        "5": 75.0501002004008,
        "10": 83.96793587174348,
        "15": 93.687374749499,
        "20": 96.59318637274549
    },
    "mean_budget_generic": 49.24492554189782,
    "percentage_bucket_counter_generic": {
        "rest": 100.0,
        "5": 78.07807807807808,
        "10": 90.990990990991,
        "15": 96.1961961961962,
        "20": 98.998998998999
    },
    "mean_add_points_generic": 90.91091091091091,
    "mean_add_points_gpr": 92.34468937875752,
    "mean_budget_gpr": 56.656878410852855,
    "mean_budget_hybrid": 56.656878410852855,
    "mean_add_points_hybrid": 92.34468937875752,
    "point_map_generic": {
        "(4, 10)": 1.0,
        "(4, 20)": 2.0,
        "(4, 30)": 3.0,
        "(4, 40)": 4.0,
        "(4, 50)": 5.0,
        "(8, 10)": 6.65,
        "(8, 20)": 10.118,
        "(8, 30)": 10.365,
        "(8, 40)": 12.357,
        "(8, 50)": 13.742,
        "(16, 10)": 8.031,
        "(16, 20)": 13.328,
        "(16, 30)": 13.697,
        "(16, 40)": 16.33,
        "(16, 50)": 17.599,
        "(32, 10)": 9.766,
        "(32, 20)": 17.04,
        "(32, 30)": 17.19,
        "(32, 40)": 20.345,
        "(32, 50)": 21.113423517169615,
        "(64, 10)": 9.0,
        "(64, 20)": 21.232678386763187,
        "(64, 30)": 20.09946949602122,
        "(64, 40)": 24.0,
        "(64, 50)": 0
    },
    "base_point_cost": 4.422577227146803,
    "min_points": 9,
    "budget": 59.0
}