{
    "percentage_bucket_counter_full": {
        "rest": 100.0,
        "5": 22.1,
        "10": 48.5,
        "15": 69.19999999999999,
        "20": 82.1
    },
    "percentage_bucket_counter_gpr": {
        "rest": 100.0,
        "5": 80.50251256281406,
        "10": 93.76884422110552,
        "15": 97.8894472361809,
        "20": 99.59798994974875
    },
    "percentage_bucket_counter_hybrid": {
        "rest": 100.0,
        "5": 80.50251256281406,
        "10": 93.76884422110552,
        "15": 97.8894472361809,
        "20": 99.59798994974875
    },
    "mean_budget_generic": 28.7497635074115,
    "percentage_bucket_counter_generic": {
        "rest": 100.0,
        "5": 75.5,
        "10": 89.2,
        "15": 96.7,
        "20": 98.3
    },
    "mean_add_points_generic": 84.06,
    "mean_add_points_gpr": 85.61809045226131,
    "mean_budget_gpr": 32.412767970652745,
    "mean_budget_hybrid": 32.412767970652745,
    "mean_add_points_hybrid": 85.61809045226131,
    "point_map_generic": {
        "(4, 10)": 1.0,
        "(4, 20)": 2.0,
        "(4, 30)": 3.0,
        "(4, 40)": 4.0,
        "(4, 50)": 5.0,
        "(8, 10)": 6.65,
        "(8, 20)": 10.118,
        "(8, 30)": 10.365,
        "(8, 40)": 12.357,
        "(8, 50)": 13.742,
        "(16, 10)": 8.031,
        "(16, 20)": 13.328,
        "(16, 30)": 13.697,
        "(16, 40)": 16.33,
        "(16, 50)": 17.5565749235474,
        "(32, 10)": 9.559633027522937,
        "(32, 20)": 17.01427115188583,
        "(32, 30)": 17.06417112299465,
        "(32, 40)": 20.229419703103915,
        "(32, 50)": 20.994143484626647,
        "(64, 10)": 9.0,
        "(64, 20)": 20.747553816046967,
        "(64, 30)": 17.162011173184357,
        "(64, 40)": 0,
        "(64, 50)": 0
    },
    "base_point_cost": 4.422577227146803,
    "min_points": 9,
    "budget": 34.0
}