{
    "percentage_bucket_counter_random": {
        "rest": 100.0,
        "5": 17.8,
        "10": 20.5,
        "15": 23.3,
        "20": 25.0
    },
    "mean_budget_random": 3.5744931309726495,
    "mean_add_points_random": 68.4301732925586,
    "nr_func_modeled_random": 981,
    "percentage_bucket_counter_grid": {
        "rest": 100.0,
        "5": 35.0,
        "10": 43.3,
        "15": 48.8,
        "20": 52.2
    },
    "mean_budget_grid": 3.3543174073877715,
    "mean_add_points_grid": 65.57055214723927,
    "nr_func_modeled_grid": 978,
    "percentage_bucket_counter_bayesian": {
        "rest": 100.0,
        "5": 71.1,
        "10": 76.0,
        "15": 78.3,
        "20": 81.10000000000001
    },
    "mean_budget_bayesian": 3.990306560100311,
    "mean_add_points_bayesian": 251.36323851203502,
    "nr_func_modeled_bayesian": 914,
    "percentage_bucket_counter_full": {
        "rest": 100.0,
        "5": 87.9,
        "10": 95.3,
        "15": 98.3,
        "20": 99.7
    },
    "percentage_bucket_counter_generic": {
        "rest": 100.0,
        "5": 64.4,
        "10": 70.6,
        "15": 73.0,
        "20": 75.2
    },
    "mean_budget_generic": 3.8953313852713074,
    "mean_add_points_generic": 246.24507658643327,
    "nr_func_modeled_generic": 914,
    "percentage_bucket_counter_gpr": {
        "rest": 100.0,
        "5": 80.60000000000001,
        "10": 87.2,
        "15": 89.60000000000001,
        "20": 92.2
    },
    "mean_add_points_gpr": 271.69096509240245,
    "mean_budget_gpr": 3.9746361686780207,
    "nr_func_modeled_gpr": 974,
    "percentage_bucket_counter_hybrid": {
        "rest": 100.0,
        "5": 80.60000000000001,
        "10": 87.2,
        "15": 89.60000000000001,
        "20": 92.2
    },
    "mean_budget_hybrid": 3.9746361686780207,
    "mean_add_points_hybrid": 271.69096509240245,
    "nr_func_modeled_hybrid": 974,
    "point_map_generic": {
        "(4, 10, 1000)": 1.12012012012012,
        "(4, 10, 2000)": 9.952952952952954,
        "(4, 10, 3000)": 10.945837512537613,
        "(4, 10, 4000)": 12.012036108324974,
        "(4, 10, 5000)": 12.908817635270541,
        "(4, 20, 1000)": 2.1335341365461846,
        "(4, 20, 2000)": 14.390020366598778,
        "(4, 20, 3000)": 16.818652849740932,
        "(4, 20, 4000)": 19.60508849557522,
        "(4, 20, 5000)": 22.24514563106796,
        "(4, 30, 1000)": 3.136683417085427,
        "(4, 30, 2000)": 18.37913223140496,
        "(4, 30, 3000)": 22.341963322545848,
        "(4, 30, 4000)": 26.358556461001164,
        "(4, 30, 5000)": 29.841698841698843,
        "(4, 40, 1000)": 4.13508064516129,
        "(4, 40, 2000)": 22.98054054054054,
        "(4, 40, 3000)": 27.96690307328605,
        "(4, 40, 4000)": 33.47574334898279,
        "(4, 40, 5000)": 38.05366726296959,
        "(4, 50, 1000)": 5.164314516129032,
        "(4, 50, 2000)": 24.345080763582967,
        "(4, 50, 3000)": 31.47394957983193,
        "(4, 50, 4000)": 39.078947368421055,
        "(4, 50, 5000)": 43.59432048681541,
        "(8, 10, 1000)": 6.1030303030303035,
        "(8, 10, 2000)": 19.30828025477707,
        "(8, 10, 3000)": 22.81655172413793,
        "(8, 10, 4000)": 26.50937950937951,
        "(8, 10, 5000)": 29.53566229985444,
        "(8, 20, 1000)": 21.609013398294763,
        "(8, 20, 2000)": 29.008583690987123,
        "(8, 20, 3000)": 34.83763277693475,
        "(8, 20, 4000)": 39.41287284144427,
        "(8, 20, 5000)": 43.58966074313409,
        "(8, 30, 1000)": 27.937685459940653,
        "(8, 30, 2000)": 38.329203539823006,
        "(8, 30, 3000)": 45.71616541353384,
        "(8, 30, 4000)": 51.24952015355086,
        "(8, 30, 5000)": 55.87866927592955,
        "(8, 40, 1000)": 31.884267631103075,
        "(8, 40, 2000)": 44.69617706237425,
        "(8, 40, 3000)": 52.61866125760649,
        "(8, 40, 4000)": 58.48073022312373,
        "(8, 40, 5000)": 62.39495798319328,
        "(8, 50, 1000)": 36.79924242424242,
        "(8, 50, 2000)": 49.878787878787875,
        "(8, 50, 3000)": 58.00811359026369,
        "(8, 50, 4000)": 63.136842105263156,
        "(8, 50, 5000)": 66.48190045248869,
        "(16, 10, 1000)": 7.161943319838056,
        "(16, 10, 2000)": 35.62211221122112,
        "(16, 10, 3000)": 41.935374149659864,
        "(16, 10, 4000)": 46.914236706689536,
        "(16, 10, 5000)": 50.06608695652174,
        "(16, 20, 1000)": 39.81216457960644,
        "(16, 20, 2000)": 51.28200371057514,
        "(16, 20, 3000)": 58.98865784499055,
        "(16, 20, 4000)": 64.16535433070867,
        "(16, 20, 5000)": 68.16492693110648,
        "(16, 30, 1000)": 48.67484662576687,
        "(16, 30, 2000)": 61.93374741200828,
        "(16, 30, 3000)": 70.09745762711864,
        "(16, 30, 4000)": 75.16783216783217,
        "(16, 30, 5000)": 78.18863049095607,
        "(16, 40, 1000)": 55.00826446280992,
        "(16, 40, 2000)": 68.49570815450643,
        "(16, 40, 3000)": 76.06872037914692,
        "(16, 40, 4000)": 80.4873949579832,
        "(16, 40, 5000)": 83.38216560509554,
        "(16, 50, 1000)": 59.54094827586207,
        "(16, 50, 2000)": 72.75870069605568,
        "(16, 50, 3000)": 79.91081081081082,
        "(16, 50, 4000)": 84.18892508143323,
        "(16, 50, 5000)": 86.27906976744185,
        "(32, 10, 1000)": 8.263157894736842,
        "(32, 10, 2000)": 57.963035019455255,
        "(32, 10, 3000)": 64.85102040816327,
        "(32, 10, 4000)": 69.48115299334812,
        "(32, 10, 5000)": 70.75912408759125,
        "(32, 20, 1000)": 61.351578947368424,
        "(32, 20, 2000)": 75.72460496613995,
        "(32, 20, 3000)": 83.53580901856763,
        "(32, 20, 4000)": 88.05333333333333,
        "(32, 20, 5000)": 90.88888888888889,
        "(32, 30, 1000)": 70.1986143187067,
        "(32, 30, 2000)": 85.01373626373626,
        "(32, 30, 3000)": 93.125,
        "(32, 30, 4000)": 96.95138888888889,
        "(32, 30, 5000)": 97.85526315789474,
        "(32, 40, 1000)": 75.29639175257732,
        "(32, 40, 2000)": 90.5278810408922,
        "(32, 40, 3000)": 97.9765625,
        "(32, 40, 4000)": 101.68571428571428,
        "(32, 40, 5000)": 101.0,
        "(32, 50, 1000)": 78.61309523809524,
        "(32, 50, 2000)": 93.46153846153847,
        "(32, 50, 3000)": 99.50943396226415,
        "(32, 50, 4000)": 106.0,
        "(32, 50, 5000)": 0,
        "(64, 10, 1000)": 9.278622087132726,
        "(64, 10, 2000)": 76.71686746987952,
        "(64, 10, 3000)": 81.74089068825911,
        "(64, 10, 4000)": 85.94285714285714,
        "(64, 10, 5000)": 81.7560975609756,
        "(64, 20, 1000)": 77.51623376623377,
        "(64, 20, 2000)": 93.4920634920635,
        "(64, 20, 3000)": 102.46153846153847,
        "(64, 20, 4000)": 0,
        "(64, 20, 5000)": 0,
        "(64, 30, 1000)": 84.23152709359606,
        "(64, 30, 2000)": 105.125,
        "(64, 30, 3000)": 0,
        "(64, 30, 4000)": 0,
        "(64, 30, 5000)": 0,
        "(64, 40, 1000)": 88.26751592356688,
        "(64, 40, 2000)": 0,
        "(64, 40, 3000)": 0,
        "(64, 40, 4000)": 0,
        "(64, 40, 5000)": 0,
        "(64, 50, 1000)": 91.35964912280701,
        "(64, 50, 2000)": 0,
        "(64, 50, 3000)": 0,
        "(64, 50, 4000)": 0,
        "(64, 50, 5000)": 0
    },
    "base_point_cost": 0.8147229837570119,
    "min_points": 13,
    "budget": 4.0
}