{
    "percentage_bucket_counter_random": {
        "rest": 100.0,
        "5": 18.2,
        "10": 21.0,
        "15": 23.799999999999997,
        "20": 25.6
    },
    "mean_budget_random": 24.37812,
    "mean_add_points_random": 175.033,
    "nr_func_modeled_random": 1000,
    "percentage_bucket_counter_grid": {
        "rest": 100.0,
        "5": 83.0,
        "10": 92.30000000000001,
        "15": 96.2,
        "20": 98.4
    },
    "mean_budget_grid": 23.065321154491517,
    "mean_add_points_grid": 99.65095285857572,
    "nr_func_modeled_grid": 997,
    "percentage_bucket_counter_bayesian": {
        "rest": 100.0,
        "5": 85.2,
        "10": 91.2,
        "15": 95.5,
        "20": 96.7
    },
    "mean_budget_bayesian": 24.865182778022366,
    "mean_add_points_bayesian": 402.45638945233264,
    "nr_func_modeled_bayesian": 986,
    "percentage_bucket_counter_full": {
        "rest": 100.0,
        "5": 87.9,
        "10": 95.3,
        "15": 98.3,
        "20": 99.7
    },
    "percentage_bucket_counter_generic": {
        "rest": 100.0,
        "5": 85.2,
        "10": 91.60000000000001,
        "15": 96.0,
        "20": 97.6
    },
    "mean_budget_generic": 23.994406226539603,
    "mean_add_points_generic": 407.64292878635905,
    "nr_func_modeled_generic": 997,
    "percentage_bucket_counter_gpr": {
        "rest": 100.0,
        "5": 85.39999999999999,
        "10": 93.0,
        "15": 96.6,
        "20": 98.0
    },
    "mean_add_points_gpr": 409.61484453360083,
    "mean_budget_gpr": 24.77470862606947,
    "nr_func_modeled_gpr": 997,
    "percentage_bucket_counter_hybrid": {
        "rest": 100.0,
        "5": 85.39999999999999,
        "10": 93.0,
        "15": 96.6,
        "20": 98.0
    },
    "mean_budget_hybrid": 24.77470862606947,
    "mean_add_points_hybrid": 409.61484453360083,
    "nr_func_modeled_hybrid": 997,
    "point_map_generic": {
        "(4, 10, 1000)": 1.137,
        "(4, 10, 2000)": 9.957,
        "(4, 10, 3000)": 10.978,
        "(4, 10, 4000)": 12.035,
        "(4, 10, 5000)": 12.943,
        "(4, 20, 1000)": 2.193,
        "(4, 20, 2000)": 14.383,
        "(4, 20, 3000)": 16.8,
        "(4, 20, 4000)": 19.819,
        "(4, 20, 5000)": 22.988,
        "(4, 30, 1000)": 3.213,
        "(4, 30, 2000)": 18.316,
        "(4, 30, 3000)": 22.14,
        "(4, 30, 4000)": 25.925,
        "(4, 30, 5000)": 29.448,
        "(4, 40, 1000)": 4.309,
        "(4, 40, 2000)": 23.075,
        "(4, 40, 3000)": 27.595,
        "(4, 40, 4000)": 32.072,
        "(4, 40, 5000)": 35.47,
        "(4, 50, 1000)": 5.376,
        "(4, 50, 2000)": 28.362,
        "(4, 50, 3000)": 33.255,
        "(4, 50, 4000)": 37.745,
        "(4, 50, 5000)": 41.261,
        "(8, 10, 1000)": 6.337,
        "(8, 10, 2000)": 21.89,
        "(8, 10, 3000)": 26.207,
        "(8, 10, 4000)": 30.342,
        "(8, 10, 5000)": 33.832,
        "(8, 20, 1000)": 23.078,
        "(8, 20, 2000)": 30.332,
        "(8, 20, 3000)": 35.737,
        "(8, 20, 4000)": 39.954,
        "(8, 20, 5000)": 43.842,
        "(8, 30, 1000)": 30.295,
        "(8, 30, 2000)": 38.113,
        "(8, 30, 3000)": 43.859,
        "(8, 30, 4000)": 48.271,
        "(8, 30, 5000)": 52.205,
        "(8, 40, 1000)": 36.904,
        "(8, 40, 2000)": 45.204,
        "(8, 40, 3000)": 50.698,
        "(8, 40, 4000)": 55.291,
        "(8, 40, 5000)": 58.761,
        "(8, 50, 1000)": 42.786,
        "(8, 50, 2000)": 50.933,
        "(8, 50, 3000)": 56.754,
        "(8, 50, 4000)": 60.661,
        "(8, 50, 5000)": 64.394,
        "(16, 10, 1000)": 7.735,
        "(16, 10, 2000)": 41.86,
        "(16, 10, 3000)": 47.338,
        "(16, 10, 4000)": 51.736,
        "(16, 10, 5000)": 55.206,
        "(16, 20, 1000)": 44.346,
        "(16, 20, 2000)": 52.888,
        "(16, 20, 3000)": 58.874,
        "(16, 20, 4000)": 63.196,
        "(16, 20, 5000)": 67.02808425275828,
        "(16, 30, 1000)": 52.688,
        "(16, 30, 2000)": 61.636,
        "(16, 30, 3000)": 67.535,
        "(16, 30, 4000)": 71.726,
        "(16, 30, 5000)": 75.1355421686747,
        "(16, 40, 1000)": 59.593,
        "(16, 40, 2000)": 68.688,
        "(16, 40, 3000)": 73.974,
        "(16, 40, 4000)": 78.364,
        "(16, 40, 5000)": 81.49645390070921,
        "(16, 50, 1000)": 63.69635193133047,
        "(16, 50, 2000)": 72.66666666666667,
        "(16, 50, 3000)": 78.34385201305767,
        "(16, 50, 4000)": 82.83221476510067,
        "(16, 50, 5000)": 86.1986143187067,
        "(32, 10, 1000)": 9.01101101101101,
        "(32, 10, 2000)": 65.38414006179197,
        "(32, 10, 3000)": 69.93118279569893,
        "(32, 10, 4000)": 74.20624303233,
        "(32, 10, 5000)": 76.56867196367764,
        "(32, 20, 1000)": 68.16582406471183,
        "(32, 20, 2000)": 77.22857142857143,
        "(32, 20, 3000)": 82.67303370786517,
        "(32, 20, 4000)": 86.56315179606025,
        "(32, 20, 5000)": 90.3204353083434,
        "(32, 30, 1000)": 76.16737739872069,
        "(32, 30, 2000)": 85.48564867967853,
        "(32, 30, 3000)": 91.16852540272615,
        "(32, 30, 4000)": 95.74093264248705,
        "(32, 30, 5000)": 98.73931623931624,
        "(32, 40, 1000)": 80.71411192214111,
        "(32, 40, 2000)": 91.09473684210526,
        "(32, 40, 3000)": 97.25910364145658,
        "(32, 40, 4000)": 101.84104938271605,
        "(32, 40, 5000)": 103.49908925318762,
        "(32, 50, 1000)": 84.95084087968952,
        "(32, 50, 2000)": 95.57205240174673,
        "(32, 50, 3000)": 101.48220064724919,
        "(32, 50, 4000)": 104.22370936902486,
        "(32, 50, 5000)": 106.34229828850856,
        "(64, 10, 1000)": 9.539393939393939,
        "(64, 10, 2000)": 82.68143100511074,
        "(64, 10, 3000)": 89.16373239436619,
        "(64, 10, 4000)": 93.08858267716535,
        "(64, 10, 5000)": 92.63146551724138,
        "(64, 20, 1000)": 87.14119601328903,
        "(64, 20, 2000)": 98.42196531791907,
        "(64, 20, 3000)": 104.5130023640662,
        "(64, 20, 4000)": 107.3948220064725,
        "(64, 20, 5000)": 109.26694915254237,
        "(64, 30, 1000)": 94.03983228511531,
        "(64, 30, 2000)": 106.46272493573265,
        "(64, 30, 3000)": 112.89682539682539,
        "(64, 30, 4000)": 115.90277777777777,
        "(64, 30, 5000)": 115.9090909090909,
        "(64, 40, 1000)": 97.6454081632653,
        "(64, 40, 2000)": 109.5609756097561,
        "(64, 40, 3000)": 117.15555555555555,
        "(64, 40, 4000)": 0,
        "(64, 40, 5000)": 0,
        "(64, 50, 1000)": 99.90361445783132,
        "(64, 50, 2000)": 111.80588235294118,
        "(64, 50, 3000)": 116.66666666666667,
        "(64, 50, 4000)": 0,
        "(64, 50, 5000)": 0
    },
    "base_point_cost": 0.8147229837570119,
    "min_points": 13,
    "budget": 25.0
}