{
    "percentage_bucket_counter_full": {
        "rest": 100.0,
        "5": 85.16,
        "10": 96.23,
        "15": 97.97,
        "20": 99.99
    },
    "percentage_bucket_counter_generic": {
        "rest": 100.0,
        "5": 83.84,
        "10": 94.65,
        "15": 97.56,
        "20": 99.71
    },
    "percentage_bucket_counter_gpr": {
        "rest": 100.0,
        "5": 83.83,
        "10": 94.65,
        "15": 97.56,
        "20": 99.71
    },
    "percentage_bucket_counter_hybrid": {
        "rest": 100.0,
        "5": 83.83,
        "10": 94.65,
        "15": 97.56,
        "20": 99.71
    },
    "mean_budget_generic": 64.90086808454977,
    "mean_add_points_generic": 14.5515,
    "mean_budget_gpr": 64.89884579212534,
    "mean_add_points_gpr": 13.5512,
    "mean_budget_hybrid": 64.90070901506463,
    "mean_add_points_hybrid": 13.5515,
    "base_point_cost": 8.850863835461727,
    "min_points": 9,
    "budget": 77
}