{
    "percentage_bucket_counter_full": {
        "rest": 100.0,
        "5": 85.16,
        "10": 96.23,
        "15": 97.97,
        "20": 99.99
    },
    "percentage_bucket_counter_generic": {
        "rest": 100.0,
        "5": 82.84,
        "10": 94.02000000000001,
        "15": 96.75,
        "20": 99.21
    },
    "percentage_bucket_counter_gpr": {
        "rest": 100.0,
        "5": 82.82000000000001,
        "10": 93.97999999999999,
        "15": 96.69,
        "20": 99.16
    },
    "percentage_bucket_counter_hybrid": {
        "rest": 100.0,
        "5": 82.82000000000001,
        "10": 93.97999999999999,
        "15": 96.69,
        "20": 99.16
    },
    "mean_budget_generic": 42.52949833982343,
    "mean_add_points_generic": 13.2237,
    "mean_budget_gpr": 42.53264064585131,
    "mean_add_points_gpr": 12.2227,
    "mean_budget_hybrid": 42.532685050494706,
    "mean_add_points_hybrid": 12.2241,
    "base_point_cost": 8.850863835461727,
    "min_points": 9,
    "budget": 51
}