{
    "percentage_bucket_counter_full": {
        "rest": 100.0,
        "5": 85.16,
        "10": 96.23,
        "15": 97.97,
        "20": 99.99
    },
    "percentage_bucket_counter_generic": {
        "rest": 100.0,
        "5": 81.17,
        "10": 89.5,
        "15": 93.73,
        "20": 97.34
    },
    "percentage_bucket_counter_gpr": {
        "rest": 100.0,
        "5": 81.25,
        "10": 89.59,
        "15": 93.81,
        "20": 97.42
    },
    "percentage_bucket_counter_hybrid": {
        "rest": 100.0,
        "5": 81.24,
        "10": 89.58,
        "15": 93.8,
        "20": 97.41
    },
    "mean_budget_generic": 19.21356400116629,
    "mean_add_points_generic": 9.6638,
    "mean_budget_gpr": 19.218219453122426,
    "mean_add_points_gpr": 8.6672,
    "mean_budget_hybrid": 19.21817680090505,
    "mean_add_points_hybrid": 8.6674,
    "base_point_cost": 8.850863835461727,
    "min_points": 9,
    "budget": 22
}