{
    "percentage_bucket_counter_full": {
        "rest": 100.0,
        "5": 85.16,
        "10": 96.23,
        "15": 97.97,
        "20": 99.99
    },
    "percentage_bucket_counter_generic": {
        "rest": 100.0,
        "5": 84.15,
        "10": 94.78,
        "15": 97.67,
        "20": 99.71
    },
    "percentage_bucket_counter_gpr": {
        "rest": 100.0,
        "5": 84.17,
        "10": 94.76,
        "15": 97.68,
        "20": 99.71
    },
    "percentage_bucket_counter_hybrid": {
        "rest": 100.0,
        "5": 84.17,
        "10": 94.76,
        "15": 97.68,
        "20": 99.71
    },
    "mean_budget_generic": 69.07481756695988,
    "mean_add_points_generic": 14.7963,
    "mean_budget_gpr": 69.09098045229652,
    "mean_add_points_gpr": 13.7972,
    "mean_budget_hybrid": 69.09025198660191,
    "mean_add_points_hybrid": 13.7972,
    "base_point_cost": 8.850863835461727,
    "min_points": 9,
    "budget": 82
}