{
    "percentage_bucket_counter_full": {
        "rest": 100.0,
        "5": 85.16,
        "10": 96.23,
        "15": 97.97,
        "20": 99.99
    },
    "percentage_bucket_counter_generic": {
        "rest": 100.0,
        "5": 80.51,
        "10": 86.67,
        "15": 90.49000000000001,
        "20": 93.78
    },
    "percentage_bucket_counter_gpr": {
        "rest": 100.0,
        "5": 81.92,
        "10": 88.99000000000001,
        "15": 93.10000000000001,
        "20": 96.61
    },
    "percentage_bucket_counter_hybrid": {
        "rest": 100.0,
        "5": 81.93,
        "10": 88.99000000000001,
        "15": 93.10000000000001,
        "20": 96.61
    },
    "mean_budget_generic": 14.53592839367414,
    "mean_add_points_generic": 6.8447,
    "mean_budget_gpr": 14.621138572031821,
    "mean_add_points_gpr": 6.1419,
    "mean_budget_hybrid": 14.62108484576245,
    "mean_add_points_hybrid": 6.1419,
    "base_point_cost": 8.850863835461727,
    "min_points": 9,
    "budget": 15
}