{
    "percentage_bucket_counter_full": {
        "rest": 100.0,
        "5": 85.16,
        "10": 96.23,
        "15": 97.97,
        "20": 99.99
    },
    "percentage_bucket_counter_generic": {
        "rest": 100.0,
        "5": 80.7,
        "10": 88.67,
        "15": 92.85,
        "20": 96.69
    },
    "percentage_bucket_counter_gpr": {
        "rest": 100.0,
        "5": 81.39999999999999,
        "10": 89.37,
        "15": 93.53,
        "20": 97.27
    },
    "percentage_bucket_counter_hybrid": {
        "rest": 100.0,
        "5": 81.39999999999999,
        "10": 89.37,
        "15": 93.53,
        "20": 97.27
    },
    "mean_budget_generic": 17.60938233331564,
    "mean_add_points_generic": 8.6587,
    "mean_budget_gpr": 17.627273589197426,
    "mean_add_points_gpr": 7.6997,
    "mean_budget_hybrid": 17.627240123245485,
    "mean_add_points_hybrid": 7.6998,
    "base_point_cost": 8.850863835461727,
    "min_points": 9,
    "budget": 20
}