{
    "percentage_bucket_counter_full": {
        "rest": 100.0,
        "5": 85.16,
        "10": 96.23,
        "15": 97.97,
        "20": 99.99
    },
    "percentage_bucket_counter_generic": {
        "rest": 100.0,
        "5": 83.47,
        "10": 94.39999999999999,
        "15": 97.19,
        "20": 99.66000000000001
    },
    "percentage_bucket_counter_gpr": {
        "rest": 100.0,
        "5": 83.45,
        "10": 94.33,
        "15": 97.19,
        "20": 99.63
    },
    "percentage_bucket_counter_hybrid": {
        "rest": 100.0,
        "5": 83.45,
        "10": 94.33,
        "15": 97.19,
        "20": 99.63
    },
    "mean_budget_generic": 52.24832658712699,
    "mean_add_points_generic": 13.8253,
    "mean_budget_gpr": 52.248459535160464,
    "mean_add_points_gpr": 12.8248,
    "mean_budget_hybrid": 52.24585976017233,
    "mean_add_points_hybrid": 12.8253,
    "base_point_cost": 8.850863835461727,
    "min_points": 9,
    "budget": 62
}