{
    "percentage_bucket_counter_full": {
        "rest": 100.0,
        "5": 85.16,
        "10": 96.23,
        "15": 97.97,
        "20": 99.99
    },
    "percentage_bucket_counter_generic": {
        "rest": 100.0,
        "5": 80.71000000000001,
        "10": 87.85,
        "15": 91.79,
        "20": 95.15
    },
    "percentage_bucket_counter_gpr": {
        "rest": 100.0,
        "5": 81.44,
        "10": 89.23,
        "15": 93.23,
        "20": 96.87
    },
    "percentage_bucket_counter_hybrid": {
        "rest": 100.0,
        "5": 81.44,
        "10": 89.23,
        "15": 93.23,
        "20": 96.87
    },
    "mean_budget_generic": 16.893332883966156,
    "mean_add_points_generic": 7.9355,
    "mean_budget_gpr": 16.92573452030969,
    "mean_add_points_gpr": 7.1015,
    "mean_budget_hybrid": 16.92573452030969,
    "mean_add_points_hybrid": 7.1015,
    "base_point_cost": 8.850863835461727,
    "min_points": 9,
    "budget": 19
}