{
    "percentage_bucket_counter_full": {
        "rest": 100.0,
        "5": 85.16,
        "10": 96.23,
        "15": 97.97,
        "20": 99.99
    },
    "percentage_bucket_counter_generic": {
        "rest": 100.0,
        "5": 82.62,
        "10": 93.76,
        "15": 96.44,
        "20": 99.1
    },
    "percentage_bucket_counter_gpr": {
        "rest": 100.0,
        "5": 82.61,
        "10": 93.72,
        "15": 96.38,
        "20": 99.05000000000001
    },
    "percentage_bucket_counter_hybrid": {
        "rest": 100.0,
        "5": 82.61,
        "10": 93.72,
        "15": 96.38,
        "20": 99.05000000000001
    },
    "mean_budget_generic": 40.483834179255375,
    "mean_add_points_generic": 13.0827,
    "mean_budget_gpr": 40.48727931517169,
    "mean_add_points_gpr": 12.0819,
    "mean_budget_hybrid": 40.48699739004779,
    "mean_add_points_hybrid": 12.083,
    "base_point_cost": 8.850863835461727,
    "min_points": 9,
    "budget": 49
}