{
    "percentage_bucket_counter_full": {
        "rest": 100.0,
        "5": 85.16,
        "10": 96.23,
        "15": 97.97,
        "20": 99.99
    },
    "percentage_bucket_counter_generic": {
        "rest": 100.0,
        "5": 81.23,
        "10": 90.93,
        "15": 94.84,
        "20": 97.95
    },
    "percentage_bucket_counter_gpr": {
        "rest": 100.0,
        "5": 81.22,
        "10": 90.92,
        "15": 94.83,
        "20": 97.94
    },
    "percentage_bucket_counter_hybrid": {
        "rest": 100.0,
        "5": 81.21000000000001,
        "10": 90.92,
        "15": 94.83,
        "20": 97.94
    },
    "mean_budget_generic": 24.232811752037406,
    "mean_add_points_generic": 11.0794,
    "mean_budget_gpr": 24.232922620545917,
    "mean_add_points_gpr": 10.0781,
    "mean_budget_hybrid": 24.232720083039297,
    "mean_add_points_hybrid": 10.0794,
    "base_point_cost": 8.850863835461727,
    "min_points": 9,
    "budget": 28
}