{
    "percentage_bucket_counter_full": {
        "rest": 100.0,
        "5": 85.16,
        "10": 96.23,
        "15": 97.97,
        "20": 99.99
    },
    "percentage_bucket_counter_generic": {
        "rest": 100.0,
        "5": 83.78999999999999,
        "10": 94.55,
        "15": 97.52,
        "20": 99.69
    },
    "percentage_bucket_counter_gpr": {
        "rest": 100.0,
        "5": 83.78999999999999,
        "10": 94.55,
        "15": 97.52,
        "20": 99.69
    },
    "percentage_bucket_counter_hybrid": {
        "rest": 100.0,
        "5": 83.78999999999999,
        "10": 94.55,
        "15": 97.52,
        "20": 99.69
    },
    "mean_budget_generic": 59.68867626269923,
    "mean_add_points_generic": 14.2559,
    "mean_budget_gpr": 59.68980461000237,
    "mean_add_points_gpr": 13.2559,
    "mean_budget_hybrid": 59.688292439699566,
    "mean_add_points_hybrid": 13.2559,
    "base_point_cost": 8.850863835461727,
    "min_points": 9,
    "budget": 69
}