{
    "percentage_bucket_counter_full": {
        "rest": 100.0,
        "5": 50.0,
        "10": 71.42857142857143,
        "15": 78.57142857142857,
        "20": 85.71428571428571
    },
    "percentage_bucket_counter_generic": {
        "rest": 100.0,
        "5": 21.428571428571427,
        "10": 64.28571428571429,
        "15": 71.42857142857143,
        "20": 78.57142857142857
    },
    "percentage_bucket_counter_gpr": {
        "rest": 100.0,
        "5": 21.428571428571427,
        "10": 64.28571428571429,
        "15": 71.42857142857143,
        "20": 78.57142857142857
    },
    "percentage_bucket_counter_hybrid": {
        "rest": 100.0,
        "5": 21.428571428571427,
        "10": 64.28571428571429,
        "15": 71.42857142857143,
        "20": 78.57142857142857
    },
    "budget": 58,
    "mean_budget_generic": 51.30748267697756,
    "mean_add_points_generic": 10.428571428571429,
    "mean_budget_gpr": 53.13884421370075,
    "mean_add_points_gpr": 10.571428571428571,
    "mean_budget_hybrid": 52.9122167570974,
    "mean_add_points_hybrid": 10.785714285714286,
    "base_point_cost": 17.474520685876442,
    "min_points": 9,
    "filter": 0
}