{
    "percentage_bucket_counter_full": {
        "rest": 100.0,
        "5": 50.0,
        "10": 71.42857142857143,
        "15": 78.57142857142857,
        "20": 85.71428571428571
    },
    "percentage_bucket_counter_generic": {
        "rest": 100.0,
        "5": 57.14285714285714,
        "10": 71.42857142857143,
        "15": 92.85714285714286,
        "20": 92.85714285714286
    },
    "percentage_bucket_counter_gpr": {
        "rest": 100.0,
        "5": 57.14285714285714,
        "10": 64.28571428571429,
        "15": 85.71428571428571,
        "20": 85.71428571428571
    },
    "percentage_bucket_counter_hybrid": {
        "rest": 100.0,
        "5": 57.14285714285714,
        "10": 64.28571428571429,
        "15": 85.71428571428571,
        "20": 85.71428571428571
    },
    "budget": 73,
    "mean_budget_generic": 67.23913382207738,
    "mean_add_points_generic": 11.928571428571429,
    "mean_budget_gpr": 67.50769601102738,
    "mean_add_points_gpr": 11.928571428571429,
    "mean_budget_hybrid": 67.50769601102738,
    "mean_add_points_hybrid": 12.142857142857142,
    "base_point_cost": 17.474520685876442,
    "min_points": 9,
    "filter": 0
}