{
    "percentage_bucket_counter_full": {
        "rest": 100.0,
        "5": 50.0,
        "10": 71.42857142857143,
        "15": 78.57142857142857,
        "20": 85.71428571428571
    },
    "percentage_bucket_counter_generic": {
        "rest": 100.0,
        "5": 14.285714285714285,
        "10": 21.428571428571427,
        "15": 21.428571428571427,
        "20": 57.14285714285714
    },
    "percentage_bucket_counter_gpr": {
        "rest": 100.0,
        "5": 14.285714285714285,
        "10": 14.285714285714285,
        "15": 14.285714285714285,
        "20": 57.14285714285714
    },
    "percentage_bucket_counter_hybrid": {
        "rest": 100.0,
        "5": 14.285714285714285,
        "10": 14.285714285714285,
        "15": 14.285714285714285,
        "20": 57.14285714285714
    },
    "budget": 20,
    "mean_budget_generic": 20.929374808828374,
    "mean_add_points_generic": 2.2857142857142856,
    "mean_budget_gpr": 20.594776228391023,
    "mean_add_points_gpr": 1.7857142857142858,
    "mean_budget_hybrid": 20.594776228391023,
    "mean_add_points_hybrid": 2.0,
    "base_point_cost": 17.474520685876442,
    "min_points": 9,
    "filter": 0
}