{
    "percentage_bucket_counter_full": {
        "rest": 100.0,
        "5": 50.0,
        "10": 71.42857142857143,
        "15": 78.57142857142857,
        "20": 85.71428571428571
    },
    "percentage_bucket_counter_generic": {
        "rest": 100.0,
        "5": 14.285714285714285,
        "10": 21.428571428571427,
        "15": 57.14285714285714,
        "20": 71.42857142857143
    },
    "percentage_bucket_counter_gpr": {
        "rest": 100.0,
        "5": 50.0,
        "10": 57.14285714285714,
        "15": 57.14285714285714,
        "20": 71.42857142857143
    },
    "percentage_bucket_counter_hybrid": {
        "rest": 100.0,
        "5": 14.285714285714285,
        "10": 21.428571428571427,
        "15": 57.14285714285714,
        "20": 71.42857142857143
    },
    "budget": 27,
    "mean_budget_generic": 25.65933472362124,
    "mean_add_points_generic": 5.142857142857143,
    "mean_budget_gpr": 26.17791900491591,
    "mean_add_points_gpr": 4.0,
    "mean_budget_hybrid": 25.644376672321634,
    "mean_add_points_hybrid": 5.285714285714286,
    "base_point_cost": 17.474520685876442,
    "min_points": 9,
    "filter": 0
}