{
    "percentage_bucket_counter_full": {
        "rest": 100.0,
        "5": 50.0,
        "10": 71.42857142857143,
        "15": 78.57142857142857,
        "20": 85.71428571428571
    },
    "percentage_bucket_counter_generic": {
        "rest": 100.0,
        "5": 14.285714285714285,
        "10": 57.14285714285714,
        "15": 57.14285714285714,
        "20": 71.42857142857143
    },
    "percentage_bucket_counter_gpr": {
        "rest": 100.0,
        "5": 50.0,
        "10": 57.14285714285714,
        "15": 57.14285714285714,
        "20": 71.42857142857143
    },
    "percentage_bucket_counter_hybrid": {
        "rest": 100.0,
        "5": 14.285714285714285,
        "10": 57.14285714285714,
        "15": 57.14285714285714,
        "20": 71.42857142857143
    },
    "budget": 31,
    "mean_budget_generic": 28.790889805045232,
    "mean_add_points_generic": 6.428571428571429,
    "mean_budget_gpr": 29.46682642273457,
    "mean_add_points_gpr": 5.5,
    "mean_budget_hybrid": 29.111022214911983,
    "mean_add_points_hybrid": 6.642857142857143,
    "base_point_cost": 17.474520685876442,
    "min_points": 9,
    "filter": 0
}