{
    "percentage_bucket_counter_full": {
        "rest": 100.0,
        "5": 50.0,
        "10": 71.42857142857143,
        "15": 78.57142857142857,
        "20": 85.71428571428571
    },
    "percentage_bucket_counter_generic": {
        "rest": 100.0,
        "5": 14.285714285714285,
        "10": 50.0,
        "15": 57.14285714285714,
        "20": 71.42857142857143
    },
    "percentage_bucket_counter_gpr": {
        "rest": 100.0,
        "5": 14.285714285714285,
        "10": 57.14285714285714,
        "15": 57.14285714285714,
        "20": 71.42857142857143
    },
    "percentage_bucket_counter_hybrid": {
        "rest": 100.0,
        "5": 14.285714285714285,
        "10": 50.0,
        "15": 57.14285714285714,
        "20": 71.42857142857143
    },
    "budget": 40,
    "mean_budget_generic": 36.95048953540426,
    "mean_add_points_generic": 8.428571428571429,
    "mean_budget_gpr": 37.8275514159553,
    "mean_add_points_gpr": 8.142857142857142,
    "mean_budget_hybrid": 38.17171712777713,
    "mean_add_points_hybrid": 8.785714285714286,
    "base_point_cost": 17.474520685876442,
    "min_points": 9,
    "filter": 0
}