{
    "percentage_bucket_counter_full": {
        "rest": 100.0,
        "5": 50.0,
        "10": 71.42857142857143,
        "15": 78.57142857142857,
        "20": 85.71428571428571
    },
    "percentage_bucket_counter_generic": {
        "rest": 100.0,
        "5": 57.14285714285714,
        "10": 71.42857142857143,
        "15": 92.85714285714286,
        "20": 92.85714285714286
    },
    "percentage_bucket_counter_gpr": {
        "rest": 100.0,
        "5": 57.14285714285714,
        "10": 64.28571428571429,
        "15": 92.85714285714286,
        "20": 92.85714285714286
    },
    "percentage_bucket_counter_hybrid": {
        "rest": 100.0,
        "5": 57.14285714285714,
        "10": 64.28571428571429,
        "15": 92.85714285714286,
        "20": 92.85714285714286
    },
    "budget": 81,
    "mean_budget_generic": 70.356402570766,
    "mean_add_points_generic": 12.214285714285714,
    "mean_budget_gpr": 70.8036998375478,
    "mean_add_points_gpr": 12.214285714285714,
    "mean_budget_hybrid": 70.8036998375478,
    "mean_add_points_hybrid": 12.428571428571429,
    "base_point_cost": 17.474520685876442,
    "min_points": 9,
    "filter": 0
}