{
    "percentage_bucket_counter_full": {
        "rest": 100.0,
        "5": 50.0,
        "10": 71.42857142857143,
        "15": 78.57142857142857,
        "20": 85.71428571428571
    },
    "percentage_bucket_counter_generic": {
        "rest": 100.0,
        "5": 14.285714285714285,
        "10": 21.428571428571427,
        "15": 50.0,
        "20": 71.42857142857143
    },
    "percentage_bucket_counter_gpr": {
        "rest": 100.0,
        "5": 21.428571428571427,
        "10": 42.857142857142854,
        "15": 57.14285714285714,
        "20": 71.42857142857143
    },
    "percentage_bucket_counter_hybrid": {
        "rest": 100.0,
        "5": 14.285714285714285,
        "10": 21.428571428571427,
        "15": 50.0,
        "20": 71.42857142857143
    },
    "budget": 25,
    "mean_budget_generic": 23.808098294590067,
    "mean_add_points_generic": 4.214285714285714,
    "mean_budget_gpr": 24.141244164988738,
    "mean_add_points_gpr": 3.5,
    "mean_budget_hybrid": 23.804264722971556,
    "mean_add_points_hybrid": 4.357142857142857,
    "base_point_cost": 17.474520685876442,
    "min_points": 9,
    "filter": 0
}