{
    "percentage_bucket_counter_full": {
        "rest": 100.0,
        "5": 50.0,
        "10": 71.42857142857143,
        "15": 78.57142857142857,
        "20": 85.71428571428571
    },
    "percentage_bucket_counter_generic": {
        "rest": 100.0,
        "5": 14.285714285714285,
        "10": 57.14285714285714,
        "15": 57.14285714285714,
        "20": 71.42857142857143
    },
    "percentage_bucket_counter_gpr": {
        "rest": 100.0,
        "5": 50.0,
        "10": 57.14285714285714,
        "15": 57.14285714285714,
        "20": 71.42857142857143
    },
    "percentage_bucket_counter_hybrid": {
        "rest": 100.0,
        "5": 14.285714285714285,
        "10": 57.14285714285714,
        "15": 57.14285714285714,
        "20": 71.42857142857143
    },
    "budget": 29,
    "mean_budget_generic": 27.90523967108333,
    "mean_add_points_generic": 6.071428571428571,
    "mean_budget_gpr": 28.35391848085523,
    "mean_add_points_gpr": 4.785714285714286,
    "mean_budget_hybrid": 28.249732846132098,
    "mean_add_points_hybrid": 6.285714285714286,
    "base_point_cost": 17.474520685876442,
    "min_points": 9,
    "filter": 0
}