{
    "percentage_bucket_counter_full": {
        "rest": 100.0,
        "5": 22.1,
        "10": 48.5,
        "15": 69.19999999999999,
        "20": 82.1
    },
    "percentage_bucket_counter_gpr": {
        "rest": 100.0,
        "5": 67.3694779116466,
        "10": 89.2570281124498,
        "15": 97.89156626506023,
        "20": 99.3975903614458
    },
    "percentage_bucket_counter_hybrid": {
        "rest": 100.0,
        "5": 67.3694779116466,
        "10": 89.2570281124498,
        "15": 97.89156626506023,
        "20": 99.3975903614458
    },
    "mean_budget_generic": 20.800837626318863,
    "percentage_bucket_counter_generic": {
        "rest": 100.0,
        "5": 71.89999999999999,
        "10": 87.8,
        "15": 95.5,
        "20": 97.7
    },
    "mean_add_points_generic": 77.576,
    "mean_add_points_gpr": 81.01204819277109,
    "mean_budget_gpr": 22.89394928723573,
    "mean_budget_hybrid": 22.89394928723573,
    "mean_add_points_hybrid": 81.01204819277109,
    "point_map_generic": {
        "(4, 10)": 1.0,
        "(4, 20)": 2.0,
        "(4, 30)": 3.0,
        "(4, 40)": 4.0,
        "(4, 50)": 5.0,
        "(8, 10)": 6.643643643643643,
        "(8, 20)": 10.118,
        "(8, 30)": 10.365,
        "(8, 40)": 12.357,
        "(8, 50)": 13.742742742742744,
        "(16, 10)": 8.013039117352056,
        "(16, 20)": 13.301522842639594,
        "(16, 30)": 13.664621676891615,
        "(16, 40)": 16.319868995633186,
        "(16, 50)": 17.297931034482758,
        "(32, 10)": 8.807017543859649,
        "(32, 20)": 16.843446601941746,
        "(32, 30)": 16.69028871391076,
        "(32, 40)": 20.183266932270918,
        "(32, 50)": 21.153846153846153,
        "(64, 10)": 9.0,
        "(64, 20)": 20.507042253521128,
        "(64, 30)": 12.970873786407767,
        "(64, 40)": 0,
        "(64, 50)": 0
    },
    "base_point_cost": 4.422577227146803,
    "min_points": 9,
    "budget": 24.0
}