{
    "percentage_bucket_counter_full": {
        "rest": 100.0,
        "5": 22.1,
        "10": 48.5,
        "15": 69.19999999999999,
        "20": 82.1
    },
    "percentage_bucket_counter_gpr": {
        "rest": 100.0,
        "5": 78.95791583166333,
        "10": 93.08617234468937,
        "15": 97.79559118236473,
        "20": 99.6993987975952
    },
    "percentage_bucket_counter_hybrid": {
        "rest": 100.0,
        "5": 78.95791583166333,
        "10": 93.08617234468937,
        "15": 97.79559118236473,
        "20": 99.6993987975952
    },
    "mean_budget_generic": 42.85539060364879,
    "percentage_bucket_counter_generic": {
        "rest": 100.0,
        "5": 79.10000000000001,
        "10": 92.0,
        "15": 96.89999999999999,
        "20": 99.1
    },
    "mean_add_points_generic": 89.34,
    "mean_add_points_gpr": 90.76152304609218,
    "mean_budget_gpr": 49.82737660866355,
    "mean_budget_hybrid": 49.82737660866355,
    "mean_add_points_hybrid": 90.76152304609218,
    "point_map_generic": {
        "(4, 10)": 1.0,
        "(4, 20)": 2.0,
        "(4, 30)": 3.0,
        "(4, 40)": 4.0,
        "(4, 50)": 5.0,
        "(8, 10)": 6.65,
        "(8, 20)": 10.118,
        "(8, 30)": 10.365,
        "(8, 40)": 12.357,
        "(8, 50)": 13.742,
        "(16, 10)": 8.031,
        "(16, 20)": 13.328,
        "(16, 30)": 13.697,
        "(16, 40)": 16.33,
        "(16, 50)": 17.599,
        "(32, 10)": 9.754754754754755,
        "(32, 20)": 17.04,
        "(32, 30)": 17.19,
        "(32, 40)": 20.342369477911646,
        "(32, 50)": 20.98974943052392,
        "(64, 10)": 9.0,
        "(64, 20)": 21.151029748283754,
        "(64, 30)": 19.78698224852071,
        "(64, 40)": 24.0,
        "(64, 50)": 0
    },
    "base_point_cost": 4.422577227146803,
    "min_points": 9,
    "budget": 52.0
}