{
    "percentage_bucket_counter_full": {
        "rest": 100.0,
        "5": 22.1,
        "10": 48.5,
        "15": 69.19999999999999,
        "20": 82.1
    },
    "percentage_bucket_counter_gpr": {
        "rest": 100.0,
        "5": 76.32898696088265,
        "10": 92.37713139418254,
        "15": 97.0912738214644,
        "20": 99.09729187562688
    },
    "percentage_bucket_counter_hybrid": {
        "rest": 100.0,
        "5": 76.32898696088265,
        "10": 92.37713139418254,
        "15": 97.0912738214644,
        "20": 99.09729187562688
    },
    "mean_budget_generic": 47.52430767601669,
    "percentage_bucket_counter_generic": {
        "rest": 100.0,
        "5": 78.10000000000001,
        "10": 91.4,
        "15": 96.39999999999999,
        "20": 99.0
    },
    "mean_add_points_generic": 90.488,
    "mean_add_points_gpr": 91.90170511534603,
    "mean_budget_gpr": 54.593851391619026,
    "mean_budget_hybrid": 54.593851391619026,
    "mean_add_points_hybrid": 91.90170511534603,
    "point_map_generic": {
        "(4, 10)": 1.0,
        "(4, 20)": 2.0,
        "(4, 30)": 3.0,
        "(4, 40)": 4.0,
        "(4, 50)": 5.0,
        "(8, 10)": 6.65,
        "(8, 20)": 10.118,
        "(8, 30)": 10.365,
        "(8, 40)": 12.357,
        "(8, 50)": 13.742,
        "(16, 10)": 8.031,
        "(16, 20)": 13.328,
        "(16, 30)": 13.697,
        "(16, 40)": 16.33,
        "(16, 50)": 17.599,
        "(32, 10)": 9.766,
        "(32, 20)": 17.04,
        "(32, 30)": 17.19,
        "(32, 40)": 20.345,
        "(32, 50)": 21.067235859124867,
        "(64, 10)": 9.0,
        "(64, 20)": 21.213983050847457,
        "(64, 30)": 20.024489795918367,
        "(64, 40)": 24.0,
        "(64, 50)": 0
    },
    "base_point_cost": 4.422577227146803,
    "min_points": 9,
    "budget": 57.0
}