{
    "percentage_bucket_counter_full": {
        "rest": 100.0,
        "5": 2.857142857142857,
        "10": 10.714285714285714,
        "15": 40.0,
        "20": 60.0
    },
    "percentage_bucket_counter_gpr": {
        "rest": 100.0,
        "5": 46.58634538152611,
        "10": 64.2570281124498,
        "15": 78.3132530120482,
        "20": 87.55020080321285
    },
    "percentage_bucket_counter_hybrid": {
        "rest": 100.0,
        "5": 46.58634538152611,
        "10": 63.85542168674698,
        "15": 77.91164658634538,
        "20": 87.14859437751004
    },
    "mean_budget_generic": 0.8770261677917714,
    "percentage_bucket_counter_generic": {
        "rest": 100.0,
        "5": 34.285714285714285,
        "10": 62.142857142857146,
        "15": 72.14285714285714,
        "20": 87.14285714285714
    },
    "mean_add_points_generic": 57.25714285714286,
    "mean_add_points_gpr": 55.53815261044177,
    "mean_budget_gpr": 0.9632368907307544,
    "mean_budget_hybrid": 0.9631989133871169,
    "mean_add_points_hybrid": 55.53815261044177,
    "point_map_generic": {
        "(4, 10)": 1.0,
        "(4, 20)": 2.0,
        "(4, 30)": 3.0,
        "(4, 40)": 4.0,
        "(4, 50)": 5.0,
        "(8, 10)": 6.0,
        "(8, 20)": 9.753424657534246,
        "(8, 30)": 8.327272727272728,
        "(8, 40)": 12.209090909090909,
        "(8, 50)": 13.53012048192771,
        "(16, 10)": 7.0,
        "(16, 20)": 12.611570247933884,
        "(16, 30)": 9.571428571428571,
        "(16, 40)": 16.04,
        "(16, 50)": 17.416666666666668,
        "(32, 10)": 8.0,
        "(32, 20)": 14.897435897435898,
        "(32, 30)": 8.0,
        "(32, 40)": 0,
        "(32, 50)": 0,
        "(64, 10)": 9.0,
        "(64, 20)": 9.0,
        "(64, 30)": 9.0,
        "(64, 40)": 0,
        "(64, 50)": 0
    },
    "base_point_cost": 0.47476216756246575,
    "min_points": 9,
    "budget": 0.9999999999999999
}