{
    "percentage_bucket_counter_full": {
        "rest": 100.0,
        "5": 22.1,
        "10": 48.5,
        "15": 69.19999999999999,
        "20": 82.1
    },
    "percentage_bucket_counter_gpr": {
        "rest": 100.0,
        "5": 66.56656656656656,
        "10": 88.18818818818819,
        "15": 95.4954954954955,
        "20": 98.09809809809809
    },
    "percentage_bucket_counter_hybrid": {
        "rest": 100.0,
        "5": 66.56656656656656,
        "10": 88.18818818818819,
        "15": 95.4954954954955,
        "20": 98.09809809809809
    },
    "mean_budget_generic": 62.39308641746604,
    "percentage_bucket_counter_generic": {
        "rest": 100.0,
        "5": 78.8,
        "10": 88.2,
        "15": 96.5,
        "20": 98.6
    },
    "mean_add_points_generic": 93.952,
    "mean_add_points_gpr": 95.27427427427428,
    "mean_budget_gpr": 71.17059984581944,
    "mean_budget_hybrid": 71.17059984581944,
    "mean_add_points_hybrid": 95.27427427427428,
    "point_map_generic": {
        "(4, 10)": 1.0,
        "(4, 20)": 2.0,
        "(4, 30)": 3.0,
        "(4, 40)": 4.0,
        "(4, 50)": 5.0,
        "(8, 10)": 6.65,
        "(8, 20)": 10.118,
        "(8, 30)": 10.365,
        "(8, 40)": 12.357,
        "(8, 50)": 13.742,
        "(16, 10)": 8.031,
        "(16, 20)": 13.328,
        "(16, 30)": 13.697,
        "(16, 40)": 16.33,
        "(16, 50)": 17.599,
        "(32, 10)": 9.766,
        "(32, 20)": 17.04,
        "(32, 30)": 17.19,
        "(32, 40)": 20.345,
        "(32, 50)": 21.187,
        "(64, 10)": 10.362566844919787,
        "(64, 20)": 21.259,
        "(64, 30)": 20.80100502512563,
        "(64, 40)": 23.885304659498207,
        "(64, 50)": 0
    },
    "base_point_cost": 4.422577227146803,
    "min_points": 9,
    "budget": 74.0
}