{
    "percentage_bucket_counter_full": {
        "rest": 100.0,
        "5": 22.12212212212212,
        "10": 48.548548548548546,
        "15": 69.16916916916917,
        "20": 82.08208208208208
    },
    "percentage_bucket_counter_gpr": {
        "rest": 100.0,
        "5": 68.60581745235707,
        "10": 89.16750250752257,
        "15": 98.19458375125376,
        "20": 99.5987963891675
    },
    "percentage_bucket_counter_hybrid": {
        "rest": 100.0,
        "5": 68.60581745235707,
        "10": 89.16750250752257,
        "15": 98.19458375125376,
        "20": 99.5987963891675
    },
    "mean_budget_generic": 24.224660476832806,
    "percentage_bucket_counter_generic": {
        "rest": 100.0,
        "5": 71.47147147147147,
        "10": 88.68868868868869,
        "15": 95.7957957957958,
        "20": 97.8978978978979
    },
    "mean_add_points_generic": 80.93693693693693,
    "mean_add_points_gpr": 83.13340020060181,
    "mean_budget_gpr": 26.690342214681447,
    "mean_budget_hybrid": 26.690342214681447,
    "mean_add_points_hybrid": 83.13340020060181,
    "point_map_generic": {
        "(4, 10)": 1.0,
        "(4, 20)": 2.0,
        "(4, 30)": 3.0,
        "(4, 40)": 4.0,
        "(4, 50)": 5.0,
        "(8, 10)": 6.65,
        "(8, 20)": 10.118,
        "(8, 30)": 10.365,
        "(8, 40)": 12.357,
        "(8, 50)": 13.742,
        "(16, 10)": 8.031,
        "(16, 20)": 13.319959879638917,
        "(16, 30)": 13.687437185929648,
        "(16, 40)": 16.329959514170042,
        "(16, 50)": 17.36729857819905,
        "(32, 10)": 9.219178082191782,
        "(32, 20)": 16.93975903614458,
        "(32, 30)": 16.90625,
        "(32, 40)": 20.216260162601625,
        "(32, 50)": 21.024163568773233,
        "(64, 10)": 9.0,
        "(64, 20)": 20.604265402843602,
        "(64, 30)": 15.18421052631579,
        "(64, 40)": 0,
        "(64, 50)": 0
    },
    "base_point_cost": 4.422577227146803,
    "min_points": 9,
    "budget": 28.0
}