{
    "percentage_bucket_counter_random": {
        "rest": 100.0,
        "5": 51.54,
        "10": 57.989999999999995,
        "15": 61.28,
        "20": 63.3
    },
    "mean_budget_random": 9.927720215637311,
    "mean_add_points_random": 45.05453986787525,
    "nr_func_modeled_random": 6509,
    "percentage_bucket_counter_grid": {
        "rest": 100.0,
        "5": 37.08,
        "10": 42.39,
        "15": 47.28,
        "20": 50.12
    },
    "mean_budget_grid": 6.7919306860053075,
    "mean_add_points_grid": 38.200706930997384,
    "nr_func_modeled_grid": 6507,
    "percentage_bucket_counter_bayesian": {
        "rest": 100.0,
        "5": 82.59,
        "10": 88.13,
        "15": 94.33,
        "20": 96.78999999999999
    },
    "mean_budget_bayesian": 10.810621423546397,
    "mean_add_points_bayesian": 63.52601446364002,
    "nr_func_modeled_bayesian": 9956,
    "percentage_bucket_counter_full": {
        "rest": 100.0,
        "5": 84.02,
        "10": 92.83,
        "15": 97.61999999999999,
        "20": 99.74
    },
    "percentage_bucket_counter_generic": {
        "rest": 100.0,
        "5": 52.15,
        "10": 55.06999999999999,
        "15": 59.519999999999996,
        "20": 60.95
    },
    "mean_budget_generic": 9.635739867476252,
    "mean_add_points_generic": 69.87261538461539,
    "nr_func_modeled_generic": 6500,
    "percentage_bucket_counter_gpr": {
        "rest": 100.0,
        "5": 82.32000000000001,
        "10": 88.44999999999999,
        "15": 94.44,
        "20": 96.6
    },
    "mean_add_points_gpr": 65.24310776942356,
    "mean_budget_gpr": 10.68322561668169,
    "nr_func_modeled_gpr": 9975,
    "percentage_bucket_counter_hybrid": {
        "rest": 100.0,
        "5": 82.04,
        "10": 88.12,
        "15": 94.11,
        "20": 96.28999999999999
    },
    "mean_budget_hybrid": 10.682590370835705,
    "mean_add_points_hybrid": 65.24548917401765,
    "nr_func_modeled_hybrid": 9976,
    "point_map_generic": {
        "(4, 10)": 1.0,
        "(4, 20)": 2.0,
        "(4, 30)": 3.0,
        "(4, 40)": 4.0,
        "(4, 50)": 5.0,
        "(8, 10)": 6.0,
        "(8, 20)": 9.960420531849103,
        "(8, 30)": 10.847437063997573,
        "(8, 40)": 12.334374425868088,
        "(8, 50)": 13.405755395683453,
        "(16, 10)": 7.0,
        "(16, 20)": 12.978983948370015,
        "(16, 30)": 14.33547557840617,
        "(16, 40)": 16.19895059029296,
        "(16, 50)": 17.40746987951807,
        "(32, 10)": 8.0,
        "(32, 20)": 16.66320254506893,
        "(32, 30)": 17.82922996333159,
        "(32, 40)": 20.06534744592729,
        "(32, 50)": 21.116104868913858,
        "(64, 10)": 9.0,
        "(64, 20)": 19.788091068301227,
        "(64, 30)": 9.0,
        "(64, 40)": 0,
        "(64, 50)": 0
    },
    "base_point_cost": 4.44779320647356,
    "min_points": 9,
    "budget": 11.0
}