{
    "percentage_bucket_counter_random": {
        "rest": 100.0,
        "5": 83.83,
        "10": 93.43,
        "15": 97.37,
        "20": 99.72999999999999
    },
    "mean_budget_random": 36.956369,
    "mean_add_points_random": 64.972,
    "nr_func_modeled_random": 10000,
    "percentage_bucket_counter_grid": {
        "rest": 100.0,
        "5": 82.01,
        "10": 93.24,
        "15": 96.66,
        "20": 99.65
    },
    "mean_budget_grid": 30.046745113019707,
    "mean_add_points_grid": 43.3995399539954,
    "nr_func_modeled_grid": 9999,
    "percentage_bucket_counter_bayesian": {
        "rest": 100.0,
        "5": 85.14,
        "10": 93.10000000000001,
        "15": 97.46000000000001,
        "20": 99.88
    },
    "mean_budget_bayesian": 37.96329403668595,
    "mean_add_points_bayesian": 85.51575787893947,
    "nr_func_modeled_bayesian": 9995,
    "percentage_bucket_counter_full": {
        "rest": 100.0,
        "5": 84.02,
        "10": 92.83,
        "15": 97.61999999999999,
        "20": 99.74
    },
    "percentage_bucket_counter_generic": {
        "rest": 100.0,
        "5": 83.38,
        "10": 91.79,
        "15": 96.14,
        "20": 98.85000000000001
    },
    "mean_budget_generic": 32.148687450351275,
    "mean_add_points_generic": 85.45909181836367,
    "nr_func_modeled_generic": 9998,
    "percentage_bucket_counter_gpr": {
        "rest": 100.0,
        "5": 84.28,
        "10": 93.58,
        "15": 97.61999999999999,
        "20": 99.68
    },
    "mean_add_points_gpr": 86.93305983590155,
    "mean_budget_gpr": 37.267272394108176,
    "nr_func_modeled_gpr": 9994,
    "percentage_bucket_counter_hybrid": {
        "rest": 100.0,
        "5": 84.28,
        "10": 93.58,
        "15": 97.61999999999999,
        "20": 99.68
    },
    "mean_budget_hybrid": 37.26735640184927,
    "mean_add_points_hybrid": 86.93366019611767,
    "nr_func_modeled_hybrid": 9994,
    "point_map_generic": {
        "(4, 10)": 1.0,
        "(4, 20)": 2.0,
        "(4, 30)": 3.0,
        "(4, 40)": 4.0,
        "(4, 50)": 5.0,
        "(8, 10)": 6.1905,
        "(8, 20)": 10.0165,
        "(8, 30)": 10.9303,
        "(8, 40)": 12.4321,
        "(8, 50)": 13.8607,
        "(16, 10)": 7.3091,
        "(16, 20)": 13.1081,
        "(16, 30)": 14.4762,
        "(16, 40)": 16.3181,
        "(16, 50)": 17.659245888487767,
        "(32, 10)": 8.440662650602409,
        "(32, 20)": 17.014840068184096,
        "(32, 30)": 18.37023482769137,
        "(32, 40)": 20.17504812319538,
        "(32, 50)": 21.204659598214285,
        "(64, 10)": 9.0,
        "(64, 20)": 20.68807981795904,
        "(64, 30)": 21.07974683544304,
        "(64, 40)": 0,
        "(64, 50)": 0
    },
    "base_point_cost": 4.44915138586133,
    "min_points": 9,
    "budget": 39.0
}