{
    "percentage_bucket_counter_random": {
        "rest": 100.0,
        "5": 53.76,
        "10": 60.14000000000001,
        "15": 63.470000000000006,
        "20": 65.42999999999999
    },
    "mean_budget_random": 10.838352298232351,
    "mean_add_points_random": 46.00388639760837,
    "nr_func_modeled_random": 6690,
    "percentage_bucket_counter_grid": {
        "rest": 100.0,
        "5": 39.290000000000006,
        "10": 44.529999999999994,
        "15": 49.36,
        "20": 52.25
    },
    "mean_budget_grid": 7.417371669563832,
    "mean_add_points_grid": 38.409328748691884,
    "nr_func_modeled_grid": 6689,
    "percentage_bucket_counter_bayesian": {
        "rest": 100.0,
        "5": 83.08,
        "10": 88.97,
        "15": 94.91000000000001,
        "20": 97.54
    },
    "mean_budget_bayesian": 11.778104064576631,
    "mean_add_points_bayesian": 65.97910807553234,
    "nr_func_modeled_bayesian": 9956,
    "percentage_bucket_counter_full": {
        "rest": 100.0,
        "5": 84.02,
        "10": 92.83,
        "15": 97.61999999999999,
        "20": 99.74
    },
    "percentage_bucket_counter_generic": {
        "rest": 100.0,
        "5": 54.42,
        "10": 57.21000000000001,
        "15": 61.760000000000005,
        "20": 63.11
    },
    "mean_budget_generic": 10.471692053531624,
    "mean_add_points_generic": 70.79658733722496,
    "nr_func_modeled_generic": 6681,
    "percentage_bucket_counter_gpr": {
        "rest": 100.0,
        "5": 82.87,
        "10": 88.92,
        "15": 95.00999999999999,
        "20": 97.26
    },
    "mean_add_points_gpr": 67.74265958512878,
    "mean_budget_gpr": 11.621144242125137,
    "nr_func_modeled_gpr": 9979,
    "percentage_bucket_counter_hybrid": {
        "rest": 100.0,
        "5": 82.75,
        "10": 88.81,
        "15": 94.89999999999999,
        "20": 97.17
    },
    "mean_budget_hybrid": 11.620521938088801,
    "mean_add_points_hybrid": 67.74626716103818,
    "nr_func_modeled_hybrid": 9979,
    "point_map_generic": {
        "(4, 10)": 1.0,
        "(4, 20)": 2.0,
        "(4, 30)": 3.0,
        "(4, 40)": 4.0,
        "(4, 50)": 5.0,
        "(8, 10)": 6.0,
        "(8, 20)": 9.961762509335324,
        "(8, 30)": 10.861290322580645,
        "(8, 40)": 12.426447975397233,
        "(8, 50)": 13.400486914181375,
        "(16, 10)": 7.0,
        "(16, 20)": 12.952433628318584,
        "(16, 30)": 14.34280701754386,
        "(16, 40)": 16.192470389170897,
        "(16, 50)": 17.409517272935254,
        "(32, 10)": 8.0,
        "(32, 20)": 16.653876739562623,
        "(32, 30)": 17.891390400791686,
        "(32, 40)": 20.07765780730897,
        "(32, 50)": 21.134192570128885,
        "(64, 10)": 9.0,
        "(64, 20)": 19.901960784313726,
        "(64, 30)": 9.0,
        "(64, 40)": 0,
        "(64, 50)": 0
    },
    "base_point_cost": 4.44915138586133,
    "min_points": 9,
    "budget": 12.0
}