{
    "percentage_bucket_counter_random": {
        "rest": 100.0,
        "5": 84.26,
        "10": 93.64,
        "15": 97.65,
        "20": 99.81
    },
    "mean_budget_random": 39.785756,
    "mean_add_points_random": 66.65,
    "nr_func_modeled_random": 10000,
    "percentage_bucket_counter_grid": {
        "rest": 100.0,
        "5": 82.0,
        "10": 93.25,
        "15": 96.67,
        "20": 99.65
    },
    "mean_budget_grid": 32.61931794498858,
    "mean_add_points_grid": 43.936393639363935,
    "nr_func_modeled_grid": 9999,
    "percentage_bucket_counter_bayesian": {
        "rest": 100.0,
        "5": 85.36,
        "10": 93.26,
        "15": 97.59,
        "20": 99.89
    },
    "mean_budget_bayesian": 40.940721274481746,
    "mean_add_points_bayesian": 86.45338135254102,
    "nr_func_modeled_bayesian": 9996,
    "percentage_bucket_counter_full": {
        "rest": 100.0,
        "5": 84.02,
        "10": 92.83,
        "15": 97.61999999999999,
        "20": 99.74
    },
    "percentage_bucket_counter_generic": {
        "rest": 100.0,
        "5": 83.52000000000001,
        "10": 91.85,
        "15": 96.17999999999999,
        "20": 98.92
    },
    "mean_budget_generic": 33.85946420143749,
    "mean_add_points_generic": 86.27611044417768,
    "nr_func_modeled_generic": 9996,
    "percentage_bucket_counter_gpr": {
        "rest": 100.0,
        "5": 84.26,
        "10": 93.62,
        "15": 97.63,
        "20": 99.72999999999999
    },
    "mean_add_points_gpr": 87.85212606303152,
    "mean_budget_gpr": 40.17880514514665,
    "nr_func_modeled_gpr": 9995,
    "percentage_bucket_counter_hybrid": {
        "rest": 100.0,
        "5": 84.26,
        "10": 93.62,
        "15": 97.63,
        "20": 99.72999999999999
    },
    "mean_budget_hybrid": 40.17872120954022,
    "mean_add_points_hybrid": 87.85252626313157,
    "nr_func_modeled_hybrid": 9995,
    "point_map_generic": {
        "(4, 10)": 1.0,
        "(4, 20)": 2.0,
        "(4, 30)": 3.0,
        "(4, 40)": 4.0,
        "(4, 50)": 5.0,
        "(8, 10)": 6.1905,
        "(8, 20)": 10.0165,
        "(8, 30)": 10.9303,
        "(8, 40)": 12.4321,
        "(8, 50)": 13.8607,
        "(16, 10)": 7.3091,
        "(16, 20)": 13.1081,
        "(16, 30)": 14.4762,
        "(16, 40)": 16.3181,
        "(16, 50)": 17.670534106821364,
        "(32, 10)": 8.450441412520064,
        "(32, 20)": 17.017512258581007,
        "(32, 30)": 18.37701126307321,
        "(32, 40)": 20.2021821420619,
        "(32, 50)": 21.21375147618423,
        "(64, 10)": 9.0,
        "(64, 20)": 20.718796250616673,
        "(64, 30)": 21.29118558152633,
        "(64, 40)": 0,
        "(64, 50)": 0
    },
    "base_point_cost": 4.44915138586133,
    "min_points": 9,
    "budget": 42.0
}