{
    "percentage_bucket_counter_random": {
        "rest": 100.0,
        "5": 63.62,
        "10": 70.56,
        "15": 74.00999999999999,
        "20": 75.89
    },
    "mean_budget_random": 15.390128005139154,
    "mean_add_points_random": 49.3766081871345,
    "nr_func_modeled_random": 7695,
    "percentage_bucket_counter_grid": {
        "rest": 100.0,
        "5": 50.529999999999994,
        "10": 56.279999999999994,
        "15": 60.07,
        "20": 62.73
    },
    "mean_budget_grid": 11.713201755548921,
    "mean_add_points_grid": 39.56676635027955,
    "nr_func_modeled_grid": 7691,
    "percentage_bucket_counter_bayesian": {
        "rest": 100.0,
        "5": 83.88,
        "10": 91.08000000000001,
        "15": 96.3,
        "20": 98.61999999999999
    },
    "mean_budget_bayesian": 16.60297735832011,
    "mean_add_points_bayesian": 73.63988393035821,
    "nr_func_modeled_bayesian": 9994,
    "percentage_bucket_counter_full": {
        "rest": 100.0,
        "5": 84.02,
        "10": 92.83,
        "15": 97.61999999999999,
        "20": 99.74
    },
    "percentage_bucket_counter_generic": {
        "rest": 100.0,
        "5": 63.39,
        "10": 66.89,
        "15": 72.28999999999999,
        "20": 73.46000000000001
    },
    "mean_budget_generic": 14.588047387556637,
    "mean_add_points_generic": 72.86920270974466,
    "nr_func_modeled_generic": 7676,
    "percentage_bucket_counter_gpr": {
        "rest": 100.0,
        "5": 82.65,
        "10": 90.08,
        "15": 95.75,
        "20": 98.35000000000001
    },
    "mean_add_points_gpr": 75.02172607128554,
    "mean_budget_gpr": 16.38546441715448,
    "nr_func_modeled_gpr": 9988,
    "percentage_bucket_counter_hybrid": {
        "rest": 100.0,
        "5": 82.65,
        "10": 90.08,
        "15": 95.75,
        "20": 98.35000000000001
    },
    "mean_budget_hybrid": 16.38543346199734,
    "mean_add_points_hybrid": 75.02553063676412,
    "nr_func_modeled_hybrid": 9988,
    "point_map_generic": {
        "(4, 10)": 1.0,
        "(4, 20)": 2.0,
        "(4, 30)": 3.0,
        "(4, 40)": 4.0,
        "(4, 50)": 5.0,
        "(8, 10)": 6.0,
        "(8, 20)": 9.966666666666667,
        "(8, 30)": 10.9080868350895,
        "(8, 40)": 12.542778541953233,
        "(8, 50)": 13.739145069000337,
        "(16, 10)": 7.0,
        "(16, 20)": 12.84778100373289,
        "(16, 30)": 14.320833333333333,
        "(16, 40)": 16.187625552430696,
        "(16, 50)": 17.45517522412388,
        "(32, 10)": 8.0,
        "(32, 20)": 16.607207802942636,
        "(32, 30)": 18.026914704136157,
        "(32, 40)": 20.141580564088244,
        "(32, 50)": 21.20553691275168,
        "(64, 10)": 9.0,
        "(64, 20)": 20.133220910623947,
        "(64, 30)": 9.249363867684478,
        "(64, 40)": 0,
        "(64, 50)": 0
    },
    "base_point_cost": 4.44915138586133,
    "min_points": 9,
    "budget": 17.0
}