{
    "percentage_bucket_counter_random": {
        "rest": 100.0,
        "5": 84.38,
        "10": 93.25,
        "15": 97.71,
        "20": 99.74
    },
    "mean_budget_random": 52.979737,
    "mean_add_points_random": 74.7801,
    "nr_func_modeled_random": 10000,
    "percentage_bucket_counter_grid": {
        "rest": 100.0,
        "5": 81.85,
        "10": 93.05,
        "15": 96.75,
        "20": 99.64
    },
    "mean_budget_grid": 44.19844660915866,
    "mean_add_points_grid": 46.357743097238895,
    "nr_func_modeled_grid": 9996,
    "percentage_bucket_counter_bayesian": {
        "rest": 100.0,
        "5": 84.78999999999999,
        "10": 93.38,
        "15": 97.74000000000001,
        "20": 99.91
    },
    "mean_budget_bayesian": 54.69624225966616,
    "mean_add_points_bayesian": 90.34673467346735,
    "nr_func_modeled_bayesian": 9999,
    "percentage_bucket_counter_full": {
        "rest": 100.0,
        "5": 84.02,
        "10": 92.83,
        "15": 97.61999999999999,
        "20": 99.74
    },
    "percentage_bucket_counter_generic": {
        "rest": 100.0,
        "5": 83.82,
        "10": 93.07,
        "15": 96.89,
        "20": 99.63
    },
    "mean_budget_generic": 46.86359830779747,
    "mean_add_points_generic": 90.0404,
    "nr_func_modeled_generic": 10000,
    "percentage_bucket_counter_gpr": {
        "rest": 100.0,
        "5": 84.37,
        "10": 93.47,
        "15": 97.61,
        "20": 99.78
    },
    "mean_add_points_gpr": 91.44963489046714,
    "mean_budget_gpr": 53.745457055687524,
    "nr_func_modeled_gpr": 9997,
    "percentage_bucket_counter_hybrid": {
        "rest": 100.0,
        "5": 84.37,
        "10": 93.47,
        "15": 97.61,
        "20": 99.78
    },
    "mean_budget_hybrid": 53.74531463177732,
    "mean_add_points_hybrid": 91.44963489046714,
    "nr_func_modeled_hybrid": 9997,
    "point_map_generic": {
        "(4, 10)": 1.0,
        "(4, 20)": 2.0,
        "(4, 30)": 3.0,
        "(4, 40)": 4.0,
        "(4, 50)": 5.0,
        "(8, 10)": 6.1905,
        "(8, 20)": 10.0165,
        "(8, 30)": 10.9303,
        "(8, 40)": 12.4321,
        "(8, 50)": 13.8607,
        "(16, 10)": 7.3091,
        "(16, 20)": 13.1081,
        "(16, 30)": 14.4762,
        "(16, 40)": 16.3181,
        "(16, 50)": 17.6714,
        "(32, 10)": 8.487897579515904,
        "(32, 20)": 17.0188,
        "(32, 30)": 18.3805,
        "(32, 40)": 20.253925392539255,
        "(32, 50)": 21.234623631644283,
        "(64, 10)": 9.0,
        "(64, 20)": 21.134235395189002,
        "(64, 30)": 21.861256544502616,
        "(64, 40)": 23.997635933806148,
        "(64, 50)": 0
    },
    "base_point_cost": 4.44915138586133,
    "min_points": 9,
    "budget": 56.0
}