{
    "percentage_bucket_counter_random": {
        "rest": 100.0,
        "5": 83.36,
        "10": 92.72,
        "15": 97.6,
        "20": 99.74
    },
    "mean_budget_random": 82.130157,
    "mean_add_points_random": 87.8396,
    "nr_func_modeled_random": 10000,
    "percentage_bucket_counter_grid": {
        "rest": 100.0,
        "5": 82.37,
        "10": 92.12,
        "15": 96.61,
        "20": 99.53999999999999
    },
    "mean_budget_grid": 70.81875207808764,
    "mean_add_points_grid": 55.61727281835488,
    "nr_func_modeled_grid": 9981,
    "percentage_bucket_counter_bayesian": {
        "rest": 100.0,
        "5": 85.2,
        "10": 93.21000000000001,
        "15": 97.64,
        "20": 99.9
    },
    "mean_budget_bayesian": 81.32821291645064,
    "mean_add_points_bayesian": 96.7093,
    "nr_func_modeled_bayesian": 10000,
    "percentage_bucket_counter_full": {
        "rest": 100.0,
        "5": 84.02,
        "10": 92.83,
        "15": 97.61999999999999,
        "20": 99.74
    },
    "percentage_bucket_counter_generic": {
        "rest": 100.0,
        "5": 84.08,
        "10": 93.41000000000001,
        "15": 97.47,
        "20": 99.8
    },
    "mean_budget_generic": 70.71664426195305,
    "mean_add_points_generic": 95.68876887688769,
    "nr_func_modeled_generic": 9999,
    "percentage_bucket_counter_gpr": {
        "rest": 100.0,
        "5": 85.28999999999999,
        "10": 93.28,
        "15": 97.68,
        "20": 99.91
    },
    "mean_add_points_gpr": 96.8437,
    "mean_budget_gpr": 80.68008915394388,
    "nr_func_modeled_gpr": 10000,
    "percentage_bucket_counter_hybrid": {
        "rest": 100.0,
        "5": 85.28999999999999,
        "10": 93.28,
        "15": 97.68,
        "20": 99.91
    },
    "mean_budget_hybrid": 80.68008915394388,
    "mean_add_points_hybrid": 96.8437,
    "nr_func_modeled_hybrid": 10000,
    "point_map_generic": {
        "(4, 10)": 1.0,
        "(4, 20)": 2.0,
        "(4, 30)": 3.0,
        "(4, 40)": 4.0,
        "(4, 50)": 5.0,
        "(8, 10)": 6.1905,
        "(8, 20)": 10.0165,
        "(8, 30)": 10.9303,
        "(8, 40)": 12.4321,
        "(8, 50)": 13.8607,
        "(16, 10)": 7.3091,
        "(16, 20)": 13.1081,
        "(16, 30)": 14.4762,
        "(16, 40)": 16.3181,
        "(16, 50)": 17.6714,
        "(32, 10)": 8.4904,
        "(32, 20)": 17.0188,
        "(32, 30)": 18.3805,
        "(32, 40)": 20.254,
        "(32, 50)": 21.4156,
        "(64, 10)": 9.581995182657566,
        "(64, 20)": 21.1944,
        "(64, 30)": 22.3036,
        "(64, 40)": 23.99546338302009,
        "(64, 50)": 0
    },
    "base_point_cost": 4.44915138586133,
    "min_points": 9,
    "budget": 84.0
}