{
    "percentage_bucket_counter_random": {
        "rest": 100.0,
        "5": 22.1,
        "10": 26.38,
        "15": 28.84,
        "20": 30.81
    },
    "mean_budget_random": 2.898597944306069,
    "mean_add_points_random": 38.653228250985144,
    "nr_func_modeled_random": 3299,
    "percentage_bucket_counter_grid": {
        "rest": 100.0,
        "5": 13.669999999999998,
        "10": 16.88,
        "15": 20.45,
        "20": 21.86
    },
    "mean_budget_grid": 2.2118586710005346,
    "mean_add_points_grid": 37.051227644740834,
    "nr_func_modeled_grid": 3299,
    "percentage_bucket_counter_bayesian": {
        "rest": 100.0,
        "5": 38.21,
        "10": 39.839999999999996,
        "15": 43.26,
        "20": 45.08
    },
    "mean_budget_bayesian": 3.945332470578624,
    "mean_add_points_bayesian": 58.3935582237469,
    "nr_func_modeled_bayesian": 5247,
    "percentage_bucket_counter_full": {
        "rest": 100.0,
        "5": 84.02,
        "10": 92.83,
        "15": 97.61999999999999,
        "20": 99.74
    },
    "percentage_bucket_counter_generic": {
        "rest": 100.0,
        "5": 23.599999999999998,
        "10": 26.340000000000003,
        "15": 28.939999999999998,
        "20": 30.31
    },
    "mean_budget_generic": 3.39718167265846,
    "mean_add_points_generic": 68.02447980416157,
    "nr_func_modeled_generic": 3268,
    "percentage_bucket_counter_gpr": {
        "rest": 100.0,
        "5": 39.67,
        "10": 42.089999999999996,
        "15": 45.95,
        "20": 47.61
    },
    "mean_add_points_gpr": 60.8885308056872,
    "mean_budget_gpr": 3.8611677976836636,
    "nr_func_modeled_gpr": 5275,
    "percentage_bucket_counter_hybrid": {
        "rest": 100.0,
        "5": 39.300000000000004,
        "10": 41.72,
        "15": 45.58,
        "20": 47.23
    },
    "mean_budget_hybrid": 3.859915306949919,
    "mean_add_points_hybrid": 60.87855248200076,
    "nr_func_modeled_hybrid": 5278,
    "point_map_generic": {
        "(4, 10)": 1.0,
        "(4, 20)": 2.0,
        "(4, 30)": 3.0,
        "(4, 40)": 4.0,
        "(4, 50)": 5.0,
        "(8, 10)": 6.0,
        "(8, 20)": 9.92310003003905,
        "(8, 30)": 10.475387168141593,
        "(8, 40)": 12.247162673392182,
        "(8, 50)": 13.544636908727515,
        "(16, 10)": 7.0,
        "(16, 20)": 13.102941176470589,
        "(16, 30)": 13.992539633198632,
        "(16, 40)": 16.192324277705907,
        "(16, 50)": 17.386388583973655,
        "(32, 10)": 8.0,
        "(32, 20)": 16.767184035476717,
        "(32, 30)": 16.135353535353534,
        "(32, 40)": 20.0,
        "(32, 50)": 0,
        "(64, 10)": 9.0,
        "(64, 20)": 9.797101449275363,
        "(64, 30)": 9.0,
        "(64, 40)": 0,
        "(64, 50)": 0
    },
    "base_point_cost": 1.559968975592654,
    "min_points": 9,
    "budget": 4.0
}