{
    "percentage_bucket_counter_random": {
        "rest": 100.0,
        "5": 83.33,
        "10": 92.80000000000001,
        "15": 97.67,
        "20": 99.72999999999999
    },
    "mean_budget_random": 61.222384999999996,
    "mean_add_points_random": 79.025,
    "nr_func_modeled_random": 10000,
    "percentage_bucket_counter_grid": {
        "rest": 100.0,
        "5": 81.89999999999999,
        "10": 92.52,
        "15": 96.7,
        "20": 99.63
    },
    "mean_budget_grid": 51.809277666777945,
    "mean_add_points_grid": 48.43817527010804,
    "nr_func_modeled_grid": 9996,
    "percentage_bucket_counter_bayesian": {
        "rest": 100.0,
        "5": 85.5,
        "10": 93.33,
        "15": 97.72999999999999,
        "20": 99.9
    },
    "mean_budget_bayesian": 62.46171524069735,
    "mean_add_points_bayesian": 92.43724372437244,
    "nr_func_modeled_bayesian": 9999,
    "percentage_bucket_counter_full": {
        "rest": 100.0,
        "5": 84.02,
        "10": 92.83,
        "15": 97.61999999999999,
        "20": 99.74
    },
    "percentage_bucket_counter_generic": {
        "rest": 100.0,
        "5": 83.98,
        "10": 93.24,
        "15": 97.15,
        "20": 99.75
    },
    "mean_budget_generic": 55.037950630867314,
    "mean_add_points_generic": 92.02400240024002,
    "nr_func_modeled_generic": 9999,
    "percentage_bucket_counter_gpr": {
        "rest": 100.0,
        "5": 85.19,
        "10": 93.38,
        "15": 97.66,
        "20": 99.83999999999999
    },
    "mean_add_points_gpr": 93.17228614307153,
    "mean_budget_gpr": 61.702059223801406,
    "nr_func_modeled_gpr": 9995,
    "percentage_bucket_counter_hybrid": {
        "rest": 100.0,
        "5": 85.19,
        "10": 93.38,
        "15": 97.66,
        "20": 99.83999999999999
    },
    "mean_budget_hybrid": 61.701959310219365,
    "mean_add_points_hybrid": 93.17228614307153,
    "nr_func_modeled_hybrid": 9995,
    "point_map_generic": {
        "(4, 10)": 1.0,
        "(4, 20)": 2.0,
        "(4, 30)": 3.0,
        "(4, 40)": 4.0,
        "(4, 50)": 5.0,
        "(8, 10)": 6.1905,
        "(8, 20)": 10.0165,
        "(8, 30)": 10.9303,
        "(8, 40)": 12.4321,
        "(8, 50)": 13.8607,
        "(16, 10)": 7.3091,
        "(16, 20)": 13.1081,
        "(16, 30)": 14.4762,
        "(16, 40)": 16.3181,
        "(16, 50)": 17.6714,
        "(32, 10)": 8.4904,
        "(32, 20)": 17.0188,
        "(32, 30)": 18.3805,
        "(32, 40)": 20.254,
        "(32, 50)": 21.403968174035654,
        "(64, 10)": 9.33203843794725,
        "(64, 20)": 21.18901518961875,
        "(64, 30)": 22.10120046469601,
        "(64, 40)": 23.998872604284102,
        "(64, 50)": 0
    },
    "base_point_cost": 4.44915138586133,
    "min_points": 9,
    "budget": 64.0
}