{
    "percentage_bucket_counter_random": {
        "rest": 100.0,
        "5": 59.48,
        "10": 65.85,
        "15": 69.15,
        "20": 71.15
    },
    "mean_budget_random": 13.492432027723803,
    "mean_add_points_random": 48.27247541210694,
    "nr_func_modeled_random": 7219,
    "percentage_bucket_counter_grid": {
        "rest": 100.0,
        "5": 46.77,
        "10": 52.21,
        "15": 56.18,
        "20": 58.89
    },
    "mean_budget_grid": 10.006544358403298,
    "mean_add_points_grid": 39.21540379553955,
    "nr_func_modeled_grid": 7219,
    "percentage_bucket_counter_bayesian": {
        "rest": 100.0,
        "5": 83.75,
        "10": 90.14,
        "15": 95.62,
        "20": 98.3
    },
    "mean_budget_bayesian": 14.673521688552505,
    "mean_add_points_bayesian": 71.10694597574421,
    "nr_func_modeled_bayesian": 9977,
    "percentage_bucket_counter_full": {
        "rest": 100.0,
        "5": 84.02,
        "10": 92.83,
        "15": 97.61999999999999,
        "20": 99.74
    },
    "percentage_bucket_counter_generic": {
        "rest": 100.0,
        "5": 59.39,
        "10": 62.61,
        "15": 67.58,
        "20": 68.67
    },
    "mean_budget_generic": 12.933374778876292,
    "mean_add_points_generic": 72.41903704731511,
    "nr_func_modeled_generic": 7207,
    "percentage_bucket_counter_gpr": {
        "rest": 100.0,
        "5": 82.83,
        "10": 89.51,
        "15": 95.53,
        "20": 98.0
    },
    "mean_add_points_gpr": 72.64315768383089,
    "mean_budget_gpr": 14.481008469544701,
    "nr_func_modeled_gpr": 9982,
    "percentage_bucket_counter_hybrid": {
        "rest": 100.0,
        "5": 82.83,
        "10": 89.51,
        "15": 95.53,
        "20": 98.0
    },
    "mean_budget_hybrid": 14.480929472447976,
    "mean_add_points_hybrid": 72.64726507713885,
    "nr_func_modeled_hybrid": 9982,
    "point_map_generic": {
        "(4, 10)": 1.0,
        "(4, 20)": 2.0,
        "(4, 30)": 3.0,
        "(4, 40)": 4.0,
        "(4, 50)": 5.0,
        "(8, 10)": 6.0,
        "(8, 20)": 9.964567474048444,
        "(8, 30)": 10.89063345966432,
        "(8, 40)": 12.53059401518535,
        "(8, 50)": 13.46251962323391,
        "(16, 10)": 7.0,
        "(16, 20)": 12.885856807511738,
        "(16, 30)": 14.342587034813926,
        "(16, 40)": 16.185487158581328,
        "(16, 50)": 17.444931163954944,
        "(32, 10)": 8.0,
        "(32, 20)": 16.655894886363637,
        "(32, 30)": 17.994511294067976,
        "(32, 40)": 20.119260204081634,
        "(32, 50)": 21.176350662589194,
        "(64, 10)": 9.0,
        "(64, 20)": 19.965683905268246,
        "(64, 30)": 9.0,
        "(64, 40)": 0,
        "(64, 50)": 0
    },
    "base_point_cost": 4.44915138586133,
    "min_points": 9,
    "budget": 15.0
}