{
    "percentage_bucket_counter_random": {
        "rest": 100.0,
        "5": 57.269999999999996,
        "10": 63.49,
        "15": 66.84,
        "20": 68.8
    },
    "mean_budget_random": 12.551968395007254,
    "mean_add_points_random": 47.5762013079329,
    "nr_func_modeled_random": 7034,
    "percentage_bucket_counter_grid": {
        "rest": 100.0,
        "5": 44.800000000000004,
        "10": 50.22,
        "15": 54.39000000000001,
        "20": 57.06
    },
    "mean_budget_grid": 9.018793077840133,
    "mean_add_points_grid": 38.92578902473699,
    "nr_func_modeled_grid": 7034,
    "percentage_bucket_counter_bayesian": {
        "rest": 100.0,
        "5": 83.6,
        "10": 89.73,
        "15": 95.38,
        "20": 98.04
    },
    "mean_budget_bayesian": 13.70314364195086,
    "mean_add_points_bayesian": 69.59524048599258,
    "nr_func_modeled_bayesian": 9959,
    "percentage_bucket_counter_full": {
        "rest": 100.0,
        "5": 84.02,
        "10": 92.83,
        "15": 97.61999999999999,
        "20": 99.74
    },
    "percentage_bucket_counter_generic": {
        "rest": 100.0,
        "5": 57.53,
        "10": 60.629999999999995,
        "15": 65.45,
        "20": 66.55
    },
    "mean_budget_generic": 12.093183022021229,
    "mean_add_points_generic": 71.97664150405924,
    "nr_func_modeled_generic": 7021,
    "percentage_bucket_counter_gpr": {
        "rest": 100.0,
        "5": 82.74000000000001,
        "10": 89.02,
        "15": 95.26,
        "20": 97.74000000000001
    },
    "mean_add_points_gpr": 71.20974533787849,
    "mean_budget_gpr": 13.5198114608591,
    "nr_func_modeled_gpr": 9974,
    "percentage_bucket_counter_hybrid": {
        "rest": 100.0,
        "5": 82.74000000000001,
        "10": 89.02,
        "15": 95.26,
        "20": 97.74000000000001
    },
    "mean_budget_hybrid": 13.519616460759815,
    "mean_add_points_hybrid": 71.21596149989973,
    "nr_func_modeled_hybrid": 9974,
    "point_map_generic": {
        "(4, 10)": 1.0,
        "(4, 20)": 2.0,
        "(4, 30)": 3.0,
        "(4, 40)": 4.0,
        "(4, 50)": 5.0,
        "(8, 10)": 6.0,
        "(8, 20)": 9.963444238183635,
        "(8, 30)": 10.882148806218767,
        "(8, 40)": 12.513845675171126,
        "(8, 50)": 13.398707331852151,
        "(16, 10)": 7.0,
        "(16, 20)": 12.907122592205464,
        "(16, 30)": 14.348888192922017,
        "(16, 40)": 16.187088815789473,
        "(16, 50)": 17.43536689419795,
        "(32, 10)": 8.0,
        "(32, 20)": 16.66358595194085,
        "(32, 30)": 17.985513608428445,
        "(32, 40)": 20.108192188040096,
        "(32, 50)": 21.16087962962963,
        "(64, 10)": 9.0,
        "(64, 20)": 19.899141630901287,
        "(64, 30)": 9.0,
        "(64, 40)": 0,
        "(64, 50)": 0
    },
    "base_point_cost": 4.44915138586133,
    "min_points": 9,
    "budget": 14.0
}