{
    "percentage_bucket_counter_random": {
        "rest": 100.0,
        "5": 1.4500000000000002,
        "10": 1.8599999999999999,
        "15": 2.56,
        "20": 3.04
    },
    "mean_budget_random": 0.31239528161049923,
    "mean_add_points_random": 36.823188405797104,
    "nr_func_modeled_random": 345,
    "percentage_bucket_counter_grid": {
        "rest": 100.0,
        "5": 1.04,
        "10": 1.24,
        "15": 1.59,
        "20": 1.6500000000000001
    },
    "mean_budget_grid": 0.2902644039294232,
    "mean_add_points_grid": 36.0,
    "nr_func_modeled_grid": 345,
    "percentage_bucket_counter_bayesian": {
        "rest": 100.0,
        "5": 6.05,
        "10": 7.3,
        "15": 8.309999999999999,
        "20": 8.86
    },
    "mean_budget_bayesian": 0.39628834491678283,
    "mean_add_points_bayesian": 47.31568228105906,
    "nr_func_modeled_bayesian": 982,
    "percentage_bucket_counter_full": {
        "rest": 100.0,
        "5": 84.02,
        "10": 92.83,
        "15": 97.61999999999999,
        "20": 99.74
    },
    "percentage_bucket_counter_generic": {
        "rest": 100.0,
        "5": 1.51,
        "10": 2.07,
        "15": 2.37,
        "20": 2.56
    },
    "mean_budget_generic": 0.3681719507330312,
    "mean_add_points_generic": 53.42560553633218,
    "nr_func_modeled_generic": 289,
    "percentage_bucket_counter_gpr": {
        "rest": 100.0,
        "5": 6.72,
        "10": 8.36,
        "15": 9.790000000000001,
        "20": 10.26
    },
    "mean_add_points_gpr": 48.955302366345315,
    "mean_budget_gpr": 0.3897358672995268,
    "nr_func_modeled_gpr": 1141,
    "percentage_bucket_counter_hybrid": {
        "rest": 100.0,
        "5": 6.72,
        "10": 8.34,
        "15": 9.84,
        "20": 10.31
    },
    "mean_budget_hybrid": 0.3896173246718742,
    "mean_add_points_hybrid": 48.928196147110334,
    "nr_func_modeled_hybrid": 1142,
    "point_map_generic": {
        "(4, 10)": 1.0,
        "(4, 20)": 2.0,
        "(4, 30)": 3.0,
        "(4, 40)": 4.0,
        "(4, 50)": 5.0,
        "(8, 10)": 6.0,
        "(8, 20)": 9.361596009975063,
        "(8, 30)": 8.210982658959537,
        "(8, 40)": 12.235537190082646,
        "(8, 50)": 13.713450292397662,
        "(16, 10)": 7.0,
        "(16, 20)": 11.62295081967213,
        "(16, 30)": 8.811623246492985,
        "(16, 40)": 16.0,
        "(16, 50)": 0,
        "(32, 10)": 8.0,
        "(32, 20)": 8.887323943661972,
        "(32, 30)": 8.0,
        "(32, 40)": 0,
        "(32, 50)": 0,
        "(64, 10)": 9.0,
        "(64, 20)": 9.0,
        "(64, 30)": 9.0,
        "(64, 40)": 0,
        "(64, 50)": 0
    },
    "base_point_cost": 0.24935940618498603,
    "min_points": 9,
    "budget": 0.4
}