{
    "percentage_bucket_counter_random": {
        "rest": 100.0,
        "5": 84.2,
        "10": 93.03,
        "15": 97.68,
        "20": 99.72999999999999
    },
    "mean_budget_random": 55.11340799999999,
    "mean_add_points_random": 76.0761,
    "nr_func_modeled_random": 10000,
    "percentage_bucket_counter_grid": {
        "rest": 100.0,
        "5": 81.85,
        "10": 92.86999999999999,
        "15": 96.74000000000001,
        "20": 99.65
    },
    "mean_budget_grid": 47.950879480632864,
    "mean_add_points_grid": 47.20184036807361,
    "nr_func_modeled_grid": 9998,
    "percentage_bucket_counter_bayesian": {
        "rest": 100.0,
        "5": 85.18,
        "10": 93.37,
        "15": 97.72999999999999,
        "20": 99.88
    },
    "mean_budget_bayesian": 57.6334923696147,
    "mean_add_points_bayesian": 91.10473141942583,
    "nr_func_modeled_bayesian": 9997,
    "percentage_bucket_counter_full": {
        "rest": 100.0,
        "5": 84.02,
        "10": 92.83,
        "15": 97.61999999999999,
        "20": 99.74
    },
    "percentage_bucket_counter_generic": {
        "rest": 100.0,
        "5": 83.64,
        "10": 93.07,
        "15": 96.92,
        "20": 99.68
    },
    "mean_budget_generic": 49.35829917679233,
    "mean_add_points_generic": 90.66533306661333,
    "nr_func_modeled_generic": 9998,
    "percentage_bucket_counter_gpr": {
        "rest": 100.0,
        "5": 84.53,
        "10": 93.43,
        "15": 97.57000000000001,
        "20": 99.81
    },
    "mean_add_points_gpr": 92.10653195958788,
    "mean_budget_gpr": 56.633291842712794,
    "nr_func_modeled_gpr": 9997,
    "percentage_bucket_counter_hybrid": {
        "rest": 100.0,
        "5": 84.53,
        "10": 93.43,
        "15": 97.57000000000001,
        "20": 99.81
    },
    "mean_budget_hybrid": 56.63337869936458,
    "mean_add_points_hybrid": 92.10663198959688,
    "nr_func_modeled_hybrid": 9997,
    "point_map_generic": {
        "(4, 10)": 1.0,
        "(4, 20)": 2.0,
        "(4, 30)": 3.0,
        "(4, 40)": 4.0,
        "(4, 50)": 5.0,
        "(8, 10)": 6.1905,
        "(8, 20)": 10.0165,
        "(8, 30)": 10.9303,
        "(8, 40)": 12.4321,
        "(8, 50)": 13.8607,
        "(16, 10)": 7.3091,
        "(16, 20)": 13.1081,
        "(16, 30)": 14.4762,
        "(16, 40)": 16.3181,
        "(16, 50)": 17.6714,
        "(32, 10)": 8.4904,
        "(32, 20)": 17.0188,
        "(32, 30)": 18.3805,
        "(32, 40)": 20.254,
        "(32, 50)": 21.316842217257154,
        "(64, 10)": 9.0,
        "(64, 20)": 21.164646150657962,
        "(64, 30)": 21.892811704834607,
        "(64, 40)": 23.99830985915493,
        "(64, 50)": 0
    },
    "base_point_cost": 4.44915138586133,
    "min_points": 9,
    "budget": 59.0
}