{
    "percentage_bucket_counter_random": {
        "rest": 100.0,
        "5": 84.64,
        "10": 93.62,
        "15": 97.78999999999999,
        "20": 99.82
    },
    "mean_budget_random": 45.29429600000001,
    "mean_add_points_random": 70.3866,
    "nr_func_modeled_random": 10000,
    "percentage_bucket_counter_grid": {
        "rest": 100.0,
        "5": 81.96,
        "10": 93.2,
        "15": 96.74000000000001,
        "20": 99.64
    },
    "mean_budget_grid": 37.46486897834002,
    "mean_add_points_grid": 44.948189637927584,
    "nr_func_modeled_grid": 9998,
    "percentage_bucket_counter_bayesian": {
        "rest": 100.0,
        "5": 85.49,
        "10": 93.23,
        "15": 97.65,
        "20": 99.82
    },
    "mean_budget_bayesian": 46.80567325035939,
    "mean_add_points_bayesian": 88.24039231385107,
    "nr_func_modeled_bayesian": 9992,
    "percentage_bucket_counter_full": {
        "rest": 100.0,
        "5": 84.02,
        "10": 92.83,
        "15": 97.61999999999999,
        "20": 99.74
    },
    "percentage_bucket_counter_generic": {
        "rest": 100.0,
        "5": 83.81,
        "10": 92.47,
        "15": 96.34,
        "20": 99.13
    },
    "mean_budget_generic": 39.47100276128404,
    "mean_add_points_generic": 88.10007004903433,
    "nr_func_modeled_generic": 9993,
    "percentage_bucket_counter_gpr": {
        "rest": 100.0,
        "5": 84.07,
        "10": 93.44,
        "15": 97.57000000000001,
        "20": 99.68
    },
    "mean_add_points_gpr": 89.50350420504606,
    "mean_budget_gpr": 46.05406716292132,
    "nr_func_modeled_gpr": 9988,
    "percentage_bucket_counter_hybrid": {
        "rest": 100.0,
        "5": 84.07,
        "10": 93.44,
        "15": 97.57000000000001,
        "20": 99.68
    },
    "mean_budget_hybrid": 46.0539929329685,
    "mean_add_points_hybrid": 89.50390468562274,
    "nr_func_modeled_hybrid": 9988,
    "point_map_generic": {
        "(4, 10)": 1.0,
        "(4, 20)": 2.0,
        "(4, 30)": 3.0,
        "(4, 40)": 4.0,
        "(4, 50)": 5.0,
        "(8, 10)": 6.1905,
        "(8, 20)": 10.0165,
        "(8, 30)": 10.9303,
        "(8, 40)": 12.4321,
        "(8, 50)": 13.8607,
        "(16, 10)": 7.3091,
        "(16, 20)": 13.1081,
        "(16, 30)": 14.4762,
        "(16, 40)": 16.3181,
        "(16, 50)": 17.6714,
        "(32, 10)": 8.470452724358974,
        "(32, 20)": 17.018403680736146,
        "(32, 30)": 18.3805,
        "(32, 40)": 20.252217741935485,
        "(32, 50)": 21.20657507360157,
        "(64, 10)": 9.0,
        "(64, 20)": 20.966904607397794,
        "(64, 30)": 21.63803292528493,
        "(64, 40)": 24.0,
        "(64, 50)": 0
    },
    "base_point_cost": 4.44915138586133,
    "min_points": 9,
    "budget": 48.0
}