{
    "percentage_bucket_counter_random": {
        "rest": 100.0,
        "5": 83.36,
        "10": 92.72,
        "15": 97.6,
        "20": 99.74
    },
    "mean_budget_random": 83.21541200000001,
    "mean_add_points_random": 88.5102,
    "nr_func_modeled_random": 10000,
    "percentage_bucket_counter_grid": {
        "rest": 100.0,
        "5": 82.46,
        "10": 92.19000000000001,
        "15": 96.69,
        "20": 99.62
    },
    "mean_budget_grid": 72.07286271526344,
    "mean_add_points_grid": 56.374011412553806,
    "nr_func_modeled_grid": 9989,
    "percentage_bucket_counter_bayesian": {
        "rest": 100.0,
        "5": 85.1,
        "10": 93.17,
        "15": 97.64,
        "20": 99.86
    },
    "mean_budget_bayesian": 82.42486025385791,
    "mean_add_points_bayesian": 96.8392,
    "nr_func_modeled_bayesian": 10000,
    "percentage_bucket_counter_full": {
        "rest": 100.0,
        "5": 84.02,
        "10": 92.83,
        "15": 97.61999999999999,
        "20": 99.74
    },
    "percentage_bucket_counter_generic": {
        "rest": 100.0,
        "5": 84.07,
        "10": 93.4,
        "15": 97.46000000000001,
        "20": 99.79
    },
    "mean_budget_generic": 71.24920126810254,
    "mean_add_points_generic": 95.83476695339068,
    "nr_func_modeled_generic": 9998,
    "percentage_bucket_counter_gpr": {
        "rest": 100.0,
        "5": 85.26,
        "10": 93.24,
        "15": 97.65,
        "20": 99.88
    },
    "mean_add_points_gpr": 96.9592877863359,
    "mean_budget_gpr": 81.27062449425925,
    "nr_func_modeled_gpr": 9997,
    "percentage_bucket_counter_hybrid": {
        "rest": 100.0,
        "5": 85.26,
        "10": 93.24,
        "15": 97.65,
        "20": 99.88
    },
    "mean_budget_hybrid": 81.27062449425925,
    "mean_add_points_hybrid": 96.9592877863359,
    "nr_func_modeled_hybrid": 9997,
    "point_map_generic": {
        "(4, 10)": 1.0,
        "(4, 20)": 2.0,
        "(4, 30)": 3.0,
        "(4, 40)": 4.0,
        "(4, 50)": 5.0,
        "(8, 10)": 6.1905,
        "(8, 20)": 10.0165,
        "(8, 30)": 10.9303,
        "(8, 40)": 12.4321,
        "(8, 50)": 13.8607,
        "(16, 10)": 7.3091,
        "(16, 20)": 13.1081,
        "(16, 30)": 14.4762,
        "(16, 40)": 16.3181,
        "(16, 50)": 17.6714,
        "(32, 10)": 8.4904,
        "(32, 20)": 17.0188,
        "(32, 30)": 18.3805,
        "(32, 40)": 20.254,
        "(32, 50)": 21.4156,
        "(64, 10)": 9.581995182657566,
        "(64, 20)": 21.1944,
        "(64, 30)": 22.3036,
        "(64, 40)": 23.995634549423137,
        "(64, 50)": 24.0
    },
    "base_point_cost": 4.44915138586133,
    "min_points": 9,
    "budget": 85.0
}