{
    "percentage_bucket_counter_random": {
        "rest": 100.0,
        "5": 83.17999999999999,
        "10": 92.74,
        "15": 97.67,
        "20": 99.74
    },
    "mean_budget_random": 66.34544299999999,
    "mean_add_points_random": 81.1488,
    "nr_func_modeled_random": 10000,
    "percentage_bucket_counter_grid": {
        "rest": 100.0,
        "5": 81.8,
        "10": 92.36,
        "15": 96.69,
        "20": 99.64
    },
    "mean_budget_grid": 55.08393312962993,
    "mean_add_points_grid": 49.581274382314696,
    "nr_func_modeled_grid": 9997,
    "percentage_bucket_counter_bayesian": {
        "rest": 100.0,
        "5": 85.34,
        "10": 93.28,
        "15": 97.66,
        "20": 99.85000000000001
    },
    "mean_budget_bayesian": 67.24000578791683,
    "mean_add_points_bayesian": 93.65559335601361,
    "nr_func_modeled_bayesian": 9994,
    "percentage_bucket_counter_full": {
        "rest": 100.0,
        "5": 84.02,
        "10": 92.83,
        "15": 97.61999999999999,
        "20": 99.74
    },
    "percentage_bucket_counter_generic": {
        "rest": 100.0,
        "5": 83.95,
        "10": 93.31,
        "15": 97.27,
        "20": 99.77000000000001
    },
    "mean_budget_generic": 59.59562311141293,
    "mean_add_points_generic": 93.07552265679703,
    "nr_func_modeled_generic": 9997,
    "percentage_bucket_counter_gpr": {
        "rest": 100.0,
        "5": 85.56,
        "10": 93.30000000000001,
        "15": 97.64,
        "20": 99.86
    },
    "mean_add_points_gpr": 94.16469881929157,
    "mean_budget_gpr": 66.4662505808743,
    "nr_func_modeled_gpr": 9994,
    "percentage_bucket_counter_hybrid": {
        "rest": 100.0,
        "5": 85.56,
        "10": 93.30000000000001,
        "15": 97.64,
        "20": 99.86
    },
    "mean_budget_hybrid": 66.4662310420912,
    "mean_add_points_hybrid": 94.16469881929157,
    "nr_func_modeled_hybrid": 9994,
    "point_map_generic": {
        "(4, 10)": 1.0,
        "(4, 20)": 2.0,
        "(4, 30)": 3.0,
        "(4, 40)": 4.0,
        "(4, 50)": 5.0,
        "(8, 10)": 6.1905,
        "(8, 20)": 10.0165,
        "(8, 30)": 10.9303,
        "(8, 40)": 12.4321,
        "(8, 50)": 13.8607,
        "(16, 10)": 7.3091,
        "(16, 20)": 13.1081,
        "(16, 30)": 14.4762,
        "(16, 40)": 16.3181,
        "(16, 50)": 17.6714,
        "(32, 10)": 8.4904,
        "(32, 20)": 17.0188,
        "(32, 30)": 18.3805,
        "(32, 40)": 20.254,
        "(32, 50)": 21.415083016603322,
        "(64, 10)": 9.531681273295053,
        "(64, 20)": 21.194219421942194,
        "(64, 30)": 22.246564968083955,
        "(64, 40)": 23.998296906045983,
        "(64, 50)": 0
    },
    "base_point_cost": 4.44915138586133,
    "min_points": 9,
    "budget": 69.0
}