{
    "percentage_bucket_counter_random": {
        "rest": 100.0,
        "5": 70.19999999999999,
        "10": 78.01,
        "15": 81.53,
        "20": 83.67
    },
    "mean_budget_random": 17.41876094286485,
    "mean_add_points_random": 49.83004838900035,
    "nr_func_modeled_random": 8473,
    "percentage_bucket_counter_grid": {
        "rest": 100.0,
        "5": 55.05,
        "10": 61.19,
        "15": 65.03999999999999,
        "20": 67.71000000000001
    },
    "mean_budget_grid": 13.673808187355394,
    "mean_add_points_grid": 39.76245572609209,
    "nr_func_modeled_grid": 8470,
    "percentage_bucket_counter_bayesian": {
        "rest": 100.0,
        "5": 83.78999999999999,
        "10": 91.42,
        "15": 96.48,
        "20": 98.65
    },
    "mean_budget_bayesian": 18.524991709195977,
    "mean_add_points_bayesian": 75.58984375,
    "nr_func_modeled_bayesian": 9984,
    "percentage_bucket_counter_full": {
        "rest": 100.0,
        "5": 84.02,
        "10": 92.83,
        "15": 97.61999999999999,
        "20": 99.74
    },
    "percentage_bucket_counter_generic": {
        "rest": 100.0,
        "5": 69.8,
        "10": 74.09,
        "15": 79.80000000000001,
        "20": 81.24
    },
    "mean_budget_generic": 16.364847596962033,
    "mean_add_points_generic": 72.68779564806054,
    "nr_func_modeled_generic": 8456,
    "percentage_bucket_counter_gpr": {
        "rest": 100.0,
        "5": 82.65,
        "10": 90.36999999999999,
        "15": 95.78,
        "20": 98.42
    },
    "mean_add_points_gpr": 76.96185804384824,
    "mean_budget_gpr": 18.241083477605727,
    "nr_func_modeled_gpr": 9989,
    "percentage_bucket_counter_hybrid": {
        "rest": 100.0,
        "5": 82.65,
        "10": 90.36999999999999,
        "15": 95.78,
        "20": 98.42
    },
    "mean_budget_hybrid": 18.24105589920773,
    "mean_add_points_hybrid": 76.96406046651316,
    "nr_func_modeled_hybrid": 9989,
    "point_map_generic": {
        "(4, 10)": 1.0,
        "(4, 20)": 2.0,
        "(4, 30)": 3.0,
        "(4, 40)": 4.0,
        "(4, 50)": 5.0,
        "(8, 10)": 6.0,
        "(8, 20)": 9.969686204854943,
        "(8, 30)": 10.91941264886114,
        "(8, 40)": 12.533415995040297,
        "(8, 50)": 13.972527472527473,
        "(16, 10)": 7.0,
        "(16, 20)": 12.820969208782643,
        "(16, 30)": 14.322636484687084,
        "(16, 40)": 16.2207467282525,
        "(16, 50)": 17.45625378864417,
        "(32, 10)": 8.0,
        "(32, 20)": 16.60746031746032,
        "(32, 30)": 18.044109330819982,
        "(32, 40)": 20.166412601626018,
        "(32, 50)": 21.225027442371022,
        "(64, 10)": 9.0,
        "(64, 20)": 20.17138707334786,
        "(64, 30)": 10.67881548974943,
        "(64, 40)": 0,
        "(64, 50)": 0
    },
    "base_point_cost": 4.44915138586133,
    "min_points": 9,
    "budget": 19.0
}