{
    "percentage_bucket_counter_random": {
        "rest": 100.0,
        "5": 28.57142857142857,
        "10": 28.57142857142857,
        "15": 28.57142857142857,
        "20": 64.28571428571429
    },
    "mean_budget_random": 31.509384952145393,
    "mean_add_points_random": 26.357142857142858,
    "nr_func_modeled_random": 14,
    "percentage_bucket_counter_grid": {
        "rest": 100.0,
        "5": 28.57142857142857,
        "10": 28.57142857142857,
        "15": 28.57142857142857,
        "20": 64.28571428571429
    },
    "mean_budget_grid": 21.998771454466198,
    "mean_add_points_grid": 21.714285714285715,
    "nr_func_modeled_grid": 14,
    "percentage_bucket_counter_bayesian": {
        "rest": 100.0,
        "5": 50.0,
        "10": 71.42857142857143,
        "15": 71.42857142857143,
        "20": 85.71428571428571
    },
    "mean_budget_bayesian": 32.87884998759071,
    "mean_add_points_bayesian": 33.0,
    "nr_func_modeled_bayesian": 14,
    "percentage_bucket_counter_full": {
        "rest": 100.0,
        "5": 57.14285714285714,
        "10": 78.57142857142857,
        "15": 85.71428571428571,
        "20": 92.85714285714286
    },
    "percentage_bucket_counter_generic": {
        "rest": 100.0,
        "5": 21.428571428571427,
        "10": 57.14285714285714,
        "15": 64.28571428571429,
        "20": 78.57142857142857
    },
    "mean_budget_generic": 29.57565972488225,
    "mean_add_points_generic": 34.857142857142854,
    "nr_func_modeled_generic": 14,
    "percentage_bucket_counter_gpr": {
        "rest": 100.0,
        "5": 21.428571428571427,
        "10": 64.28571428571429,
        "15": 64.28571428571429,
        "20": 78.57142857142857
    },
    "mean_add_points_gpr": 36.07142857142857,
    "mean_budget_gpr": 31.842729310544993,
    "nr_func_modeled_gpr": 14,
    "percentage_bucket_counter_hybrid": {
        "rest": 100.0,
        "5": 21.428571428571427,
        "10": 64.28571428571429,
        "15": 64.28571428571429,
        "20": 78.57142857142857
    },
    "mean_budget_hybrid": 32.472945259709945,
    "mean_add_points_hybrid": 36.92857142857143,
    "nr_func_modeled_hybrid": 14,
    "base_point_cost": 8.791839529489144,
    "min_points": 9,
    "budget": 36
}