{
    "percentage_bucket_counter_random": {
        "rest": 100.0,
        "5": 28.57142857142857,
        "10": 28.57142857142857,
        "15": 28.57142857142857,
        "20": 64.28571428571429
    },
    "mean_budget_random": 51.65830376922154,
    "mean_add_points_random": 32.642857142857146,
    "nr_func_modeled_random": 14,
    "percentage_bucket_counter_grid": {
        "rest": 100.0,
        "5": 28.57142857142857,
        "10": 28.57142857142857,
        "15": 28.57142857142857,
        "20": 64.28571428571429
    },
    "mean_budget_grid": 34.98760848283821,
    "mean_add_points_grid": 25.384615384615383,
    "nr_func_modeled_grid": 13,
    "percentage_bucket_counter_bayesian": {
        "rest": 100.0,
        "5": 71.42857142857143,
        "10": 78.57142857142857,
        "15": 85.71428571428571,
        "20": 92.85714285714286
    },
    "mean_budget_bayesian": 54.54221187144493,
    "mean_add_points_bayesian": 40.0,
    "nr_func_modeled_bayesian": 14,
    "percentage_bucket_counter_full": {
        "rest": 100.0,
        "5": 57.14285714285714,
        "10": 78.57142857142857,
        "15": 85.71428571428571,
        "20": 92.85714285714286
    },
    "percentage_bucket_counter_generic": {
        "rest": 100.0,
        "5": 64.28571428571429,
        "10": 78.57142857142857,
        "15": 85.71428571428571,
        "20": 92.85714285714286
    },
    "mean_budget_generic": 52.93305801510611,
    "mean_add_points_generic": 42.142857142857146,
    "nr_func_modeled_generic": 14,
    "percentage_bucket_counter_gpr": {
        "rest": 100.0,
        "5": 57.14285714285714,
        "10": 64.28571428571429,
        "15": 85.71428571428571,
        "20": 92.85714285714286
    },
    "mean_add_points_gpr": 42.357142857142854,
    "mean_budget_gpr": 52.78462075533121,
    "nr_func_modeled_gpr": 14,
    "percentage_bucket_counter_hybrid": {
        "rest": 100.0,
        "5": 57.14285714285714,
        "10": 64.28571428571429,
        "15": 85.71428571428571,
        "20": 92.85714285714286
    },
    "mean_budget_hybrid": 52.782986528213485,
    "mean_add_points_hybrid": 42.357142857142854,
    "nr_func_modeled_hybrid": 14,
    "base_point_cost": 8.791839529489142,
    "min_points": 9,
    "budget": 60
}