{
    "percentage_bucket_counter_random": {
        "rest": 100.0,
        "5": 28.57142857142857,
        "10": 28.57142857142857,
        "15": 28.57142857142857,
        "20": 64.28571428571429
    },
    "mean_budget_random": 33.131606652815485,
    "mean_add_points_random": 26.428571428571427,
    "nr_func_modeled_random": 14,
    "percentage_bucket_counter_grid": {
        "rest": 100.0,
        "5": 28.57142857142857,
        "10": 28.57142857142857,
        "15": 28.57142857142857,
        "20": 64.28571428571429
    },
    "mean_budget_grid": 23.991281962651733,
    "mean_add_points_grid": 22.153846153846153,
    "nr_func_modeled_grid": 13,
    "percentage_bucket_counter_bayesian": {
        "rest": 100.0,
        "5": 28.57142857142857,
        "10": 64.28571428571429,
        "15": 71.42857142857143,
        "20": 78.57142857142857
    },
    "mean_budget_bayesian": 35.544268974982955,
    "mean_add_points_bayesian": 33.69230769230769,
    "nr_func_modeled_bayesian": 13,
    "percentage_bucket_counter_full": {
        "rest": 100.0,
        "5": 57.14285714285714,
        "10": 78.57142857142857,
        "15": 85.71428571428571,
        "20": 92.85714285714286
    },
    "percentage_bucket_counter_generic": {
        "rest": 100.0,
        "5": 21.428571428571427,
        "10": 57.14285714285714,
        "15": 64.28571428571429,
        "20": 78.57142857142857
    },
    "mean_budget_generic": 33.104895134611176,
    "mean_add_points_generic": 36.285714285714285,
    "nr_func_modeled_generic": 14,
    "percentage_bucket_counter_gpr": {
        "rest": 100.0,
        "5": 21.428571428571427,
        "10": 64.28571428571429,
        "15": 71.42857142857143,
        "20": 78.57142857142857
    },
    "mean_add_points_gpr": 37.214285714285715,
    "mean_budget_gpr": 34.89507146996217,
    "nr_func_modeled_gpr": 14,
    "percentage_bucket_counter_hybrid": {
        "rest": 100.0,
        "5": 21.428571428571427,
        "10": 64.28571428571429,
        "15": 71.42857142857143,
        "20": 78.57142857142857
    },
    "mean_budget_hybrid": 35.489359994446886,
    "mean_add_points_hybrid": 38.0,
    "nr_func_modeled_hybrid": 14,
    "base_point_cost": 8.791839529489144,
    "min_points": 9,
    "budget": 39
}