{
    "percentage_bucket_counter_random": {
        "rest": 100.0,
        "5": 21.428571428571427,
        "10": 21.428571428571427,
        "15": 21.428571428571427,
        "20": 42.857142857142854
    },
    "mean_budget_random": 15.5375924931351,
    "mean_add_points_random": 22.75,
    "nr_func_modeled_random": 8,
    "percentage_bucket_counter_grid": {
        "rest": 100.0,
        "5": 21.428571428571427,
        "10": 21.428571428571427,
        "15": 21.428571428571427,
        "20": 42.857142857142854
    },
    "mean_budget_grid": 14.895019879087037,
    "mean_add_points_grid": 22.0,
    "nr_func_modeled_grid": 8,
    "percentage_bucket_counter_bayesian": {
        "rest": 100.0,
        "5": 64.28571428571429,
        "10": 71.42857142857143,
        "15": 78.57142857142857,
        "20": 85.71428571428571
    },
    "mean_budget_bayesian": 17.395824570257048,
    "mean_add_points_bayesian": 21.0,
    "nr_func_modeled_bayesian": 14,
    "percentage_bucket_counter_full": {
        "rest": 100.0,
        "5": 57.14285714285714,
        "10": 78.57142857142857,
        "15": 85.71428571428571,
        "20": 92.85714285714286
    },
    "percentage_bucket_counter_generic": {
        "rest": 100.0,
        "5": 14.285714285714285,
        "10": 14.285714285714285,
        "15": 14.285714285714285,
        "20": 14.285714285714285
    },
    "mean_budget_generic": 16.553876521099788,
    "mean_add_points_generic": 26.75,
    "nr_func_modeled_generic": 8,
    "percentage_bucket_counter_gpr": {
        "rest": 100.0,
        "5": 57.14285714285714,
        "10": 71.42857142857143,
        "15": 78.57142857142857,
        "20": 78.57142857142857
    },
    "mean_add_points_gpr": 27.642857142857142,
    "mean_budget_gpr": 17.050015344376,
    "nr_func_modeled_gpr": 14,
    "percentage_bucket_counter_hybrid": {
        "rest": 100.0,
        "5": 21.428571428571427,
        "10": 35.714285714285715,
        "15": 71.42857142857143,
        "20": 78.57142857142857
    },
    "mean_budget_hybrid": 17.327249984332006,
    "mean_add_points_hybrid": 29.0,
    "nr_func_modeled_hybrid": 14,
    "base_point_cost": 8.791839529489144,
    "min_points": 9,
    "budget": 19
}