{
    "percentage_bucket_counter_random": {
        "rest": 100.0,
        "5": 28.57142857142857,
        "10": 28.57142857142857,
        "15": 28.57142857142857,
        "20": 64.28571428571429
    },
    "mean_budget_random": 23.923191468167197,
    "mean_add_points_random": 23.571428571428573,
    "nr_func_modeled_random": 14,
    "percentage_bucket_counter_grid": {
        "rest": 100.0,
        "5": 28.57142857142857,
        "10": 28.57142857142857,
        "15": 28.57142857142857,
        "20": 64.28571428571429
    },
    "mean_budget_grid": 18.581708403444832,
    "mean_add_points_grid": 20.46153846153846,
    "nr_func_modeled_grid": 13,
    "percentage_bucket_counter_bayesian": {
        "rest": 100.0,
        "5": 28.57142857142857,
        "10": 71.42857142857143,
        "15": 71.42857142857143,
        "20": 78.57142857142857
    },
    "mean_budget_bayesian": 25.62392341398513,
    "mean_add_points_bayesian": 29.714285714285715,
    "nr_func_modeled_bayesian": 14,
    "percentage_bucket_counter_full": {
        "rest": 100.0,
        "5": 57.14285714285714,
        "10": 78.57142857142857,
        "15": 85.71428571428571,
        "20": 92.85714285714286
    },
    "percentage_bucket_counter_generic": {
        "rest": 100.0,
        "5": 21.428571428571427,
        "10": 28.57142857142857,
        "15": 64.28571428571429,
        "20": 78.57142857142857
    },
    "mean_budget_generic": 24.297649759996578,
    "mean_add_points_generic": 30.857142857142858,
    "nr_func_modeled_generic": 14,
    "percentage_bucket_counter_gpr": {
        "rest": 100.0,
        "5": 14.285714285714285,
        "10": 64.28571428571429,
        "15": 64.28571428571429,
        "20": 71.42857142857143
    },
    "mean_add_points_gpr": 33.61538461538461,
    "mean_budget_gpr": 25.044462044620804,
    "nr_func_modeled_gpr": 13,
    "percentage_bucket_counter_hybrid": {
        "rest": 100.0,
        "5": 14.285714285714285,
        "10": 57.14285714285714,
        "15": 64.28571428571429,
        "20": 71.42857142857143
    },
    "mean_budget_hybrid": 24.835048529536614,
    "mean_add_points_hybrid": 34.23076923076923,
    "nr_func_modeled_hybrid": 13,
    "base_point_cost": 8.791839529489144,
    "min_points": 9,
    "budget": 28
}