{
    "percentage_bucket_counter_random": {
        "rest": 100.0,
        "5": 28.57142857142857,
        "10": 28.57142857142857,
        "15": 28.57142857142857,
        "20": 64.28571428571429
    },
    "mean_budget_random": 77.49333349310851,
    "mean_add_points_random": 43.357142857142854,
    "nr_func_modeled_random": 14,
    "percentage_bucket_counter_grid": {
        "rest": 100.0,
        "5": 28.57142857142857,
        "10": 28.57142857142857,
        "15": 28.57142857142857,
        "20": 64.28571428571429
    },
    "mean_budget_grid": 48.17630784511171,
    "mean_add_points_grid": 32.46153846153846,
    "nr_func_modeled_grid": 13,
    "percentage_bucket_counter_bayesian": {
        "rest": 100.0,
        "5": 64.28571428571429,
        "10": 71.42857142857143,
        "15": 92.85714285714286,
        "20": 100.0
    },
    "mean_budget_bayesian": 76.42296247954565,
    "mean_add_points_bayesian": 45.07142857142857,
    "nr_func_modeled_bayesian": 14,
    "percentage_bucket_counter_full": {
        "rest": 100.0,
        "5": 57.14285714285714,
        "10": 78.57142857142857,
        "15": 85.71428571428571,
        "20": 92.85714285714286
    },
    "percentage_bucket_counter_generic": {
        "rest": 100.0,
        "5": 64.28571428571429,
        "10": 85.71428571428571,
        "15": 100.0,
        "20": 100.0
    },
    "mean_budget_generic": 73.46549372675157,
    "mean_add_points_generic": 45.57142857142857,
    "nr_func_modeled_generic": 14,
    "percentage_bucket_counter_gpr": {
        "rest": 100.0,
        "5": 71.42857142857143,
        "10": 78.57142857142857,
        "15": 100.0,
        "20": 100.0
    },
    "mean_add_points_gpr": 46.07142857142857,
    "mean_budget_gpr": 75.67865453591376,
    "nr_func_modeled_gpr": 14,
    "percentage_bucket_counter_hybrid": {
        "rest": 100.0,
        "5": 71.42857142857143,
        "10": 78.57142857142857,
        "15": 100.0,
        "20": 100.0
    },
    "mean_budget_hybrid": 75.67865453591376,
    "mean_add_points_hybrid": 46.07142857142857,
    "nr_func_modeled_hybrid": 14,
    "base_point_cost": 8.791839529489142,
    "min_points": 9,
    "budget": 86
}