{
    "percentage_bucket_counter_random": {
        "rest": 100.0,
        "5": 21.428571428571427,
        "10": 21.428571428571427,
        "15": 21.428571428571427,
        "20": 57.14285714285714
    },
    "mean_budget_random": 20.88532434996646,
    "mean_add_points_random": 22.615384615384617,
    "nr_func_modeled_random": 13,
    "percentage_bucket_counter_grid": {
        "rest": 100.0,
        "5": 21.428571428571427,
        "10": 21.428571428571427,
        "15": 21.428571428571427,
        "20": 57.14285714285714
    },
    "mean_budget_grid": 17.26199587395987,
    "mean_add_points_grid": 20.46153846153846,
    "nr_func_modeled_grid": 13,
    "percentage_bucket_counter_bayesian": {
        "rest": 100.0,
        "5": 57.14285714285714,
        "10": 71.42857142857143,
        "15": 71.42857142857143,
        "20": 71.42857142857143
    },
    "mean_budget_bayesian": 21.899253136181258,
    "mean_add_points_bayesian": 26.846153846153847,
    "nr_func_modeled_bayesian": 13,
    "percentage_bucket_counter_full": {
        "rest": 100.0,
        "5": 57.14285714285714,
        "10": 78.57142857142857,
        "15": 85.71428571428571,
        "20": 92.85714285714286
    },
    "percentage_bucket_counter_generic": {
        "rest": 100.0,
        "5": 7.142857142857142,
        "10": 21.428571428571427,
        "15": 50.0,
        "20": 64.28571428571429
    },
    "mean_budget_generic": 21.26319593568765,
    "mean_add_points_generic": 28.153846153846153,
    "nr_func_modeled_generic": 13,
    "percentage_bucket_counter_gpr": {
        "rest": 100.0,
        "5": 57.14285714285714,
        "10": 71.42857142857143,
        "15": 71.42857142857143,
        "20": 78.57142857142857
    },
    "mean_add_points_gpr": 31.285714285714285,
    "mean_budget_gpr": 21.457797053192415,
    "nr_func_modeled_gpr": 14,
    "percentage_bucket_counter_hybrid": {
        "rest": 100.0,
        "5": 14.285714285714285,
        "10": 64.28571428571429,
        "15": 71.42857142857143,
        "20": 78.57142857142857
    },
    "mean_budget_hybrid": 21.707317521154213,
    "mean_add_points_hybrid": 32.214285714285715,
    "nr_func_modeled_hybrid": 14,
    "base_point_cost": 8.791839529489144,
    "min_points": 9,
    "budget": 24
}