{
    "percentage_bucket_counter_full": {
        "rest": 100.0,
        "5": 62.142857142857146,
        "10": 77.85714285714286,
        "15": 92.85714285714286,
        "20": 94.28571428571428
    },
    "percentage_bucket_counter_gpr": {
        "rest": 100.0,
        "5": 61.44578313253012,
        "10": 76.70682730923694,
        "15": 85.14056224899599,
        "20": 90.36144578313254
    },
    "percentage_bucket_counter_hybrid": {
        "rest": 100.0,
        "5": 61.44578313253012,
        "10": 76.30522088353415,
        "15": 84.73895582329317,
        "20": 89.95983935742971
    },
    "mean_budget_generic": 0.8806305206788284,
    "percentage_bucket_counter_generic": {
        "rest": 100.0,
        "5": 60.0,
        "10": 74.28571428571429,
        "15": 86.42857142857143,
        "20": 92.85714285714286
    },
    "mean_add_points_generic": 57.142857142857146,
    "mean_add_points_gpr": 55.4136546184739,
    "mean_budget_gpr": 0.9635010770719766,
    "mean_budget_hybrid": 0.9631079625689208,
    "mean_add_points_hybrid": 55.4136546184739,
    "point_map_generic": {
        "(4, 10)": 1.0,
        "(4, 20)": 2.0,
        "(4, 30)": 3.0,
        "(4, 40)": 4.0,
        "(4, 50)": 5.0,
        "(8, 10)": 6.0,
        "(8, 20)": 9.677852348993289,
        "(8, 30)": 8.753303964757709,
        "(8, 40)": 12.236363636363636,
        "(8, 50)": 13.524390243902438,
        "(16, 10)": 7.0,
        "(16, 20)": 12.451612903225806,
        "(16, 30)": 10.244186046511627,
        "(16, 40)": 16.019607843137255,
        "(16, 50)": 17.375,
        "(32, 10)": 8.0,
        "(32, 20)": 14.414634146341463,
        "(32, 30)": 8.0,
        "(32, 40)": 0,
        "(32, 50)": 0,
        "(64, 10)": 9.0,
        "(64, 20)": 9.0,
        "(64, 30)": 9.0,
        "(64, 40)": 0,
        "(64, 50)": 0
    },
    "base_point_cost": 0.4748435200068698,
    "min_points": 9,
    "budget": 0.9999999999999999
}