{
    "percentage_bucket_counter_full": {
        "rest": 100.0,
        "5": 66.56626506024097,
        "10": 84.73895582329317,
        "15": 95.38152610441767,
        "20": 97.79116465863453
    },
    "percentage_bucket_counter_gpr": {
        "rest": 100.0,
        "5": 84.53815261044177,
        "10": 93.17269076305222,
        "15": 97.08835341365462,
        "20": 98.99598393574297
    },
    "percentage_bucket_counter_hybrid": {
        "rest": 100.0,
        "5": 84.53815261044177,
        "10": 93.17269076305222,
        "15": 97.08835341365462,
        "20": 98.99598393574297
    },
    "mean_budget_generic": 21.56457886316226,
    "percentage_bucket_counter_generic": {
        "rest": 100.0,
        "5": 83.63453815261043,
        "10": 90.76305220883533,
        "15": 96.78714859437751,
        "20": 98.49397590361446
    },
    "mean_add_points_generic": 78.285140562249,
    "mean_add_points_gpr": 81.45682730923694,
    "mean_budget_gpr": 23.798659523354523,
    "mean_budget_hybrid": 23.798659523354523,
    "mean_add_points_hybrid": 81.45682730923694,
    "point_map_generic": {
        "(4, 10)": 1.0,
        "(4, 20)": 2.0,
        "(4, 30)": 3.0,
        "(4, 40)": 4.0,
        "(4, 50)": 5.0,
        "(8, 10)": 6.48,
        "(8, 20)": 10.062,
        "(8, 30)": 10.593,
        "(8, 40)": 12.373,
        "(8, 50)": 13.761,
        "(16, 10)": 7.75025075225677,
        "(16, 20)": 13.204453441295547,
        "(16, 30)": 13.99594731509625,
        "(16, 40)": 16.30421052631579,
        "(16, 50)": 17.317333333333334,
        "(32, 10)": 8.764150943396226,
        "(32, 20)": 16.88,
        "(32, 30)": 17.32313829787234,
        "(32, 40)": 20.17816091954023,
        "(32, 50)": 21.22938144329897,
        "(64, 10)": 9.0,
        "(64, 20)": 20.402666666666665,
        "(64, 30)": 14.27878787878788,
        "(64, 40)": 0,
        "(64, 50)": 0
    },
    "base_point_cost": 4.433865121069004,
    "min_points": 9,
    "budget": 25.0
}