{
    "percentage_bucket_counter_full": {
        "rest": 100.0,
        "5": 63.150867823765026,
        "10": 83.71161548731642,
        "15": 94.79305740987985,
        "20": 97.06275033377837
    },
    "percentage_bucket_counter_gpr": {
        "rest": 100.0,
        "5": 83.98791540785498,
        "10": 90.6344410876133,
        "15": 97.079556898288,
        "20": 98.48942598187311
    },
    "percentage_bucket_counter_hybrid": {
        "rest": 100.0,
        "5": 83.98791540785498,
        "10": 90.6344410876133,
        "15": 97.079556898288,
        "20": 98.48942598187311
    },
    "mean_budget_generic": 13.757718936041618,
    "percentage_bucket_counter_generic": {
        "rest": 100.0,
        "5": 83.17757009345794,
        "10": 88.91855807743659,
        "15": 96.12817089452604,
        "20": 97.19626168224299
    },
    "mean_add_points_generic": 73.10013351134846,
    "mean_add_points_gpr": 74.30614300100704,
    "mean_budget_gpr": 15.405002325136365,
    "mean_budget_hybrid": 15.405002325136365,
    "mean_add_points_hybrid": 74.30614300100704,
    "point_map_generic": {
        "(4, 10)": 1.0,
        "(4, 20)": 2.0,
        "(4, 30)": 3.0,
        "(4, 40)": 4.0,
        "(4, 50)": 5.0,
        "(8, 10)": 6.0,
        "(8, 20)": 9.936591809775429,
        "(8, 30)": 10.504191616766468,
        "(8, 40)": 12.463829787234042,
        "(8, 50)": 13.494623655913978,
        "(16, 10)": 7.0,
        "(16, 20)": 12.932489451476794,
        "(16, 30)": 13.758620689655173,
        "(16, 40)": 16.171206225680933,
        "(16, 50)": 17.398809523809526,
        "(32, 10)": 8.0,
        "(32, 20)": 16.658206429780034,
        "(32, 30)": 16.927304964539008,
        "(32, 40)": 20.133522727272727,
        "(32, 50)": 21.16740088105727,
        "(64, 10)": 9.0,
        "(64, 20)": 19.94759825327511,
        "(64, 30)": 9.0,
        "(64, 40)": 0,
        "(64, 50)": 0
    },
    "base_point_cost": 4.433865121069004,
    "min_points": 9,
    "budget": 16.0
}