{
    "percentage_bucket_counter_full": {
        "rest": 100.0,
        "5": 66.7,
        "10": 84.8,
        "15": 95.39999999999999,
        "20": 97.8
    },
    "percentage_bucket_counter_gpr": {
        "rest": 100.0,
        "5": 85.04016064257029,
        "10": 94.47791164658635,
        "15": 97.69076305220884,
        "20": 100.0
    },
    "percentage_bucket_counter_hybrid": {
        "rest": 100.0,
        "5": 85.04016064257029,
        "10": 94.47791164658635,
        "15": 97.69076305220884,
        "20": 100.0
    },
    "mean_budget_generic": 33.624080251550154,
    "percentage_bucket_counter_generic": {
        "rest": 100.0,
        "5": 84.0,
        "10": 92.30000000000001,
        "15": 97.0,
        "20": 98.9
    },
    "mean_add_points_generic": 86.396,
    "mean_add_points_gpr": 88.06024096385542,
    "mean_budget_gpr": 40.22367565987114,
    "mean_budget_hybrid": 40.22367565987114,
    "mean_add_points_hybrid": 88.06024096385542,
    "point_map_generic": {
        "(4, 10)": 1.0,
        "(4, 20)": 2.0,
        "(4, 30)": 3.0,
        "(4, 40)": 4.0,
        "(4, 50)": 5.0,
        "(8, 10)": 6.48,
        "(8, 20)": 10.062,
        "(8, 30)": 10.593,
        "(8, 40)": 12.373,
        "(8, 50)": 13.761,
        "(16, 10)": 7.769,
        "(16, 20)": 13.229,
        "(16, 30)": 14.009,
        "(16, 40)": 16.303,
        "(16, 50)": 17.593,
        "(32, 10)": 9.187311178247734,
        "(32, 20)": 17.03803803803804,
        "(32, 30)": 17.696482412060302,
        "(32, 40)": 20.227069351230426,
        "(32, 50)": 21.09438775510204,
        "(64, 10)": 9.0,
        "(64, 20)": 20.753225806451614,
        "(64, 30)": 19.55140186915888,
        "(64, 40)": 0,
        "(64, 50)": 0
    },
    "base_point_cost": 4.433865121069004,
    "min_points": 9,
    "budget": 42.0
}