{
    "percentage_bucket_counter_full": {
        "rest": 100.0,
        "5": 64.94597839135653,
        "10": 84.87394957983193,
        "15": 95.07803121248499,
        "20": 97.35894357743096
    },
    "percentage_bucket_counter_gpr": {
        "rest": 100.0,
        "5": 82.88016112789526,
        "10": 90.83585095669687,
        "15": 96.97885196374622,
        "20": 98.69083585095669
    },
    "percentage_bucket_counter_hybrid": {
        "rest": 100.0,
        "5": 82.88016112789526,
        "10": 90.83585095669687,
        "15": 96.97885196374622,
        "20": 98.69083585095669
    },
    "mean_budget_generic": 16.2641524974996,
    "percentage_bucket_counter_generic": {
        "rest": 100.0,
        "5": 83.31332533013205,
        "10": 89.07563025210085,
        "15": 96.15846338535414,
        "20": 97.59903961584634
    },
    "mean_add_points_generic": 73.48859543817527,
    "mean_add_points_gpr": 77.40080563947633,
    "mean_budget_gpr": 18.217128719832527,
    "mean_budget_hybrid": 18.217128719832527,
    "mean_add_points_hybrid": 77.40080563947633,
    "point_map_generic": {
        "(4, 10)": 1.0,
        "(4, 20)": 2.0,
        "(4, 30)": 3.0,
        "(4, 40)": 4.0,
        "(4, 50)": 5.0,
        "(8, 10)": 6.0,
        "(8, 20)": 9.942925089179548,
        "(8, 30)": 10.554585152838428,
        "(8, 40)": 12.474874371859297,
        "(8, 50)": 13.895086321381141,
        "(16, 10)": 7.0,
        "(16, 20)": 12.891612903225807,
        "(16, 30)": 13.794840294840295,
        "(16, 40)": 16.200743494423794,
        "(16, 50)": 17.39611650485437,
        "(32, 10)": 8.0,
        "(32, 20)": 16.649452269170578,
        "(32, 30)": 17.025041736227045,
        "(32, 40)": 20.16867469879518,
        "(32, 50)": 21.18794326241135,
        "(64, 10)": 9.0,
        "(64, 20)": 20.1326164874552,
        "(64, 30)": 9.777777777777779,
        "(64, 40)": 0,
        "(64, 50)": 0
    },
    "base_point_cost": 4.433865121069004,
    "min_points": 9,
    "budget": 19.0
}