{
    "percentage_bucket_counter_full": {
        "rest": 100.0,
        "5": 66.7,
        "10": 84.8,
        "15": 95.39999999999999,
        "20": 97.8
    },
    "percentage_bucket_counter_gpr": {
        "rest": 100.0,
        "5": 85.0,
        "10": 93.7,
        "15": 97.5,
        "20": 100.0
    },
    "percentage_bucket_counter_hybrid": {
        "rest": 100.0,
        "5": 85.0,
        "10": 93.7,
        "15": 97.5,
        "20": 100.0
    },
    "mean_budget_generic": 38.408063984114584,
    "percentage_bucket_counter_generic": {
        "rest": 100.0,
        "5": 83.89999999999999,
        "10": 92.60000000000001,
        "15": 96.89999999999999,
        "20": 99.1
    },
    "mean_add_points_generic": 87.964,
    "mean_add_points_gpr": 89.391,
    "mean_budget_gpr": 45.01105923043091,
    "mean_budget_hybrid": 45.01105923043091,
    "mean_add_points_hybrid": 89.391,
    "point_map_generic": {
        "(4, 10)": 1.0,
        "(4, 20)": 2.0,
        "(4, 30)": 3.0,
        "(4, 40)": 4.0,
        "(4, 50)": 5.0,
        "(8, 10)": 6.48,
        "(8, 20)": 10.062,
        "(8, 30)": 10.593,
        "(8, 40)": 12.373,
        "(8, 50)": 13.761,
        "(16, 10)": 7.769,
        "(16, 20)": 13.229,
        "(16, 30)": 14.009,
        "(16, 40)": 16.303,
        "(16, 50)": 17.593,
        "(32, 10)": 9.210050251256282,
        "(32, 20)": 17.04,
        "(32, 30)": 17.703,
        "(32, 40)": 20.278622087132725,
        "(32, 50)": 21.091352009744213,
        "(64, 10)": 9.0,
        "(64, 20)": 20.968545216251638,
        "(64, 30)": 20.13904761904762,
        "(64, 40)": 24.0,
        "(64, 50)": 0
    },
    "base_point_cost": 4.433865121069004,
    "min_points": 9,
    "budget": 47.0
}