{
    "percentage_bucket_counter_full": {
        "rest": 100.0,
        "5": 66.7,
        "10": 84.8,
        "15": 95.39999999999999,
        "20": 97.8
    },
    "percentage_bucket_counter_gpr": {
        "rest": 100.0,
        "5": 83.98398398398398,
        "10": 92.5925925925926,
        "15": 97.4974974974975,
        "20": 99.8998998998999
    },
    "percentage_bucket_counter_hybrid": {
        "rest": 100.0,
        "5": 83.98398398398398,
        "10": 92.5925925925926,
        "15": 97.4974974974975,
        "20": 99.8998998998999
    },
    "mean_budget_generic": 50.04852662893853,
    "percentage_bucket_counter_generic": {
        "rest": 100.0,
        "5": 83.7,
        "10": 92.4,
        "15": 97.1,
        "20": 99.6
    },
    "mean_add_points_generic": 90.98,
    "mean_add_points_gpr": 92.42642642642643,
    "mean_budget_gpr": 57.57152776532138,
    "mean_budget_hybrid": 57.57152776532138,
    "mean_add_points_hybrid": 92.42642642642643,
    "point_map_generic": {
        "(4, 10)": 1.0,
        "(4, 20)": 2.0,
        "(4, 30)": 3.0,
        "(4, 40)": 4.0,
        "(4, 50)": 5.0,
        "(8, 10)": 6.48,
        "(8, 20)": 10.062,
        "(8, 30)": 10.593,
        "(8, 40)": 12.373,
        "(8, 50)": 13.761,
        "(16, 10)": 7.769,
        "(16, 20)": 13.229,
        "(16, 30)": 14.009,
        "(16, 40)": 16.303,
        "(16, 50)": 17.593,
        "(32, 10)": 9.269,
        "(32, 20)": 17.04,
        "(32, 30)": 17.703,
        "(32, 40)": 20.281,
        "(32, 50)": 21.229253112033195,
        "(64, 10)": 9.0,
        "(64, 20)": 21.183778234086244,
        "(64, 30)": 20.825662482566248,
        "(64, 40)": 24.0,
        "(64, 50)": 0
    },
    "base_point_cost": 4.433865121069004,
    "min_points": 9,
    "budget": 60.0
}