{
    "percentage_bucket_counter_full": {
        "rest": 100.0,
        "5": 66.7,
        "10": 84.8,
        "15": 95.39999999999999,
        "20": 97.8
    },
    "percentage_bucket_counter_gpr": {
        "rest": 100.0,
        "5": 84.3530591775326,
        "10": 93.17953861584755,
        "15": 97.59277833500502,
        "20": 99.89969909729187
    },
    "percentage_bucket_counter_hybrid": {
        "rest": 100.0,
        "5": 84.3530591775326,
        "10": 93.17953861584755,
        "15": 97.59277833500502,
        "20": 99.89969909729187
    },
    "mean_budget_generic": 44.98939236670233,
    "percentage_bucket_counter_generic": {
        "rest": 100.0,
        "5": 83.89999999999999,
        "10": 93.30000000000001,
        "15": 97.3,
        "20": 99.5
    },
    "mean_add_points_generic": 89.748,
    "mean_add_points_gpr": 91.15245737211634,
    "mean_budget_gpr": 51.875964767624524,
    "mean_budget_hybrid": 51.875964767624524,
    "mean_add_points_hybrid": 91.15245737211634,
    "point_map_generic": {
        "(4, 10)": 1.0,
        "(4, 20)": 2.0,
        "(4, 30)": 3.0,
        "(4, 40)": 4.0,
        "(4, 50)": 5.0,
        "(8, 10)": 6.48,
        "(8, 20)": 10.062,
        "(8, 30)": 10.593,
        "(8, 40)": 12.373,
        "(8, 50)": 13.761,
        "(16, 10)": 7.769,
        "(16, 20)": 13.229,
        "(16, 30)": 14.009,
        "(16, 40)": 16.303,
        "(16, 50)": 17.593,
        "(32, 10)": 9.269,
        "(32, 20)": 17.04,
        "(32, 30)": 17.703,
        "(32, 40)": 20.281,
        "(32, 50)": 21.119686800894854,
        "(64, 10)": 9.0,
        "(64, 20)": 21.115684093437153,
        "(64, 30)": 20.641881638846737,
        "(64, 40)": 24.0,
        "(64, 50)": 0
    },
    "base_point_cost": 4.433865121069004,
    "min_points": 9,
    "budget": 54.0
}