{
    "percentage_bucket_counter_full": {
        "rest": 100.0,
        "5": 66.73346693386773,
        "10": 84.76953907815631,
        "15": 95.39078156312625,
        "20": 97.79559118236473
    },
    "percentage_bucket_counter_gpr": {
        "rest": 100.0,
        "5": 85.04016064257029,
        "10": 94.97991967871486,
        "15": 97.79116465863453,
        "20": 99.69879518072288
    },
    "percentage_bucket_counter_hybrid": {
        "rest": 100.0,
        "5": 85.04016064257029,
        "10": 94.97991967871486,
        "15": 97.79116465863453,
        "20": 99.69879518072288
    },
    "mean_budget_generic": 30.025635615552048,
    "percentage_bucket_counter_generic": {
        "rest": 100.0,
        "5": 83.56713426853707,
        "10": 91.48296593186373,
        "15": 96.8937875751503,
        "20": 98.69739478957916
    },
    "mean_add_points_generic": 84.62124248496994,
    "mean_add_points_gpr": 86.16967871485944,
    "mean_budget_gpr": 34.38467355145886,
    "mean_budget_hybrid": 34.38467355145886,
    "mean_add_points_hybrid": 86.16967871485944,
    "point_map_generic": {
        "(4, 10)": 1.0,
        "(4, 20)": 2.0,
        "(4, 30)": 3.0,
        "(4, 40)": 4.0,
        "(4, 50)": 5.0,
        "(8, 10)": 6.48,
        "(8, 20)": 10.062,
        "(8, 30)": 10.593,
        "(8, 40)": 12.373,
        "(8, 50)": 13.761,
        "(16, 10)": 7.769,
        "(16, 20)": 13.229,
        "(16, 30)": 14.009,
        "(16, 40)": 16.303,
        "(16, 50)": 17.58132530120482,
        "(32, 10)": 9.130566801619434,
        "(32, 20)": 17.022267206477732,
        "(32, 30)": 17.651767151767153,
        "(32, 40)": 20.18122555410691,
        "(32, 50)": 21.098011363636363,
        "(64, 10)": 9.0,
        "(64, 20)": 20.68241965973535,
        "(64, 30)": 18.60843373493976,
        "(64, 40)": 0,
        "(64, 50)": 0
    },
    "base_point_cost": 4.433865121069004,
    "min_points": 9,
    "budget": 36.0
}