{
    "percentage_bucket_counter_full": {
        "rest": 100.0,
        "5": 66.90070210631896,
        "10": 84.85456369107321,
        "15": 95.38615847542627,
        "20": 97.79338014042126
    },
    "percentage_bucket_counter_gpr": {
        "rest": 100.0,
        "5": 84.17338709677419,
        "10": 91.73387096774194,
        "15": 97.27822580645162,
        "20": 98.68951612903226
    },
    "percentage_bucket_counter_hybrid": {
        "rest": 100.0,
        "5": 84.17338709677419,
        "10": 91.73387096774194,
        "15": 97.27822580645162,
        "20": 98.68951612903226
    },
    "mean_budget_generic": 19.147248855146206,
    "percentage_bucket_counter_generic": {
        "rest": 100.0,
        "5": 83.85155466399198,
        "10": 90.27081243731193,
        "15": 96.6900702106319,
        "20": 98.39518555667
    },
    "mean_add_points_generic": 75.00902708124373,
    "mean_add_points_gpr": 79.63810483870968,
    "mean_budget_gpr": 21.012045901496794,
    "mean_budget_hybrid": 21.012045901496794,
    "mean_add_points_hybrid": 79.63810483870968,
    "point_map_generic": {
        "(4, 10)": 1.0,
        "(4, 20)": 2.0,
        "(4, 30)": 3.0,
        "(4, 40)": 4.0,
        "(4, 50)": 5.0,
        "(8, 10)": 6.440643863179075,
        "(8, 20)": 10.052261306532664,
        "(8, 30)": 10.592592592592593,
        "(8, 40)": 12.376884422110553,
        "(8, 50)": 13.776315789473685,
        "(16, 10)": 7.69331983805668,
        "(16, 20)": 13.165618448637316,
        "(16, 30)": 13.951322751322751,
        "(16, 40)": 16.245098039215687,
        "(16, 50)": 17.3159509202454,
        "(32, 10)": 8.16,
        "(32, 20)": 16.721244925575103,
        "(32, 30)": 17.140888208269526,
        "(32, 40)": 20.183222958057396,
        "(32, 50)": 21.221884498480243,
        "(64, 10)": 9.0,
        "(64, 20)": 20.325227963525837,
        "(64, 30)": 12.463235294117647,
        "(64, 40)": 0,
        "(64, 50)": 0
    },
    "base_point_cost": 4.433865121069004,
    "min_points": 9,
    "budget": 22.0
}