{
    "percentage_bucket_counter_full": {
        "rest": 100.0,
        "5": 66.66666666666666,
        "10": 84.78478478478479,
        "15": 95.3953953953954,
        "20": 97.7977977977978
    },
    "percentage_bucket_counter_gpr": {
        "rest": 100.0,
        "5": 83.87096774193549,
        "10": 91.93548387096774,
        "15": 97.07661290322581,
        "20": 98.79032258064517
    },
    "percentage_bucket_counter_hybrid": {
        "rest": 100.0,
        "5": 83.87096774193549,
        "10": 91.93548387096774,
        "15": 97.07661290322581,
        "20": 98.79032258064517
    },
    "mean_budget_generic": 19.957615033287812,
    "percentage_bucket_counter_generic": {
        "rest": 100.0,
        "5": 83.68368368368368,
        "10": 90.5905905905906,
        "15": 96.7967967967968,
        "20": 98.49849849849849
    },
    "mean_add_points_generic": 76.21621621621621,
    "mean_add_points_gpr": 80.31350806451613,
    "mean_budget_gpr": 21.97698429921862,
    "mean_budget_hybrid": 21.97698429921862,
    "mean_add_points_hybrid": 80.31350806451613,
    "point_map_generic": {
        "(4, 10)": 1.0,
        "(4, 20)": 2.0,
        "(4, 30)": 3.0,
        "(4, 40)": 4.0,
        "(4, 50)": 5.0,
        "(8, 10)": 6.460381143430291,
        "(8, 20)": 10.06006006006006,
        "(8, 30)": 10.593,
        "(8, 40)": 12.373373373373374,
        "(8, 50)": 13.76683417085427,
        "(16, 10)": 7.71875,
        "(16, 20)": 13.185185185185185,
        "(16, 30)": 13.964472309299895,
        "(16, 40)": 16.271282633371168,
        "(16, 50)": 17.30668604651163,
        "(32, 10)": 8.411062906724512,
        "(32, 20)": 16.781049935979514,
        "(32, 30)": 17.199708454810494,
        "(32, 40)": 20.181425485961125,
        "(32, 50)": 21.228985507246378,
        "(64, 10)": 9.0,
        "(64, 20)": 20.374269005847953,
        "(64, 30)": 13.238095238095237,
        "(64, 40)": 0,
        "(64, 50)": 0
    },
    "base_point_cost": 4.433865121069004,
    "min_points": 9,
    "budget": 23.0
}