{
    "percentage_bucket_counter_full": {
        "rest": 100.0,
        "5": 66.76676676676678,
        "10": 84.88488488488488,
        "15": 95.3953953953954,
        "20": 97.7977977977978
    },
    "percentage_bucket_counter_gpr": {
        "rest": 100.0,
        "5": 85.07014028056112,
        "10": 94.88977955911824,
        "15": 97.89579158316634,
        "20": 99.39879759519037
    },
    "percentage_bucket_counter_hybrid": {
        "rest": 100.0,
        "5": 85.07014028056112,
        "10": 94.88977955911824,
        "15": 97.89579158316634,
        "20": 99.39879759519037
    },
    "mean_budget_generic": 27.396255472110923,
    "percentage_bucket_counter_generic": {
        "rest": 100.0,
        "5": 83.48348348348348,
        "10": 91.09109109109109,
        "15": 96.8968968968969,
        "20": 98.5985985985986
    },
    "mean_add_points_generic": 83.007007007007,
    "mean_add_points_gpr": 84.70440881763527,
    "mean_budget_gpr": 30.433615948810925,
    "mean_budget_hybrid": 30.433615948810925,
    "mean_add_points_hybrid": 84.70440881763527,
    "point_map_generic": {
        "(4, 10)": 1.0,
        "(4, 20)": 2.0,
        "(4, 30)": 3.0,
        "(4, 40)": 4.0,
        "(4, 50)": 5.0,
        "(8, 10)": 6.48,
        "(8, 20)": 10.062,
        "(8, 30)": 10.593,
        "(8, 40)": 12.373,
        "(8, 50)": 13.761,
        "(16, 10)": 7.769,
        "(16, 20)": 13.229,
        "(16, 30)": 14.009,
        "(16, 40)": 16.3023023023023,
        "(16, 50)": 17.494747899159663,
        "(32, 10)": 9.042857142857143,
        "(32, 20)": 16.993762993762992,
        "(32, 30)": 17.557285873192438,
        "(32, 40)": 20.17663817663818,
        "(32, 50)": 21.129720853858785,
        "(64, 10)": 9.0,
        "(64, 20)": 20.60816326530612,
        "(64, 30)": 17.666666666666668,
        "(64, 40)": 0,
        "(64, 50)": 0
    },
    "base_point_cost": 4.433865121069004,
    "min_points": 9,
    "budget": 32.0
}