{
    "percentage_bucket_counter_full": {
        "rest": 100.0,
        "5": 63.843236409608096,
        "10": 84.45006321112515,
        "15": 94.94310998735777,
        "20": 97.21871049304679
    },
    "percentage_bucket_counter_gpr": {
        "rest": 100.0,
        "5": 82.77945619335347,
        "10": 90.83585095669687,
        "15": 97.1802618328298,
        "20": 98.69083585095669
    },
    "percentage_bucket_counter_hybrid": {
        "rest": 100.0,
        "5": 82.77945619335347,
        "10": 90.83585095669687,
        "15": 97.1802618328298,
        "20": 98.69083585095669
    },
    "mean_budget_generic": 15.410599355586163,
    "percentage_bucket_counter_generic": {
        "rest": 100.0,
        "5": 83.1858407079646,
        "10": 88.62199747155499,
        "15": 95.95448798988622,
        "20": 97.09228824273072
    },
    "mean_add_points_generic": 73.80530973451327,
    "mean_add_points_gpr": 76.46827794561933,
    "mean_budget_gpr": 17.289985931666237,
    "mean_budget_hybrid": 17.289985931666237,
    "mean_add_points_hybrid": 76.46827794561933,
    "point_map_generic": {
        "(4, 10)": 1.0,
        "(4, 20)": 2.0,
        "(4, 30)": 3.0,
        "(4, 40)": 4.0,
        "(4, 50)": 5.0,
        "(8, 10)": 6.0,
        "(8, 20)": 9.94,
        "(8, 30)": 10.534090909090908,
        "(8, 40)": 12.474172185430463,
        "(8, 50)": 13.823615160349854,
        "(16, 10)": 7.0,
        "(16, 20)": 12.902666666666667,
        "(16, 30)": 13.776932826362485,
        "(16, 40)": 16.171814671814673,
        "(16, 50)": 17.39611650485437,
        "(32, 10)": 8.0,
        "(32, 20)": 16.657556270096464,
        "(32, 30)": 17.001692047377325,
        "(32, 40)": 20.159493670886075,
        "(32, 50)": 21.18014705882353,
        "(64, 10)": 9.0,
        "(64, 20)": 20.091954022988507,
        "(64, 30)": 9.135922330097088,
        "(64, 40)": 0,
        "(64, 50)": 0
    },
    "base_point_cost": 4.433865121069004,
    "min_points": 9,
    "budget": 18.0
}