{
    "percentage_bucket_counter_full": {
        "rest": 100.0,
        "5": 57.113821138211385,
        "10": 79.26829268292683,
        "15": 92.88617886178862,
        "20": 95.73170731707317
    },
    "percentage_bucket_counter_gpr": {
        "rest": 100.0,
        "5": 82.48175182481752,
        "10": 87.2992700729927,
        "15": 92.99270072992701,
        "20": 95.91240875912409
    },
    "percentage_bucket_counter_hybrid": {
        "rest": 100.0,
        "5": 81.62083936324169,
        "10": 86.39652677279305,
        "15": 92.04052098408104,
        "20": 94.93487698986975
    },
    "mean_budget_generic": 6.029033732507796,
    "percentage_bucket_counter_generic": {
        "rest": 100.0,
        "5": 76.6260162601626,
        "10": 81.70731707317073,
        "15": 90.4471544715447,
        "20": 93.4959349593496
    },
    "mean_add_points_generic": 68.54471544715447,
    "mean_add_points_gpr": 64.47007299270074,
    "mean_budget_gpr": 6.779952530270815,
    "mean_budget_hybrid": 6.781145903501392,
    "mean_add_points_hybrid": 64.24746743849494,
    "point_map_generic": {
        "(4, 10)": 1.0,
        "(4, 20)": 2.0,
        "(4, 30)": 3.0,
        "(4, 40)": 4.0,
        "(4, 50)": 5.0,
        "(8, 10)": 6.0,
        "(8, 20)": 9.902439024390244,
        "(8, 30)": 10.111517367458866,
        "(8, 40)": 12.16904761904762,
        "(8, 50)": 13.40625,
        "(16, 10)": 7.0,
        "(16, 20)": 13.078091106290673,
        "(16, 30)": 13.333333333333334,
        "(16, 40)": 16.206521739130434,
        "(16, 50)": 17.39047619047619,
        "(32, 10)": 8.0,
        "(32, 20)": 16.81948424068768,
        "(32, 30)": 15.490683229813664,
        "(32, 40)": 20.008474576271187,
        "(32, 50)": 21.0,
        "(64, 10)": 9.0,
        "(64, 20)": 16.8,
        "(64, 30)": 9.0,
        "(64, 40)": 0,
        "(64, 50)": 0
    },
    "base_point_cost": 2.4473921618828625,
    "min_points": 9,
    "budget": 7.0
}