{
    "percentage_bucket_counter_full": {
        "rest": 100.0,
        "5": 66.76676676676678,
        "10": 84.78478478478479,
        "15": 95.3953953953954,
        "20": 97.7977977977978
    },
    "percentage_bucket_counter_gpr": {
        "rest": 100.0,
        "5": 84.13654618473896,
        "10": 92.46987951807229,
        "15": 97.59036144578313,
        "20": 99.8995983935743
    },
    "percentage_bucket_counter_hybrid": {
        "rest": 100.0,
        "5": 84.13654618473896,
        "10": 92.46987951807229,
        "15": 97.59036144578313,
        "20": 99.8995983935743
    },
    "mean_budget_generic": 51.086590210062816,
    "percentage_bucket_counter_generic": {
        "rest": 100.0,
        "5": 83.78378378378379,
        "10": 92.3923923923924,
        "15": 97.09709709709709,
        "20": 99.7997997997998
    },
    "mean_add_points_generic": 91.23523523523524,
    "mean_add_points_gpr": 92.63152610441767,
    "mean_budget_gpr": 58.50218482035627,
    "mean_budget_hybrid": 58.50218482035627,
    "mean_add_points_hybrid": 92.63152610441767,
    "point_map_generic": {
        "(4, 10)": 1.0,
        "(4, 20)": 2.0,
        "(4, 30)": 3.0,
        "(4, 40)": 4.0,
        "(4, 50)": 5.0,
        "(8, 10)": 6.48,
        "(8, 20)": 10.062,
        "(8, 30)": 10.593,
        "(8, 40)": 12.373,
        "(8, 50)": 13.761,
        "(16, 10)": 7.769,
        "(16, 20)": 13.229,
        "(16, 30)": 14.009,
        "(16, 40)": 16.303,
        "(16, 50)": 17.593,
        "(32, 10)": 9.269,
        "(32, 20)": 17.04,
        "(32, 30)": 17.703,
        "(32, 40)": 20.281,
        "(32, 50)": 21.24020618556701,
        "(64, 10)": 9.015783540022548,
        "(64, 20)": 21.19289340101523,
        "(64, 30)": 20.90456989247312,
        "(64, 40)": 24.0,
        "(64, 50)": 0
    },
    "base_point_cost": 4.433865121069004,
    "min_points": 9,
    "budget": 61.0
}