{
    "percentage_bucket_counter_full": {
        "rest": 100.0,
        "5": 66.7,
        "10": 84.8,
        "15": 95.39999999999999,
        "20": 97.8
    },
    "percentage_bucket_counter_gpr": {
        "rest": 100.0,
        "5": 83.96793587174348,
        "10": 91.78356713426854,
        "15": 97.59519038076152,
        "20": 99.59919839679358
    },
    "percentage_bucket_counter_hybrid": {
        "rest": 100.0,
        "5": 83.96793587174348,
        "10": 91.78356713426854,
        "15": 97.59519038076152,
        "20": 99.59919839679358
    },
    "mean_budget_generic": 60.21261643284805,
    "percentage_bucket_counter_generic": {
        "rest": 100.0,
        "5": 84.3,
        "10": 93.0,
        "15": 97.39999999999999,
        "20": 99.7
    },
    "mean_add_points_generic": 93.332,
    "mean_add_points_gpr": 94.43887775551102,
    "mean_budget_gpr": 67.24088120954325,
    "mean_budget_hybrid": 67.24088120954325,
    "mean_add_points_hybrid": 94.43887775551102,
    "point_map_generic": {
        "(4, 10)": 1.0,
        "(4, 20)": 2.0,
        "(4, 30)": 3.0,
        "(4, 40)": 4.0,
        "(4, 50)": 5.0,
        "(8, 10)": 6.48,
        "(8, 20)": 10.062,
        "(8, 30)": 10.593,
        "(8, 40)": 12.373,
        "(8, 50)": 13.761,
        "(16, 10)": 7.769,
        "(16, 20)": 13.229,
        "(16, 30)": 14.009,
        "(16, 40)": 16.303,
        "(16, 50)": 17.593,
        "(32, 10)": 9.269,
        "(32, 20)": 17.04,
        "(32, 30)": 17.703,
        "(32, 40)": 20.281,
        "(32, 50)": 21.293,
        "(64, 10)": 10.199174406604747,
        "(64, 20)": 21.205,
        "(64, 30)": 21.37095088819227,
        "(64, 40)": 23.95085995085995,
        "(64, 50)": 0
    },
    "base_point_cost": 4.433865121069004,
    "min_points": 9,
    "budget": 70.0
}