{
    "percentage_bucket_counter_full": {
        "rest": 100.0,
        "5": 32.55813953488372,
        "10": 51.162790697674424,
        "15": 65.11627906976744,
        "20": 79.06976744186046
    },
    "percentage_bucket_counter_generic": {
        "rest": 100.0,
        "5": 20.930232558139537,
        "10": 32.55813953488372,
        "15": 37.2093023255814,
        "20": 46.51162790697674
    },
    "mean_budget_generic": 23.153528875350624,
    "mean_add_points_generic": 77.6923076923077,
    "nr_func_modeled_generic": 39,
    "percentage_bucket_counter_gpr": {
        "rest": 100.0,
        "5": 37.2093023255814,
        "10": 46.51162790697674,
        "15": 55.81395348837209,
        "20": 60.46511627906976
    },
    "mean_add_points_gpr": 68.30232558139535,
    "mean_budget_gpr": 24.79504882271172,
    "nr_func_modeled_gpr": 43,
    "percentage_bucket_counter_hybrid": {
        "rest": 100.0,
        "5": 34.883720930232556,
        "10": 51.162790697674424,
        "15": 58.139534883720934,
        "20": 62.7906976744186
    },
    "mean_budget_hybrid": 24.78429511926579,
    "mean_add_points_hybrid": 70.83720930232558,
    "nr_func_modeled_hybrid": 43,
    "base_point_cost": 4.704843975996465,
    "min_points": 9,
    "budget": 25.0
}