{
    "percentage_bucket_counter_full": {
        "rest": 100.0,
        "5": 32.55813953488372,
        "10": 51.162790697674424,
        "15": 65.11627906976744,
        "20": 79.06976744186046
    },
    "percentage_bucket_counter_generic": {
        "rest": 100.0,
        "5": 30.23255813953488,
        "10": 46.51162790697674,
        "15": 58.139534883720934,
        "20": 69.76744186046511
    },
    "mean_budget_generic": 80.95662365240673,
    "mean_add_points_generic": 118.83720930232558,
    "nr_func_modeled_generic": 43,
    "percentage_bucket_counter_gpr": {
        "rest": 100.0,
        "5": 34.883720930232556,
        "10": 51.162790697674424,
        "15": 62.7906976744186,
        "20": 76.74418604651163
    },
    "mean_add_points_gpr": 120.23809523809524,
    "mean_budget_gpr": 85.69393203632455,
    "nr_func_modeled_gpr": 42,
    "percentage_bucket_counter_hybrid": {
        "rest": 100.0,
        "5": 37.2093023255814,
        "10": 51.162790697674424,
        "15": 62.7906976744186,
        "20": 76.74418604651163
    },
    "mean_budget_hybrid": 85.74990093380686,
    "mean_add_points_hybrid": 120.23809523809524,
    "nr_func_modeled_hybrid": 42,
    "base_point_cost": 4.704843975996466,
    "min_points": 9,
    "budget": 87.0
}