{
    "percentage_bucket_counter_full": {
        "rest": 100.0,
        "5": 32.55813953488372,
        "10": 51.162790697674424,
        "15": 65.11627906976744,
        "20": 79.06976744186046
    },
    "percentage_bucket_counter_generic": {
        "rest": 100.0,
        "5": 20.930232558139537,
        "10": 39.53488372093023,
        "15": 51.162790697674424,
        "20": 67.44186046511628
    },
    "mean_budget_generic": 46.436752225595576,
    "mean_add_points_generic": 99.53488372093024,
    "nr_func_modeled_generic": 43,
    "percentage_bucket_counter_gpr": {
        "rest": 100.0,
        "5": 37.2093023255814,
        "10": 48.837209302325576,
        "15": 58.139534883720934,
        "20": 72.09302325581395
    },
    "mean_add_points_gpr": 99.46511627906976,
    "mean_budget_gpr": 49.51817639048176,
    "nr_func_modeled_gpr": 43,
    "percentage_bucket_counter_hybrid": {
        "rest": 100.0,
        "5": 34.883720930232556,
        "10": 48.837209302325576,
        "15": 58.139534883720934,
        "20": 72.09302325581395
    },
    "mean_budget_hybrid": 49.51452467089171,
    "mean_add_points_hybrid": 99.46511627906976,
    "nr_func_modeled_hybrid": 43,
    "base_point_cost": 4.704843975996465,
    "min_points": 9,
    "budget": 50.0
}