{
    "percentage_bucket_counter_full": {
        "rest": 100.0,
        "5": 32.55813953488372,
        "10": 51.162790697674424,
        "15": 65.11627906976744,
        "20": 79.06976744186046
    },
    "percentage_bucket_counter_generic": {
        "rest": 100.0,
        "5": 30.23255813953488,
        "10": 41.86046511627907,
        "15": 53.48837209302325,
        "20": 62.7906976744186
    },
    "mean_budget_generic": 62.94742837349797,
    "mean_add_points_generic": 110.23255813953489,
    "nr_func_modeled_generic": 43,
    "percentage_bucket_counter_gpr": {
        "rest": 100.0,
        "5": 27.906976744186046,
        "10": 51.162790697674424,
        "15": 62.7906976744186,
        "20": 69.76744186046511
    },
    "mean_add_points_gpr": 111.33333333333333,
    "mean_budget_gpr": 67.09691303692172,
    "nr_func_modeled_gpr": 42,
    "percentage_bucket_counter_hybrid": {
        "rest": 100.0,
        "5": 27.906976744186046,
        "10": 51.162790697674424,
        "15": 60.46511627906976,
        "20": 67.44186046511628
    },
    "mean_budget_hybrid": 67.10197816563546,
    "mean_add_points_hybrid": 111.39024390243902,
    "nr_func_modeled_hybrid": 41,
    "base_point_cost": 4.704843975996465,
    "min_points": 9,
    "budget": 68.0
}