{
    "percentage_bucket_counter_full": {
        "rest": 100.0,
        "5": 32.55813953488372,
        "10": 51.162790697674424,
        "15": 65.11627906976744,
        "20": 79.06976744186046
    },
    "percentage_bucket_counter_generic": {
        "rest": 100.0,
        "5": 23.25581395348837,
        "10": 39.53488372093023,
        "15": 51.162790697674424,
        "20": 67.44186046511628
    },
    "mean_budget_generic": 47.5898934229432,
    "mean_add_points_generic": 100.46511627906976,
    "nr_func_modeled_generic": 43,
    "percentage_bucket_counter_gpr": {
        "rest": 100.0,
        "5": 34.883720930232556,
        "10": 46.51162790697674,
        "15": 55.81395348837209,
        "20": 72.09302325581395
    },
    "mean_add_points_gpr": 100.5,
    "mean_budget_gpr": 50.485004807691396,
    "nr_func_modeled_gpr": 42,
    "percentage_bucket_counter_hybrid": {
        "rest": 100.0,
        "5": 34.883720930232556,
        "10": 48.837209302325576,
        "15": 55.81395348837209,
        "20": 72.09302325581395
    },
    "mean_budget_hybrid": 50.4716861206882,
    "mean_add_points_hybrid": 100.52380952380952,
    "nr_func_modeled_hybrid": 42,
    "base_point_cost": 4.704843975996465,
    "min_points": 9,
    "budget": 51.0
}