{
    "percentage_bucket_counter_full": {
        "rest": 100.0,
        "5": 32.55813953488372,
        "10": 51.162790697674424,
        "15": 65.11627906976744,
        "20": 79.06976744186046
    },
    "percentage_bucket_counter_generic": {
        "rest": 100.0,
        "5": 16.27906976744186,
        "10": 34.883720930232556,
        "15": 41.86046511627907,
        "20": 48.837209302325576
    },
    "mean_budget_generic": 37.253689439705546,
    "mean_add_points_generic": 91.27906976744185,
    "nr_func_modeled_generic": 43,
    "percentage_bucket_counter_gpr": {
        "rest": 100.0,
        "5": 32.55813953488372,
        "10": 46.51162790697674,
        "15": 62.7906976744186,
        "20": 72.09302325581395
    },
    "mean_add_points_gpr": 90.13953488372093,
    "mean_budget_gpr": 39.60453073574626,
    "nr_func_modeled_gpr": 43,
    "percentage_bucket_counter_hybrid": {
        "rest": 100.0,
        "5": 34.883720930232556,
        "10": 51.162790697674424,
        "15": 62.7906976744186,
        "20": 72.09302325581395
    },
    "mean_budget_hybrid": 39.566933602094416,
    "mean_add_points_hybrid": 90.20930232558139,
    "nr_func_modeled_hybrid": 43,
    "base_point_cost": 4.704843975996465,
    "min_points": 9,
    "budget": 40.0
}