{
    "percentage_bucket_counter_full": {
        "rest": 100.0,
        "5": 32.55813953488372,
        "10": 51.162790697674424,
        "15": 65.11627906976744,
        "20": 79.06976744186046
    },
    "percentage_bucket_counter_generic": {
        "rest": 100.0,
        "5": 23.25581395348837,
        "10": 39.53488372093023,
        "15": 48.837209302325576,
        "20": 67.44186046511628
    },
    "mean_budget_generic": 53.922348204221834,
    "mean_add_points_generic": 105.0,
    "nr_func_modeled_generic": 43,
    "percentage_bucket_counter_gpr": {
        "rest": 100.0,
        "5": 32.55813953488372,
        "10": 53.48837209302325,
        "15": 62.7906976744186,
        "20": 76.74418604651163
    },
    "mean_add_points_gpr": 105.5813953488372,
    "mean_budget_gpr": 58.35835857735011,
    "nr_func_modeled_gpr": 43,
    "percentage_bucket_counter_hybrid": {
        "rest": 100.0,
        "5": 34.883720930232556,
        "10": 53.48837209302325,
        "15": 62.7906976744186,
        "20": 79.06976744186046
    },
    "mean_budget_hybrid": 58.35695596051717,
    "mean_add_points_hybrid": 105.6046511627907,
    "nr_func_modeled_hybrid": 43,
    "base_point_cost": 4.704843975996465,
    "min_points": 9,
    "budget": 59.0
}