{
    "percentage_bucket_counter_full": {
        "rest": 100.0,
        "5": 32.55813953488372,
        "10": 51.162790697674424,
        "15": 65.11627906976744,
        "20": 79.06976744186046
    },
    "percentage_bucket_counter_generic": {
        "rest": 100.0,
        "5": 25.581395348837212,
        "10": 41.86046511627907,
        "15": 53.48837209302325,
        "20": 62.7906976744186
    },
    "mean_budget_generic": 63.69320474295254,
    "mean_add_points_generic": 110.5813953488372,
    "nr_func_modeled_generic": 43,
    "percentage_bucket_counter_gpr": {
        "rest": 100.0,
        "5": 25.581395348837212,
        "10": 51.162790697674424,
        "15": 65.11627906976744,
        "20": 72.09302325581395
    },
    "mean_add_points_gpr": 111.81395348837209,
    "mean_budget_gpr": 68.27555974968332,
    "nr_func_modeled_gpr": 43,
    "percentage_bucket_counter_hybrid": {
        "rest": 100.0,
        "5": 25.581395348837212,
        "10": 51.162790697674424,
        "15": 62.7906976744186,
        "20": 72.09302325581395
    },
    "mean_budget_hybrid": 68.21663402016335,
    "mean_add_points_hybrid": 111.79069767441861,
    "nr_func_modeled_hybrid": 43,
    "base_point_cost": 4.704843975996465,
    "min_points": 9,
    "budget": 69.0
}