{
    "percentage_bucket_counter_full": {
        "rest": 100.0,
        "5": 32.55813953488372,
        "10": 51.162790697674424,
        "15": 65.11627906976744,
        "20": 79.06976744186046
    },
    "percentage_bucket_counter_generic": {
        "rest": 100.0,
        "5": 16.27906976744186,
        "10": 37.2093023255814,
        "15": 41.86046511627907,
        "20": 48.837209302325576
    },
    "mean_budget_generic": 37.81812932562238,
    "mean_add_points_generic": 91.86046511627907,
    "nr_func_modeled_generic": 43,
    "percentage_bucket_counter_gpr": {
        "rest": 100.0,
        "5": 34.883720930232556,
        "10": 48.837209302325576,
        "15": 58.139534883720934,
        "20": 72.09302325581395
    },
    "mean_add_points_gpr": 91.37209302325581,
    "mean_budget_gpr": 40.66726227241553,
    "nr_func_modeled_gpr": 43,
    "percentage_bucket_counter_hybrid": {
        "rest": 100.0,
        "5": 37.2093023255814,
        "10": 51.162790697674424,
        "15": 58.139534883720934,
        "20": 72.09302325581395
    },
    "mean_budget_hybrid": 40.666684586320194,
    "mean_add_points_hybrid": 91.44186046511628,
    "nr_func_modeled_hybrid": 43,
    "base_point_cost": 4.704843975996465,
    "min_points": 9,
    "budget": 41.0
}