{
    "percentage_bucket_counter_full": {
        "rest": 100.0,
        "5": 32.55813953488372,
        "10": 51.162790697674424,
        "15": 65.11627906976744,
        "20": 79.06976744186046
    },
    "percentage_bucket_counter_generic": {
        "rest": 100.0,
        "5": 23.25581395348837,
        "10": 39.53488372093023,
        "15": 46.51162790697674,
        "20": 67.44186046511628
    },
    "mean_budget_generic": 55.932171842533556,
    "mean_add_points_generic": 106.04651162790698,
    "nr_func_modeled_generic": 43,
    "percentage_bucket_counter_gpr": {
        "rest": 100.0,
        "5": 37.2093023255814,
        "10": 53.48837209302325,
        "15": 60.46511627906976,
        "20": 76.74418604651163
    },
    "mean_add_points_gpr": 107.17073170731707,
    "mean_budget_gpr": 59.37487349299972,
    "nr_func_modeled_gpr": 41,
    "percentage_bucket_counter_hybrid": {
        "rest": 100.0,
        "5": 37.2093023255814,
        "10": 53.48837209302325,
        "15": 60.46511627906976,
        "20": 76.74418604651163
    },
    "mean_budget_hybrid": 59.42173645631564,
    "mean_add_points_hybrid": 106.66666666666667,
    "nr_func_modeled_hybrid": 42,
    "base_point_cost": 4.704843975996466,
    "min_points": 9,
    "budget": 60.0
}