{
    "percentage_bucket_counter_full": {
        "rest": 100.0,
        "5": 32.55813953488372,
        "10": 51.162790697674424,
        "15": 65.11627906976744,
        "20": 79.06976744186046
    },
    "percentage_bucket_counter_generic": {
        "rest": 100.0,
        "5": 9.30232558139535,
        "10": 20.930232558139537,
        "15": 23.25581395348837,
        "20": 32.55813953488372
    },
    "mean_budget_generic": 15.511756401596033,
    "mean_add_points_generic": 70.60606060606061,
    "nr_func_modeled_generic": 33,
    "percentage_bucket_counter_gpr": {
        "rest": 100.0,
        "5": 18.6046511627907,
        "10": 39.53488372093023,
        "15": 41.86046511627907,
        "20": 51.162790697674424
    },
    "mean_add_points_gpr": 56.81395348837209,
    "mean_budget_gpr": 16.836792646647893,
    "nr_func_modeled_gpr": 43,
    "percentage_bucket_counter_hybrid": {
        "rest": 100.0,
        "5": 20.930232558139537,
        "10": 44.18604651162791,
        "15": 46.51162790697674,
        "20": 55.81395348837209
    },
    "mean_budget_hybrid": 16.791803719660642,
    "mean_add_points_hybrid": 61.0,
    "nr_func_modeled_hybrid": 43,
    "base_point_cost": 4.704843975996465,
    "min_points": 9,
    "budget": 17.0
}