{
    "percentage_bucket_counter_full": {
        "rest": 100.0,
        "5": 32.55813953488372,
        "10": 51.162790697674424,
        "15": 65.11627906976744,
        "20": 79.06976744186046
    },
    "percentage_bucket_counter_generic": {
        "rest": 100.0,
        "5": 25.581395348837212,
        "10": 41.86046511627907,
        "15": 55.81395348837209,
        "20": 69.76744186046511
    },
    "mean_budget_generic": 67.2682793863138,
    "mean_add_points_generic": 112.55813953488372,
    "nr_func_modeled_generic": 43,
    "percentage_bucket_counter_gpr": {
        "rest": 100.0,
        "5": 25.581395348837212,
        "10": 51.162790697674424,
        "15": 65.11627906976744,
        "20": 74.4186046511628
    },
    "mean_add_points_gpr": 113.83720930232558,
    "mean_budget_gpr": 72.06521820236426,
    "nr_func_modeled_gpr": 43,
    "percentage_bucket_counter_hybrid": {
        "rest": 100.0,
        "5": 25.581395348837212,
        "10": 51.162790697674424,
        "15": 65.11627906976744,
        "20": 74.4186046511628
    },
    "mean_budget_hybrid": 72.07084195351771,
    "mean_add_points_hybrid": 113.88372093023256,
    "nr_func_modeled_hybrid": 43,
    "base_point_cost": 4.704843975996466,
    "min_points": 9,
    "budget": 73.0
}