{
    "percentage_bucket_counter_full": {
        "rest": 100.0,
        "5": 32.55813953488372,
        "10": 51.162790697674424,
        "15": 65.11627906976744,
        "20": 79.06976744186046
    },
    "percentage_bucket_counter_generic": {
        "rest": 100.0,
        "5": 25.581395348837212,
        "10": 39.53488372093023,
        "15": 46.51162790697674,
        "20": 62.7906976744186
    },
    "mean_budget_generic": 57.48702836124648,
    "mean_add_points_generic": 106.97674418604652,
    "nr_func_modeled_generic": 43,
    "percentage_bucket_counter_gpr": {
        "rest": 100.0,
        "5": 30.23255813953488,
        "10": 53.48837209302325,
        "15": 65.11627906976744,
        "20": 76.74418604651163
    },
    "mean_add_points_gpr": 107.48837209302326,
    "mean_budget_gpr": 61.3683599717307,
    "nr_func_modeled_gpr": 43,
    "percentage_bucket_counter_hybrid": {
        "rest": 100.0,
        "5": 32.55813953488372,
        "10": 53.48837209302325,
        "15": 65.11627906976744,
        "20": 76.74418604651163
    },
    "mean_budget_hybrid": 61.365504938078786,
    "mean_add_points_hybrid": 107.51162790697674,
    "nr_func_modeled_hybrid": 43,
    "base_point_cost": 4.704843975996465,
    "min_points": 9,
    "budget": 62.0
}