{
    "percentage_bucket_counter_full": {
        "rest": 100.0,
        "5": 32.55813953488372,
        "10": 51.162790697674424,
        "15": 65.11627906976744,
        "20": 79.06976744186046
    },
    "percentage_bucket_counter_generic": {
        "rest": 100.0,
        "5": 25.581395348837212,
        "10": 37.2093023255814,
        "15": 39.53488372093023,
        "20": 46.51162790697674
    },
    "mean_budget_generic": 25.049738911605996,
    "mean_add_points_generic": 77.85714285714286,
    "nr_func_modeled_generic": 42,
    "percentage_bucket_counter_gpr": {
        "rest": 100.0,
        "5": 37.2093023255814,
        "10": 41.86046511627907,
        "15": 51.162790697674424,
        "20": 62.7906976744186
    },
    "mean_add_points_gpr": 72.32558139534883,
    "mean_budget_gpr": 26.78422786544951,
    "nr_func_modeled_gpr": 43,
    "percentage_bucket_counter_hybrid": {
        "rest": 100.0,
        "5": 37.2093023255814,
        "10": 44.18604651162791,
        "15": 51.162790697674424,
        "20": 60.46511627906976
    },
    "mean_budget_hybrid": 26.752051300477227,
    "mean_add_points_hybrid": 73.65116279069767,
    "nr_func_modeled_hybrid": 43,
    "base_point_cost": 4.704843975996465,
    "min_points": 9,
    "budget": 27.0
}