{
    "percentage_bucket_counter_full": {
        "rest": 100.0,
        "5": 32.55813953488372,
        "10": 51.162790697674424,
        "15": 65.11627906976744,
        "20": 79.06976744186046
    },
    "percentage_bucket_counter_generic": {
        "rest": 100.0,
        "5": 11.627906976744185,
        "10": 23.25581395348837,
        "15": 27.906976744186046,
        "20": 34.883720930232556
    },
    "mean_budget_generic": 17.639195213083823,
    "mean_add_points_generic": 73.52941176470588,
    "nr_func_modeled_generic": 34,
    "percentage_bucket_counter_gpr": {
        "rest": 100.0,
        "5": 25.581395348837212,
        "10": 48.837209302325576,
        "15": 53.48837209302325,
        "20": 55.81395348837209
    },
    "mean_add_points_gpr": 59.95348837209303,
    "mean_budget_gpr": 18.87335531392876,
    "nr_func_modeled_gpr": 43,
    "percentage_bucket_counter_hybrid": {
        "rest": 100.0,
        "5": 25.581395348837212,
        "10": 46.51162790697674,
        "15": 53.48837209302325,
        "20": 55.81395348837209
    },
    "mean_budget_hybrid": 18.852345693542325,
    "mean_add_points_hybrid": 64.11627906976744,
    "nr_func_modeled_hybrid": 43,
    "base_point_cost": 4.704843975996465,
    "min_points": 9,
    "budget": 19.0
}