{
    "percentage_bucket_counter_full": {
        "rest": 100.0,
        "5": 32.55813953488372,
        "10": 51.162790697674424,
        "15": 65.11627906976744,
        "20": 79.06976744186046
    },
    "percentage_bucket_counter_generic": {
        "rest": 100.0,
        "5": 25.581395348837212,
        "10": 41.86046511627907,
        "15": 55.81395348837209,
        "20": 65.11627906976744
    },
    "mean_budget_generic": 64.79803619935551,
    "mean_add_points_generic": 111.16279069767442,
    "nr_func_modeled_generic": 43,
    "percentage_bucket_counter_gpr": {
        "rest": 100.0,
        "5": 27.906976744186046,
        "10": 51.162790697674424,
        "15": 62.7906976744186,
        "20": 69.76744186046511
    },
    "mean_add_points_gpr": 112.38095238095238,
    "mean_budget_gpr": 69.19283594419497,
    "nr_func_modeled_gpr": 42,
    "percentage_bucket_counter_hybrid": {
        "rest": 100.0,
        "5": 27.906976744186046,
        "10": 51.162790697674424,
        "15": 65.11627906976744,
        "20": 72.09302325581395
    },
    "mean_budget_hybrid": 69.18137080740884,
    "mean_add_points_hybrid": 112.37209302325581,
    "nr_func_modeled_hybrid": 43,
    "base_point_cost": 4.704843975996465,
    "min_points": 9,
    "budget": 70.0
}