{
    "percentage_bucket_counter_full": {
        "rest": 100.0,
        "5": 32.55813953488372,
        "10": 51.162790697674424,
        "15": 65.11627906976744,
        "20": 79.06976744186046
    },
    "percentage_bucket_counter_generic": {
        "rest": 100.0,
        "5": 25.581395348837212,
        "10": 41.86046511627907,
        "15": 55.81395348837209,
        "20": 65.11627906976744
    },
    "mean_budget_generic": 65.49677467586844,
    "mean_add_points_generic": 111.62790697674419,
    "nr_func_modeled_generic": 43,
    "percentage_bucket_counter_gpr": {
        "rest": 100.0,
        "5": 25.581395348837212,
        "10": 53.48837209302325,
        "15": 65.11627906976744,
        "20": 72.09302325581395
    },
    "mean_add_points_gpr": 112.88372093023256,
    "mean_budget_gpr": 70.16431822722396,
    "nr_func_modeled_gpr": 43,
    "percentage_bucket_counter_hybrid": {
        "rest": 100.0,
        "5": 25.581395348837212,
        "10": 51.162790697674424,
        "15": 65.11627906976744,
        "20": 74.4186046511628
    },
    "mean_budget_hybrid": 70.14377605475273,
    "mean_add_points_hybrid": 112.88372093023256,
    "nr_func_modeled_hybrid": 43,
    "base_point_cost": 4.704843975996465,
    "min_points": 9,
    "budget": 71.0
}