{
    "percentage_bucket_counter_full": {
        "rest": 100.0,
        "5": 32.55813953488372,
        "10": 51.162790697674424,
        "15": 65.11627906976744,
        "20": 79.06976744186046
    },
    "percentage_bucket_counter_generic": {
        "rest": 100.0,
        "5": 25.581395348837212,
        "10": 34.883720930232556,
        "15": 39.53488372093023,
        "20": 46.51162790697674
    },
    "mean_budget_generic": 27.80767513874947,
    "mean_add_points_generic": 81.78571428571429,
    "nr_func_modeled_generic": 42,
    "percentage_bucket_counter_gpr": {
        "rest": 100.0,
        "5": 37.2093023255814,
        "10": 46.51162790697674,
        "15": 53.48837209302325,
        "20": 65.11627906976744
    },
    "mean_add_points_gpr": 77.48837209302326,
    "mean_budget_gpr": 29.742453469544973,
    "nr_func_modeled_gpr": 43,
    "percentage_bucket_counter_hybrid": {
        "rest": 100.0,
        "5": 39.53488372093023,
        "10": 48.837209302325576,
        "15": 53.48837209302325,
        "20": 65.11627906976744
    },
    "mean_budget_hybrid": 29.725693268674725,
    "mean_add_points_hybrid": 77.83720930232558,
    "nr_func_modeled_hybrid": 43,
    "base_point_cost": 4.704843975996465,
    "min_points": 9,
    "budget": 30.0
}