{
    "percentage_bucket_counter_full": {
        "rest": 100.0,
        "5": 57.14285714285714,
        "10": 78.57142857142857,
        "15": 85.71428571428571,
        "20": 92.85714285714286
    },
    "percentage_bucket_counter_generic": {
        "rest": 100.0,
        "5": 7.142857142857142,
        "10": 7.142857142857142,
        "15": 7.142857142857142,
        "20": 7.142857142857142
    },
    "mean_budget_generic": 5.229224877605736,
    "mean_add_points_generic": 18.0,
    "nr_func_modeled_generic": 2,
    "percentage_bucket_counter_gpr": {
        "rest": 100.0,
        "5": 28.57142857142857,
        "10": 28.57142857142857,
        "15": 35.714285714285715,
        "20": 50.0
    },
    "mean_add_points_gpr": 9.0,
    "mean_budget_gpr": 8.791839529489142,
    "nr_func_modeled_gpr": 14,
    "percentage_bucket_counter_hybrid": {
        "rest": 100.0,
        "5": 28.57142857142857,
        "10": 28.57142857142857,
        "15": 35.714285714285715,
        "20": 50.0
    },
    "mean_budget_hybrid": 8.791839529489142,
    "mean_add_points_hybrid": 9.0,
    "nr_func_modeled_hybrid": 14,
    "percentage_bucket_counter_grid": {
        "rest": 100.0,
        "5": 7.142857142857142,
        "10": 7.142857142857142,
        "15": 7.142857142857142,
        "20": 7.142857142857142
    },
    "mean_budget_grid": 6.718622691810482,
    "mean_add_points_grid": 34.0,
    "nr_func_modeled_grid": 2,
    "percentage_bucket_counter_random": {
        "rest": 100.0,
        "5": 7.142857142857142,
        "10": 7.142857142857142,
        "15": 7.142857142857142,
        "20": 7.142857142857142
    },
    "mean_budget_random": 8.415260660708647,
    "mean_add_points_random": 35.0,
    "nr_func_modeled_random": 2,
    "percentage_bucket_counter_bayesian": {
        "rest": 100.0,
        "5": 28.57142857142857,
        "10": 57.14285714285714,
        "15": 57.14285714285714,
        "20": 57.14285714285714
    },
    "mean_budget_bayesian": 15.363758176341088,
    "mean_add_points_bayesian": 22.583333333333332,
    "nr_func_modeled_bayesian": 12,
    "base_point_cost": 8.791839529489142,
    "min_points": 9,
    "budget": 17.0
}