{
    "percentage_bucket_counter_full": {
        "rest": 100.0,
        "5": 57.14285714285714,
        "10": 78.57142857142857,
        "15": 85.71428571428571,
        "20": 92.85714285714286
    },
    "percentage_bucket_counter_generic": {
        "rest": 100.0,
        "5": 28.57142857142857,
        "10": 28.57142857142857,
        "15": 28.57142857142857,
        "20": 64.28571428571429
    },
    "mean_budget_generic": 17.591194115354543,
    "mean_add_points_generic": 18.0,
    "nr_func_modeled_generic": 14,
    "percentage_bucket_counter_gpr": {
        "rest": 100.0,
        "5": 28.57142857142857,
        "10": 28.57142857142857,
        "15": 35.714285714285715,
        "20": 50.0
    },
    "mean_add_points_gpr": 9.0,
    "mean_budget_gpr": 8.791839529489144,
    "nr_func_modeled_gpr": 14,
    "percentage_bucket_counter_hybrid": {
        "rest": 100.0,
        "5": 28.57142857142857,
        "10": 28.57142857142857,
        "15": 35.714285714285715,
        "20": 50.0
    },
    "mean_budget_hybrid": 8.791839529489144,
    "mean_add_points_hybrid": 9.0,
    "nr_func_modeled_hybrid": 14,
    "percentage_bucket_counter_grid": {
        "rest": 100.0,
        "5": 28.57142857142857,
        "10": 28.57142857142857,
        "15": 28.57142857142857,
        "20": 64.28571428571429
    },
    "mean_budget_grid": 22.021461485872756,
    "mean_add_points_grid": 21.53846153846154,
    "nr_func_modeled_grid": 13,
    "percentage_bucket_counter_random": {
        "rest": 100.0,
        "5": 28.57142857142857,
        "10": 28.57142857142857,
        "15": 28.57142857142857,
        "20": 64.28571428571429
    },
    "mean_budget_random": 27.49812291480955,
    "mean_add_points_random": 24.357142857142858,
    "nr_func_modeled_random": 14,
    "percentage_bucket_counter_bayesian": {
        "rest": 100.0,
        "5": 57.14285714285714,
        "10": 71.42857142857143,
        "15": 78.57142857142857,
        "20": 85.71428571428571
    },
    "mean_budget_bayesian": 29.992673329475426,
    "mean_add_points_bayesian": 30.714285714285715,
    "nr_func_modeled_bayesian": 14,
    "base_point_cost": 8.791839529489144,
    "min_points": 9,
    "budget": 33.0
}