{
    "percentage_bucket_counter_full": {
        "rest": 100.0,
        "5": 77.77777777777779,
        "10": 90.27777777777779,
        "15": 97.22222222222221,
        "20": 100.0
    },
    "percentage_bucket_counter_gpr": {
        "rest": 100.0,
        "5": 62.745098039215684,
        "10": 78.43137254901961,
        "15": 94.11764705882352,
        "20": 98.0392156862745
    },
    "percentage_bucket_counter_hybrid": {
        "rest": 100.0,
        "5": 62.5,
        "10": 80.35714285714286,
        "15": 94.64285714285714,
        "20": 98.21428571428571
    },
    "mean_budget_generic": 0.5505606578279907,
    "percentage_bucket_counter_generic": {
        "rest": 100.0,
        "5": 62.5,
        "10": 79.16666666666666,
        "15": 91.66666666666666,
        "20": 95.83333333333334
    },
    "mean_add_points_generic": 55.0,
    "mean_add_points_gpr": 57.35294117647059,
    "mean_budget_gpr": 0.5845657258538707,
    "mean_budget_hybrid": 0.5850701844244421,
    "mean_add_points_hybrid": 56.232142857142854,
    "point_map_generic": {
        "(4, 10)": 1.0,
        "(4, 20)": 2.0,
        "(4, 30)": 3.0,
        "(4, 40)": 4.0,
        "(4, 50)": 5.0,
        "(8, 10)": 6.0,
        "(8, 20)": 9.944444444444445,
        "(8, 30)": 10.30379746835443,
        "(8, 40)": 12.134615384615385,
        "(8, 50)": 13.55,
        "(16, 10)": 7.0,
        "(16, 20)": 12.947368421052632,
        "(16, 30)": 13.127659574468085,
        "(16, 40)": 16.0,
        "(16, 50)": 17.0,
        "(32, 10)": 8.0,
        "(32, 20)": 15.2,
        "(32, 30)": 8.0,
        "(32, 40)": 0,
        "(32, 50)": 0,
        "(64, 10)": 9.0,
        "(64, 20)": 9.0,
        "(64, 30)": 9.0,
        "(64, 40)": 0,
        "(64, 50)": 0
    },
    "base_point_cost": 0.3403528231507452,
    "min_points": 9,
    "budget": 0.6
}