{
    "percentage_bucket_counter_full": {
        "rest": 100.0,
        "5": 87.0,
        "10": 94.5,
        "15": 97.89999999999999,
        "20": 99.9
    },
    "percentage_bucket_counter_gpr": {
        "rest": 100.0,
        "5": 85.78578578578579,
        "10": 94.69469469469469,
        "15": 97.997997997998,
        "20": 100.0
    },
    "percentage_bucket_counter_hybrid": {
        "rest": 100.0,
        "5": 85.78578578578579,
        "10": 94.69469469469469,
        "15": 97.997997997998,
        "20": 100.0
    },
    "mean_budget_generic": 35.181404099695065,
    "percentage_bucket_counter_generic": {
        "rest": 100.0,
        "5": 84.8,
        "10": 93.2,
        "15": 96.8,
        "20": 99.1
    },
    "mean_add_points_generic": 86.872,
    "mean_add_points_gpr": 88.44844844844845,
    "mean_budget_gpr": 42.12410009451607,
    "mean_budget_hybrid": 42.12241362332973,
    "mean_add_points_hybrid": 88.44944944944945,
    "point_map_generic": {
        "(4, 10)": 1.0,
        "(4, 20)": 2.0,
        "(4, 30)": 3.0,
        "(4, 40)": 4.0,
        "(4, 50)": 5.0,
        "(8, 10)": 6.072,
        "(8, 20)": 10.015,
        "(8, 30)": 11.057,
        "(8, 40)": 12.383,
        "(8, 50)": 13.767,
        "(16, 10)": 7.084,
        "(16, 20)": 13.185,
        "(16, 30)": 14.717,
        "(16, 40)": 16.287,
        "(16, 50)": 17.582,
        "(32, 10)": 8.06841046277666,
        "(32, 20)": 17.16,
        "(32, 30)": 18.711422845691384,
        "(32, 40)": 20.18663838812301,
        "(32, 50)": 21.19573400250941,
        "(64, 10)": 9.0,
        "(64, 20)": 21.0,
        "(64, 30)": 22.440111420612812,
        "(64, 40)": 24.0,
        "(64, 50)": 0
    },
    "base_point_cost": 4.430197258864756,
    "min_points": 9,
    "budget": 44.0
}