{
    "percentage_bucket_counter_full": {
        "rest": 100.0,
        "5": 87.0,
        "10": 94.5,
        "15": 97.89999999999999,
        "20": 99.9
    },
    "percentage_bucket_counter_gpr": {
        "rest": 100.0,
        "5": 86.68668668668668,
        "10": 94.7947947947948,
        "15": 97.8978978978979,
        "20": 99.8998998998999
    },
    "percentage_bucket_counter_hybrid": {
        "rest": 100.0,
        "5": 86.68668668668668,
        "10": 94.7947947947948,
        "15": 97.8978978978979,
        "20": 99.8998998998999
    },
    "mean_budget_generic": 47.62184547005385,
    "percentage_bucket_counter_generic": {
        "rest": 100.0,
        "5": 84.6,
        "10": 94.0,
        "15": 97.3,
        "20": 99.5
    },
    "mean_add_points_generic": 90.264,
    "mean_add_points_gpr": 91.71371371371372,
    "mean_budget_gpr": 54.62958223153268,
    "mean_budget_hybrid": 54.623614342888175,
    "mean_add_points_hybrid": 91.71171171171171,
    "point_map_generic": {
        "(4, 10)": 1.0,
        "(4, 20)": 2.0,
        "(4, 30)": 3.0,
        "(4, 40)": 4.0,
        "(4, 50)": 5.0,
        "(8, 10)": 6.072,
        "(8, 20)": 10.015,
        "(8, 30)": 11.057,
        "(8, 40)": 12.383,
        "(8, 50)": 13.767,
        "(16, 10)": 7.084,
        "(16, 20)": 13.185,
        "(16, 30)": 14.717,
        "(16, 40)": 16.287,
        "(16, 50)": 17.582,
        "(32, 10)": 8.146,
        "(32, 20)": 17.16,
        "(32, 30)": 18.712,
        "(32, 40)": 20.219,
        "(32, 50)": 21.229166666666668,
        "(64, 10)": 9.0,
        "(64, 20)": 21.298826040554964,
        "(64, 30)": 22.527491408934708,
        "(64, 40)": 24.0,
        "(64, 50)": 0
    },
    "base_point_cost": 4.430197258864756,
    "min_points": 9,
    "budget": 57.0
}