{
    "percentage_bucket_counter_full": {
        "rest": 100.0,
        "5": 85.98484848484848,
        "10": 92.61363636363636,
        "15": 97.1590909090909,
        "20": 99.81060606060606
    },
    "percentage_bucket_counter_gpr": {
        "rest": 100.0,
        "5": 83.0078125,
        "10": 86.71875,
        "15": 93.5546875,
        "20": 95.8984375
    },
    "percentage_bucket_counter_hybrid": {
        "rest": 100.0,
        "5": 82.97872340425532,
        "10": 86.65377176015474,
        "15": 93.42359767891682,
        "20": 95.74468085106383
    },
    "mean_budget_generic": 6.9482113518319215,
    "percentage_bucket_counter_generic": {
        "rest": 100.0,
        "5": 81.06060606060606,
        "10": 84.84848484848484,
        "15": 91.66666666666666,
        "20": 94.31818181818183
    },
    "mean_add_points_generic": 69.22727272727273,
    "mean_add_points_gpr": 70.857421875,
    "mean_budget_gpr": 7.735164283447876,
    "mean_budget_hybrid": 7.733143299743258,
    "mean_add_points_hybrid": 70.67311411992263,
    "point_map_generic": {
        "(4, 10)": 1.0,
        "(4, 20)": 2.0,
        "(4, 30)": 3.0,
        "(4, 40)": 4.0,
        "(4, 50)": 5.0,
        "(8, 10)": 6.0,
        "(8, 20)": 9.992307692307692,
        "(8, 30)": 10.97979797979798,
        "(8, 40)": 12.167431192660551,
        "(8, 50)": 13.404157043879907,
        "(16, 10)": 7.0,
        "(16, 20)": 13.167355371900827,
        "(16, 30)": 14.762790697674419,
        "(16, 40)": 16.214646464646464,
        "(16, 50)": 17.366477272727273,
        "(32, 10)": 8.0,
        "(32, 20)": 17.06149732620321,
        "(32, 30)": 18.49812734082397,
        "(32, 40)": 20.02013422818792,
        "(32, 50)": 21.0,
        "(64, 10)": 9.0,
        "(64, 20)": 20.022727272727273,
        "(64, 30)": 9.0,
        "(64, 40)": 0,
        "(64, 50)": 0
    },
    "base_point_cost": 2.743793445752449,
    "min_points": 9,
    "budget": 8.0
}