{
    "percentage_bucket_counter_full": {
        "rest": 100.0,
        "5": 87.0,
        "10": 94.5,
        "15": 97.89999999999999,
        "20": 99.9
    },
    "percentage_bucket_counter_gpr": {
        "rest": 100.0,
        "5": 85.68568568568568,
        "10": 94.09409409409409,
        "15": 97.3973973973974,
        "20": 99.4994994994995
    },
    "percentage_bucket_counter_hybrid": {
        "rest": 100.0,
        "5": 85.68568568568568,
        "10": 94.09409409409409,
        "15": 97.3973973973974,
        "20": 99.4994994994995
    },
    "mean_budget_generic": 30.088809978332183,
    "percentage_bucket_counter_generic": {
        "rest": 100.0,
        "5": 85.1,
        "10": 92.80000000000001,
        "15": 96.7,
        "20": 98.7
    },
    "mean_add_points_generic": 84.512,
    "mean_add_points_gpr": 85.7967967967968,
    "mean_budget_gpr": 34.4125975576399,
    "mean_budget_hybrid": 34.41292832825284,
    "mean_add_points_hybrid": 85.7997997997998,
    "point_map_generic": {
        "(4, 10)": 1.0,
        "(4, 20)": 2.0,
        "(4, 30)": 3.0,
        "(4, 40)": 4.0,
        "(4, 50)": 5.0,
        "(8, 10)": 6.072,
        "(8, 20)": 10.015,
        "(8, 30)": 11.057,
        "(8, 40)": 12.383,
        "(8, 50)": 13.767,
        "(16, 10)": 7.084,
        "(16, 20)": 13.185,
        "(16, 30)": 14.717,
        "(16, 40)": 16.287,
        "(16, 50)": 17.570281124497992,
        "(32, 10)": 8.04233870967742,
        "(32, 20)": 17.142857142857142,
        "(32, 30)": 18.699059561128525,
        "(32, 40)": 20.13195342820181,
        "(32, 50)": 21.192419825072886,
        "(64, 10)": 9.0,
        "(64, 20)": 20.91860465116279,
        "(64, 30)": 22.206008583690988,
        "(64, 40)": 0,
        "(64, 50)": 0
    },
    "base_point_cost": 4.430197258864756,
    "min_points": 9,
    "budget": 36.0
}