{
    "percentage_bucket_counter_full": {
        "rest": 100.0,
        "5": 86.98698698698699,
        "10": 94.49449449449449,
        "15": 97.8978978978979,
        "20": 99.8998998998999
    },
    "percentage_bucket_counter_gpr": {
        "rest": 100.0,
        "5": 85.94377510040161,
        "10": 94.67871485943775,
        "15": 97.99196787148594,
        "20": 100.0
    },
    "percentage_bucket_counter_hybrid": {
        "rest": 100.0,
        "5": 85.94377510040161,
        "10": 94.67871485943775,
        "15": 97.99196787148594,
        "20": 100.0
    },
    "mean_budget_generic": 41.40525356625532,
    "percentage_bucket_counter_generic": {
        "rest": 100.0,
        "5": 84.78478478478479,
        "10": 93.7937937937938,
        "15": 97.09709709709709,
        "20": 99.2992992992993
    },
    "mean_add_points_generic": 88.74874874874875,
    "mean_add_points_gpr": 90.09738955823293,
    "mean_budget_gpr": 48.041572066564015,
    "mean_budget_hybrid": 48.04118629490642,
    "mean_add_points_hybrid": 90.09839357429719,
    "point_map_generic": {
        "(4, 10)": 1.0,
        "(4, 20)": 2.0,
        "(4, 30)": 3.0,
        "(4, 40)": 4.0,
        "(4, 50)": 5.0,
        "(8, 10)": 6.072,
        "(8, 20)": 10.015,
        "(8, 30)": 11.057,
        "(8, 40)": 12.383,
        "(8, 50)": 13.767,
        "(16, 10)": 7.084,
        "(16, 20)": 13.185,
        "(16, 30)": 14.717,
        "(16, 40)": 16.287,
        "(16, 50)": 17.582,
        "(32, 10)": 8.133133133133134,
        "(32, 20)": 17.16,
        "(32, 30)": 18.712,
        "(32, 40)": 20.21921921921922,
        "(32, 50)": 21.192216981132077,
        "(64, 10)": 9.0,
        "(64, 20)": 21.210589651022865,
        "(64, 30)": 22.491701244813278,
        "(64, 40)": 24.0,
        "(64, 50)": 0
    },
    "base_point_cost": 4.430197258864756,
    "min_points": 9,
    "budget": 50.0
}