{
    "percentage_bucket_counter_random": {
        "rest": 100.0,
        "5": 80.80000000000001,
        "10": 95.6,
        "15": 98.1,
        "20": 99.7
    },
    "mean_budget_random": 42.166309999999996,
    "mean_add_points_random": 239.869,
    "nr_func_modeled_random": 1000,
    "percentage_bucket_counter_grid": {
        "rest": 100.0,
        "5": 62.8,
        "10": 87.1,
        "15": 94.19999999999999,
        "20": 97.7
    },
    "mean_budget_grid": 40.53371217321955,
    "mean_add_points_grid": 120.1,
    "nr_func_modeled_grid": 1000,
    "percentage_bucket_counter_bayesian": {
        "rest": 100.0,
        "5": 71.6,
        "10": 90.3,
        "15": 95.3,
        "20": 97.5
    },
    "mean_budget_bayesian": 42.79080990583192,
    "mean_add_points_bayesian": 439.16515609264854,
    "nr_func_modeled_bayesian": 993,
    "percentage_bucket_counter_full": {
        "rest": 100.0,
        "5": 87.0,
        "10": 96.0,
        "15": 98.4,
        "20": 99.6
    },
    "percentage_bucket_counter_generic": {
        "rest": 100.0,
        "5": 74.2,
        "10": 91.9,
        "15": 96.7,
        "20": 98.3
    },
    "mean_budget_generic": 41.21641374083817,
    "mean_add_points_generic": 442.5450901803607,
    "nr_func_modeled_generic": 998,
    "percentage_bucket_counter_gpr": {
        "rest": 100.0,
        "5": 79.4,
        "10": 95.1,
        "15": 98.0,
        "20": 99.3
    },
    "mean_add_points_gpr": 443.6683366733467,
    "mean_budget_gpr": 42.61914884926459,
    "nr_func_modeled_gpr": 998,
    "percentage_bucket_counter_hybrid": {
        "rest": 100.0,
        "5": 79.4,
        "10": 95.1,
        "15": 98.0,
        "20": 99.3
    },
    "mean_budget_hybrid": 42.61914884926459,
    "mean_add_points_hybrid": 443.6683366733467,
    "nr_func_modeled_hybrid": 998,
    "point_map_generic": {
        "(4, 10, 1000)": 1.617,
        "(4, 10, 2000)": 9.716,
        "(4, 10, 3000)": 10.88,
        "(4, 10, 4000)": 12.297,
        "(4, 10, 5000)": 12.679,
        "(4, 20, 1000)": 3.423,
        "(4, 20, 2000)": 13.759,
        "(4, 20, 3000)": 15.902,
        "(4, 20, 4000)": 19.435,
        "(4, 20, 5000)": 22.506,
        "(4, 30, 1000)": 5.143,
        "(4, 30, 2000)": 17.645,
        "(4, 30, 3000)": 22.065,
        "(4, 30, 4000)": 26.304,
        "(4, 30, 5000)": 29.618,
        "(4, 40, 1000)": 7.272,
        "(4, 40, 2000)": 21.396,
        "(4, 40, 3000)": 25.783,
        "(4, 40, 4000)": 32.717,
        "(4, 40, 5000)": 34.417,
        "(4, 50, 1000)": 9.147,
        "(4, 50, 2000)": 26.827,
        "(4, 50, 3000)": 31.337,
        "(4, 50, 4000)": 38.385,
        "(4, 50, 5000)": 42.085,
        "(8, 10, 1000)": 9.383,
        "(8, 10, 2000)": 22.338,
        "(8, 10, 3000)": 25.625,
        "(8, 10, 4000)": 31.159,
        "(8, 10, 5000)": 32.927,
        "(8, 20, 1000)": 20.752,
        "(8, 20, 2000)": 30.81,
        "(8, 20, 3000)": 36.504,
        "(8, 20, 4000)": 39.487,
        "(8, 20, 5000)": 43.163,
        "(8, 30, 1000)": 30.669,
        "(8, 30, 2000)": 37.296,
        "(8, 30, 3000)": 44.527,
        "(8, 30, 4000)": 48.716,
        "(8, 30, 5000)": 53.239,
        "(8, 40, 1000)": 36.378,
        "(8, 40, 2000)": 45.837,
        "(8, 40, 3000)": 50.412,
        "(8, 40, 4000)": 56.183,
        "(8, 40, 5000)": 58.293,
        "(8, 50, 1000)": 42.623,
        "(8, 50, 2000)": 50.196,
        "(8, 50, 3000)": 57.767,
        "(8, 50, 4000)": 59.361,
        "(8, 50, 5000)": 64.247,
        "(16, 10, 1000)": 16.175,
        "(16, 10, 2000)": 41.734,
        "(16, 10, 3000)": 47.377,
        "(16, 10, 4000)": 51.488,
        "(16, 10, 5000)": 51.698,
        "(16, 20, 1000)": 40.536,
        "(16, 20, 2000)": 51.349,
        "(16, 20, 3000)": 59.784,
        "(16, 20, 4000)": 62.944,
        "(16, 20, 5000)": 66.803,
        "(16, 30, 1000)": 51.522,
        "(16, 30, 2000)": 60.92,
        "(16, 30, 3000)": 68.886,
        "(16, 30, 4000)": 71.878,
        "(16, 30, 5000)": 73.779,
        "(16, 40, 1000)": 58.786,
        "(16, 40, 2000)": 70.126,
        "(16, 40, 3000)": 73.954,
        "(16, 40, 4000)": 78.986,
        "(16, 40, 5000)": 80.093,
        "(16, 50, 1000)": 67.296,
        "(16, 50, 2000)": 73.473,
        "(16, 50, 3000)": 78.856,
        "(16, 50, 4000)": 84.701,
        "(16, 50, 5000)": 86.562,
        "(32, 10, 1000)": 22.707,
        "(32, 10, 2000)": 66.765,
        "(32, 10, 3000)": 69.591,
        "(32, 10, 4000)": 77.04012036108325,
        "(32, 10, 5000)": 71.3061224489796,
        "(32, 20, 1000)": 59.077,
        "(32, 20, 2000)": 77.391,
        "(32, 20, 3000)": 84.194,
        "(32, 20, 4000)": 85.807,
        "(32, 20, 5000)": 91.89203354297693,
        "(32, 30, 1000)": 76.705,
        "(32, 30, 2000)": 85.892,
        "(32, 30, 3000)": 89.798,
        "(32, 30, 4000)": 95.9918200408998,
        "(32, 30, 5000)": 98.67827004219409,
        "(32, 40, 1000)": 83.29819277108433,
        "(32, 40, 2000)": 92.0640243902439,
        "(32, 40, 3000)": 96.15283400809717,
        "(32, 40, 4000)": 102.0293453724605,
        "(32, 40, 5000)": 101.93689839572193,
        "(32, 50, 1000)": 87.2242355605889,
        "(32, 50, 2000)": 96.8344827586207,
        "(32, 50, 3000)": 100.96403712296984,
        "(32, 50, 4000)": 101.66439135381115,
        "(32, 50, 5000)": 106.34952766531714,
        "(64, 10, 1000)": 26.75748194014448,
        "(64, 10, 2000)": 85.73691654879774,
        "(64, 10, 3000)": 92.09630606860158,
        "(64, 10, 4000)": 94.88833333333334,
        "(64, 10, 5000)": 87.40225563909775,
        "(64, 20, 1000)": 79.41048034934498,
        "(64, 20, 2000)": 99.43065693430657,
        "(64, 20, 3000)": 104.90088495575222,
        "(64, 20, 4000)": 107.92778649921507,
        "(64, 20, 5000)": 109.6216814159292,
        "(64, 30, 1000)": 95.92163543441227,
        "(64, 30, 2000)": 107.09683426443203,
        "(64, 30, 3000)": 113.58891454965358,
        "(64, 30, 4000)": 112.90598290598291,
        "(64, 30, 5000)": 117.61714285714285,
        "(64, 40, 1000)": 100.32934131736526,
        "(64, 40, 2000)": 111.64563106796116,
        "(64, 40, 3000)": 117.42435424354244,
        "(64, 40, 4000)": 114.48101265822785,
        "(64, 40, 5000)": 106.9076923076923,
        "(64, 50, 1000)": 102.20166666666667,
        "(64, 50, 2000)": 113.56902356902357,
        "(64, 50, 3000)": 118.58095238095238,
        "(64, 50, 4000)": 0,
        "(64, 50, 5000)": 0
    },
    "base_point_cost": 0.8019957405575612,
    "min_points": 13,
    "budget": 43.0
}