{
    "percentage_bucket_counter_random": {
        "rest": 100.0,
        "5": 11.799999999999999,
        "10": 22.0,
        "15": 30.4,
        "20": 35.0
    },
    "mean_budget_random": 0.26944263337232693,
    "mean_add_points_random": 57.99082568807339,
    "nr_func_modeled_random": 436,
    "percentage_bucket_counter_grid": {
        "rest": 100.0,
        "5": 5.2,
        "10": 11.1,
        "15": 14.7,
        "20": 18.8
    },
    "mean_budget_grid": 0.3481452899426445,
    "mean_add_points_grid": 60.578088578088575,
    "nr_func_modeled_grid": 429,
    "percentage_bucket_counter_bayesian": {
        "rest": 100.0,
        "5": 10.5,
        "10": 15.7,
        "15": 17.2,
        "20": 18.5
    },
    "mean_budget_bayesian": 0.49876141134284463,
    "mean_add_points_bayesian": 246.9433962264151,
    "nr_func_modeled_bayesian": 212,
    "percentage_bucket_counter_full": {
        "rest": 100.0,
        "5": 87.0,
        "10": 96.0,
        "15": 98.4,
        "20": 99.6
    },
    "percentage_bucket_counter_generic": {
        "rest": 100.0,
        "5": 14.6,
        "10": 23.599999999999998,
        "15": 28.1,
        "20": 30.599999999999998
    },
    "mean_budget_generic": 0.4830580699453286,
    "mean_add_points_generic": 264.86021505376345,
    "nr_func_modeled_generic": 372,
    "percentage_bucket_counter_gpr": {
        "rest": 100.0,
        "5": 20.9,
        "10": 28.7,
        "15": 33.2,
        "20": 35.8
    },
    "mean_add_points_gpr": 257.23130841121497,
    "mean_budget_gpr": 0.4961710126517401,
    "nr_func_modeled_gpr": 428,
    "percentage_bucket_counter_hybrid": {
        "rest": 100.0,
        "5": 20.8,
        "10": 28.599999999999998,
        "15": 33.1,
        "20": 35.6
    },
    "mean_budget_hybrid": 0.4961671659165443,
    "mean_add_points_hybrid": 257.73770491803276,
    "nr_func_modeled_hybrid": 427,
    "point_map_generic": {
        "(4, 10, 1000)": 1.6006006006006006,
        "(4, 10, 2000)": 9.64089521871821,
        "(4, 10, 3000)": 10.665987780040734,
        "(4, 10, 4000)": 12.09368635437882,
        "(4, 10, 5000)": 12.337741607324517,
        "(4, 20, 1000)": 2.0822368421052633,
        "(4, 20, 2000)": 13.033663366336633,
        "(4, 20, 3000)": 15.781632653061225,
        "(4, 20, 4000)": 20.48329621380846,
        "(4, 20, 5000)": 23.952595936794584,
        "(4, 30, 1000)": 3.079034028540066,
        "(4, 30, 2000)": 16.5979381443299,
        "(4, 30, 3000)": 21.865096359743042,
        "(4, 30, 4000)": 28.450236966824644,
        "(4, 30, 5000)": 32.165841584158414,
        "(4, 40, 1000)": 4.125137211855105,
        "(4, 40, 2000)": 20.238095238095237,
        "(4, 40, 3000)": 26.45986984815618,
        "(4, 40, 4000)": 34.31909547738694,
        "(4, 40, 5000)": 37.74278215223097,
        "(4, 50, 1000)": 5.15257958287596,
        "(4, 50, 2000)": 24.38235294117647,
        "(4, 50, 3000)": 30.83747178329571,
        "(4, 50, 4000)": 38.99197860962567,
        "(4, 50, 5000)": 42.51445086705202,
        "(8, 10, 1000)": 6.145754119138149,
        "(8, 10, 2000)": 19.10672853828306,
        "(8, 10, 3000)": 23.552693208430913,
        "(8, 10, 4000)": 28.5622009569378,
        "(8, 10, 5000)": 27.511201629327903,
        "(8, 20, 1000)": 17.176043557168786,
        "(8, 20, 2000)": 29.856470588235293,
        "(8, 20, 3000)": 37.38292682926829,
        "(8, 20, 4000)": 42.020725388601036,
        "(8, 20, 5000)": 45.556497175141246,
        "(8, 30, 1000)": 26.721698113207548,
        "(8, 30, 2000)": 37.898058252427184,
        "(8, 30, 3000)": 46.657754010695186,
        "(8, 30, 4000)": 51.06687898089172,
        "(8, 30, 5000)": 54.879858657243815,
        "(8, 40, 1000)": 31.345588235294116,
        "(8, 40, 2000)": 44.25265957446808,
        "(8, 40, 3000)": 51.855345911949684,
        "(8, 40, 4000)": 56.67399267399267,
        "(8, 40, 5000)": 60.03347280334728,
        "(8, 50, 1000)": 35.627848101265826,
        "(8, 50, 2000)": 48.092485549132945,
        "(8, 50, 3000)": 56.088235294117645,
        "(8, 50, 4000)": 60.45454545454545,
        "(8, 50, 5000)": 63.66,
        "(16, 10, 1000)": 7.220532319391635,
        "(16, 10, 2000)": 35.56829268292683,
        "(16, 10, 3000)": 42.34139784946237,
        "(16, 10, 4000)": 46.76470588235294,
        "(16, 10, 5000)": 41.23844282238443,
        "(16, 20, 1000)": 31.198473282442748,
        "(16, 20, 2000)": 50.792717086834735,
        "(16, 20, 3000)": 60.489208633093526,
        "(16, 20, 4000)": 65.08333333333333,
        "(16, 20, 5000)": 68.46073298429319,
        "(16, 30, 1000)": 45.335149863760215,
        "(16, 30, 2000)": 61.05434782608695,
        "(16, 30, 3000)": 69.92592592592592,
        "(16, 30, 4000)": 73.73202614379085,
        "(16, 30, 5000)": 76.01680672268908,
        "(16, 40, 1000)": 50.75617283950617,
        "(16, 40, 2000)": 67.83823529411765,
        "(16, 40, 3000)": 74.50746268656717,
        "(16, 40, 4000)": 79.06976744186046,
        "(16, 40, 5000)": 80.71186440677967,
        "(16, 50, 1000)": 55.91228070175438,
        "(16, 50, 2000)": 70.9751552795031,
        "(16, 50, 3000)": 77.6938775510204,
        "(16, 50, 4000)": 82.05128205128206,
        "(16, 50, 5000)": 84.875,
        "(32, 10, 1000)": 8.204574332909784,
        "(32, 10, 2000)": 54.65436241610738,
        "(32, 10, 3000)": 59.30578512396694,
        "(32, 10, 4000)": 64.82857142857142,
        "(32, 10, 5000)": 44.16877637130802,
        "(32, 20, 1000)": 41.385365853658534,
        "(32, 20, 2000)": 74.58333333333333,
        "(32, 20, 3000)": 83.4047619047619,
        "(32, 20, 4000)": 87.07142857142857,
        "(32, 20, 5000)": 87.0,
        "(32, 30, 1000)": 63.02030456852792,
        "(32, 30, 2000)": 85.07142857142857,
        "(32, 30, 3000)": 0,
        "(32, 30, 4000)": 0,
        "(32, 30, 5000)": 0,
        "(32, 40, 1000)": 68.0,
        "(32, 40, 2000)": 88.57142857142857,
        "(32, 40, 3000)": 0,
        "(32, 40, 4000)": 0,
        "(32, 40, 5000)": 0,
        "(32, 50, 1000)": 72.50602409638554,
        "(32, 50, 2000)": 0,
        "(32, 50, 3000)": 0,
        "(32, 50, 4000)": 0,
        "(32, 50, 5000)": 0,
        "(64, 10, 1000)": 9.081528662420382,
        "(64, 10, 2000)": 66.83333333333333,
        "(64, 10, 3000)": 76.375,
        "(64, 10, 4000)": 69.66666666666667,
        "(64, 10, 5000)": 10.648936170212766,
        "(64, 20, 1000)": 33.49268292682927,
        "(64, 20, 2000)": 0,
        "(64, 20, 3000)": 0,
        "(64, 20, 4000)": 0,
        "(64, 20, 5000)": 0,
        "(64, 30, 1000)": 79.42857142857143,
        "(64, 30, 2000)": 0,
        "(64, 30, 3000)": 0,
        "(64, 30, 4000)": 0,
        "(64, 30, 5000)": 0,
        "(64, 40, 1000)": 0,
        "(64, 40, 2000)": 0,
        "(64, 40, 3000)": 0,
        "(64, 40, 4000)": 0,
        "(64, 40, 5000)": 0,
        "(64, 50, 1000)": 0,
        "(64, 50, 2000)": 0,
        "(64, 50, 3000)": 0,
        "(64, 50, 4000)": 0,
        "(64, 50, 5000)": 0
    },
    "base_point_cost": 0.07753499274667354,
    "min_points": 13,
    "budget": 0.5
}