{
    "percentage_bucket_counter_random": {
        "rest": 100.0,
        "5": 69.69999999999999,
        "10": 88.0,
        "15": 95.0,
        "20": 98.5
    },
    "mean_budget_random": 10.45098,
    "mean_add_points_random": 105.947,
    "nr_func_modeled_random": 1000,
    "percentage_bucket_counter_grid": {
        "rest": 100.0,
        "5": 39.7,
        "10": 56.39999999999999,
        "15": 66.4,
        "20": 72.89999999999999
    },
    "mean_budget_grid": 9.724778782946691,
    "mean_add_points_grid": 79.70741482965931,
    "nr_func_modeled_grid": 998,
    "percentage_bucket_counter_bayesian": {
        "rest": 100.0,
        "5": 72.5,
        "10": 87.3,
        "15": 92.2,
        "20": 94.3
    },
    "mean_budget_bayesian": 10.964911646619552,
    "mean_add_points_bayesian": 338.87589743589746,
    "nr_func_modeled_bayesian": 975,
    "percentage_bucket_counter_full": {
        "rest": 100.0,
        "5": 87.0,
        "10": 96.0,
        "15": 98.4,
        "20": 99.6
    },
    "percentage_bucket_counter_generic": {
        "rest": 100.0,
        "5": 61.5,
        "10": 81.39999999999999,
        "15": 90.10000000000001,
        "20": 92.30000000000001
    },
    "mean_budget_generic": 10.671353040614202,
    "mean_add_points_generic": 345.50455005055613,
    "nr_func_modeled_generic": 989,
    "percentage_bucket_counter_gpr": {
        "rest": 100.0,
        "5": 70.6,
        "10": 88.9,
        "15": 93.7,
        "20": 95.3
    },
    "mean_add_points_gpr": 350.27850655903126,
    "mean_budget_gpr": 10.929462533819102,
    "nr_func_modeled_gpr": 991,
    "percentage_bucket_counter_hybrid": {
        "rest": 100.0,
        "5": 70.6,
        "10": 88.9,
        "15": 93.7,
        "20": 95.3
    },
    "mean_budget_hybrid": 10.929462533819102,
    "mean_add_points_hybrid": 350.27850655903126,
    "nr_func_modeled_hybrid": 991,
    "point_map_generic": {
        "(4, 10, 1000)": 1.617,
        "(4, 10, 2000)": 9.716,
        "(4, 10, 3000)": 10.88,
        "(4, 10, 4000)": 12.297,
        "(4, 10, 5000)": 12.679,
        "(4, 20, 1000)": 3.423,
        "(4, 20, 2000)": 13.759,
        "(4, 20, 3000)": 15.902,
        "(4, 20, 4000)": 19.435,
        "(4, 20, 5000)": 22.506,
        "(4, 30, 1000)": 5.143,
        "(4, 30, 2000)": 17.645,
        "(4, 30, 3000)": 22.065,
        "(4, 30, 4000)": 26.304,
        "(4, 30, 5000)": 29.618,
        "(4, 40, 1000)": 7.272,
        "(4, 40, 2000)": 21.396,
        "(4, 40, 3000)": 25.783,
        "(4, 40, 4000)": 32.717,
        "(4, 40, 5000)": 34.417,
        "(4, 50, 1000)": 9.147,
        "(4, 50, 2000)": 26.827,
        "(4, 50, 3000)": 31.337,
        "(4, 50, 4000)": 38.385,
        "(4, 50, 5000)": 42.085,
        "(8, 10, 1000)": 9.383,
        "(8, 10, 2000)": 22.338,
        "(8, 10, 3000)": 25.625,
        "(8, 10, 4000)": 31.159,
        "(8, 10, 5000)": 32.184536082474224,
        "(8, 20, 1000)": 20.752,
        "(8, 20, 2000)": 30.81,
        "(8, 20, 3000)": 36.504,
        "(8, 20, 4000)": 39.487,
        "(8, 20, 5000)": 43.05353535353535,
        "(8, 30, 1000)": 30.669,
        "(8, 30, 2000)": 37.296,
        "(8, 30, 3000)": 44.527,
        "(8, 30, 4000)": 48.716,
        "(8, 30, 5000)": 53.02513089005235,
        "(8, 40, 1000)": 36.378,
        "(8, 40, 2000)": 45.6226034308779,
        "(8, 40, 3000)": 50.412,
        "(8, 40, 4000)": 55.9969262295082,
        "(8, 40, 5000)": 58.39648033126294,
        "(8, 50, 1000)": 39.77408637873754,
        "(8, 50, 2000)": 48.252771618625275,
        "(8, 50, 3000)": 55.82258064516129,
        "(8, 50, 4000)": 58.464487034949265,
        "(8, 50, 5000)": 63.743620899149455,
        "(16, 10, 1000)": 15.878147029204431,
        "(16, 10, 2000)": 40.91386554621849,
        "(16, 10, 3000)": 45.98463227222832,
        "(16, 10, 4000)": 49.7334083239595,
        "(16, 10, 5000)": 48.6234067207416,
        "(16, 20, 1000)": 39.82554517133956,
        "(16, 20, 2000)": 51.05379746835443,
        "(16, 20, 3000)": 59.10581395348837,
        "(16, 20, 4000)": 62.343786295005806,
        "(16, 20, 5000)": 66.05548854041014,
        "(16, 30, 1000)": 50.840300107181136,
        "(16, 30, 2000)": 60.768335273573925,
        "(16, 30, 3000)": 69.03937007874016,
        "(16, 30, 4000)": 72.58638743455498,
        "(16, 30, 5000)": 74.6825806451613,
        "(16, 40, 1000)": 56.03785103785104,
        "(16, 40, 2000)": 68.79247910863509,
        "(16, 40, 3000)": 74.28991596638656,
        "(16, 40, 4000)": 79.94169096209913,
        "(16, 40, 5000)": 80.96541353383459,
        "(16, 50, 1000)": 62.363143631436316,
        "(16, 50, 2000)": 72.00421348314607,
        "(16, 50, 3000)": 78.85,
        "(16, 50, 4000)": 84.15166666666667,
        "(16, 50, 5000)": 85.7931654676259,
        "(32, 10, 1000)": 17.700985761226725,
        "(32, 10, 2000)": 61.85431400282886,
        "(32, 10, 3000)": 66.36598639455782,
        "(32, 10, 4000)": 71.83987441130299,
        "(32, 10, 5000)": 64.79881656804734,
        "(32, 20, 1000)": 54.72962483829237,
        "(32, 20, 2000)": 75.8468606431853,
        "(32, 20, 3000)": 83.30017152658662,
        "(32, 20, 4000)": 85.91919191919192,
        "(32, 20, 5000)": 91.19782608695652,
        "(32, 30, 1000)": 73.20101351351352,
        "(32, 30, 2000)": 85.47970479704797,
        "(32, 30, 3000)": 91.87523629489603,
        "(32, 30, 4000)": 97.8203125,
        "(32, 30, 5000)": 100.02013422818791,
        "(32, 40, 1000)": 78.69573283858998,
        "(32, 40, 2000)": 91.41544885177453,
        "(32, 40, 3000)": 97.99493670886076,
        "(32, 40, 4000)": 102.66122448979591,
        "(32, 40, 5000)": 103.09708737864078,
        "(32, 50, 1000)": 82.80860215053764,
        "(32, 50, 2000)": 95.6820652173913,
        "(32, 50, 3000)": 102.05703422053232,
        "(32, 50, 4000)": 102.06763285024155,
        "(32, 50, 5000)": 106.11627906976744,
        "(64, 10, 1000)": 9.544303797468354,
        "(64, 10, 2000)": 80.20568927789934,
        "(64, 10, 3000)": 85.73096446700508,
        "(64, 10, 4000)": 89.89308176100629,
        "(64, 10, 5000)": 70.70933333333333,
        "(64, 20, 1000)": 66.33756805807623,
        "(64, 20, 2000)": 96.14243323442136,
        "(64, 20, 3000)": 102.67,
        "(64, 20, 4000)": 105.4957264957265,
        "(64, 20, 5000)": 106.24444444444444,
        "(64, 30, 1000)": 89.10240963855422,
        "(64, 30, 2000)": 103.63157894736842,
        "(64, 30, 3000)": 113.0,
        "(64, 30, 4000)": 0,
        "(64, 30, 5000)": 0,
        "(64, 40, 1000)": 93.00757575757575,
        "(64, 40, 2000)": 108.64179104477611,
        "(64, 40, 3000)": 0,
        "(64, 40, 4000)": 0,
        "(64, 40, 5000)": 0,
        "(64, 50, 1000)": 94.48356807511738,
        "(64, 50, 2000)": 105.5,
        "(64, 50, 3000)": 0,
        "(64, 50, 4000)": 0,
        "(64, 50, 5000)": 0
    },
    "base_point_cost": 0.8019957405575612,
    "min_points": 13,
    "budget": 11.0
}