{
    "percentage_bucket_counter_random": {
        "rest": 100.0,
        "5": 83.39999999999999,
        "10": 95.8,
        "15": 98.3,
        "20": 99.8
    },
    "mean_budget_random": 46.45619,
    "mean_add_points_random": 259.086,
    "nr_func_modeled_random": 1000,
    "percentage_bucket_counter_grid": {
        "rest": 100.0,
        "5": 64.60000000000001,
        "10": 88.5,
        "15": 95.39999999999999,
        "20": 98.4
    },
    "mean_budget_grid": 44.43812198314503,
    "mean_add_points_grid": 124.244,
    "nr_func_modeled_grid": 1000,
    "percentage_bucket_counter_bayesian": {
        "rest": 100.0,
        "5": 73.7,
        "10": 91.60000000000001,
        "15": 96.8,
        "20": 98.8
    },
    "mean_budget_bayesian": 46.78203280880338,
    "mean_add_points_bayesian": 445.04108216432866,
    "nr_func_modeled_bayesian": 998,
    "percentage_bucket_counter_full": {
        "rest": 100.0,
        "5": 87.0,
        "10": 96.0,
        "15": 98.4,
        "20": 99.6
    },
    "percentage_bucket_counter_generic": {
        "rest": 100.0,
        "5": 77.2,
        "10": 93.7,
        "15": 97.8,
        "20": 99.0
    },
    "mean_budget_generic": 45.06734815911409,
    "mean_add_points_generic": 448.16,
    "nr_func_modeled_generic": 1000,
    "percentage_bucket_counter_gpr": {
        "rest": 100.0,
        "5": 81.2,
        "10": 95.0,
        "15": 98.3,
        "20": 99.4
    },
    "mean_add_points_gpr": 449.17,
    "mean_budget_gpr": 46.57164214657793,
    "nr_func_modeled_gpr": 1000,
    "percentage_bucket_counter_hybrid": {
        "rest": 100.0,
        "5": 81.2,
        "10": 95.0,
        "15": 98.3,
        "20": 99.4
    },
    "mean_budget_hybrid": 46.57164214657793,
    "mean_add_points_hybrid": 449.17,
    "nr_func_modeled_hybrid": 1000,
    "point_map_generic": {
        "(4, 10, 1000)": 1.617,
        "(4, 10, 2000)": 9.716,
        "(4, 10, 3000)": 10.88,
        "(4, 10, 4000)": 12.297,
        "(4, 10, 5000)": 12.679,
        "(4, 20, 1000)": 3.423,
        "(4, 20, 2000)": 13.759,
        "(4, 20, 3000)": 15.902,
        "(4, 20, 4000)": 19.435,
        "(4, 20, 5000)": 22.506,
        "(4, 30, 1000)": 5.143,
        "(4, 30, 2000)": 17.645,
        "(4, 30, 3000)": 22.065,
        "(4, 30, 4000)": 26.304,
        "(4, 30, 5000)": 29.618,
        "(4, 40, 1000)": 7.272,
        "(4, 40, 2000)": 21.396,
        "(4, 40, 3000)": 25.783,
        "(4, 40, 4000)": 32.717,
        "(4, 40, 5000)": 34.417,
        "(4, 50, 1000)": 9.147,
        "(4, 50, 2000)": 26.827,
        "(4, 50, 3000)": 31.337,
        "(4, 50, 4000)": 38.385,
        "(4, 50, 5000)": 42.085,
        "(8, 10, 1000)": 9.383,
        "(8, 10, 2000)": 22.338,
        "(8, 10, 3000)": 25.625,
        "(8, 10, 4000)": 31.159,
        "(8, 10, 5000)": 32.927,
        "(8, 20, 1000)": 20.752,
        "(8, 20, 2000)": 30.81,
        "(8, 20, 3000)": 36.504,
        "(8, 20, 4000)": 39.487,
        "(8, 20, 5000)": 43.163,
        "(8, 30, 1000)": 30.669,
        "(8, 30, 2000)": 37.296,
        "(8, 30, 3000)": 44.527,
        "(8, 30, 4000)": 48.716,
        "(8, 30, 5000)": 53.239,
        "(8, 40, 1000)": 36.378,
        "(8, 40, 2000)": 45.837,
        "(8, 40, 3000)": 50.412,
        "(8, 40, 4000)": 56.183,
        "(8, 40, 5000)": 58.293,
        "(8, 50, 1000)": 42.623,
        "(8, 50, 2000)": 50.196,
        "(8, 50, 3000)": 57.767,
        "(8, 50, 4000)": 59.361,
        "(8, 50, 5000)": 64.247,
        "(16, 10, 1000)": 16.175,
        "(16, 10, 2000)": 41.734,
        "(16, 10, 3000)": 47.377,
        "(16, 10, 4000)": 51.488,
        "(16, 10, 5000)": 51.698,
        "(16, 20, 1000)": 40.536,
        "(16, 20, 2000)": 51.349,
        "(16, 20, 3000)": 59.784,
        "(16, 20, 4000)": 62.944,
        "(16, 20, 5000)": 66.803,
        "(16, 30, 1000)": 51.522,
        "(16, 30, 2000)": 60.92,
        "(16, 30, 3000)": 68.886,
        "(16, 30, 4000)": 71.878,
        "(16, 30, 5000)": 73.779,
        "(16, 40, 1000)": 58.786,
        "(16, 40, 2000)": 70.126,
        "(16, 40, 3000)": 73.954,
        "(16, 40, 4000)": 78.986,
        "(16, 40, 5000)": 80.093,
        "(16, 50, 1000)": 67.296,
        "(16, 50, 2000)": 73.473,
        "(16, 50, 3000)": 78.856,
        "(16, 50, 4000)": 84.701,
        "(16, 50, 5000)": 86.562,
        "(32, 10, 1000)": 22.707,
        "(32, 10, 2000)": 66.765,
        "(32, 10, 3000)": 69.591,
        "(32, 10, 4000)": 77.103,
        "(32, 10, 5000)": 71.71126760563381,
        "(32, 20, 1000)": 59.077,
        "(32, 20, 2000)": 77.391,
        "(32, 20, 3000)": 84.194,
        "(32, 20, 4000)": 85.807,
        "(32, 20, 5000)": 92.02886597938145,
        "(32, 30, 1000)": 76.705,
        "(32, 30, 2000)": 85.892,
        "(32, 30, 3000)": 89.798,
        "(32, 30, 4000)": 96.038,
        "(32, 30, 5000)": 98.68911917098445,
        "(32, 40, 1000)": 83.371,
        "(32, 40, 2000)": 92.21821821821821,
        "(32, 40, 3000)": 96.208,
        "(32, 40, 4000)": 102.02487046632125,
        "(32, 40, 5000)": 101.89928057553956,
        "(32, 50, 1000)": 87.34904601571269,
        "(32, 50, 2000)": 96.88054607508532,
        "(32, 50, 3000)": 100.97508493771234,
        "(32, 50, 4000)": 101.66152149944874,
        "(32, 50, 5000)": 106.48469387755102,
        "(64, 10, 1000)": 27.951219512195124,
        "(64, 10, 2000)": 87.25065274151436,
        "(64, 10, 3000)": 93.1638141809291,
        "(64, 10, 4000)": 95.4095238095238,
        "(64, 10, 5000)": 88.16466346153847,
        "(64, 20, 1000)": 80.50364203954214,
        "(64, 20, 2000)": 99.66011560693642,
        "(64, 20, 3000)": 105.0672131147541,
        "(64, 20, 4000)": 108.00280112044818,
        "(64, 20, 5000)": 109.8207171314741,
        "(64, 30, 1000)": 96.93759512937595,
        "(64, 30, 2000)": 107.17785234899328,
        "(64, 30, 3000)": 113.5625,
        "(64, 30, 4000)": 112.83695652173913,
        "(64, 30, 5000)": 117.14611872146119,
        "(64, 40, 1000)": 100.62068965517241,
        "(64, 40, 2000)": 111.93986636971047,
        "(64, 40, 3000)": 117.57530120481928,
        "(64, 40, 4000)": 115.87662337662337,
        "(64, 40, 5000)": 107.26829268292683,
        "(64, 50, 1000)": 102.579754601227,
        "(64, 50, 2000)": 113.93538461538462,
        "(64, 50, 3000)": 118.82638888888889,
        "(64, 50, 4000)": 0,
        "(64, 50, 5000)": 0
    },
    "base_point_cost": 0.8019957405575612,
    "min_points": 13,
    "budget": 47.0
}