{
    "percentage_bucket_counter_random": {
        "rest": 100.0,
        "5": 85.3,
        "10": 96.0,
        "15": 98.4,
        "20": 99.8
    },
    "mean_budget_random": 55.40823,
    "mean_add_points_random": 294.433,
    "nr_func_modeled_random": 1000,
    "percentage_bucket_counter_grid": {
        "rest": 100.0,
        "5": 70.8,
        "10": 89.5,
        "15": 96.2,
        "20": 98.9
    },
    "mean_budget_grid": 53.221783943373374,
    "mean_add_points_grid": 134.70941883767534,
    "nr_func_modeled_grid": 998,
    "percentage_bucket_counter_bayesian": {
        "rest": 100.0,
        "5": 79.5,
        "10": 94.89999999999999,
        "15": 97.89999999999999,
        "20": 99.3
    },
    "mean_budget_bayesian": 55.73358516452294,
    "mean_add_points_bayesian": 457.96996996996995,
    "nr_func_modeled_bayesian": 999,
    "percentage_bucket_counter_full": {
        "rest": 100.0,
        "5": 87.0,
        "10": 96.0,
        "15": 98.4,
        "20": 99.6
    },
    "percentage_bucket_counter_generic": {
        "rest": 100.0,
        "5": 79.60000000000001,
        "10": 94.3,
        "15": 97.8,
        "20": 99.4
    },
    "mean_budget_generic": 53.70836357370376,
    "mean_add_points_generic": 459.30190571715144,
    "nr_func_modeled_generic": 997,
    "percentage_bucket_counter_gpr": {
        "rest": 100.0,
        "5": 80.9,
        "10": 94.5,
        "15": 97.7,
        "20": 99.3
    },
    "mean_add_points_gpr": 460.3186372745491,
    "mean_budget_gpr": 55.47874171507145,
    "nr_func_modeled_gpr": 998,
    "percentage_bucket_counter_hybrid": {
        "rest": 100.0,
        "5": 80.9,
        "10": 94.5,
        "15": 97.7,
        "20": 99.3
    },
    "mean_budget_hybrid": 55.47874171507145,
    "mean_add_points_hybrid": 460.3186372745491,
    "nr_func_modeled_hybrid": 998,
    "point_map_generic": {
        "(4, 10, 1000)": 1.617,
        "(4, 10, 2000)": 9.716,
        "(4, 10, 3000)": 10.88,
        "(4, 10, 4000)": 12.297,
        "(4, 10, 5000)": 12.679,
        "(4, 20, 1000)": 3.423,
        "(4, 20, 2000)": 13.759,
        "(4, 20, 3000)": 15.902,
        "(4, 20, 4000)": 19.435,
        "(4, 20, 5000)": 22.506,
        "(4, 30, 1000)": 5.143,
        "(4, 30, 2000)": 17.645,
        "(4, 30, 3000)": 22.065,
        "(4, 30, 4000)": 26.304,
        "(4, 30, 5000)": 29.618,
        "(4, 40, 1000)": 7.272,
        "(4, 40, 2000)": 21.396,
        "(4, 40, 3000)": 25.783,
        "(4, 40, 4000)": 32.717,
        "(4, 40, 5000)": 34.417,
        "(4, 50, 1000)": 9.147,
        "(4, 50, 2000)": 26.827,
        "(4, 50, 3000)": 31.337,
        "(4, 50, 4000)": 38.385,
        "(4, 50, 5000)": 42.085,
        "(8, 10, 1000)": 9.383,
        "(8, 10, 2000)": 22.338,
        "(8, 10, 3000)": 25.625,
        "(8, 10, 4000)": 31.159,
        "(8, 10, 5000)": 32.927,
        "(8, 20, 1000)": 20.752,
        "(8, 20, 2000)": 30.81,
        "(8, 20, 3000)": 36.504,
        "(8, 20, 4000)": 39.487,
        "(8, 20, 5000)": 43.163,
        "(8, 30, 1000)": 30.669,
        "(8, 30, 2000)": 37.296,
        "(8, 30, 3000)": 44.527,
        "(8, 30, 4000)": 48.716,
        "(8, 30, 5000)": 53.239,
        "(8, 40, 1000)": 36.378,
        "(8, 40, 2000)": 45.837,
        "(8, 40, 3000)": 50.412,
        "(8, 40, 4000)": 56.183,
        "(8, 40, 5000)": 58.293,
        "(8, 50, 1000)": 42.623,
        "(8, 50, 2000)": 50.196,
        "(8, 50, 3000)": 57.767,
        "(8, 50, 4000)": 59.361,
        "(8, 50, 5000)": 64.247,
        "(16, 10, 1000)": 16.175,
        "(16, 10, 2000)": 41.734,
        "(16, 10, 3000)": 47.377,
        "(16, 10, 4000)": 51.488,
        "(16, 10, 5000)": 51.698,
        "(16, 20, 1000)": 40.536,
        "(16, 20, 2000)": 51.349,
        "(16, 20, 3000)": 59.784,
        "(16, 20, 4000)": 62.944,
        "(16, 20, 5000)": 66.803,
        "(16, 30, 1000)": 51.522,
        "(16, 30, 2000)": 60.92,
        "(16, 30, 3000)": 68.886,
        "(16, 30, 4000)": 71.878,
        "(16, 30, 5000)": 73.779,
        "(16, 40, 1000)": 58.786,
        "(16, 40, 2000)": 70.126,
        "(16, 40, 3000)": 73.954,
        "(16, 40, 4000)": 78.986,
        "(16, 40, 5000)": 80.093,
        "(16, 50, 1000)": 67.296,
        "(16, 50, 2000)": 73.473,
        "(16, 50, 3000)": 78.856,
        "(16, 50, 4000)": 84.701,
        "(16, 50, 5000)": 86.562,
        "(32, 10, 1000)": 22.707,
        "(32, 10, 2000)": 66.765,
        "(32, 10, 3000)": 69.591,
        "(32, 10, 4000)": 77.103,
        "(32, 10, 5000)": 71.895,
        "(32, 20, 1000)": 59.077,
        "(32, 20, 2000)": 77.391,
        "(32, 20, 3000)": 84.194,
        "(32, 20, 4000)": 85.807,
        "(32, 20, 5000)": 92.33734939759036,
        "(32, 30, 1000)": 76.705,
        "(32, 30, 2000)": 85.892,
        "(32, 30, 3000)": 89.798,
        "(32, 30, 4000)": 96.038,
        "(32, 30, 5000)": 98.85185185185185,
        "(32, 40, 1000)": 83.371,
        "(32, 40, 2000)": 92.23,
        "(32, 40, 3000)": 96.208,
        "(32, 40, 4000)": 102.047,
        "(32, 40, 5000)": 101.92,
        "(32, 50, 1000)": 88.6178947368421,
        "(32, 50, 2000)": 97.28104575163398,
        "(32, 50, 3000)": 101.55799373040752,
        "(32, 50, 4000)": 102.22367101303912,
        "(32, 50, 5000)": 107.0477223427332,
        "(64, 10, 1000)": 29.11111111111111,
        "(64, 10, 2000)": 89.43321718931475,
        "(64, 10, 3000)": 94.76688453159042,
        "(64, 10, 4000)": 96.58129496402877,
        "(64, 10, 5000)": 89.13287514318442,
        "(64, 20, 1000)": 81.36008024072217,
        "(64, 20, 2000)": 100.33502538071066,
        "(64, 20, 3000)": 105.79945429740792,
        "(64, 20, 4000)": 108.10827250608273,
        "(64, 20, 5000)": 110.48596750369276,
        "(64, 30, 1000)": 99.05334987593052,
        "(64, 30, 2000)": 107.82920792079207,
        "(64, 30, 3000)": 113.43761638733706,
        "(64, 30, 4000)": 113.17902097902098,
        "(64, 30, 5000)": 117.10149253731343,
        "(64, 40, 1000)": 101.38590604026845,
        "(64, 40, 2000)": 112.01754385964912,
        "(64, 40, 3000)": 117.77427184466019,
        "(64, 40, 4000)": 117.51566951566952,
        "(64, 40, 5000)": 110.24475524475524,
        "(64, 50, 1000)": 103.28270042194093,
        "(64, 50, 2000)": 114.33419023136247,
        "(64, 50, 3000)": 119.44642857142857,
        "(64, 50, 4000)": 0,
        "(64, 50, 5000)": 0
    },
    "base_point_cost": 0.8019957405575612,
    "min_points": 13,
    "budget": 56.0
}