{
    "percentage_bucket_counter_random": {
        "rest": 100.0,
        "5": 84.7,
        "10": 95.89999999999999,
        "15": 98.5,
        "20": 99.6
    },
    "mean_budget_random": 82.489,
    "mean_add_points_random": 411.949,
    "nr_func_modeled_random": 1000,
    "percentage_bucket_counter_grid": {
        "rest": 100.0,
        "5": 71.6,
        "10": 91.60000000000001,
        "15": 96.3,
        "20": 97.8
    },
    "mean_budget_grid": 79.82404912739493,
    "mean_add_points_grid": 194.8508064516129,
    "nr_func_modeled_grid": 992,
    "percentage_bucket_counter_bayesian": {
        "rest": 100.0,
        "5": 85.39999999999999,
        "10": 95.1,
        "15": 98.0,
        "20": 99.3
    },
    "mean_budget_bayesian": 82.4789355824714,
    "mean_add_points_bayesian": 485.719,
    "nr_func_modeled_bayesian": 1000,
    "percentage_bucket_counter_full": {
        "rest": 100.0,
        "5": 87.0,
        "10": 96.0,
        "15": 98.4,
        "20": 99.6
    },
    "percentage_bucket_counter_generic": {
        "rest": 100.0,
        "5": 76.8,
        "10": 92.60000000000001,
        "15": 97.3,
        "20": 98.6
    },
    "mean_budget_generic": 79.49092182740921,
    "mean_add_points_generic": 485.296,
    "nr_func_modeled_generic": 1000,
    "percentage_bucket_counter_gpr": {
        "rest": 100.0,
        "5": 83.39999999999999,
        "10": 95.1,
        "15": 98.1,
        "20": 99.1
    },
    "mean_add_points_gpr": 486.373,
    "mean_budget_gpr": 82.1115077433862,
    "nr_func_modeled_gpr": 1000,
    "percentage_bucket_counter_hybrid": {
        "rest": 100.0,
        "5": 83.39999999999999,
        "10": 95.1,
        "15": 98.1,
        "20": 99.1
    },
    "mean_budget_hybrid": 82.1115077433862,
    "mean_add_points_hybrid": 486.373,
    "nr_func_modeled_hybrid": 1000,
    "point_map_generic": {
        "(4, 10, 1000)": 1.617,
        "(4, 10, 2000)": 9.716,
        "(4, 10, 3000)": 10.88,
        "(4, 10, 4000)": 12.297,
        "(4, 10, 5000)": 12.679,
        "(4, 20, 1000)": 3.423,
        "(4, 20, 2000)": 13.759,
        "(4, 20, 3000)": 15.902,
        "(4, 20, 4000)": 19.435,
        "(4, 20, 5000)": 22.506,
        "(4, 30, 1000)": 5.143,
        "(4, 30, 2000)": 17.645,
        "(4, 30, 3000)": 22.065,
        "(4, 30, 4000)": 26.304,
        "(4, 30, 5000)": 29.618,
        "(4, 40, 1000)": 7.272,
        "(4, 40, 2000)": 21.396,
        "(4, 40, 3000)": 25.783,
        "(4, 40, 4000)": 32.717,
        "(4, 40, 5000)": 34.417,
        "(4, 50, 1000)": 9.147,
        "(4, 50, 2000)": 26.827,
        "(4, 50, 3000)": 31.337,
        "(4, 50, 4000)": 38.385,
        "(4, 50, 5000)": 42.085,
        "(8, 10, 1000)": 9.383,
        "(8, 10, 2000)": 22.338,
        "(8, 10, 3000)": 25.625,
        "(8, 10, 4000)": 31.159,
        "(8, 10, 5000)": 32.927,
        "(8, 20, 1000)": 20.752,
        "(8, 20, 2000)": 30.81,
        "(8, 20, 3000)": 36.504,
        "(8, 20, 4000)": 39.487,
        "(8, 20, 5000)": 43.163,
        "(8, 30, 1000)": 30.669,
        "(8, 30, 2000)": 37.296,
        "(8, 30, 3000)": 44.527,
        "(8, 30, 4000)": 48.716,
        "(8, 30, 5000)": 53.239,
        "(8, 40, 1000)": 36.378,
        "(8, 40, 2000)": 45.837,
        "(8, 40, 3000)": 50.412,
        "(8, 40, 4000)": 56.183,
        "(8, 40, 5000)": 58.293,
        "(8, 50, 1000)": 42.623,
        "(8, 50, 2000)": 50.196,
        "(8, 50, 3000)": 57.767,
        "(8, 50, 4000)": 59.361,
        "(8, 50, 5000)": 64.247,
        "(16, 10, 1000)": 16.175,
        "(16, 10, 2000)": 41.734,
        "(16, 10, 3000)": 47.377,
        "(16, 10, 4000)": 51.488,
        "(16, 10, 5000)": 51.698,
        "(16, 20, 1000)": 40.536,
        "(16, 20, 2000)": 51.349,
        "(16, 20, 3000)": 59.784,
        "(16, 20, 4000)": 62.944,
        "(16, 20, 5000)": 66.803,
        "(16, 30, 1000)": 51.522,
        "(16, 30, 2000)": 60.92,
        "(16, 30, 3000)": 68.886,
        "(16, 30, 4000)": 71.878,
        "(16, 30, 5000)": 73.779,
        "(16, 40, 1000)": 58.786,
        "(16, 40, 2000)": 70.126,
        "(16, 40, 3000)": 73.954,
        "(16, 40, 4000)": 78.986,
        "(16, 40, 5000)": 80.093,
        "(16, 50, 1000)": 67.296,
        "(16, 50, 2000)": 73.473,
        "(16, 50, 3000)": 78.856,
        "(16, 50, 4000)": 84.701,
        "(16, 50, 5000)": 86.562,
        "(32, 10, 1000)": 22.707,
        "(32, 10, 2000)": 66.765,
        "(32, 10, 3000)": 69.591,
        "(32, 10, 4000)": 77.103,
        "(32, 10, 5000)": 71.895,
        "(32, 20, 1000)": 59.077,
        "(32, 20, 2000)": 77.391,
        "(32, 20, 3000)": 84.194,
        "(32, 20, 4000)": 85.807,
        "(32, 20, 5000)": 92.401,
        "(32, 30, 1000)": 76.705,
        "(32, 30, 2000)": 85.892,
        "(32, 30, 3000)": 89.798,
        "(32, 30, 4000)": 96.038,
        "(32, 30, 5000)": 98.862,
        "(32, 40, 1000)": 83.371,
        "(32, 40, 2000)": 92.23,
        "(32, 40, 3000)": 96.208,
        "(32, 40, 4000)": 102.047,
        "(32, 40, 5000)": 101.92,
        "(32, 50, 1000)": 89.832,
        "(32, 50, 2000)": 98.599,
        "(32, 50, 3000)": 101.984,
        "(32, 50, 4000)": 102.244,
        "(32, 50, 5000)": 107.497,
        "(64, 10, 1000)": 29.191,
        "(64, 10, 2000)": 92.62086258776328,
        "(64, 10, 3000)": 96.036,
        "(64, 10, 4000)": 99.75956937799043,
        "(64, 10, 5000)": 91.56224066390041,
        "(64, 20, 1000)": 81.435,
        "(64, 20, 2000)": 100.421,
        "(64, 20, 3000)": 107.54254254254255,
        "(64, 20, 4000)": 109.089,
        "(64, 20, 5000)": 111.54044943820224,
        "(64, 30, 1000)": 101.714,
        "(64, 30, 2000)": 108.408,
        "(64, 30, 3000)": 114.32159090909092,
        "(64, 30, 4000)": 113.451,
        "(64, 30, 5000)": 117.93173198482933,
        "(64, 40, 1000)": 106.4618015963512,
        "(64, 40, 2000)": 113.889898989899,
        "(64, 40, 3000)": 117.88444924406048,
        "(64, 40, 4000)": 117.91416752843847,
        "(64, 40, 5000)": 117.98637602179836,
        "(64, 50, 1000)": 106.32,
        "(64, 50, 2000)": 115.50898203592814,
        "(64, 50, 3000)": 119.61198738170347,
        "(64, 50, 4000)": 123.14624505928853,
        "(64, 50, 5000)": 119.61111111111111
    },
    "base_point_cost": 0.8019957405575612,
    "min_points": 13,
    "budget": 83.0
}