{
    "percentage_bucket_counter_full": {
        "rest": 0,
        "5": 0,
        "10": 0,
        "15": 0,
        "20": 0
    },
    "percentage_bucket_counter_generic": {
        "rest": 100.0,
        "5": 10.2,
        "10": 12.1,
        "15": 13.0,
        "20": 13.8
    },
    "mean_budget_generic": 0.09512601399741405,
    "mean_add_points_generic": 52.0,
    "nr_func_modeled_generic": 432,
    "percentage_bucket_counter_gpr": {
        "rest": 100.0,
        "5": 14.299999999999999,
        "10": 16.1,
        "15": 17.5,
        "20": 18.6
    },
    "mean_budget_gpr": 0.07832282192612641,
    "mean_add_points_gpr": 26.0,
    "nr_func_modeled_gpr": 480,
    "percentage_bucket_counter_hybrid": {
        "rest": 100.0,
        "5": 14.299999999999999,
        "10": 16.1,
        "15": 17.5,
        "20": 18.6
    },
    "mean_budget_hybrid": 0.07832282192612641,
    "mean_add_points_hybrid": 26.0,
    "nr_func_modeled_hybrid": 480,
    "percentage_bucket_counter_random": {
        "rest": 100.0,
        "5": 10.2,
        "10": 12.1,
        "15": 13.0,
        "20": 13.8
    },
    "mean_budget_random": 0.26964875418421197,
    "mean_add_points_random": 58.032407407407405,
    "nr_func_modeled_random": 432,
    "percentage_bucket_counter_grid": {
        "rest": 100.0,
        "5": 18.6,
        "10": 22.3,
        "15": 26.6,
        "20": 28.599999999999998
    },
    "mean_budget_grid": 0.34748125574391153,
    "mean_add_points_grid": 60.68384074941452,
    "nr_func_modeled_grid": 427,
    "percentage_bucket_counter_bayesian": {
        "rest": 100.0,
        "5": 17.0,
        "10": 17.9,
        "15": 19.3,
        "20": 20.0
    },
    "mean_budget_bayesian": 0.498893026734194,
    "mean_add_points_bayesian": 237.62385321100916,
    "nr_func_modeled_bayesian": 218,
    "point_map_generic": {
        "(4, 10, 1000)": 1.12012012012012,
        "(4, 10, 2000)": 9.948897795591183,
        "(4, 10, 3000)": 10.945837512537613,
        "(4, 10, 4000)": 12.012036108324974,
        "(4, 10, 5000)": 12.908817635270541,
        "(4, 20, 1000)": 2.0091093117408905,
        "(4, 20, 2000)": 3.7777777777777777,
        "(4, 20, 3000)": 5.111111111111111,
        "(4, 20, 4000)": 12.333333333333334,
        "(4, 20, 5000)": 13.333333333333334,
        "(4, 30, 1000)": 3.0,
        "(4, 30, 2000)": 3.0,
        "(4, 30, 3000)": 3.0,
        "(4, 30, 4000)": 0,
        "(4, 30, 5000)": 0,
        "(4, 40, 1000)": 4.0,
        "(4, 40, 2000)": 4.0,
        "(4, 40, 3000)": 4.0,
        "(4, 40, 4000)": 0,
        "(4, 40, 5000)": 0,
        "(4, 50, 1000)": 5.0,
        "(4, 50, 2000)": 5.0,
        "(4, 50, 3000)": 5.0,
        "(4, 50, 4000)": 0,
        "(4, 50, 5000)": 0,
        "(8, 10, 1000)": 6.0,
        "(8, 10, 2000)": 0,
        "(8, 10, 3000)": 0,
        "(8, 10, 4000)": 0,
        "(8, 10, 5000)": 7.0,
        "(8, 20, 1000)": 6.0,
        "(8, 20, 2000)": 0,
        "(8, 20, 3000)": 0,
        "(8, 20, 4000)": 0,
        "(8, 20, 5000)": 0,
        "(8, 30, 1000)": 0,
        "(8, 30, 2000)": 0,
        "(8, 30, 3000)": 0,
        "(8, 30, 4000)": 0,
        "(8, 30, 5000)": 0,
        "(8, 40, 1000)": 0,
        "(8, 40, 2000)": 0,
        "(8, 40, 3000)": 0,
        "(8, 40, 4000)": 0,
        "(8, 40, 5000)": 0,
        "(8, 50, 1000)": 0,
        "(8, 50, 2000)": 0,
        "(8, 50, 3000)": 0,
        "(8, 50, 4000)": 0,
        "(8, 50, 5000)": 0,
        "(16, 10, 1000)": 7.0,
        "(16, 10, 2000)": 0,
        "(16, 10, 3000)": 0,
        "(16, 10, 4000)": 0,
        "(16, 10, 5000)": 8.0,
        "(16, 20, 1000)": 7.0,
        "(16, 20, 2000)": 0,
        "(16, 20, 3000)": 0,
        "(16, 20, 4000)": 0,
        "(16, 20, 5000)": 0,
        "(16, 30, 1000)": 0,
        "(16, 30, 2000)": 0,
        "(16, 30, 3000)": 0,
        "(16, 30, 4000)": 0,
        "(16, 30, 5000)": 0,
        "(16, 40, 1000)": 0,
        "(16, 40, 2000)": 0,
        "(16, 40, 3000)": 0,
        "(16, 40, 4000)": 0,
        "(16, 40, 5000)": 0,
        "(16, 50, 1000)": 0,
        "(16, 50, 2000)": 0,
        "(16, 50, 3000)": 0,
        "(16, 50, 4000)": 0,
        "(16, 50, 5000)": 0,
        "(32, 10, 1000)": 8.0,
        "(32, 10, 2000)": 0,
        "(32, 10, 3000)": 0,
        "(32, 10, 4000)": 0,
        "(32, 10, 5000)": 9.0,
        "(32, 20, 1000)": 8.0,
        "(32, 20, 2000)": 0,
        "(32, 20, 3000)": 0,
        "(32, 20, 4000)": 0,
        "(32, 20, 5000)": 0,
        "(32, 30, 1000)": 0,
        "(32, 30, 2000)": 0,
        "(32, 30, 3000)": 0,
        "(32, 30, 4000)": 0,
        "(32, 30, 5000)": 0,
        "(32, 40, 1000)": 0,
        "(32, 40, 2000)": 0,
        "(32, 40, 3000)": 0,
        "(32, 40, 4000)": 0,
        "(32, 40, 5000)": 0,
        "(32, 50, 1000)": 0,
        "(32, 50, 2000)": 0,
        "(32, 50, 3000)": 0,
        "(32, 50, 4000)": 0,
        "(32, 50, 5000)": 0,
        "(64, 10, 1000)": 9.0,
        "(64, 10, 2000)": 0,
        "(64, 10, 3000)": 0,
        "(64, 10, 4000)": 0,
        "(64, 10, 5000)": 10.0,
        "(64, 20, 1000)": 9.0,
        "(64, 20, 2000)": 0,
        "(64, 20, 3000)": 0,
        "(64, 20, 4000)": 0,
        "(64, 20, 5000)": 0,
        "(64, 30, 1000)": 0,
        "(64, 30, 2000)": 0,
        "(64, 30, 3000)": 0,
        "(64, 30, 4000)": 0,
        "(64, 30, 5000)": 0,
        "(64, 40, 1000)": 0,
        "(64, 40, 2000)": 0,
        "(64, 40, 3000)": 0,
        "(64, 40, 4000)": 0,
        "(64, 40, 5000)": 0,
        "(64, 50, 1000)": 0,
        "(64, 50, 2000)": 0,
        "(64, 50, 3000)": 0,
        "(64, 50, 4000)": 0,
        "(64, 50, 5000)": 0
    },
    "base_point_cost": 0.07832282192612641,
    "min_points": 13,
    "budget": 0.5
}