{
    "percentage_bucket_counter_full": {
        "rest": 0,
        "5": 0,
        "10": 0,
        "15": 0,
        "20": 0
    },
    "percentage_bucket_counter_generic": {
        "rest": 100.0,
        "5": 11.600000000000001,
        "10": 13.5,
        "15": 14.499999999999998,
        "20": 15.4
    },
    "mean_budget_generic": 0.14494624040701715,
    "mean_add_points_generic": 52.0,
    "nr_func_modeled_generic": 473,
    "percentage_bucket_counter_gpr": {
        "rest": 100.0,
        "5": 15.7,
        "10": 17.599999999999998,
        "15": 19.0,
        "20": 20.1
    },
    "mean_budget_gpr": 0.15885450305131726,
    "mean_add_points_gpr": 26.0,
    "nr_func_modeled_gpr": 553,
    "percentage_bucket_counter_hybrid": {
        "rest": 100.0,
        "5": 15.7,
        "10": 17.599999999999998,
        "15": 19.0,
        "20": 20.1
    },
    "mean_budget_hybrid": 0.15885450305131726,
    "mean_add_points_hybrid": 26.0,
    "nr_func_modeled_hybrid": 553,
    "percentage_bucket_counter_random": {
        "rest": 100.0,
        "5": 11.600000000000001,
        "10": 13.5,
        "15": 14.499999999999998,
        "20": 15.4
    },
    "mean_budget_random": 0.46569159565467877,
    "mean_add_points_random": 58.264270613107826,
    "nr_func_modeled_random": 473,
    "percentage_bucket_counter_grid": {
        "rest": 100.0,
        "5": 21.099999999999998,
        "10": 27.0,
        "15": 31.4,
        "20": 33.6
    },
    "mean_budget_grid": 0.6301338462504693,
    "mean_add_points_grid": 63.33192389006342,
    "nr_func_modeled_grid": 473,
    "percentage_bucket_counter_bayesian": {
        "rest": 100.0,
        "5": 40.699999999999996,
        "10": 43.8,
        "15": 46.2,
        "20": 47.8
    },
    "mean_budget_bayesian": 0.8975112106065015,
    "mean_add_points_bayesian": 240.80650994575046,
    "nr_func_modeled_bayesian": 553,
    "point_map_generic": {
        "(4, 10, 1000)": 1.12012012012012,
        "(4, 10, 2000)": 9.948897795591183,
        "(4, 10, 3000)": 10.945837512537613,
        "(4, 10, 4000)": 12.012036108324974,
        "(4, 10, 5000)": 12.908817635270541,
        "(4, 20, 1000)": 2.0091093117408905,
        "(4, 20, 2000)": 3.7777777777777777,
        "(4, 20, 3000)": 5.111111111111111,
        "(4, 20, 4000)": 12.333333333333334,
        "(4, 20, 5000)": 13.333333333333334,
        "(4, 30, 1000)": 3.0,
        "(4, 30, 2000)": 3.0,
        "(4, 30, 3000)": 3.0,
        "(4, 30, 4000)": 0,
        "(4, 30, 5000)": 0,
        "(4, 40, 1000)": 4.0,
        "(4, 40, 2000)": 4.0,
        "(4, 40, 3000)": 4.0,
        "(4, 40, 4000)": 0,
        "(4, 40, 5000)": 0,
        "(4, 50, 1000)": 5.0,
        "(4, 50, 2000)": 5.0,
        "(4, 50, 3000)": 5.0,
        "(4, 50, 4000)": 0,
        "(4, 50, 5000)": 0,
        "(8, 10, 1000)": 6.0,
        "(8, 10, 2000)": 0,
        "(8, 10, 3000)": 0,
        "(8, 10, 4000)": 0,
        "(8, 10, 5000)": 7.0,
        "(8, 20, 1000)": 6.0,
        "(8, 20, 2000)": 0,
        "(8, 20, 3000)": 0,
        "(8, 20, 4000)": 0,
        "(8, 20, 5000)": 0,
        "(8, 30, 1000)": 0,
        "(8, 30, 2000)": 0,
        "(8, 30, 3000)": 0,
        "(8, 30, 4000)": 0,
        "(8, 30, 5000)": 0,
        "(8, 40, 1000)": 0,
        "(8, 40, 2000)": 0,
        "(8, 40, 3000)": 0,
        "(8, 40, 4000)": 0,
        "(8, 40, 5000)": 0,
        "(8, 50, 1000)": 0,
        "(8, 50, 2000)": 0,
        "(8, 50, 3000)": 0,
        "(8, 50, 4000)": 0,
        "(8, 50, 5000)": 0,
        "(16, 10, 1000)": 7.0,
        "(16, 10, 2000)": 0,
        "(16, 10, 3000)": 0,
        "(16, 10, 4000)": 0,
        "(16, 10, 5000)": 8.0,
        "(16, 20, 1000)": 7.0,
        "(16, 20, 2000)": 0,
        "(16, 20, 3000)": 0,
        "(16, 20, 4000)": 0,
        "(16, 20, 5000)": 0,
        "(16, 30, 1000)": 0,
        "(16, 30, 2000)": 0,
        "(16, 30, 3000)": 0,
        "(16, 30, 4000)": 0,
        "(16, 30, 5000)": 0,
        "(16, 40, 1000)": 0,
        "(16, 40, 2000)": 0,
        "(16, 40, 3000)": 0,
        "(16, 40, 4000)": 0,
        "(16, 40, 5000)": 0,
        "(16, 50, 1000)": 0,
        "(16, 50, 2000)": 0,
        "(16, 50, 3000)": 0,
        "(16, 50, 4000)": 0,
        "(16, 50, 5000)": 0,
        "(32, 10, 1000)": 8.0,
        "(32, 10, 2000)": 0,
        "(32, 10, 3000)": 0,
        "(32, 10, 4000)": 0,
        "(32, 10, 5000)": 9.0,
        "(32, 20, 1000)": 8.0,
        "(32, 20, 2000)": 0,
        "(32, 20, 3000)": 0,
        "(32, 20, 4000)": 0,
        "(32, 20, 5000)": 0,
        "(32, 30, 1000)": 0,
        "(32, 30, 2000)": 0,
        "(32, 30, 3000)": 0,
        "(32, 30, 4000)": 0,
        "(32, 30, 5000)": 0,
        "(32, 40, 1000)": 0,
        "(32, 40, 2000)": 0,
        "(32, 40, 3000)": 0,
        "(32, 40, 4000)": 0,
        "(32, 40, 5000)": 0,
        "(32, 50, 1000)": 0,
        "(32, 50, 2000)": 0,
        "(32, 50, 3000)": 0,
        "(32, 50, 4000)": 0,
        "(32, 50, 5000)": 0,
        "(64, 10, 1000)": 9.0,
        "(64, 10, 2000)": 0,
        "(64, 10, 3000)": 0,
        "(64, 10, 4000)": 0,
        "(64, 10, 5000)": 10.0,
        "(64, 20, 1000)": 9.0,
        "(64, 20, 2000)": 0,
        "(64, 20, 3000)": 0,
        "(64, 20, 4000)": 0,
        "(64, 20, 5000)": 0,
        "(64, 30, 1000)": 0,
        "(64, 30, 2000)": 0,
        "(64, 30, 3000)": 0,
        "(64, 30, 4000)": 0,
        "(64, 30, 5000)": 0,
        "(64, 40, 1000)": 0,
        "(64, 40, 2000)": 0,
        "(64, 40, 3000)": 0,
        "(64, 40, 4000)": 0,
        "(64, 40, 5000)": 0,
        "(64, 50, 1000)": 0,
        "(64, 50, 2000)": 0,
        "(64, 50, 3000)": 0,
        "(64, 50, 4000)": 0,
        "(64, 50, 5000)": 0
    },
    "base_point_cost": 0.15885450305131726,
    "min_points": 13,
    "budget": 0.8999999999999999
}