{
    "percentage_bucket_counter_full": {
        "rest": 100.0,
        "5": 71.76,
        "10": 94.12,
        "15": 98.4,
        "20": 99.99
    },
    "percentage_bucket_counter_generic": {
        "rest": 100.0,
        "5": 74.26,
        "10": 94.22,
        "15": 97.67,
        "20": 99.74
    },
    "percentage_bucket_counter_gpr": {
        "rest": 100.0,
        "5": 73.61999999999999,
        "10": 94.01,
        "15": 97.61999999999999,
        "20": 99.74
    },
    "percentage_bucket_counter_hybrid": {
        "rest": 100.0,
        "5": 73.61999999999999,
        "10": 94.01,
        "15": 97.61999999999999,
        "20": 99.74
    },
    "mean_budget_generic": 71.72946808061565,
    "mean_add_points_generic": 14.9486,
    "mean_budget_gpr": 71.73254262230942,
    "mean_add_points_gpr": 13.9491,
    "mean_budget_hybrid": 71.7323868959134,
    "mean_add_points_hybrid": 13.9491,
    "base_point_cost": 8.80005192762578,
    "min_points": 9,
    "budget": 85
}