{
    "percentage_bucket_counter_full": {
        "rest": 100.0,
        "5": 71.76,
        "10": 94.12,
        "15": 98.4,
        "20": 99.99
    },
    "percentage_bucket_counter_generic": {
        "rest": 100.0,
        "5": 67.82000000000001,
        "10": 90.24,
        "15": 97.96000000000001,
        "20": 99.56
    },
    "percentage_bucket_counter_gpr": {
        "rest": 100.0,
        "5": 69.19999999999999,
        "10": 90.24,
        "15": 97.86,
        "20": 99.52
    },
    "percentage_bucket_counter_hybrid": {
        "rest": 100.0,
        "5": 69.19999999999999,
        "10": 90.24,
        "15": 97.86,
        "20": 99.52
    },
    "mean_budget_generic": 46.66960372914502,
    "mean_add_points_generic": 13.4784,
    "mean_budget_gpr": 46.66609746148593,
    "mean_add_points_gpr": 12.4785,
    "mean_budget_hybrid": 46.666028810938634,
    "mean_add_points_hybrid": 12.4786,
    "base_point_cost": 8.80005192762578,
    "min_points": 9,
    "budget": 56
}