{
    "percentage_bucket_counter_full": {
        "rest": 100.0,
        "5": 71.76,
        "10": 94.12,
        "15": 98.4,
        "20": 99.99
    },
    "percentage_bucket_counter_generic": {
        "rest": 100.0,
        "5": 74.61,
        "10": 90.75,
        "15": 96.5,
        "20": 98.86
    },
    "percentage_bucket_counter_gpr": {
        "rest": 100.0,
        "5": 74.58,
        "10": 90.72,
        "15": 96.5,
        "20": 98.87
    },
    "percentage_bucket_counter_hybrid": {
        "rest": 100.0,
        "5": 74.57000000000001,
        "10": 90.71000000000001,
        "15": 96.49,
        "20": 98.86
    },
    "mean_budget_generic": 30.946723481301195,
    "mean_add_points_generic": 12.175,
    "mean_budget_gpr": 30.94675477753242,
    "mean_add_points_gpr": 11.1745,
    "mean_budget_hybrid": 30.946536648856394,
    "mean_add_points_hybrid": 11.1751,
    "base_point_cost": 8.80005192762578,
    "min_points": 9,
    "budget": 37
}