{
    "percentage_bucket_counter_full": {
        "rest": 100.0,
        "5": 71.76,
        "10": 94.12,
        "15": 98.4,
        "20": 99.99
    },
    "percentage_bucket_counter_generic": {
        "rest": 100.0,
        "5": 74.46000000000001,
        "10": 90.64,
        "15": 96.50999999999999,
        "20": 98.9
    },
    "percentage_bucket_counter_gpr": {
        "rest": 100.0,
        "5": 74.44,
        "10": 90.61,
        "15": 96.50999999999999,
        "20": 98.91
    },
    "percentage_bucket_counter_hybrid": {
        "rest": 100.0,
        "5": 74.42999999999999,
        "10": 90.60000000000001,
        "15": 96.5,
        "20": 98.9
    },
    "mean_budget_generic": 30.301476469536713,
    "mean_add_points_generic": 12.0871,
    "mean_budget_gpr": 30.30145404650799,
    "mean_add_points_gpr": 11.0866,
    "mean_budget_hybrid": 30.301235917831963,
    "mean_add_points_hybrid": 11.0872,
    "base_point_cost": 8.80005192762578,
    "min_points": 9,
    "budget": 36
}