{
    "percentage_bucket_counter_full": {
        "rest": 100.0,
        "5": 71.76,
        "10": 94.12,
        "15": 98.4,
        "20": 99.99
    },
    "percentage_bucket_counter_generic": {
        "rest": 100.0,
        "5": 66.08000000000001,
        "10": 75.18,
        "15": 80.19,
        "20": 83.72
    },
    "percentage_bucket_counter_gpr": {
        "rest": 100.0,
        "5": 72.95,
        "10": 83.24000000000001,
        "15": 89.14,
        "20": 92.58
    },
    "percentage_bucket_counter_hybrid": {
        "rest": 100.0,
        "5": 72.95,
        "10": 83.24000000000001,
        "15": 89.14,
        "20": 92.58
    },
    "mean_budget_generic": 11.387845326857844,
    "mean_add_points_generic": 5.1438,
    "mean_budget_gpr": 11.56409738231914,
    "mean_add_points_gpr": 4.5969,
    "mean_budget_hybrid": 11.56409738231914,
    "mean_add_points_hybrid": 4.5969,
    "base_point_cost": 8.80005192762578,
    "min_points": 9,
    "budget": 9
}