{
    "percentage_bucket_counter_full": {
        "rest": 100.0,
        "5": 71.76,
        "10": 94.12,
        "15": 98.4,
        "20": 99.99
    },
    "percentage_bucket_counter_generic": {
        "rest": 100.0,
        "5": 73.28,
        "10": 88.36,
        "15": 94.08,
        "20": 97.7
    },
    "percentage_bucket_counter_gpr": {
        "rest": 100.0,
        "5": 73.29,
        "10": 88.35,
        "15": 94.07,
        "20": 97.67
    },
    "percentage_bucket_counter_hybrid": {
        "rest": 100.0,
        "5": 73.29,
        "10": 88.35,
        "15": 94.07,
        "20": 97.67
    },
    "mean_budget_generic": 22.559504726537053,
    "mean_add_points_generic": 10.6913,
    "mean_budget_gpr": 22.559422313613947,
    "mean_add_points_gpr": 9.6911,
    "mean_budget_hybrid": 22.559397892442824,
    "mean_add_points_hybrid": 9.6914,
    "base_point_cost": 8.80005192762578,
    "min_points": 9,
    "budget": 26
}