{
    "percentage_bucket_counter_full": {
        "rest": 100.0,
        "5": 71.76,
        "10": 94.12,
        "15": 98.4,
        "20": 99.99
    },
    "percentage_bucket_counter_generic": {
        "rest": 100.0,
        "5": 72.72,
        "10": 85.98,
        "15": 91.18,
        "20": 96.26
    },
    "percentage_bucket_counter_gpr": {
        "rest": 100.0,
        "5": 72.66,
        "10": 85.96000000000001,
        "15": 91.25,
        "20": 96.35000000000001
    },
    "percentage_bucket_counter_hybrid": {
        "rest": 100.0,
        "5": 72.68,
        "10": 85.95,
        "15": 91.24,
        "20": 96.34
    },
    "mean_budget_generic": 18.380052890358243,
    "mean_add_points_generic": 9.302,
    "mean_budget_gpr": 18.387565839771174,
    "mean_add_points_gpr": 8.3117,
    "mean_budget_hybrid": 18.387460448594464,
    "mean_add_points_hybrid": 8.3118,
    "base_point_cost": 8.80005192762578,
    "min_points": 9,
    "budget": 21
}