{
    "percentage_bucket_counter_full": {
        "rest": 100.0,
        "5": 71.76,
        "10": 94.12,
        "15": 98.4,
        "20": 99.99
    },
    "percentage_bucket_counter_generic": {
        "rest": 100.0,
        "5": 73.2,
        "10": 94.17999999999999,
        "15": 97.66,
        "20": 99.74
    },
    "percentage_bucket_counter_gpr": {
        "rest": 100.0,
        "5": 72.84,
        "10": 94.0,
        "15": 97.61,
        "20": 99.74
    },
    "percentage_bucket_counter_hybrid": {
        "rest": 100.0,
        "5": 72.84,
        "10": 94.0,
        "15": 97.61,
        "20": 99.74
    },
    "mean_budget_generic": 70.34796873302983,
    "mean_add_points_generic": 14.8583,
    "mean_budget_gpr": 70.35978131507545,
    "mean_add_points_gpr": 13.8592,
    "mean_budget_hybrid": 70.35962558867944,
    "mean_add_points_hybrid": 13.8592,
    "base_point_cost": 8.80005192762578,
    "min_points": 9,
    "budget": 83
}