{
    "percentage_bucket_counter_full": {
        "rest": 100.0,
        "5": 71.76,
        "10": 94.12,
        "15": 98.4,
        "20": 99.99
    },
    "percentage_bucket_counter_generic": {
        "rest": 100.0,
        "5": 69.89999999999999,
        "10": 79.75999999999999,
        "15": 83.94,
        "20": 88.64
    },
    "percentage_bucket_counter_gpr": {
        "rest": 100.0,
        "5": 73.2,
        "10": 84.15,
        "15": 89.0,
        "20": 93.76
    },
    "percentage_bucket_counter_hybrid": {
        "rest": 100.0,
        "5": 73.2,
        "10": 84.15,
        "15": 89.0,
        "20": 93.76
    },
    "mean_budget_generic": 13.4262563532129,
    "mean_add_points_generic": 6.3865,
    "mean_budget_gpr": 13.533524418141967,
    "mean_add_points_gpr": 5.7181,
    "mean_budget_hybrid": 13.53348361848751,
    "mean_add_points_hybrid": 5.7181,
    "base_point_cost": 8.80005192762578,
    "min_points": 9,
    "budget": 13
}