{
    "percentage_bucket_counter_full": {
        "rest": 100.0,
        "5": 71.76,
        "10": 94.12,
        "15": 98.4,
        "20": 99.99
    },
    "percentage_bucket_counter_generic": {
        "rest": 100.0,
        "5": 68.39,
        "10": 90.45,
        "15": 98.00999999999999,
        "20": 99.58
    },
    "percentage_bucket_counter_gpr": {
        "rest": 100.0,
        "5": 69.55,
        "10": 90.45,
        "15": 97.92,
        "20": 99.55000000000001
    },
    "percentage_bucket_counter_hybrid": {
        "rest": 100.0,
        "5": 69.54,
        "10": 90.44,
        "15": 97.91,
        "20": 99.53999999999999
    },
    "mean_budget_generic": 45.88761382667241,
    "mean_add_points_generic": 13.433,
    "mean_budget_gpr": 45.889972546119814,
    "mean_add_points_gpr": 12.4334,
    "mean_budget_hybrid": 45.88983519831693,
    "mean_add_points_hybrid": 12.4336,
    "base_point_cost": 8.80005192762578,
    "min_points": 9,
    "budget": 55
}