{
    "percentage_bucket_counter_full": {
        "rest": 100.0,
        "5": 71.76,
        "10": 94.12,
        "15": 98.4,
        "20": 99.99
    },
    "percentage_bucket_counter_generic": {
        "rest": 100.0,
        "5": 74.89,
        "10": 91.23,
        "15": 96.95,
        "20": 99.06
    },
    "percentage_bucket_counter_gpr": {
        "rest": 100.0,
        "5": 74.85000000000001,
        "10": 91.2,
        "15": 96.95,
        "20": 99.06
    },
    "percentage_bucket_counter_hybrid": {
        "rest": 100.0,
        "5": 74.85000000000001,
        "10": 91.2,
        "15": 96.95,
        "20": 99.06
    },
    "mean_budget_generic": 33.424411168583724,
    "mean_add_points_generic": 12.4864,
    "mean_budget_gpr": 33.4248451168486,
    "mean_add_points_gpr": 11.4863,
    "mean_budget_hybrid": 33.42472102024573,
    "mean_add_points_hybrid": 11.4865,
    "base_point_cost": 8.80005192762578,
    "min_points": 9,
    "budget": 41
}