{
    "percentage_bucket_counter_full": {
        "rest": 100.0,
        "5": 71.76,
        "10": 94.12,
        "15": 98.4,
        "20": 99.99
    },
    "percentage_bucket_counter_generic": {
        "rest": 100.0,
        "5": 73.37,
        "10": 89.3,
        "15": 94.98,
        "20": 98.13
    },
    "percentage_bucket_counter_gpr": {
        "rest": 100.0,
        "5": 73.35000000000001,
        "10": 89.29,
        "15": 94.96,
        "20": 98.11
    },
    "percentage_bucket_counter_hybrid": {
        "rest": 100.0,
        "5": 73.35000000000001,
        "10": 89.29,
        "15": 94.96,
        "20": 98.11
    },
    "mean_budget_generic": 25.066307252330553,
    "mean_add_points_generic": 11.2414,
    "mean_budget_gpr": 25.06648846123976,
    "mean_add_points_gpr": 10.2412,
    "mean_budget_hybrid": 25.066323452928902,
    "mean_add_points_hybrid": 10.2415,
    "base_point_cost": 8.80005192762578,
    "min_points": 9,
    "budget": 29
}