{
    "percentage_bucket_counter_full": {
        "rest": 100.0,
        "5": 71.76,
        "10": 94.12,
        "15": 98.4,
        "20": 99.99
    },
    "percentage_bucket_counter_generic": {
        "rest": 100.0,
        "5": 73.34,
        "10": 88.22,
        "15": 93.58,
        "20": 97.56
    },
    "percentage_bucket_counter_gpr": {
        "rest": 100.0,
        "5": 73.37,
        "10": 88.2,
        "15": 93.56,
        "20": 97.52
    },
    "percentage_bucket_counter_hybrid": {
        "rest": 100.0,
        "5": 73.38,
        "10": 88.2,
        "15": 93.56,
        "20": 97.52
    },
    "mean_budget_generic": 21.715430491440102,
    "mean_add_points_generic": 10.4781,
    "mean_budget_gpr": 21.715493098668972,
    "mean_add_points_gpr": 9.4778,
    "mean_budget_hybrid": 21.715352563925954,
    "mean_add_points_hybrid": 9.4782,
    "base_point_cost": 8.80005192762578,
    "min_points": 9,
    "budget": 25
}