{
    "percentage_bucket_counter_full": {
        "rest": 100.0,
        "5": 71.76,
        "10": 94.12,
        "15": 98.4,
        "20": 99.99
    },
    "percentage_bucket_counter_generic": {
        "rest": 100.0,
        "5": 70.34,
        "10": 91.36999999999999,
        "15": 98.02,
        "20": 99.58
    },
    "percentage_bucket_counter_gpr": {
        "rest": 100.0,
        "5": 70.94,
        "10": 91.14999999999999,
        "15": 97.92,
        "20": 99.53999999999999
    },
    "percentage_bucket_counter_hybrid": {
        "rest": 100.0,
        "5": 70.94,
        "10": 91.14999999999999,
        "15": 97.92,
        "20": 99.53999999999999
    },
    "mean_budget_generic": 42.496625982877376,
    "mean_add_points_generic": 13.2167,
    "mean_budget_gpr": 42.498007659243726,
    "mean_add_points_gpr": 12.217,
    "mean_budget_hybrid": 42.498426208387485,
    "mean_add_points_hybrid": 12.2172,
    "base_point_cost": 8.80005192762578,
    "min_points": 9,
    "budget": 51
}