{
    "percentage_bucket_counter_full": {
        "rest": 100.0,
        "5": 71.76,
        "10": 94.12,
        "15": 98.4,
        "20": 99.99
    },
    "percentage_bucket_counter_generic": {
        "rest": 100.0,
        "5": 69.12,
        "10": 92.46,
        "15": 97.5,
        "20": 99.56
    },
    "percentage_bucket_counter_gpr": {
        "rest": 100.0,
        "5": 69.22,
        "10": 92.35,
        "15": 97.45,
        "20": 99.52
    },
    "percentage_bucket_counter_hybrid": {
        "rest": 100.0,
        "5": 69.22,
        "10": 92.35,
        "15": 97.45,
        "20": 99.52
    },
    "mean_budget_generic": 63.10007850354625,
    "mean_add_points_generic": 14.4372,
    "mean_budget_gpr": 63.098369048449655,
    "mean_add_points_gpr": 13.4372,
    "mean_budget_hybrid": 63.09811008080089,
    "mean_add_points_hybrid": 13.4372,
    "base_point_cost": 8.80005192762578,
    "min_points": 9,
    "budget": 74
}