{
    "percentage_bucket_counter_full": {
        "rest": 100.0,
        "5": 71.76,
        "10": 94.12,
        "15": 98.4,
        "20": 99.99
    },
    "percentage_bucket_counter_generic": {
        "rest": 100.0,
        "5": 65.11,
        "10": 73.72999999999999,
        "15": 78.68,
        "20": 82.25
    },
    "percentage_bucket_counter_gpr": {
        "rest": 100.0,
        "5": 73.14,
        "10": 82.84,
        "15": 88.69,
        "20": 92.06
    },
    "percentage_bucket_counter_hybrid": {
        "rest": 100.0,
        "5": 73.14,
        "10": 82.84,
        "15": 88.69,
        "20": 92.06
    },
    "mean_budget_generic": 10.957293129118955,
    "mean_add_points_generic": 4.7963,
    "mean_budget_gpr": 11.153467074300867,
    "mean_add_points_gpr": 4.2943,
    "mean_budget_hybrid": 11.153467074300867,
    "mean_add_points_hybrid": 4.2943,
    "base_point_cost": 8.80005192762578,
    "min_points": 9,
    "budget": 8
}