{
    "percentage_bucket_counter_full": {
        "rest": 100.0,
        "5": 71.76,
        "10": 94.12,
        "15": 98.4,
        "20": 99.99
    },
    "percentage_bucket_counter_generic": {
        "rest": 100.0,
        "5": 69.08999999999999,
        "10": 90.86,
        "15": 98.09,
        "20": 99.6
    },
    "percentage_bucket_counter_gpr": {
        "rest": 100.0,
        "5": 70.08,
        "10": 90.77,
        "15": 98.0,
        "20": 99.57000000000001
    },
    "percentage_bucket_counter_hybrid": {
        "rest": 100.0,
        "5": 70.07,
        "10": 90.75999999999999,
        "15": 97.99,
        "20": 99.56
    },
    "mean_budget_generic": 44.24014827632208,
    "mean_add_points_generic": 13.327,
    "mean_budget_gpr": 44.236236127017754,
    "mean_add_points_gpr": 12.3269,
    "mean_budget_hybrid": 44.235883971000725,
    "mean_add_points_hybrid": 12.3271,
    "base_point_cost": 8.80005192762578,
    "min_points": 9,
    "budget": 53
}