{
    "percentage_bucket_counter_full": {
        "rest": 100.0,
        "5": 28.57142857142857,
        "10": 28.57142857142857,
        "15": 71.42857142857143,
        "20": 71.42857142857143
    },
    "percentage_bucket_counter_generic": {
        "rest": 100.0,
        "5": 14.285714285714285,
        "10": 28.57142857142857,
        "15": 57.14285714285714,
        "20": 71.42857142857143
    },
    "mean_budget_generic": 60.35206480883505,
    "mean_add_points_generic": 113.57142857142857,
    "nr_func_modeled_generic": 7,
    "percentage_bucket_counter_gpr": {
        "rest": 100.0,
        "5": 14.285714285714285,
        "10": 42.857142857142854,
        "15": 71.42857142857143,
        "20": 71.42857142857143
    },
    "mean_add_points_gpr": 115.85714285714286,
    "mean_budget_gpr": 67.9300513658924,
    "nr_func_modeled_gpr": 7,
    "percentage_bucket_counter_hybrid": {
        "rest": 100.0,
        "5": 14.285714285714285,
        "10": 42.857142857142854,
        "15": 71.42857142857143,
        "20": 71.42857142857143
    },
    "mean_budget_hybrid": 67.78738038665277,
    "mean_add_points_hybrid": 115.85714285714286,
    "nr_func_modeled_hybrid": 7,
    "base_point_cost": 2.7205312649627484,
    "min_points": 9,
    "budget": 69
}