{
    "percentage_bucket_counter_full": {
        "rest": 100.0,
        "5": 28.57142857142857,
        "10": 28.57142857142857,
        "15": 71.42857142857143,
        "20": 71.42857142857143
    },
    "percentage_bucket_counter_generic": {
        "rest": 100.0,
        "5": 0.0,
        "10": 28.57142857142857,
        "15": 28.57142857142857,
        "20": 28.57142857142857
    },
    "mean_budget_generic": 37.129715149490195,
    "mean_add_points_generic": 100.71428571428571,
    "nr_func_modeled_generic": 7,
    "percentage_bucket_counter_gpr": {
        "rest": 100.0,
        "5": 28.57142857142857,
        "10": 57.14285714285714,
        "15": 85.71428571428571,
        "20": 85.71428571428571
    },
    "mean_add_points_gpr": 100.57142857142857,
    "mean_budget_gpr": 39.070410307244764,
    "nr_func_modeled_gpr": 7,
    "percentage_bucket_counter_hybrid": {
        "rest": 100.0,
        "5": 28.57142857142857,
        "10": 57.14285714285714,
        "15": 71.42857142857143,
        "20": 85.71428571428571
    },
    "mean_budget_hybrid": 39.31705249486991,
    "mean_add_points_hybrid": 101.14285714285714,
    "nr_func_modeled_hybrid": 7,
    "base_point_cost": 2.720531264962748,
    "min_points": 9,
    "budget": 40
}