{
    "percentage_bucket_counter_full": {
        "rest": 100.0,
        "5": 28.57142857142857,
        "10": 28.57142857142857,
        "15": 71.42857142857143,
        "20": 71.42857142857143
    },
    "percentage_bucket_counter_generic": {
        "rest": 100.0,
        "5": 14.285714285714285,
        "10": 14.285714285714285,
        "15": 14.285714285714285,
        "20": 14.285714285714285
    },
    "mean_budget_generic": 22.233079119377187,
    "mean_add_points_generic": 85.71428571428571,
    "nr_func_modeled_generic": 7,
    "percentage_bucket_counter_gpr": {
        "rest": 100.0,
        "5": 14.285714285714285,
        "10": 14.285714285714285,
        "15": 28.57142857142857,
        "20": 28.57142857142857
    },
    "mean_add_points_gpr": 87.14285714285714,
    "mean_budget_gpr": 24.67490303992624,
    "nr_func_modeled_gpr": 7,
    "percentage_bucket_counter_hybrid": {
        "rest": 100.0,
        "5": 14.285714285714285,
        "10": 28.57142857142857,
        "15": 28.57142857142857,
        "20": 28.57142857142857
    },
    "mean_budget_hybrid": 24.75163605128301,
    "mean_add_points_hybrid": 87.28571428571429,
    "nr_func_modeled_hybrid": 7,
    "base_point_cost": 2.7205312649627476,
    "min_points": 9,
    "budget": 25
}