{
    "percentage_bucket_counter_full": {
        "rest": 100.0,
        "5": 28.57142857142857,
        "10": 28.57142857142857,
        "15": 71.42857142857143,
        "20": 71.42857142857143
    },
    "percentage_bucket_counter_generic": {
        "rest": 100.0,
        "5": 14.285714285714285,
        "10": 42.857142857142854,
        "15": 71.42857142857143,
        "20": 71.42857142857143
    },
    "mean_budget_generic": 46.019765721476965,
    "mean_add_points_generic": 106.42857142857143,
    "nr_func_modeled_generic": 7,
    "percentage_bucket_counter_gpr": {
        "rest": 100.0,
        "5": 14.285714285714285,
        "10": 28.57142857142857,
        "15": 57.14285714285714,
        "20": 85.71428571428571
    },
    "mean_add_points_gpr": 108.28571428571429,
    "mean_budget_gpr": 51.69859359105051,
    "nr_func_modeled_gpr": 7,
    "percentage_bucket_counter_hybrid": {
        "rest": 100.0,
        "5": 14.285714285714285,
        "10": 28.57142857142857,
        "15": 57.14285714285714,
        "20": 85.71428571428571
    },
    "mean_budget_hybrid": 51.59123463263099,
    "mean_add_points_hybrid": 108.28571428571429,
    "nr_func_modeled_hybrid": 7,
    "base_point_cost": 2.7205312649627484,
    "min_points": 9,
    "budget": 52
}