{
    "percentage_bucket_counter_full": {
        "rest": 100.0,
        "5": 28.57142857142857,
        "10": 28.57142857142857,
        "15": 71.42857142857143,
        "20": 71.42857142857143
    },
    "percentage_bucket_counter_generic": {
        "rest": 100.0,
        "5": 14.285714285714285,
        "10": 42.857142857142854,
        "15": 71.42857142857143,
        "20": 71.42857142857143
    },
    "mean_budget_generic": 72.79749076593522,
    "mean_add_points_generic": 117.85714285714286,
    "nr_func_modeled_generic": 7,
    "percentage_bucket_counter_gpr": {
        "rest": 100.0,
        "5": 14.285714285714285,
        "10": 28.57142857142857,
        "15": 71.42857142857143,
        "20": 85.71428571428571
    },
    "mean_add_points_gpr": 117.85714285714286,
    "mean_budget_gpr": 73.96154922643998,
    "nr_func_modeled_gpr": 7,
    "percentage_bucket_counter_hybrid": {
        "rest": 100.0,
        "5": 14.285714285714285,
        "10": 28.57142857142857,
        "15": 71.42857142857143,
        "20": 85.71428571428571
    },
    "mean_budget_hybrid": 74.28002577516531,
    "mean_add_points_hybrid": 117.85714285714286,
    "nr_func_modeled_hybrid": 7,
    "base_point_cost": 2.720531264962748,
    "min_points": 9,
    "budget": 76
}