{
    "percentage_bucket_counter_full": {
        "rest": 100.0,
        "5": 82.29166666666666,
        "10": 90.36458333333334,
        "15": 96.61458333333334,
        "20": 99.47916666666666
    },
    "percentage_bucket_counter_gpr": {
        "rest": 100.0,
        "5": 74.5173745173745,
        "10": 82.23938223938224,
        "15": 89.57528957528957,
        "20": 92.27799227799228
    },
    "percentage_bucket_counter_hybrid": {
        "rest": 100.0,
        "5": 74.23076923076923,
        "10": 81.92307692307692,
        "15": 89.23076923076924,
        "20": 91.92307692307692
    },
    "mean_budget_generic": 0.6755247784320494,
    "percentage_bucket_counter_generic": {
        "rest": 100.0,
        "5": 74.47916666666666,
        "10": 84.63541666666666,
        "15": 92.1875,
        "20": 94.27083333333334
    },
    "mean_add_points_generic": 277.3854166666667,
    "mean_add_points_gpr": 284.26640926640925,
    "mean_budget_gpr": 0.6960090888215306,
    "mean_budget_hybrid": 0.6960263477983339,
    "mean_add_points_hybrid": 283.39230769230767,
    "point_map_generic": {
        "(4, 10, 1000)": 1.12012012012012,
        "(4, 10, 2000)": 9.948897795591183,
        "(4, 10, 3000)": 10.945837512537613,
        "(4, 10, 4000)": 12.012036108324974,
        "(4, 10, 5000)": 12.908817635270541,
        "(4, 20, 1000)": 2.0735887096774195,
        "(4, 20, 2000)": 14.238197424892704,
        "(4, 20, 3000)": 17.064935064935064,
        "(4, 20, 4000)": 20.745098039215687,
        "(4, 20, 5000)": 24.367032967032966,
        "(4, 30, 1000)": 3.0726538849646823,
        "(4, 30, 2000)": 17.82251082251082,
        "(4, 30, 3000)": 22.842105263157894,
        "(4, 30, 4000)": 28.035555555555554,
        "(4, 30, 5000)": 32.13302752293578,
        "(4, 40, 1000)": 4.1140262361251265,
        "(4, 40, 2000)": 21.93058568329718,
        "(4, 40, 3000)": 28.364238410596027,
        "(4, 40, 4000)": 33.99768518518518,
        "(4, 40, 5000)": 38.02657004830918,
        "(4, 50, 1000)": 5.140262361251262,
        "(4, 50, 2000)": 26.17543859649123,
        "(4, 50, 3000)": 33.03872437357631,
        "(4, 50, 4000)": 38.85441527446301,
        "(4, 50, 5000)": 42.30749354005168,
        "(8, 10, 1000)": 6.052684903748734,
        "(8, 10, 2000)": 19.315673289183223,
        "(8, 10, 3000)": 24.08407079646018,
        "(8, 10, 4000)": 28.564044943820225,
        "(8, 10, 5000)": 31.618510158013542,
        "(8, 20, 1000)": 20.82894736842105,
        "(8, 20, 2000)": 29.968609865470853,
        "(8, 20, 3000)": 37.11643835616438,
        "(8, 20, 4000)": 42.22673031026253,
        "(8, 20, 5000)": 46.1493670886076,
        "(8, 30, 1000)": 27.02672605790646,
        "(8, 30, 2000)": 38.278538812785385,
        "(8, 30, 3000)": 46.28192771084338,
        "(8, 30, 4000)": 51.27792915531335,
        "(8, 30, 5000)": 54.64156626506024,
        "(8, 40, 1000)": 31.944700460829495,
        "(8, 40, 2000)": 44.37163814180929,
        "(8, 40, 3000)": 51.99166666666667,
        "(8, 40, 4000)": 56.65573770491803,
        "(8, 40, 5000)": 60.253571428571426,
        "(8, 50, 1000)": 36.320665083135395,
        "(8, 50, 2000)": 48.574074074074076,
        "(8, 50, 3000)": 56.14873417721519,
        "(8, 50, 4000)": 60.92526690391459,
        "(8, 50, 5000)": 64.20164609053498,
        "(16, 10, 1000)": 7.11144883485309,
        "(16, 10, 2000)": 36.259953161592506,
        "(16, 10, 3000)": 43.233415233415236,
        "(16, 10, 4000)": 47.78933333333333,
        "(16, 10, 5000)": 49.96078431372549,
        "(16, 20, 1000)": 38.41411764705882,
        "(16, 20, 2000)": 51.902255639097746,
        "(16, 20, 3000)": 60.04776119402985,
        "(16, 20, 4000)": 64.91843971631205,
        "(16, 20, 5000)": 68.40084388185655,
        "(16, 30, 1000)": 46.55050505050505,
        "(16, 30, 2000)": 61.48598130841121,
        "(16, 30, 3000)": 69.53617021276595,
        "(16, 30, 4000)": 73.54301075268818,
        "(16, 30, 5000)": 76.58278145695364,
        "(16, 40, 1000)": 51.890756302521005,
        "(16, 40, 2000)": 67.37903225806451,
        "(16, 40, 3000)": 74.70689655172414,
        "(16, 40, 4000)": 78.53030303030303,
        "(16, 40, 5000)": 81.01052631578948,
        "(16, 50, 1000)": 56.1671826625387,
        "(16, 50, 2000)": 71.25238095238095,
        "(16, 50, 3000)": 78.05555555555556,
        "(16, 50, 4000)": 81.66279069767442,
        "(16, 50, 5000)": 84.37777777777778,
        "(32, 10, 1000)": 8.191489361702128,
        "(32, 10, 2000)": 55.55425219941349,
        "(32, 10, 3000)": 61.404411764705884,
        "(32, 10, 4000)": 65.74439461883408,
        "(32, 10, 5000)": 64.10752688172043,
        "(32, 20, 1000)": 56.809375,
        "(32, 20, 2000)": 74.70285714285714,
        "(32, 20, 3000)": 83.11842105263158,
        "(32, 20, 4000)": 87.91176470588235,
        "(32, 20, 5000)": 87.7,
        "(32, 30, 1000)": 64.18859649122807,
        "(32, 30, 2000)": 84.875,
        "(32, 30, 3000)": 93.66666666666667,
        "(32, 30, 4000)": 0,
        "(32, 30, 5000)": 0,
        "(32, 40, 1000)": 69.06666666666666,
        "(32, 40, 2000)": 88.61111111111111,
        "(32, 40, 3000)": 0,
        "(32, 40, 4000)": 0,
        "(32, 40, 5000)": 0,
        "(32, 50, 1000)": 72.275,
        "(32, 50, 2000)": 90.33333333333333,
        "(32, 50, 3000)": 0,
        "(32, 50, 4000)": 0,
        "(32, 50, 5000)": 0,
        "(64, 10, 1000)": 9.0,
        "(64, 10, 2000)": 68.47328244274809,
        "(64, 10, 3000)": 76.45161290322581,
        "(64, 10, 4000)": 79.27777777777777,
        "(64, 10, 5000)": 21.4375,
        "(64, 20, 1000)": 68.05504587155963,
        "(64, 20, 2000)": 0,
        "(64, 20, 3000)": 0,
        "(64, 20, 4000)": 0,
        "(64, 20, 5000)": 0,
        "(64, 30, 1000)": 82.96153846153847,
        "(64, 30, 2000)": 0,
        "(64, 30, 3000)": 0,
        "(64, 30, 4000)": 0,
        "(64, 30, 5000)": 0,
        "(64, 40, 1000)": 0,
        "(64, 40, 2000)": 0,
        "(64, 40, 3000)": 0,
        "(64, 40, 4000)": 0,
        "(64, 40, 5000)": 0,
        "(64, 50, 1000)": 0,
        "(64, 50, 2000)": 0,
        "(64, 50, 3000)": 0,
        "(64, 50, 4000)": 0,
        "(64, 50, 5000)": 0
    },
    "base_point_cost": 0.11856069347755498,
    "min_points": 13,
    "budget": 0.7
}