{
    "percentage_bucket_counter_full": {
        "rest": 100.0,
        "5": 85.29411764705883,
        "10": 93.44919786096256,
        "15": 97.45989304812835,
        "20": 99.73262032085562
    },
    "percentage_bucket_counter_gpr": {
        "rest": 100.0,
        "5": 84.23194303153612,
        "10": 91.04781281790437,
        "15": 96.84638860630722,
        "20": 98.37232960325534
    },
    "percentage_bucket_counter_hybrid": {
        "rest": 100.0,
        "5": 84.23194303153612,
        "10": 91.04781281790437,
        "15": 96.84638860630722,
        "20": 98.37232960325534
    },
    "mean_budget_generic": 13.736964738491565,
    "percentage_bucket_counter_generic": {
        "rest": 100.0,
        "5": 84.0909090909091,
        "10": 89.43850267379679,
        "15": 95.05347593582889,
        "20": 96.3903743315508
    },
    "mean_add_points_generic": 73.03208556149733,
    "mean_add_points_gpr": 74.25940996948118,
    "mean_budget_gpr": 15.396949465507346,
    "mean_budget_hybrid": 15.3968360756322,
    "mean_add_points_hybrid": 74.2675483214649,
    "point_map_generic": {
        "(4, 10)": 1.0,
        "(4, 20)": 2.0,
        "(4, 30)": 3.0,
        "(4, 40)": 4.0,
        "(4, 50)": 5.0,
        "(8, 10)": 6.0,
        "(8, 20)": 9.989290495314592,
        "(8, 30)": 10.855855855855856,
        "(8, 40)": 12.478014184397162,
        "(8, 50)": 13.49009009009009,
        "(16, 10)": 7.0,
        "(16, 20)": 13.0,
        "(16, 30)": 14.317073170731707,
        "(16, 40)": 16.169260700389106,
        "(16, 50)": 17.38888888888889,
        "(32, 10)": 8.0,
        "(32, 20)": 16.819277108433734,
        "(32, 30)": 17.96414342629482,
        "(32, 40)": 20.125714285714285,
        "(32, 50)": 21.17488789237668,
        "(64, 10)": 9.0,
        "(64, 20)": 20.42325581395349,
        "(64, 30)": 9.0,
        "(64, 40)": 0,
        "(64, 50)": 0
    },
    "base_point_cost": 4.433375052922885,
    "min_points": 9,
    "budget": 16.0
}