{
    "percentage_bucket_counter_full": {
        "rest": 100.0,
        "5": 75.86206896551724,
        "10": 89.65517241379311,
        "15": 96.55172413793103,
        "20": 100.0
    },
    "percentage_bucket_counter_gpr": {
        "rest": 100.0,
        "5": 70.3030303030303,
        "10": 83.63636363636363,
        "15": 94.54545454545455,
        "20": 96.96969696969697
    },
    "percentage_bucket_counter_hybrid": {
        "rest": 100.0,
        "5": 67.06586826347305,
        "10": 80.83832335329342,
        "15": 92.21556886227546,
        "20": 94.61077844311377
    },
    "mean_budget_generic": 0.6290654981876638,
    "percentage_bucket_counter_generic": {
        "rest": 100.0,
        "5": 66.66666666666666,
        "10": 81.60919540229885,
        "15": 91.95402298850574,
        "20": 95.40229885057471
    },
    "mean_add_points_generic": 55.49425287356322,
    "mean_add_points_gpr": 54.1030303030303,
    "mean_budget_gpr": 0.6819657143439174,
    "mean_budget_hybrid": 0.6816216959922138,
    "mean_add_points_hybrid": 53.946107784431135,
    "point_map_generic": {
        "(4, 10)": 1.0,
        "(4, 20)": 2.0,
        "(4, 30)": 3.0,
        "(4, 40)": 4.0,
        "(4, 50)": 5.0,
        "(8, 10)": 6.0,
        "(8, 20)": 9.905882352941177,
        "(8, 30)": 9.28,
        "(8, 40)": 12.166666666666666,
        "(8, 50)": 13.568627450980392,
        "(16, 10)": 7.0,
        "(16, 20)": 12.842857142857143,
        "(16, 30)": 10.753086419753087,
        "(16, 40)": 16.0,
        "(16, 50)": 17.166666666666668,
        "(32, 10)": 8.0,
        "(32, 20)": 15.454545454545455,
        "(32, 30)": 8.0,
        "(32, 40)": 0,
        "(32, 50)": 0,
        "(64, 10)": 9.0,
        "(64, 20)": 9.0,
        "(64, 30)": 9.0,
        "(64, 40)": 0,
        "(64, 50)": 0
    },
    "base_point_cost": 0.3754996909790252,
    "min_points": 9,
    "budget": 0.7
}