{
    "percentage_bucket_counter_full": {
        "rest": 100.0,
        "5": 83.55048859934854,
        "10": 92.18241042345277,
        "15": 96.90553745928338,
        "20": 99.6742671009772
    },
    "percentage_bucket_counter_gpr": {
        "rest": 100.0,
        "5": 81.9078947368421,
        "10": 87.5,
        "15": 92.54385964912281,
        "20": 94.84649122807018
    },
    "percentage_bucket_counter_hybrid": {
        "rest": 100.0,
        "5": 81.08695652173913,
        "10": 86.6304347826087,
        "15": 91.63043478260869,
        "20": 93.80434782608695
    },
    "mean_budget_generic": 8.700224598173845,
    "percentage_bucket_counter_generic": {
        "rest": 100.0,
        "5": 82.08469055374593,
        "10": 86.48208469055375,
        "15": 92.67100977198697,
        "20": 94.62540716612378
    },
    "mean_add_points_generic": 69.55700325732899,
    "mean_add_points_gpr": 63.094298245614034,
    "mean_budget_gpr": 9.712212680215586,
    "mean_budget_hybrid": 9.7144151863587,
    "mean_add_points_hybrid": 62.904347826086955,
    "point_map_generic": {
        "(4, 10)": 1.0,
        "(4, 20)": 2.0,
        "(4, 30)": 3.0,
        "(4, 40)": 4.0,
        "(4, 50)": 5.0,
        "(8, 10)": 6.0,
        "(8, 20)": 9.98688524590164,
        "(8, 30)": 10.767145135566189,
        "(8, 40)": 12.179226069246436,
        "(8, 50)": 13.359667359667359,
        "(16, 10)": 7.0,
        "(16, 20)": 13.127433628318585,
        "(16, 30)": 14.28,
        "(16, 40)": 16.196388261851016,
        "(16, 50)": 17.381909547738694,
        "(32, 10)": 8.0,
        "(32, 20)": 16.835955056179774,
        "(32, 30)": 17.681081081081082,
        "(32, 40)": 20.04040404040404,
        "(32, 50)": 21.097826086956523,
        "(64, 10)": 9.0,
        "(64, 20)": 20.066666666666666,
        "(64, 30)": 9.0,
        "(64, 40)": 0,
        "(64, 50)": 0
    },
    "base_point_cost": 4.31544055062422,
    "min_points": 9,
    "budget": 10.0
}