{
    "percentage_bucket_counter_full": {
        "rest": 100.0,
        "5": 85.28528528528528,
        "10": 94.09409409409409,
        "15": 97.7977977977978,
        "20": 99.7997997997998
    },
    "percentage_bucket_counter_gpr": {
        "rest": 100.0,
        "5": 86.4,
        "10": 94.5,
        "15": 97.89999999999999,
        "20": 99.9
    },
    "percentage_bucket_counter_hybrid": {
        "rest": 100.0,
        "5": 86.4,
        "10": 94.5,
        "15": 97.89999999999999,
        "20": 99.9
    },
    "mean_budget_generic": 67.39326865594734,
    "percentage_bucket_counter_generic": {
        "rest": 100.0,
        "5": 85.58558558558559,
        "10": 94.5945945945946,
        "15": 97.7977977977978,
        "20": 100.0
    },
    "mean_add_points_generic": 94.91491491491492,
    "mean_add_points_gpr": 96.35,
    "mean_budget_gpr": 78.07057787908742,
    "mean_budget_hybrid": 78.07057787908742,
    "mean_add_points_hybrid": 96.35,
    "point_map_generic": {
        "(4, 10)": 1.0,
        "(4, 20)": 2.0,
        "(4, 30)": 3.0,
        "(4, 40)": 4.0,
        "(4, 50)": 5.0,
        "(8, 10)": 6.204,
        "(8, 20)": 10.043,
        "(8, 30)": 10.894,
        "(8, 40)": 12.38,
        "(8, 50)": 13.764,
        "(16, 10)": 7.312,
        "(16, 20)": 13.216,
        "(16, 30)": 14.468,
        "(16, 40)": 16.289,
        "(16, 50)": 17.587,
        "(32, 10)": 8.504,
        "(32, 20)": 17.153,
        "(32, 30)": 18.358,
        "(32, 40)": 20.233,
        "(32, 50)": 21.357,
        "(64, 10)": 9.494949494949495,
        "(64, 20)": 21.333,
        "(64, 30)": 22.275,
        "(64, 40)": 23.986468200270636,
        "(64, 50)": 0
    },
    "base_point_cost": 4.433375052922885,
    "min_points": 9,
    "budget": 81.0
}