{
    "percentage_bucket_counter_full": {
        "rest": 100.0,
        "5": 85.2,
        "10": 94.0,
        "15": 97.7,
        "20": 99.8
    },
    "percentage_bucket_counter_gpr": {
        "rest": 100.0,
        "5": 85.87174348697395,
        "10": 94.68937875751503,
        "15": 97.89579158316634,
        "20": 99.59919839679358
    },
    "percentage_bucket_counter_hybrid": {
        "rest": 100.0,
        "5": 85.87174348697395,
        "10": 94.68937875751503,
        "15": 97.89579158316634,
        "20": 99.59919839679358
    },
    "mean_budget_generic": 29.510860241430883,
    "percentage_bucket_counter_generic": {
        "rest": 100.0,
        "5": 85.1,
        "10": 92.7,
        "15": 96.89999999999999,
        "20": 98.9
    },
    "mean_add_points_generic": 84.24,
    "mean_add_points_gpr": 85.74148296593187,
    "mean_budget_gpr": 33.37064895695236,
    "mean_budget_hybrid": 33.37064895695236,
    "mean_add_points_hybrid": 85.74148296593187,
    "point_map_generic": {
        "(4, 10)": 1.0,
        "(4, 20)": 2.0,
        "(4, 30)": 3.0,
        "(4, 40)": 4.0,
        "(4, 50)": 5.0,
        "(8, 10)": 6.204,
        "(8, 20)": 10.043,
        "(8, 30)": 10.894,
        "(8, 40)": 12.38,
        "(8, 50)": 13.764,
        "(16, 10)": 7.312,
        "(16, 20)": 13.216,
        "(16, 30)": 14.468,
        "(16, 40)": 16.289,
        "(16, 50)": 17.553643724696357,
        "(32, 10)": 8.369059656218402,
        "(32, 20)": 17.134888438133874,
        "(32, 30)": 18.32063492063492,
        "(32, 40)": 20.143603133159267,
        "(32, 50)": 21.179791976225854,
        "(64, 10)": 9.0,
        "(64, 20)": 20.895874263261298,
        "(64, 30)": 20.457831325301203,
        "(64, 40)": 0,
        "(64, 50)": 0
    },
    "base_point_cost": 4.433375052922885,
    "min_points": 9,
    "budget": 35.0
}