{
    "percentage_bucket_counter_full": {
        "rest": 100.0,
        "5": 85.18518518518519,
        "10": 93.993993993994,
        "15": 97.69769769769769,
        "20": 99.7997997997998
    },
    "percentage_bucket_counter_gpr": {
        "rest": 100.0,
        "5": 86.57314629258516,
        "10": 94.58917835671342,
        "15": 97.89579158316634,
        "20": 99.8997995991984
    },
    "percentage_bucket_counter_hybrid": {
        "rest": 100.0,
        "5": 86.57314629258516,
        "10": 94.58917835671342,
        "15": 97.89579158316634,
        "20": 99.8997995991984
    },
    "mean_budget_generic": 63.416838797963045,
    "percentage_bucket_counter_generic": {
        "rest": 100.0,
        "5": 85.58558558558559,
        "10": 94.3943943943944,
        "15": 97.5975975975976,
        "20": 100.0
    },
    "mean_add_points_generic": 93.97797797797797,
    "mean_add_points_gpr": 95.28356713426854,
    "mean_budget_gpr": 72.00833333257694,
    "mean_budget_hybrid": 72.00833333257694,
    "mean_add_points_hybrid": 95.28356713426854,
    "point_map_generic": {
        "(4, 10)": 1.0,
        "(4, 20)": 2.0,
        "(4, 30)": 3.0,
        "(4, 40)": 4.0,
        "(4, 50)": 5.0,
        "(8, 10)": 6.204,
        "(8, 20)": 10.043,
        "(8, 30)": 10.894,
        "(8, 40)": 12.38,
        "(8, 50)": 13.764,
        "(16, 10)": 7.312,
        "(16, 20)": 13.216,
        "(16, 30)": 14.468,
        "(16, 40)": 16.289,
        "(16, 50)": 17.587,
        "(32, 10)": 8.504,
        "(32, 20)": 17.153,
        "(32, 30)": 18.358,
        "(32, 40)": 20.233,
        "(32, 50)": 21.357,
        "(64, 10)": 9.494949494949495,
        "(64, 20)": 21.333,
        "(64, 30)": 22.271356783919597,
        "(64, 40)": 23.98235294117647,
        "(64, 50)": 0
    },
    "base_point_cost": 4.433375052922885,
    "min_points": 9,
    "budget": 75.0
}