{
    "percentage_bucket_counter_full": {
        "rest": 100.0,
        "5": 83.30170777988614,
        "10": 91.65085388994308,
        "15": 96.9639468690702,
        "20": 99.62049335863378
    },
    "percentage_bucket_counter_gpr": {
        "rest": 100.0,
        "5": 83.35588633288228,
        "10": 88.76860622462787,
        "15": 93.77537212449256,
        "20": 95.66982408660351
    },
    "percentage_bucket_counter_hybrid": {
        "rest": 100.0,
        "5": 83.22056833558862,
        "10": 88.63328822733423,
        "15": 93.64005412719891,
        "20": 95.53450608930987
    },
    "mean_budget_generic": 6.940363695047006,
    "percentage_bucket_counter_generic": {
        "rest": 100.0,
        "5": 80.26565464895636,
        "10": 84.44022770398482,
        "15": 91.65085388994308,
        "20": 94.30740037950665
    },
    "mean_add_points_generic": 69.29791271347248,
    "mean_add_points_gpr": 64.6062246278755,
    "mean_budget_gpr": 7.764632026706841,
    "mean_budget_hybrid": 7.763773341046034,
    "mean_add_points_hybrid": 64.61028416779432,
    "point_map_generic": {
        "(4, 10)": 1.0,
        "(4, 20)": 2.0,
        "(4, 30)": 3.0,
        "(4, 40)": 4.0,
        "(4, 50)": 5.0,
        "(8, 10)": 6.0,
        "(8, 20)": 9.984644913627639,
        "(8, 30)": 10.678638941398866,
        "(8, 40)": 12.167431192660551,
        "(8, 50)": 13.399538106235566,
        "(16, 10)": 7.0,
        "(16, 20)": 13.165631469979296,
        "(16, 30)": 14.227272727272727,
        "(16, 40)": 16.214646464646464,
        "(16, 50)": 17.375,
        "(32, 10)": 8.0,
        "(32, 20)": 17.029333333333334,
        "(32, 30)": 17.37458193979933,
        "(32, 40)": 20.02013422818792,
        "(32, 50)": 21.0,
        "(64, 10)": 9.0,
        "(64, 20)": 19.75,
        "(64, 30)": 9.0,
        "(64, 40)": 0,
        "(64, 50)": 0
    },
    "base_point_cost": 2.738480047136943,
    "min_points": 9,
    "budget": 8.0
}