{
    "percentage_bucket_counter_full": {
        "rest": 100.0,
        "5": 76.01626016260163,
        "10": 88.21138211382113,
        "15": 95.52845528455285,
        "20": 99.1869918699187
    },
    "percentage_bucket_counter_gpr": {
        "rest": 100.0,
        "5": 74.28571428571429,
        "10": 85.07936507936508,
        "15": 92.38095238095238,
        "20": 94.28571428571428
    },
    "percentage_bucket_counter_hybrid": {
        "rest": 100.0,
        "5": 73.96825396825398,
        "10": 84.76190476190476,
        "15": 92.06349206349206,
        "20": 93.96825396825396
    },
    "mean_budget_generic": 1.736449461368372,
    "percentage_bucket_counter_generic": {
        "rest": 100.0,
        "5": 72.35772357723577,
        "10": 82.92682926829268,
        "15": 90.65040650406505,
        "20": 94.71544715447155
    },
    "mean_add_points_generic": 62.45528455284553,
    "mean_add_points_gpr": 62.37777777777778,
    "mean_budget_gpr": 1.9300817361272204,
    "mean_budget_hybrid": 1.9292019845520234,
    "mean_add_points_hybrid": 62.38095238095238,
    "point_map_generic": {
        "(4, 10)": 1.0,
        "(4, 20)": 2.0,
        "(4, 30)": 3.0,
        "(4, 40)": 4.0,
        "(4, 50)": 5.0,
        "(8, 10)": 6.0,
        "(8, 20)": 9.967871485943775,
        "(8, 30)": 10.24113475177305,
        "(8, 40)": 12.254545454545454,
        "(8, 50)": 13.482051282051282,
        "(16, 10)": 7.0,
        "(16, 20)": 13.113636363636363,
        "(16, 30)": 13.397260273972602,
        "(16, 40)": 16.072,
        "(16, 50)": 17.318681318681318,
        "(32, 10)": 8.0,
        "(32, 20)": 16.90740740740741,
        "(32, 30)": 12.242857142857142,
        "(32, 40)": 0,
        "(32, 50)": 0,
        "(64, 10)": 9.0,
        "(64, 20)": 9.0,
        "(64, 30)": 9.0,
        "(64, 40)": 0,
        "(64, 50)": 0
    },
    "base_point_cost": 0.7534048717012662,
    "min_points": 9,
    "budget": 2.0
}