{
    "percentage_bucket_counter_full": {
        "rest": 100.0,
        "5": 73.21428571428571,
        "10": 91.07142857142857,
        "15": 96.42857142857143,
        "20": 100.0
    },
    "percentage_bucket_counter_gpr": {
        "rest": 100.0,
        "5": 69.90291262135922,
        "10": 79.6116504854369,
        "15": 92.23300970873787,
        "20": 95.14563106796116
    },
    "percentage_bucket_counter_hybrid": {
        "rest": 100.0,
        "5": 70.29702970297029,
        "10": 79.20792079207921,
        "15": 92.07920792079209,
        "20": 95.04950495049505
    },
    "mean_budget_generic": 0.457520665907281,
    "percentage_bucket_counter_generic": {
        "rest": 100.0,
        "5": 58.92857142857143,
        "10": 73.21428571428571,
        "15": 85.71428571428571,
        "20": 91.07142857142857
    },
    "mean_add_points_generic": 53.214285714285715,
    "mean_add_points_gpr": 51.56310679611651,
    "mean_budget_gpr": 0.487207155068381,
    "mean_budget_hybrid": 0.4870787932850719,
    "mean_add_points_hybrid": 51.94059405940594,
    "point_map_generic": {
        "(4, 10)": 1.0,
        "(4, 20)": 2.0,
        "(4, 30)": 3.0,
        "(4, 40)": 4.0,
        "(4, 50)": 5.0,
        "(8, 10)": 6.0,
        "(8, 20)": 9.873015873015873,
        "(8, 30)": 8.828282828282829,
        "(8, 40)": 12.08108108108108,
        "(8, 50)": 13.580645161290322,
        "(16, 10)": 7.0,
        "(16, 20)": 12.853658536585366,
        "(16, 30)": 9.625,
        "(16, 40)": 16.0,
        "(16, 50)": 0,
        "(32, 10)": 8.0,
        "(32, 20)": 11.0,
        "(32, 30)": 8.0,
        "(32, 40)": 0,
        "(32, 50)": 0,
        "(64, 10)": 9.0,
        "(64, 20)": 9.0,
        "(64, 30)": 9.0,
        "(64, 40)": 0,
        "(64, 50)": 0
    },
    "base_point_cost": 0.2875882699334052,
    "min_points": 9,
    "budget": 0.5
}