{
    "percentage_bucket_counter_full": {
        "rest": 100.0,
        "5": 85.2,
        "10": 94.0,
        "15": 97.7,
        "20": 99.8
    },
    "percentage_bucket_counter_gpr": {
        "rest": 100.0,
        "5": 85.47094188376754,
        "10": 94.48897795591182,
        "15": 97.89579158316634,
        "20": 100.0
    },
    "percentage_bucket_counter_hybrid": {
        "rest": 100.0,
        "5": 85.47094188376754,
        "10": 94.48897795591182,
        "15": 97.89579158316634,
        "20": 100.0
    },
    "mean_budget_generic": 33.263308386964944,
    "percentage_bucket_counter_generic": {
        "rest": 100.0,
        "5": 85.2,
        "10": 93.10000000000001,
        "15": 96.89999999999999,
        "20": 99.1
    },
    "mean_add_points_generic": 86.136,
    "mean_add_points_gpr": 87.64829659318637,
    "mean_budget_gpr": 39.12976431559595,
    "mean_budget_hybrid": 39.12976431559595,
    "mean_add_points_hybrid": 87.64829659318637,
    "point_map_generic": {
        "(4, 10)": 1.0,
        "(4, 20)": 2.0,
        "(4, 30)": 3.0,
        "(4, 40)": 4.0,
        "(4, 50)": 5.0,
        "(8, 10)": 6.204,
        "(8, 20)": 10.043,
        "(8, 30)": 10.894,
        "(8, 40)": 12.38,
        "(8, 50)": 13.764,
        "(16, 10)": 7.312,
        "(16, 20)": 13.216,
        "(16, 30)": 14.468,
        "(16, 40)": 16.289,
        "(16, 50)": 17.58258258258258,
        "(32, 10)": 8.415911379657603,
        "(32, 20)": 17.15115115115115,
        "(32, 30)": 18.35347432024169,
        "(32, 40)": 20.183465458663647,
        "(32, 50)": 21.172549019607843,
        "(64, 10)": 9.0,
        "(64, 20)": 20.92809364548495,
        "(64, 30)": 21.146131805157594,
        "(64, 40)": 0,
        "(64, 50)": 0
    },
    "base_point_cost": 4.433375052922885,
    "min_points": 9,
    "budget": 41.0
}