{
    "percentage_bucket_counter_full": {
        "rest": 100.0,
        "5": 85.18518518518519,
        "10": 93.993993993994,
        "15": 97.69769769769769,
        "20": 99.7997997997998
    },
    "percentage_bucket_counter_gpr": {
        "rest": 100.0,
        "5": 85.07014028056112,
        "10": 92.68537074148297,
        "15": 96.79358717434869,
        "20": 98.99799599198397
    },
    "percentage_bucket_counter_hybrid": {
        "rest": 100.0,
        "5": 85.07014028056112,
        "10": 92.68537074148297,
        "15": 96.79358717434869,
        "20": 98.99799599198397
    },
    "mean_budget_generic": 20.817915585563025,
    "percentage_bucket_counter_generic": {
        "rest": 100.0,
        "5": 84.18418418418419,
        "10": 91.09109109109109,
        "15": 96.5965965965966,
        "20": 98.2982982982983
    },
    "mean_add_points_generic": 77.24124124124124,
    "mean_add_points_gpr": 80.82064128256513,
    "mean_budget_gpr": 22.942591427883993,
    "mean_budget_hybrid": 22.942591427883993,
    "mean_add_points_hybrid": 80.82064128256513,
    "point_map_generic": {
        "(4, 10)": 1.0,
        "(4, 20)": 2.0,
        "(4, 30)": 3.0,
        "(4, 40)": 4.0,
        "(4, 50)": 5.0,
        "(8, 10)": 6.197197197197197,
        "(8, 20)": 10.04104104104104,
        "(8, 30)": 10.894,
        "(8, 40)": 12.38,
        "(8, 50)": 13.764764764764765,
        "(16, 10)": 7.278391959798995,
        "(16, 20)": 13.187817258883248,
        "(16, 30)": 14.453798767967145,
        "(16, 40)": 16.275409836065574,
        "(16, 50)": 17.300275482093664,
        "(32, 10)": 8.192189105858171,
        "(32, 20)": 16.965601965601966,
        "(32, 30)": 18.125547445255474,
        "(32, 40)": 20.18069815195072,
        "(32, 50)": 21.24175824175824,
        "(64, 10)": 9.0,
        "(64, 20)": 20.694767441860463,
        "(64, 30)": 16.51063829787234,
        "(64, 40)": 0,
        "(64, 50)": 0
    },
    "base_point_cost": 4.433375052922885,
    "min_points": 9,
    "budget": 24.0
}