{
    "percentage_bucket_counter_full": {
        "rest": 100.0,
        "5": 85.2,
        "10": 94.0,
        "15": 97.7,
        "20": 99.8
    },
    "percentage_bucket_counter_gpr": {
        "rest": 100.0,
        "5": 85.67134268537075,
        "10": 94.48897795591182,
        "15": 97.89579158316634,
        "20": 100.0
    },
    "percentage_bucket_counter_hybrid": {
        "rest": 100.0,
        "5": 85.67134268537075,
        "10": 94.48897795591182,
        "15": 97.89579158316634,
        "20": 100.0
    },
    "mean_budget_generic": 41.35928578494627,
    "percentage_bucket_counter_generic": {
        "rest": 100.0,
        "5": 85.5,
        "10": 93.89999999999999,
        "15": 97.2,
        "20": 99.4
    },
    "mean_add_points_generic": 88.752,
    "mean_add_points_gpr": 90.09018036072145,
    "mean_budget_gpr": 48.043817211787314,
    "mean_budget_hybrid": 48.043817211787314,
    "mean_add_points_hybrid": 90.09018036072145,
    "point_map_generic": {
        "(4, 10)": 1.0,
        "(4, 20)": 2.0,
        "(4, 30)": 3.0,
        "(4, 40)": 4.0,
        "(4, 50)": 5.0,
        "(8, 10)": 6.204,
        "(8, 20)": 10.043,
        "(8, 30)": 10.894,
        "(8, 40)": 12.38,
        "(8, 50)": 13.764,
        "(16, 10)": 7.312,
        "(16, 20)": 13.216,
        "(16, 30)": 14.468,
        "(16, 40)": 16.289,
        "(16, 50)": 17.587,
        "(32, 10)": 8.491491491491491,
        "(32, 20)": 17.153,
        "(32, 30)": 18.358,
        "(32, 40)": 20.233233233233232,
        "(32, 50)": 21.168433451118965,
        "(64, 10)": 9.0,
        "(64, 20)": 21.197115384615383,
        "(64, 30)": 21.6531007751938,
        "(64, 40)": 24.0,
        "(64, 50)": 0
    },
    "base_point_cost": 4.433375052922885,
    "min_points": 9,
    "budget": 50.0
}