{
    "percentage_bucket_counter_full": {
        "rest": 100.0,
        "5": 85.2,
        "10": 94.0,
        "15": 97.7,
        "20": 99.8
    },
    "percentage_bucket_counter_gpr": {
        "rest": 100.0,
        "5": 85.45636910732196,
        "10": 92.97893681043129,
        "15": 96.99097291875627,
        "20": 99.09729187562688
    },
    "percentage_bucket_counter_hybrid": {
        "rest": 100.0,
        "5": 85.45636910732196,
        "10": 92.97893681043129,
        "15": 96.99097291875627,
        "20": 99.09729187562688
    },
    "mean_budget_generic": 21.587751242457582,
    "percentage_bucket_counter_generic": {
        "rest": 100.0,
        "5": 84.2,
        "10": 91.2,
        "15": 96.7,
        "20": 98.3
    },
    "mean_add_points_generic": 78.148,
    "mean_add_points_gpr": 81.37211634904715,
    "mean_budget_gpr": 23.814406124023517,
    "mean_budget_hybrid": 23.814406124023517,
    "mean_add_points_hybrid": 81.37211634904715,
    "point_map_generic": {
        "(4, 10)": 1.0,
        "(4, 20)": 2.0,
        "(4, 30)": 3.0,
        "(4, 40)": 4.0,
        "(4, 50)": 5.0,
        "(8, 10)": 6.197197197197197,
        "(8, 20)": 10.043,
        "(8, 30)": 10.894,
        "(8, 40)": 12.38,
        "(8, 50)": 13.764,
        "(16, 10)": 7.291875626880642,
        "(16, 20)": 13.193124368048533,
        "(16, 30)": 14.461538461538462,
        "(16, 40)": 16.287974683544302,
        "(16, 50)": 17.314247669773636,
        "(32, 10)": 8.214358974358975,
        "(32, 20)": 17.004728132387708,
        "(32, 30)": 18.16413793103448,
        "(32, 40)": 20.173410404624278,
        "(32, 50)": 21.24468085106383,
        "(64, 10)": 9.0,
        "(64, 20)": 20.708791208791208,
        "(64, 30)": 17.16190476190476,
        "(64, 40)": 0,
        "(64, 50)": 0
    },
    "base_point_cost": 4.433375052922885,
    "min_points": 9,
    "budget": 25.0
}