{
    "percentage_bucket_counter_full": {
        "rest": 100.0,
        "5": 85.2,
        "10": 94.0,
        "15": 97.7,
        "20": 99.8
    },
    "percentage_bucket_counter_gpr": {
        "rest": 100.0,
        "5": 85.67134268537075,
        "10": 94.48897795591182,
        "15": 97.89579158316634,
        "20": 100.0
    },
    "percentage_bucket_counter_hybrid": {
        "rest": 100.0,
        "5": 85.67134268537075,
        "10": 94.48897795591182,
        "15": 97.89579158316634,
        "20": 100.0
    },
    "mean_budget_generic": 32.019081019321185,
    "percentage_bucket_counter_generic": {
        "rest": 100.0,
        "5": 85.2,
        "10": 93.10000000000001,
        "15": 96.89999999999999,
        "20": 99.1
    },
    "mean_add_points_generic": 85.564,
    "mean_add_points_gpr": 87.04609218436873,
    "mean_budget_gpr": 37.22991075852253,
    "mean_budget_hybrid": 37.23025051247061,
    "mean_add_points_hybrid": 87.04809619238478,
    "point_map_generic": {
        "(4, 10)": 1.0,
        "(4, 20)": 2.0,
        "(4, 30)": 3.0,
        "(4, 40)": 4.0,
        "(4, 50)": 5.0,
        "(8, 10)": 6.204,
        "(8, 20)": 10.043,
        "(8, 30)": 10.894,
        "(8, 40)": 12.38,
        "(8, 50)": 13.764,
        "(16, 10)": 7.312,
        "(16, 20)": 13.216,
        "(16, 30)": 14.468,
        "(16, 40)": 16.289,
        "(16, 50)": 17.58258258258258,
        "(32, 10)": 8.391523713420787,
        "(32, 20)": 17.14572864321608,
        "(32, 30)": 18.348884381338742,
        "(32, 40)": 20.163289630512516,
        "(32, 50)": 21.17426273458445,
        "(64, 10)": 9.0,
        "(64, 20)": 20.91166077738516,
        "(64, 30)": 20.93949044585987,
        "(64, 40)": 0,
        "(64, 50)": 0
    },
    "base_point_cost": 4.433375052922885,
    "min_points": 9,
    "budget": 39.0
}