{
    "percentage_bucket_counter_full": {
        "rest": 100.0,
        "5": 85.2,
        "10": 94.0,
        "15": 97.7,
        "20": 99.8
    },
    "percentage_bucket_counter_gpr": {
        "rest": 100.0,
        "5": 85.88588588588588,
        "10": 94.3943943943944,
        "15": 97.69769769769769,
        "20": 99.5995995995996
    },
    "percentage_bucket_counter_hybrid": {
        "rest": 100.0,
        "5": 85.88588588588588,
        "10": 94.3943943943944,
        "15": 97.69769769769769,
        "20": 99.5995995995996
    },
    "mean_budget_generic": 27.4431239280829,
    "percentage_bucket_counter_generic": {
        "rest": 100.0,
        "5": 85.0,
        "10": 92.30000000000001,
        "15": 97.0,
        "20": 98.7
    },
    "mean_add_points_generic": 82.928,
    "mean_add_points_gpr": 84.61961961961961,
    "mean_budget_gpr": 30.443143937170966,
    "mean_budget_hybrid": 30.443143937170966,
    "mean_add_points_hybrid": 84.61961961961961,
    "point_map_generic": {
        "(4, 10)": 1.0,
        "(4, 20)": 2.0,
        "(4, 30)": 3.0,
        "(4, 40)": 4.0,
        "(4, 50)": 5.0,
        "(8, 10)": 6.204,
        "(8, 20)": 10.043,
        "(8, 30)": 10.894,
        "(8, 40)": 12.38,
        "(8, 50)": 13.764,
        "(16, 10)": 7.312,
        "(16, 20)": 13.216,
        "(16, 30)": 14.468,
        "(16, 40)": 16.28828828828829,
        "(16, 50)": 17.482105263157894,
        "(32, 10)": 8.346504559270517,
        "(32, 20)": 17.109375,
        "(32, 30)": 18.283482142857142,
        "(32, 40)": 20.138373751783167,
        "(32, 50)": 21.193602693602692,
        "(64, 10)": 9.0,
        "(64, 20)": 20.838912133891213,
        "(64, 30)": 20.02358490566038,
        "(64, 40)": 0,
        "(64, 50)": 0
    },
    "base_point_cost": 4.433375052922885,
    "min_points": 9,
    "budget": 32.0
}