{
    "percentage_bucket_counter_full": {
        "rest": 0,
        "5": 0,
        "10": 0,
        "15": 0,
        "20": 0
    },
    "percentage_bucket_counter_generic": {
        "rest": 100.0,
        "5": 11.03,
        "10": 17.89,
        "15": 20.8,
        "20": 23.71
    },
    "mean_budget_generic": 4.2844981718628645,
    "mean_add_points_generic": 36.0,
    "nr_func_modeled_generic": 6484,
    "percentage_bucket_counter_gpr": {
        "rest": 100.0,
        "5": 14.85,
        "10": 24.959999999999997,
        "15": 29.93,
        "20": 33.69
    },
    "mean_budget_gpr": 4.438415798013444,
    "mean_add_points_gpr": 18.0,
    "nr_func_modeled_gpr": 9998,
    "percentage_bucket_counter_hybrid": {
        "rest": 100.0,
        "5": 14.85,
        "10": 24.959999999999997,
        "15": 29.93,
        "20": 33.69
    },
    "mean_budget_hybrid": 4.438415798013444,
    "mean_add_points_hybrid": 18.0,
    "nr_func_modeled_hybrid": 9998,
    "percentage_bucket_counter_random": {
        "rest": 100.0,
        "5": 11.03,
        "10": 17.89,
        "15": 20.8,
        "20": 23.71
    },
    "mean_budget_random": 9.944646951096326,
    "mean_add_points_random": 45.41224552745219,
    "nr_func_modeled_random": 6484,
    "percentage_bucket_counter_grid": {
        "rest": 100.0,
        "5": 19.21,
        "10": 30.220000000000002,
        "15": 37.46,
        "20": 42.07
    },
    "mean_budget_grid": 6.838152236936905,
    "mean_add_points_grid": 38.24857186969276,
    "nr_func_modeled_grid": 6477,
    "percentage_bucket_counter_bayesian": {
        "rest": 100.0,
        "5": 69.61,
        "10": 84.14,
        "15": 93.16,
        "20": 95.86
    },
    "mean_budget_bayesian": 10.809919259132908,
    "mean_add_points_bayesian": 64.03185483870968,
    "nr_func_modeled_bayesian": 9920,
    "point_map_generic": {
        "(4, 10)": 1.0,
        "(4, 20)": 2.0,
        "(4, 30)": 3.0,
        "(4, 40)": 4.0,
        "(4, 50)": 5.0,
        "(8, 10)": 6.0,
        "(8, 20)": 6.0,
        "(8, 30)": 6.0,
        "(8, 40)": 0,
        "(8, 50)": 0,
        "(16, 10)": 7.0,
        "(16, 20)": 7.0,
        "(16, 30)": 7.0,
        "(16, 40)": 0,
        "(16, 50)": 0,
        "(32, 10)": 8.0,
        "(32, 20)": 8.0,
        "(32, 30)": 8.0,
        "(32, 40)": 0,
        "(32, 50)": 0,
        "(64, 10)": 9.0,
        "(64, 20)": 9.0,
        "(64, 30)": 9.0,
        "(64, 40)": 0,
        "(64, 50)": 0
    },
    "base_point_cost": 4.438415798013444,
    "min_points": 9,
    "budget": 11.0
}