{
    "percentage_bucket_counter_full": {
        "rest": 0,
        "5": 0,
        "10": 0,
        "15": 0,
        "20": 0
    },
    "percentage_bucket_counter_generic": {
        "rest": 100.0,
        "5": 4.859999999999999,
        "10": 8.44,
        "15": 9.790000000000001,
        "20": 11.5
    },
    "mean_budget_generic": 1.18994777040451,
    "mean_add_points_generic": 36.0,
    "nr_func_modeled_generic": 2879,
    "percentage_bucket_counter_gpr": {
        "rest": 100.0,
        "5": 5.56,
        "10": 11.0,
        "15": 13.88,
        "20": 16.41
    },
    "mean_budget_gpr": 1.174690500753453,
    "mean_add_points_gpr": 18.0,
    "nr_func_modeled_gpr": 4397,
    "percentage_bucket_counter_hybrid": {
        "rest": 100.0,
        "5": 5.56,
        "10": 11.0,
        "15": 13.88,
        "20": 16.41
    },
    "mean_budget_hybrid": 1.174690500753453,
    "mean_add_points_hybrid": 18.0,
    "nr_func_modeled_hybrid": 4397,
    "percentage_bucket_counter_random": {
        "rest": 100.0,
        "5": 4.859999999999999,
        "10": 8.44,
        "15": 9.790000000000001,
        "20": 11.5
    },
    "mean_budget_random": 1.7620647808073444,
    "mean_add_points_random": 37.582146578673154,
    "nr_func_modeled_random": 2879,
    "percentage_bucket_counter_grid": {
        "rest": 100.0,
        "5": 5.28,
        "10": 9.21,
        "15": 10.76,
        "20": 12.76
    },
    "mean_budget_grid": 1.4502514700235485,
    "mean_add_points_grid": 36.46314325452017,
    "nr_func_modeled_grid": 2876,
    "percentage_bucket_counter_bayesian": {
        "rest": 100.0,
        "5": 25.069999999999997,
        "10": 29.409999999999997,
        "15": 33.85,
        "20": 36.84
    },
    "mean_budget_bayesian": 2.95851799273041,
    "mean_add_points_bayesian": 58.49756775538568,
    "nr_func_modeled_bayesian": 4317,
    "point_map_generic": {
        "(4, 10)": 1.0,
        "(4, 20)": 2.0,
        "(4, 30)": 3.0,
        "(4, 40)": 4.0,
        "(4, 50)": 5.0,
        "(8, 10)": 6.0,
        "(8, 20)": 6.0,
        "(8, 30)": 6.0,
        "(8, 40)": 0,
        "(8, 50)": 0,
        "(16, 10)": 7.0,
        "(16, 20)": 7.0,
        "(16, 30)": 7.0,
        "(16, 40)": 0,
        "(16, 50)": 0,
        "(32, 10)": 8.0,
        "(32, 20)": 8.0,
        "(32, 30)": 8.0,
        "(32, 40)": 0,
        "(32, 50)": 0,
        "(64, 10)": 9.0,
        "(64, 20)": 9.0,
        "(64, 30)": 9.0,
        "(64, 40)": 0,
        "(64, 50)": 0
    },
    "base_point_cost": 1.174690500753453,
    "min_points": 9,
    "budget": 3.0
}