{
    "percentage_bucket_counter_full": {
        "rest": 0,
        "5": 0,
        "10": 0,
        "15": 0,
        "20": 0
    },
    "percentage_bucket_counter_generic": {
        "rest": 100.0,
        "5": 8.66,
        "10": 14.26,
        "15": 16.76,
        "20": 19.24
    },
    "mean_budget_generic": 2.8301481516951252,
    "mean_add_points_generic": 36.0,
    "nr_func_modeled_generic": 4969,
    "percentage_bucket_counter_gpr": {
        "rest": 100.0,
        "5": 9.67,
        "10": 17.05,
        "15": 21.240000000000002,
        "20": 24.58
    },
    "mean_budget_gpr": 2.447131714113798,
    "mean_add_points_gpr": 18.0,
    "nr_func_modeled_gpr": 7012,
    "percentage_bucket_counter_hybrid": {
        "rest": 100.0,
        "5": 9.67,
        "10": 17.05,
        "15": 21.240000000000002,
        "20": 24.58
    },
    "mean_budget_hybrid": 2.447131714113798,
    "mean_add_points_hybrid": 18.0,
    "nr_func_modeled_hybrid": 7012,
    "percentage_bucket_counter_random": {
        "rest": 100.0,
        "5": 8.66,
        "10": 14.26,
        "15": 16.76,
        "20": 19.24
    },
    "mean_budget_random": 6.106233267683485,
    "mean_add_points_random": 41.835580599718256,
    "nr_func_modeled_random": 4969,
    "percentage_bucket_counter_grid": {
        "rest": 100.0,
        "5": 10.209999999999999,
        "10": 19.35,
        "15": 24.84,
        "20": 28.58
    },
    "mean_budget_grid": 4.358659558085659,
    "mean_add_points_grid": 37.69531092775206,
    "nr_func_modeled_grid": 4969,
    "percentage_bucket_counter_bayesian": {
        "rest": 100.0,
        "5": 48.32,
        "10": 53.47,
        "15": 60.07,
        "20": 62.339999999999996
    },
    "mean_budget_bayesian": 6.8860116107277145,
    "mean_add_points_bayesian": 61.44294620849645,
    "nr_func_modeled_bayesian": 6897,
    "point_map_generic": {
        "(4, 10)": 1.0,
        "(4, 20)": 2.0,
        "(4, 30)": 3.0,
        "(4, 40)": 4.0,
        "(4, 50)": 5.0,
        "(8, 10)": 6.0,
        "(8, 20)": 6.0,
        "(8, 30)": 6.0,
        "(8, 40)": 0,
        "(8, 50)": 0,
        "(16, 10)": 7.0,
        "(16, 20)": 7.0,
        "(16, 30)": 7.0,
        "(16, 40)": 0,
        "(16, 50)": 0,
        "(32, 10)": 8.0,
        "(32, 20)": 8.0,
        "(32, 30)": 8.0,
        "(32, 40)": 0,
        "(32, 50)": 0,
        "(64, 10)": 9.0,
        "(64, 20)": 9.0,
        "(64, 30)": 9.0,
        "(64, 40)": 0,
        "(64, 50)": 0
    },
    "base_point_cost": 2.447131714113798,
    "min_points": 9,
    "budget": 7.0
}