{
    "percentage_bucket_counter_full": {
        "rest": 0,
        "5": 0,
        "10": 0,
        "15": 0,
        "20": 0
    },
    "percentage_bucket_counter_generic": {
        "rest": 100.0,
        "5": 17.4,
        "10": 26.8,
        "15": 30.42,
        "20": 33.56
    },
    "mean_budget_generic": 8.876389651323805,
    "mean_add_points_generic": 36.0,
    "nr_func_modeled_generic": 10000,
    "percentage_bucket_counter_gpr": {
        "rest": 100.0,
        "5": 14.87,
        "10": 24.98,
        "15": 29.95,
        "20": 33.71
    },
    "mean_budget_gpr": 4.439734963034415,
    "mean_add_points_gpr": 18.0,
    "nr_func_modeled_gpr": 10000,
    "percentage_bucket_counter_hybrid": {
        "rest": 100.0,
        "5": 14.87,
        "10": 24.98,
        "15": 29.95,
        "20": 33.71
    },
    "mean_budget_hybrid": 4.439734963034415,
    "mean_add_points_hybrid": 18.0,
    "nr_func_modeled_hybrid": 10000,
    "percentage_bucket_counter_random": {
        "rest": 100.0,
        "5": 17.4,
        "10": 26.8,
        "15": 30.42,
        "20": 33.56
    },
    "mean_budget_random": 72.36521,
    "mean_add_points_random": 84.6854,
    "nr_func_modeled_random": 10000,
    "percentage_bucket_counter_grid": {
        "rest": 100.0,
        "5": 33.239999999999995,
        "10": 68.08999999999999,
        "15": 90.07,
        "20": 95.71
    },
    "mean_budget_grid": 62.173340122073014,
    "mean_add_points_grid": 51.93956978489245,
    "nr_func_modeled_grid": 9995,
    "percentage_bucket_counter_bayesian": {
        "rest": 100.0,
        "5": 47.03,
        "10": 67.93,
        "15": 85.31,
        "20": 92.73
    },
    "mean_budget_bayesian": 75.34794738679179,
    "mean_add_points_bayesian": 95.47689537907581,
    "nr_func_modeled_bayesian": 9998,
    "point_map_generic": {
        "(4, 10)": 1.0,
        "(4, 20)": 2.0,
        "(4, 30)": 3.0,
        "(4, 40)": 4.0,
        "(4, 50)": 5.0,
        "(8, 10)": 6.0,
        "(8, 20)": 6.0,
        "(8, 30)": 6.0,
        "(8, 40)": 0,
        "(8, 50)": 0,
        "(16, 10)": 7.0,
        "(16, 20)": 7.0,
        "(16, 30)": 7.0,
        "(16, 40)": 0,
        "(16, 50)": 0,
        "(32, 10)": 8.0,
        "(32, 20)": 8.0,
        "(32, 30)": 8.0,
        "(32, 40)": 0,
        "(32, 50)": 0,
        "(64, 10)": 9.0,
        "(64, 20)": 9.0,
        "(64, 30)": 9.0,
        "(64, 40)": 0,
        "(64, 50)": 0
    },
    "base_point_cost": 4.439734963034415,
    "min_points": 9,
    "budget": 77.0
}