{
    "percentage_bucket_counter_full": {
        "rest": 0,
        "5": 0,
        "10": 0,
        "15": 0,
        "20": 0
    },
    "percentage_bucket_counter_generic": {
        "rest": 100.0,
        "5": 17.4,
        "10": 26.8,
        "15": 30.409999999999997,
        "20": 33.550000000000004
    },
    "mean_budget_generic": 8.875072613307282,
    "mean_add_points_generic": 36.0,
    "nr_func_modeled_generic": 9999,
    "percentage_bucket_counter_gpr": {
        "rest": 100.0,
        "5": 14.87,
        "10": 24.98,
        "15": 29.95,
        "20": 33.71
    },
    "mean_budget_gpr": 4.439734963034415,
    "mean_add_points_gpr": 18.0,
    "nr_func_modeled_gpr": 10000,
    "percentage_bucket_counter_hybrid": {
        "rest": 100.0,
        "5": 14.87,
        "10": 24.98,
        "15": 29.95,
        "20": 33.71
    },
    "mean_budget_hybrid": 4.439734963034415,
    "mean_add_points_hybrid": 18.0,
    "nr_func_modeled_hybrid": 10000,
    "percentage_bucket_counter_random": {
        "rest": 100.0,
        "5": 17.4,
        "10": 26.8,
        "15": 30.409999999999997,
        "20": 33.550000000000004
    },
    "mean_budget_random": 20.210703528481197,
    "mean_add_points_random": 50.434643464346436,
    "nr_func_modeled_random": 9999,
    "percentage_bucket_counter_grid": {
        "rest": 100.0,
        "5": 49.89,
        "10": 62.470000000000006,
        "15": 69.28999999999999,
        "20": 72.59
    },
    "mean_budget_grid": 16.19009160322341,
    "mean_add_points_grid": 39.814288573143884,
    "nr_func_modeled_grid": 9994,
    "percentage_bucket_counter_bayesian": {
        "rest": 100.0,
        "5": 71.77,
        "10": 87.27000000000001,
        "15": 95.00999999999999,
        "20": 96.98
    },
    "mean_budget_bayesian": 21.485023042352108,
    "mean_add_points_bayesian": 78.0210484113461,
    "nr_func_modeled_bayesian": 9977,
    "point_map_generic": {
        "(4, 10)": 1.0,
        "(4, 20)": 2.0,
        "(4, 30)": 3.0,
        "(4, 40)": 4.0,
        "(4, 50)": 5.0,
        "(8, 10)": 6.0,
        "(8, 20)": 6.0,
        "(8, 30)": 6.0,
        "(8, 40)": 0,
        "(8, 50)": 0,
        "(16, 10)": 7.0,
        "(16, 20)": 7.0,
        "(16, 30)": 7.0,
        "(16, 40)": 0,
        "(16, 50)": 0,
        "(32, 10)": 8.0,
        "(32, 20)": 8.0,
        "(32, 30)": 8.0,
        "(32, 40)": 0,
        "(32, 50)": 0,
        "(64, 10)": 9.0,
        "(64, 20)": 9.0,
        "(64, 30)": 9.0,
        "(64, 40)": 0,
        "(64, 50)": 0
    },
    "base_point_cost": 4.439734963034415,
    "min_points": 9,
    "budget": 22.0
}