{
    "percentage_bucket_counter_full": {
        "rest": 0,
        "5": 0,
        "10": 0,
        "15": 0,
        "20": 0
    },
    "percentage_bucket_counter_generic": {
        "rest": 100.0,
        "5": 6.909999999999999,
        "10": 11.33,
        "15": 13.43,
        "20": 15.64
    },
    "mean_budget_generic": 1.971143977644262,
    "mean_add_points_generic": 36.0,
    "nr_func_modeled_generic": 3923,
    "percentage_bucket_counter_gpr": {
        "rest": 100.0,
        "5": 8.02,
        "10": 14.82,
        "15": 18.78,
        "20": 22.009999999999998
    },
    "mean_budget_gpr": 1.95602449224869,
    "mean_add_points_gpr": 18.0,
    "nr_func_modeled_gpr": 6119,
    "percentage_bucket_counter_hybrid": {
        "rest": 100.0,
        "5": 8.02,
        "10": 14.82,
        "15": 18.78,
        "20": 22.009999999999998
    },
    "mean_budget_hybrid": 1.95602449224869,
    "mean_add_points_hybrid": 18.0,
    "nr_func_modeled_hybrid": 6119,
    "percentage_bucket_counter_random": {
        "rest": 100.0,
        "5": 6.909999999999999,
        "10": 11.33,
        "15": 13.43,
        "20": 15.64
    },
    "mean_budget_random": 4.072800691917123,
    "mean_add_points_random": 39.827427988784095,
    "nr_func_modeled_random": 3923,
    "percentage_bucket_counter_grid": {
        "rest": 100.0,
        "5": 7.249999999999999,
        "10": 13.34,
        "15": 17.59,
        "20": 20.52
    },
    "mean_budget_grid": 3.0136696243563397,
    "mean_add_points_grid": 37.357489155396784,
    "nr_func_modeled_grid": 3919,
    "percentage_bucket_counter_bayesian": {
        "rest": 100.0,
        "5": 37.37,
        "10": 43.28,
        "15": 49.120000000000005,
        "20": 51.85999999999999
    },
    "mean_budget_bayesian": 4.928120806517231,
    "mean_add_points_bayesian": 59.14506737647646,
    "nr_func_modeled_bayesian": 6011,
    "point_map_generic": {
        "(4, 10)": 1.0,
        "(4, 20)": 2.0,
        "(4, 30)": 3.0,
        "(4, 40)": 4.0,
        "(4, 50)": 5.0,
        "(8, 10)": 6.0,
        "(8, 20)": 6.0,
        "(8, 30)": 6.0,
        "(8, 40)": 0,
        "(8, 50)": 0,
        "(16, 10)": 7.0,
        "(16, 20)": 7.0,
        "(16, 30)": 7.0,
        "(16, 40)": 0,
        "(16, 50)": 0,
        "(32, 10)": 8.0,
        "(32, 20)": 8.0,
        "(32, 30)": 8.0,
        "(32, 40)": 0,
        "(32, 50)": 0,
        "(64, 10)": 9.0,
        "(64, 20)": 9.0,
        "(64, 30)": 9.0,
        "(64, 40)": 0,
        "(64, 50)": 0
    },
    "base_point_cost": 1.95602449224869,
    "min_points": 9,
    "budget": 5.0
}