{
    "percentage_bucket_counter_full": {
        "rest": 0,
        "5": 0,
        "10": 0,
        "15": 0,
        "20": 0
    },
    "percentage_bucket_counter_generic": {
        "rest": 100.0,
        "5": 3.82,
        "10": 4.41,
        "15": 5.390000000000001,
        "20": 5.56
    },
    "mean_budget_generic": 0.44118089543529354,
    "mean_add_points_generic": 36.0,
    "nr_func_modeled_generic": 962,
    "percentage_bucket_counter_gpr": {
        "rest": 100.0,
        "5": 8.39,
        "10": 9.46,
        "15": 11.1,
        "20": 11.450000000000001
    },
    "mean_budget_gpr": 0.35860389455437836,
    "mean_add_points_gpr": 18.0,
    "nr_func_modeled_gpr": 1928,
    "percentage_bucket_counter_hybrid": {
        "rest": 100.0,
        "5": 8.39,
        "10": 9.46,
        "15": 11.1,
        "20": 11.450000000000001
    },
    "mean_budget_hybrid": 0.35860389455437836,
    "mean_add_points_hybrid": 18.0,
    "nr_func_modeled_hybrid": 1928,
    "percentage_bucket_counter_random": {
        "rest": 100.0,
        "5": 3.82,
        "10": 4.41,
        "15": 5.390000000000001,
        "20": 5.56
    },
    "mean_budget_random": 0.48108293009629516,
    "mean_add_points_random": 36.9054054054054,
    "nr_func_modeled_random": 962,
    "percentage_bucket_counter_grid": {
        "rest": 100.0,
        "5": 3.82,
        "10": 4.41,
        "15": 5.390000000000001,
        "20": 5.56
    },
    "mean_budget_grid": 0.44118089543529354,
    "mean_add_points_grid": 36.0,
    "nr_func_modeled_grid": 962,
    "percentage_bucket_counter_bayesian": {
        "rest": 100.0,
        "5": 12.82,
        "10": 14.09,
        "15": 15.6,
        "20": 16.439999999999998
    },
    "mean_budget_bayesian": 0.6917519653974725,
    "mean_add_points_bayesian": 50.80368098159509,
    "nr_func_modeled_bayesian": 1793,
    "point_map_generic": {
        "(4, 10)": 1.0,
        "(4, 20)": 2.0,
        "(4, 30)": 3.0,
        "(4, 40)": 4.0,
        "(4, 50)": 5.0,
        "(8, 10)": 6.0,
        "(8, 20)": 6.0,
        "(8, 30)": 6.0,
        "(8, 40)": 0,
        "(8, 50)": 0,
        "(16, 10)": 7.0,
        "(16, 20)": 7.0,
        "(16, 30)": 7.0,
        "(16, 40)": 0,
        "(16, 50)": 0,
        "(32, 10)": 8.0,
        "(32, 20)": 8.0,
        "(32, 30)": 8.0,
        "(32, 40)": 0,
        "(32, 50)": 0,
        "(64, 10)": 9.0,
        "(64, 20)": 9.0,
        "(64, 30)": 9.0,
        "(64, 40)": 0,
        "(64, 50)": 0
    },
    "base_point_cost": 0.35860389455437836,
    "min_points": 9,
    "budget": 0.7
}