{
    "percentage_bucket_counter_full": {
        "rest": 0,
        "5": 0,
        "10": 0,
        "15": 0,
        "20": 0
    },
    "percentage_bucket_counter_generic": {
        "rest": 100.0,
        "5": 30.740000000000002,
        "10": 34.08,
        "15": 38.09,
        "20": 40.089999999999996
    },
    "mean_budget_generic": 6.953114899238576,
    "mean_add_points_generic": 36.0,
    "nr_func_modeled_generic": 8473,
    "percentage_bucket_counter_gpr": {
        "rest": 100.0,
        "5": 37.18,
        "10": 41.24,
        "15": 44.800000000000004,
        "20": 47.29
    },
    "mean_budget_gpr": 4.44915138586133,
    "mean_add_points_gpr": 18.0,
    "nr_func_modeled_gpr": 10000,
    "percentage_bucket_counter_hybrid": {
        "rest": 100.0,
        "5": 37.18,
        "10": 41.24,
        "15": 44.800000000000004,
        "20": 47.29
    },
    "mean_budget_hybrid": 4.44915138586133,
    "mean_add_points_hybrid": 18.0,
    "nr_func_modeled_hybrid": 10000,
    "percentage_bucket_counter_random": {
        "rest": 100.0,
        "5": 30.740000000000002,
        "10": 34.08,
        "15": 38.09,
        "20": 40.089999999999996
    },
    "mean_budget_random": 17.41876094286485,
    "mean_add_points_random": 49.83004838900035,
    "nr_func_modeled_random": 8473,
    "percentage_bucket_counter_grid": {
        "rest": 100.0,
        "5": 55.05,
        "10": 61.19,
        "15": 65.03999999999999,
        "20": 67.71000000000001
    },
    "mean_budget_grid": 13.673808187355394,
    "mean_add_points_grid": 39.76245572609209,
    "nr_func_modeled_grid": 8470,
    "percentage_bucket_counter_bayesian": {
        "rest": 100.0,
        "5": 83.78999999999999,
        "10": 91.42,
        "15": 96.48,
        "20": 98.65
    },
    "mean_budget_bayesian": 18.524991709195977,
    "mean_add_points_bayesian": 75.58984375,
    "nr_func_modeled_bayesian": 9984,
    "point_map_generic": {
        "(4, 10)": 1.0,
        "(4, 20)": 2.0,
        "(4, 30)": 3.0,
        "(4, 40)": 4.0,
        "(4, 50)": 5.0,
        "(8, 10)": 6.0,
        "(8, 20)": 6.0,
        "(8, 30)": 6.0,
        "(8, 40)": 0,
        "(8, 50)": 0,
        "(16, 10)": 7.0,
        "(16, 20)": 7.0,
        "(16, 30)": 7.0,
        "(16, 40)": 0,
        "(16, 50)": 0,
        "(32, 10)": 8.0,
        "(32, 20)": 8.0,
        "(32, 30)": 8.0,
        "(32, 40)": 0,
        "(32, 50)": 0,
        "(64, 10)": 9.0,
        "(64, 20)": 9.0,
        "(64, 30)": 9.0,
        "(64, 40)": 0,
        "(64, 50)": 0
    },
    "base_point_cost": 4.44915138586133,
    "min_points": 9,
    "budget": 19.0
}