{
    "percentage_bucket_counter_full": {
        "rest": 0,
        "5": 0,
        "10": 0,
        "15": 0,
        "20": 0
    },
    "percentage_bucket_counter_generic": {
        "rest": 100.0,
        "5": 34.54,
        "10": 38.41,
        "15": 42.61,
        "20": 44.96
    },
    "mean_budget_generic": 8.900572042012719,
    "mean_add_points_generic": 36.0,
    "nr_func_modeled_generic": 10000,
    "percentage_bucket_counter_gpr": {
        "rest": 100.0,
        "5": 37.18,
        "10": 41.24,
        "15": 44.800000000000004,
        "20": 47.29
    },
    "mean_budget_gpr": 4.44915138586133,
    "mean_add_points_gpr": 18.0,
    "nr_func_modeled_gpr": 10000,
    "percentage_bucket_counter_hybrid": {
        "rest": 100.0,
        "5": 37.18,
        "10": 41.24,
        "15": 44.800000000000004,
        "20": 47.29
    },
    "mean_budget_hybrid": 4.44915138586133,
    "mean_add_points_hybrid": 18.0,
    "nr_func_modeled_hybrid": 10000,
    "percentage_bucket_counter_random": {
        "rest": 100.0,
        "5": 34.54,
        "10": 38.41,
        "15": 42.61,
        "20": 44.96
    },
    "mean_budget_random": 47.204974,
    "mean_add_points_random": 71.4705,
    "nr_func_modeled_random": 10000,
    "percentage_bucket_counter_grid": {
        "rest": 100.0,
        "5": 81.95,
        "10": 93.22,
        "15": 96.78,
        "20": 99.68
    },
    "mean_budget_grid": 38.925896404342055,
    "mean_add_points_grid": 45.25572557255725,
    "nr_func_modeled_grid": 9999,
    "percentage_bucket_counter_bayesian": {
        "rest": 100.0,
        "5": 85.42999999999999,
        "10": 93.33,
        "15": 97.75,
        "20": 99.9
    },
    "mean_budget_bayesian": 48.80631717276905,
    "mean_add_points_bayesian": 88.82938293829383,
    "nr_func_modeled_bayesian": 9999,
    "point_map_generic": {
        "(4, 10)": 1.0,
        "(4, 20)": 2.0,
        "(4, 30)": 3.0,
        "(4, 40)": 4.0,
        "(4, 50)": 5.0,
        "(8, 10)": 6.0,
        "(8, 20)": 6.0,
        "(8, 30)": 6.0,
        "(8, 40)": 0,
        "(8, 50)": 0,
        "(16, 10)": 7.0,
        "(16, 20)": 7.0,
        "(16, 30)": 7.0,
        "(16, 40)": 0,
        "(16, 50)": 0,
        "(32, 10)": 8.0,
        "(32, 20)": 8.0,
        "(32, 30)": 8.0,
        "(32, 40)": 0,
        "(32, 50)": 0,
        "(64, 10)": 9.0,
        "(64, 20)": 9.0,
        "(64, 30)": 9.0,
        "(64, 40)": 0,
        "(64, 50)": 0
    },
    "base_point_cost": 4.44915138586133,
    "min_points": 9,
    "budget": 50.0
}