{
    "percentage_bucket_counter_full": {
        "rest": 0,
        "5": 0,
        "10": 0,
        "15": 0,
        "20": 0
    },
    "percentage_bucket_counter_generic": {
        "rest": 100.0,
        "5": 20.68,
        "10": 23.27,
        "15": 26.88,
        "20": 28.48
    },
    "mean_budget_generic": 3.1196515977945727,
    "mean_add_points_generic": 36.0,
    "nr_func_modeled_generic": 5306,
    "percentage_bucket_counter_gpr": {
        "rest": 100.0,
        "5": 30.86,
        "10": 34.11,
        "15": 37.43,
        "20": 39.379999999999995
    },
    "mean_budget_gpr": 2.741824486551002,
    "mean_add_points_gpr": 18.0,
    "nr_func_modeled_gpr": 7458,
    "percentage_bucket_counter_hybrid": {
        "rest": 100.0,
        "5": 30.86,
        "10": 34.11,
        "15": 37.43,
        "20": 39.379999999999995
    },
    "mean_budget_hybrid": 2.741824486551002,
    "mean_add_points_hybrid": 18.0,
    "nr_func_modeled_hybrid": 7458,
    "percentage_bucket_counter_random": {
        "rest": 100.0,
        "5": 20.68,
        "10": 23.27,
        "15": 26.88,
        "20": 28.48
    },
    "mean_budget_random": 6.990713611993109,
    "mean_add_points_random": 42.57237090086694,
    "nr_func_modeled_random": 5306,
    "percentage_bucket_counter_grid": {
        "rest": 100.0,
        "5": 26.52,
        "10": 31.480000000000004,
        "15": 35.82,
        "20": 37.95
    },
    "mean_budget_grid": 4.8667404484900025,
    "mean_add_points_grid": 37.82921771913289,
    "nr_func_modeled_grid": 5305,
    "percentage_bucket_counter_bayesian": {
        "rest": 100.0,
        "5": 59.24,
        "10": 61.11,
        "15": 65.91,
        "20": 67.81
    },
    "mean_budget_bayesian": 7.863633966189588,
    "mean_add_points_bayesian": 61.44660982541616,
    "nr_func_modeled_bayesian": 7389,
    "point_map_generic": {
        "(4, 10)": 1.0,
        "(4, 20)": 2.0,
        "(4, 30)": 3.0,
        "(4, 40)": 4.0,
        "(4, 50)": 5.0,
        "(8, 10)": 6.0,
        "(8, 20)": 6.0,
        "(8, 30)": 6.0,
        "(8, 40)": 0,
        "(8, 50)": 0,
        "(16, 10)": 7.0,
        "(16, 20)": 7.0,
        "(16, 30)": 7.0,
        "(16, 40)": 0,
        "(16, 50)": 0,
        "(32, 10)": 8.0,
        "(32, 20)": 8.0,
        "(32, 30)": 8.0,
        "(32, 40)": 0,
        "(32, 50)": 0,
        "(64, 10)": 9.0,
        "(64, 20)": 9.0,
        "(64, 30)": 9.0,
        "(64, 40)": 0,
        "(64, 50)": 0
    },
    "base_point_cost": 2.741824486551002,
    "min_points": 9,
    "budget": 8.0
}