{
    "percentage_bucket_counter_full": {
        "rest": 100.0,
        "5": 38.88888888888889,
        "10": 44.44444444444444,
        "15": 44.44444444444444,
        "20": 50.0
    },
    "percentage_bucket_counter_generic": {
        "rest": 100.0,
        "5": 44.44444444444444,
        "10": 50.0,
        "15": 50.0,
        "20": 61.111111111111114
    },
    "mean_budget_generic": 64.98577985662828,
    "mean_add_points_generic": 110.55555555555556,
    "nr_func_modeled_generic": 18,
    "percentage_bucket_counter_gpr": {
        "rest": 100.0,
        "5": 16.666666666666664,
        "10": 44.44444444444444,
        "15": 61.111111111111114,
        "20": 61.111111111111114
    },
    "mean_add_points_gpr": 111.77777777777777,
    "mean_budget_gpr": 70.90740075950175,
    "nr_func_modeled_gpr": 18,
    "percentage_bucket_counter_hybrid": {
        "rest": 100.0,
        "5": 11.11111111111111,
        "10": 44.44444444444444,
        "15": 61.111111111111114,
        "20": 61.111111111111114
    },
    "mean_budget_hybrid": 70.59589577649368,
    "mean_add_points_hybrid": 111.88888888888889,
    "nr_func_modeled_hybrid": 18,
    "base_point_cost": 11.330600953895996,
    "min_points": 9,
    "budget": 72
}