{
    "percentage_bucket_counter_full": {
        "rest": 100.0,
        "5": 38.88888888888889,
        "10": 44.44444444444444,
        "15": 44.44444444444444,
        "20": 50.0
    },
    "percentage_bucket_counter_generic": {
        "rest": 100.0,
        "5": 44.44444444444444,
        "10": 50.0,
        "15": 50.0,
        "20": 61.111111111111114
    },
    "mean_budget_generic": 66.33656295713475,
    "mean_add_points_generic": 111.66666666666667,
    "nr_func_modeled_generic": 18,
    "percentage_bucket_counter_gpr": {
        "rest": 100.0,
        "5": 5.555555555555555,
        "10": 44.44444444444444,
        "15": 61.111111111111114,
        "20": 61.111111111111114
    },
    "mean_add_points_gpr": 113.61111111111111,
    "mean_budget_gpr": 76.23602354429642,
    "nr_func_modeled_gpr": 18,
    "percentage_bucket_counter_hybrid": {
        "rest": 100.0,
        "5": 5.555555555555555,
        "10": 44.44444444444444,
        "15": 61.111111111111114,
        "20": 61.111111111111114
    },
    "mean_budget_hybrid": 76.0628745568975,
    "mean_add_points_hybrid": 113.66666666666667,
    "nr_func_modeled_hybrid": 18,
    "base_point_cost": 11.330600953895996,
    "min_points": 9,
    "budget": 78
}