{
    "percentage_bucket_counter_full": {
        "rest": 100.0,
        "5": 38.88888888888889,
        "10": 44.44444444444444,
        "15": 44.44444444444444,
        "20": 50.0
    },
    "percentage_bucket_counter_generic": {
        "rest": 100.0,
        "5": 0.0,
        "10": 0.0,
        "15": 0.0,
        "20": 16.666666666666664
    },
    "mean_budget_generic": 34.07276727054555,
    "mean_add_points_generic": 92.27272727272727,
    "nr_func_modeled_generic": 11,
    "percentage_bucket_counter_gpr": {
        "rest": 100.0,
        "5": 5.555555555555555,
        "10": 22.22222222222222,
        "15": 38.88888888888889,
        "20": 55.55555555555556
    },
    "mean_add_points_gpr": 90.61111111111111,
    "mean_budget_gpr": 36.63345870955984,
    "nr_func_modeled_gpr": 18,
    "percentage_bucket_counter_hybrid": {
        "rest": 100.0,
        "5": 5.555555555555555,
        "10": 22.22222222222222,
        "15": 44.44444444444444,
        "20": 55.55555555555556
    },
    "mean_budget_hybrid": 36.6120907493081,
    "mean_add_points_hybrid": 90.94444444444444,
    "nr_func_modeled_hybrid": 18,
    "base_point_cost": 11.330600953895996,
    "min_points": 9,
    "budget": 37
}