{
    "percentage_bucket_counter_full": {
        "rest": 100.0,
        "5": 38.88888888888889,
        "10": 44.44444444444444,
        "15": 44.44444444444444,
        "20": 50.0
    },
    "percentage_bucket_counter_generic": {
        "rest": 100.0,
        "5": 5.555555555555555,
        "10": 5.555555555555555,
        "15": 16.666666666666664,
        "20": 27.77777777777778
    },
    "mean_budget_generic": 41.0212472014992,
    "mean_add_points_generic": 89.66666666666667,
    "nr_func_modeled_generic": 15,
    "percentage_bucket_counter_gpr": {
        "rest": 100.0,
        "5": 16.666666666666664,
        "10": 22.22222222222222,
        "15": 44.44444444444444,
        "20": 55.55555555555556
    },
    "mean_add_points_gpr": 97.16666666666667,
    "mean_budget_gpr": 43.509629953561074,
    "nr_func_modeled_gpr": 18,
    "percentage_bucket_counter_hybrid": {
        "rest": 100.0,
        "5": 22.22222222222222,
        "10": 27.77777777777778,
        "15": 50.0,
        "20": 61.111111111111114
    },
    "mean_budget_hybrid": 43.53469262482428,
    "mean_add_points_hybrid": 97.33333333333333,
    "nr_func_modeled_hybrid": 18,
    "base_point_cost": 11.330600953895996,
    "min_points": 9,
    "budget": 44
}