{
    "percentage_bucket_counter_full": {
        "rest": 100.0,
        "5": 38.88888888888889,
        "10": 44.44444444444444,
        "15": 44.44444444444444,
        "20": 50.0
    },
    "percentage_bucket_counter_generic": {
        "rest": 100.0,
        "5": 16.666666666666664,
        "10": 22.22222222222222,
        "15": 44.44444444444444,
        "20": 55.55555555555556
    },
    "mean_budget_generic": 59.68758583954472,
    "mean_add_points_generic": 108.05555555555556,
    "nr_func_modeled_generic": 18,
    "percentage_bucket_counter_gpr": {
        "rest": 100.0,
        "5": 16.666666666666664,
        "10": 44.44444444444444,
        "15": 61.111111111111114,
        "20": 61.111111111111114
    },
    "mean_add_points_gpr": 110.66666666666667,
    "mean_budget_gpr": 66.66373973963752,
    "nr_func_modeled_gpr": 18,
    "percentage_bucket_counter_hybrid": {
        "rest": 100.0,
        "5": 16.666666666666664,
        "10": 44.44444444444444,
        "15": 61.111111111111114,
        "20": 61.111111111111114
    },
    "mean_budget_hybrid": 66.9997613901725,
    "mean_add_points_hybrid": 110.61111111111111,
    "nr_func_modeled_hybrid": 18,
    "base_point_cost": 11.330600953895996,
    "min_points": 9,
    "budget": 69
}