{
    "percentage_bucket_counter_full": {
        "rest": 100.0,
        "5": 38.88888888888889,
        "10": 44.44444444444444,
        "15": 44.44444444444444,
        "20": 50.0
    },
    "percentage_bucket_counter_generic": {
        "rest": 100.0,
        "5": 11.11111111111111,
        "10": 11.11111111111111,
        "15": 27.77777777777778,
        "20": 38.88888888888889
    },
    "mean_budget_generic": 43.34016530164903,
    "mean_add_points_generic": 88.33333333333333,
    "nr_func_modeled_generic": 18,
    "percentage_bucket_counter_gpr": {
        "rest": 100.0,
        "5": 27.77777777777778,
        "10": 33.33333333333333,
        "15": 50.0,
        "20": 61.111111111111114
    },
    "mean_add_points_gpr": 98.61111111111111,
    "mean_budget_gpr": 45.63346339424088,
    "nr_func_modeled_gpr": 18,
    "percentage_bucket_counter_hybrid": {
        "rest": 100.0,
        "5": 27.77777777777778,
        "10": 33.33333333333333,
        "15": 44.44444444444444,
        "20": 55.55555555555556
    },
    "mean_budget_hybrid": 45.56101953300575,
    "mean_add_points_hybrid": 98.88888888888889,
    "nr_func_modeled_hybrid": 18,
    "base_point_cost": 11.330600953895996,
    "min_points": 9,
    "budget": 46
}