{
    "percentage_bucket_counter_full": {
        "rest": 100.0,
        "5": 85.67,
        "10": 93.36,
        "15": 97.7,
        "20": 99.92999999999999
    },
    "percentage_bucket_counter_generic": {
        "rest": 100.0,
        "5": 4.21,
        "10": 5.48,
        "15": 6.7,
        "20": 7.1
    },
    "mean_budget_generic": 0.5458139223510113,
    "mean_add_points_generic": 54.34749034749035,
    "nr_func_modeled_generic": 777,
    "percentage_bucket_counter_gpr": {
        "rest": 100.0,
        "5": 10.71,
        "10": 13.03,
        "15": 15.02,
        "20": 15.590000000000002
    },
    "mean_add_points_gpr": 51.52653301886792,
    "mean_budget_gpr": 0.5837255392899721,
    "nr_func_modeled_gpr": 1696,
    "percentage_bucket_counter_hybrid": {
        "rest": 100.0,
        "5": 10.69,
        "10": 12.959999999999999,
        "15": 14.95,
        "20": 15.52
    },
    "mean_budget_hybrid": 0.5834774166757358,
    "mean_add_points_hybrid": 51.5307328605201,
    "nr_func_modeled_hybrid": 1692,
    "point_map_generic": {
        "(4, 10)": 1.0,
        "(4, 20)": 2.0,
        "(4, 30)": 3.0,
        "(4, 40)": 4.0,
        "(4, 50)": 5.0,
        "(8, 10)": 6.0,
        "(8, 20)": 9.749704840613932,
        "(8, 30)": 10.604086845466156,
        "(8, 40)": 12.19718309859155,
        "(8, 50)": 13.616071428571429,
        "(16, 10)": 7.0,
        "(16, 20)": 12.510046367851622,
        "(16, 30)": 13.73791348600509,
        "(16, 40)": 16.0,
        "(16, 50)": 17.333333333333332,
        "(32, 10)": 8.0,
        "(32, 20)": 12.415094339622641,
        "(32, 30)": 8.0,
        "(32, 40)": 0,
        "(32, 50)": 0,
        "(64, 10)": 9.0,
        "(64, 20)": 9.0,
        "(64, 30)": 9.0,
        "(64, 40)": 0,
        "(64, 50)": 0
    },
    "base_point_cost": 0.3304071864748585,
    "min_points": 9,
    "budget": 0.6
}