{
    "percentage_bucket_counter_full": {
        "rest": 100.0,
        "5": 85.65852682145717,
        "10": 93.35468374699761,
        "15": 97.69815852682146,
        "20": 99.92994395516413
    },
    "percentage_bucket_counter_gpr": {
        "rest": 100.0,
        "5": 84.68630988173983,
        "10": 93.77630787733013,
        "15": 97.58468630988175,
        "20": 99.63920625375827
    },
    "percentage_bucket_counter_hybrid": {
        "rest": 100.0,
        "5": 84.68630988173983,
        "10": 93.77630787733013,
        "15": 97.58468630988175,
        "20": 99.63920625375827
    },
    "mean_budget_generic": 30.244213958428933,
    "percentage_bucket_counter_generic": {
        "rest": 100.0,
        "5": 83.0964771817454,
        "10": 91.42313851080864,
        "15": 95.95676541232986,
        "20": 98.63891112890312
    },
    "mean_add_points_generic": 84.42433947157726,
    "mean_add_points_gpr": 85.9234315494087,
    "mean_budget_gpr": 34.364673647141196,
    "mean_budget_hybrid": 34.36457501465726,
    "mean_add_points_hybrid": 85.92413309280417,
    "point_map_generic": {
        "(4, 10)": 1.0,
        "(4, 20)": 2.0,
        "(4, 30)": 3.0,
        "(4, 40)": 4.0,
        "(4, 50)": 5.0,
        "(8, 10)": 6.0565,
        "(8, 20)": 9.9885,
        "(8, 30)": 11.0944,
        "(8, 40)": 12.4362,
        "(8, 50)": 13.8631,
        "(16, 10)": 7.08,
        "(16, 20)": 13.0757,
        "(16, 30)": 14.728,
        "(16, 40)": 16.313462692538508,
        "(16, 50)": 17.642453591606134,
        "(32, 10)": 8.0795944996487,
        "(32, 20)": 17.015656565656567,
        "(32, 30)": 18.728330363693534,
        "(32, 40)": 20.136995195429165,
        "(32, 50)": 21.223007218553217,
        "(64, 10)": 9.0,
        "(64, 20)": 20.680839002267575,
        "(64, 30)": 22.418575063613233,
        "(64, 40)": 0,
        "(64, 50)": 0
    },
    "base_point_cost": 4.446068947260631,
    "min_points": 9,
    "budget": 36.0
}