{
    "percentage_bucket_counter_full": {
        "rest": 100.0,
        "5": 85.67,
        "10": 93.36,
        "15": 97.7,
        "20": 99.92999999999999
    },
    "percentage_bucket_counter_generic": {
        "rest": 100.0,
        "5": 83.33,
        "10": 92.96,
        "15": 97.07000000000001,
        "20": 99.67
    },
    "mean_budget_generic": 51.08666206320173,
    "mean_add_points_generic": 91.0672,
    "nr_func_modeled_generic": 10000,
    "percentage_bucket_counter_gpr": {
        "rest": 100.0,
        "5": 84.49,
        "10": 93.49,
        "15": 97.69,
        "20": 99.87
    },
    "mean_add_points_gpr": 92.48899779955991,
    "mean_budget_gpr": 58.499765991376925,
    "nr_func_modeled_gpr": 9998,
    "percentage_bucket_counter_hybrid": {
        "rest": 100.0,
        "5": 84.49,
        "10": 93.49,
        "15": 97.69,
        "20": 99.87
    },
    "mean_budget_hybrid": 58.49988878076244,
    "mean_add_points_hybrid": 92.48909781956391,
    "nr_func_modeled_hybrid": 9998,
    "point_map_generic": {
        "(4, 10)": 1.0,
        "(4, 20)": 2.0,
        "(4, 30)": 3.0,
        "(4, 40)": 4.0,
        "(4, 50)": 5.0,
        "(8, 10)": 6.0565,
        "(8, 20)": 9.9885,
        "(8, 30)": 11.0944,
        "(8, 40)": 12.4362,
        "(8, 50)": 13.8631,
        "(16, 10)": 7.08,
        "(16, 20)": 13.0757,
        "(16, 30)": 14.728,
        "(16, 40)": 16.3136,
        "(16, 50)": 17.6692,
        "(32, 10)": 8.1272,
        "(32, 20)": 17.0279,
        "(32, 30)": 18.7408,
        "(32, 40)": 20.231,
        "(32, 50)": 21.38400912579073,
        "(64, 10)": 9.0,
        "(64, 20)": 21.19066544379904,
        "(64, 30)": 22.61299662216503,
        "(64, 40)": 23.99620853080569,
        "(64, 50)": 0
    },
    "base_point_cost": 4.446068947260631,
    "min_points": 9,
    "budget": 61.0
}