{
    "percentage_bucket_counter_full": {
        "rest": 100.0,
        "5": 81.48717948717949,
        "10": 89.02564102564102,
        "15": 96.33333333333334,
        "20": 99.82051282051282
    },
    "percentage_bucket_counter_gpr": {
        "rest": 100.0,
        "5": 79.25775292323335,
        "10": 83.13845110998136,
        "15": 90.69649211997967,
        "20": 92.76393831553975
    },
    "percentage_bucket_counter_hybrid": {
        "rest": 100.0,
        "5": 77.92952284606307,
        "10": 81.84117349519474,
        "15": 89.39470578317315,
        "20": 91.48541561288147
    },
    "mean_budget_generic": 4.253584707512556,
    "percentage_bucket_counter_generic": {
        "rest": 100.0,
        "5": 72.71794871794872,
        "10": 79.53846153846153,
        "15": 88.12820512820512,
        "20": 91.2051282051282
    },
    "mean_add_points_generic": 67.61435897435898,
    "mean_add_points_gpr": 61.64345026266734,
    "mean_budget_gpr": 4.839659115244921,
    "mean_budget_hybrid": 4.838934168258604,
    "mean_add_points_hybrid": 61.503625021075706,
    "point_map_generic": {
        "(4, 10)": 1.0,
        "(4, 20)": 2.0,
        "(4, 30)": 3.0,
        "(4, 40)": 4.0,
        "(4, 50)": 5.0,
        "(8, 10)": 6.0,
        "(8, 20)": 9.945219638242895,
        "(8, 30)": 10.926318651441001,
        "(8, 40)": 12.22206664799776,
        "(8, 50)": 13.53866203301477,
        "(16, 10)": 7.0,
        "(16, 20)": 13.164036076662908,
        "(16, 30)": 14.801150121065374,
        "(16, 40)": 16.20471596998928,
        "(16, 50)": 17.37600716204118,
        "(32, 10)": 8.0,
        "(32, 20)": 16.893100833965125,
        "(32, 30)": 18.52449379490529,
        "(32, 40)": 20.0,
        "(32, 50)": 21.0,
        "(64, 10)": 9.0,
        "(64, 20)": 13.0,
        "(64, 30)": 9.0,
        "(64, 40)": 0,
        "(64, 50)": 0
    },
    "base_point_cost": 1.9870847835289458,
    "min_points": 9,
    "budget": 5.0
}