{
    "percentage_bucket_counter_full": {
        "rest": 100.0,
        "5": 85.67,
        "10": 93.36,
        "15": 97.7,
        "20": 99.92999999999999
    },
    "percentage_bucket_counter_generic": {
        "rest": 100.0,
        "5": 8.48,
        "10": 10.57,
        "15": 11.790000000000001,
        "20": 12.35
    },
    "mean_budget_generic": 0.79838541270265,
    "mean_add_points_generic": 56.72101720269259,
    "nr_func_modeled_generic": 1337,
    "percentage_bucket_counter_gpr": {
        "rest": 100.0,
        "5": 15.120000000000001,
        "10": 17.330000000000002,
        "15": 19.41,
        "20": 20.200000000000003
    },
    "mean_add_points_gpr": 55.25623268698061,
    "mean_budget_gpr": 0.8717997567169329,
    "nr_func_modeled_gpr": 2166,
    "percentage_bucket_counter_hybrid": {
        "rest": 100.0,
        "5": 15.0,
        "10": 17.29,
        "15": 19.36,
        "20": 20.150000000000002
    },
    "mean_budget_hybrid": 0.8717311650740165,
    "mean_add_points_hybrid": 55.25530932594644,
    "nr_func_modeled_hybrid": 2166,
    "point_map_generic": {
        "(4, 10)": 1.0,
        "(4, 20)": 2.0,
        "(4, 30)": 3.0,
        "(4, 40)": 4.0,
        "(4, 50)": 5.0,
        "(8, 10)": 6.0,
        "(8, 20)": 9.845255474452555,
        "(8, 30)": 10.76342412451362,
        "(8, 40)": 12.242063492063492,
        "(8, 50)": 13.563636363636364,
        "(16, 10)": 7.0,
        "(16, 20)": 12.704286964129484,
        "(16, 30)": 14.324324324324325,
        "(16, 40)": 16.02433090024331,
        "(16, 50)": 17.318181818181817,
        "(32, 10)": 8.0,
        "(32, 20)": 15.176,
        "(32, 30)": 8.174603174603174,
        "(32, 40)": 0,
        "(32, 50)": 0,
        "(64, 10)": 9.0,
        "(64, 20)": 9.0,
        "(64, 30)": 9.0,
        "(64, 40)": 0,
        "(64, 50)": 0
    },
    "base_point_cost": 0.4064982823781339,
    "min_points": 9,
    "budget": 0.8999999999999999
}