{
    "percentage_bucket_counter_full": {
        "rest": 100.0,
        "5": 85.67,
        "10": 93.36,
        "15": 97.7,
        "20": 99.92999999999999
    },
    "percentage_bucket_counter_generic": {
        "rest": 100.0,
        "5": 57.65,
        "10": 60.550000000000004,
        "15": 65.33,
        "20": 66.5
    },
    "mean_budget_generic": 12.09384034017087,
    "mean_add_points_generic": 71.95329631211733,
    "nr_func_modeled_generic": 7023,
    "percentage_bucket_counter_gpr": {
        "rest": 100.0,
        "5": 82.93,
        "10": 89.23,
        "15": 95.33,
        "20": 97.75
    },
    "mean_add_points_gpr": 71.2060885239335,
    "mean_budget_gpr": 13.521566557282856,
    "nr_func_modeled_gpr": 9986,
    "percentage_bucket_counter_hybrid": {
        "rest": 100.0,
        "5": 82.94,
        "10": 89.24,
        "15": 95.34,
        "20": 97.76
    },
    "mean_budget_hybrid": 13.521282631415154,
    "mean_add_points_hybrid": 71.21137478722339,
    "nr_func_modeled_hybrid": 9987,
    "point_map_generic": {
        "(4, 10)": 1.0,
        "(4, 20)": 2.0,
        "(4, 30)": 3.0,
        "(4, 40)": 4.0,
        "(4, 50)": 5.0,
        "(8, 10)": 6.0,
        "(8, 20)": 9.969679633867276,
        "(8, 30)": 11.114954221770091,
        "(8, 40)": 12.518616606948124,
        "(8, 50)": 13.400323167036962,
        "(16, 10)": 7.0,
        "(16, 20)": 12.912270213719923,
        "(16, 30)": 14.73334432717678,
        "(16, 40)": 16.18544407894737,
        "(16, 50)": 17.433262260127933,
        "(32, 10)": 8.0,
        "(32, 20)": 16.68811422213981,
        "(32, 30)": 18.75171597633136,
        "(32, 40)": 20.10807066158642,
        "(32, 50)": 21.165303738317757,
        "(64, 10)": 9.0,
        "(64, 20)": 19.958355868036776,
        "(64, 30)": 9.0,
        "(64, 40)": 0,
        "(64, 50)": 0
    },
    "base_point_cost": 4.446068947260631,
    "min_points": 9,
    "budget": 14.0
}