{
    "percentage_bucket_counter_full": {
        "rest": 100.0,
        "5": 79.89580140974564,
        "10": 88.04780876494024,
        "15": 96.01593625498009,
        "20": 99.81612013484524
    },
    "percentage_bucket_counter_gpr": {
        "rest": 100.0,
        "5": 75.99063048994729,
        "10": 80.32402888932266,
        "15": 88.54186999804801,
        "20": 90.63048994729651
    },
    "percentage_bucket_counter_hybrid": {
        "rest": 100.0,
        "5": 75.28746832976027,
        "10": 79.61411030988111,
        "15": 87.83862794776847,
        "20": 89.94348080296238
    },
    "mean_budget_generic": 3.3968410944419047,
    "percentage_bucket_counter_generic": {
        "rest": 100.0,
        "5": 71.89702727551334,
        "10": 80.60067422617223,
        "15": 89.27367453263868,
        "20": 92.73674532638677
    },
    "mean_add_points_generic": 68.06742261722341,
    "mean_add_points_gpr": 61.215108334959986,
    "mean_budget_gpr": 3.860047953205461,
    "mean_budget_hybrid": 3.8586666572052155,
    "mean_add_points_hybrid": 61.17131163515884,
    "point_map_generic": {
        "(4, 10)": 1.0,
        "(4, 20)": 2.0,
        "(4, 30)": 3.0,
        "(4, 40)": 4.0,
        "(4, 50)": 5.0,
        "(8, 10)": 6.0,
        "(8, 20)": 9.9362022269034,
        "(8, 30)": 10.917375455650062,
        "(8, 40)": 12.24700693131695,
        "(8, 50)": 13.54696868754164,
        "(16, 10)": 7.0,
        "(16, 20)": 13.121270452358036,
        "(16, 30)": 14.773937089526443,
        "(16, 40)": 16.189387402933562,
        "(16, 50)": 17.381397908640615,
        "(32, 10)": 8.0,
        "(32, 20)": 16.817127564674397,
        "(32, 30)": 18.40414507772021,
        "(32, 40)": 20.0,
        "(32, 50)": 0,
        "(64, 10)": 9.0,
        "(64, 20)": 9.948275862068966,
        "(64, 30)": 9.0,
        "(64, 40)": 0,
        "(64, 50)": 0
    },
    "base_point_cost": 1.559751359972223,
    "min_points": 9,
    "budget": 4.0
}