{
    "percentage_bucket_counter_full": {
        "rest": 100.0,
        "5": 85.66426570628252,
        "10": 93.35734293717486,
        "15": 97.69907963185274,
        "20": 99.92997198879551
    },
    "percentage_bucket_counter_gpr": {
        "rest": 100.0,
        "5": 85.86869495596477,
        "10": 93.59487590072058,
        "15": 97.83827061649319,
        "20": 99.93995196156925
    },
    "percentage_bucket_counter_hybrid": {
        "rest": 100.0,
        "5": 85.86869495596477,
        "10": 93.59487590072058,
        "15": 97.83827061649319,
        "20": 99.93995196156925
    },
    "mean_budget_generic": 63.088600608744564,
    "percentage_bucket_counter_generic": {
        "rest": 100.0,
        "5": 83.55342136854742,
        "10": 93.34733893557423,
        "15": 97.39895958383353,
        "20": 99.77991196478591
    },
    "mean_add_points_generic": 93.84153661464586,
    "mean_add_points_gpr": 95.08566853482786,
    "mean_budget_gpr": 71.1158042359452,
    "mean_budget_hybrid": 71.11598785493331,
    "mean_add_points_hybrid": 95.08576861489192,
    "point_map_generic": {
        "(4, 10)": 1.0,
        "(4, 20)": 2.0,
        "(4, 30)": 3.0,
        "(4, 40)": 4.0,
        "(4, 50)": 5.0,
        "(8, 10)": 6.0565,
        "(8, 20)": 9.9885,
        "(8, 30)": 11.0944,
        "(8, 40)": 12.4362,
        "(8, 50)": 13.8631,
        "(16, 10)": 7.08,
        "(16, 20)": 13.0757,
        "(16, 30)": 14.728,
        "(16, 40)": 16.3136,
        "(16, 50)": 17.6692,
        "(32, 10)": 8.1272,
        "(32, 20)": 17.0279,
        "(32, 30)": 18.7408,
        "(32, 40)": 20.231,
        "(32, 50)": 21.4425,
        "(64, 10)": 9.112393376818867,
        "(64, 20)": 21.2058,
        "(64, 30)": 22.75716592652402,
        "(64, 40)": 23.994084090428903,
        "(64, 50)": 0
    },
    "base_point_cost": 4.446068947260631,
    "min_points": 9,
    "budget": 74.0
}