{
    "percentage_bucket_counter_full": {
        "rest": 100.0,
        "5": 85.66569970991299,
        "10": 93.35800740222066,
        "15": 97.69930979293788,
        "20": 99.92997899369811
    },
    "percentage_bucket_counter_gpr": {
        "rest": 100.0,
        "5": 85.88588588588588,
        "10": 93.65365365365366,
        "15": 97.84784784784785,
        "20": 99.93993993993993
    },
    "percentage_bucket_counter_hybrid": {
        "rest": 100.0,
        "5": 85.88588588588588,
        "10": 93.65365365365366,
        "15": 97.84784784784785,
        "20": 99.93993993993993
    },
    "mean_budget_generic": 59.631761638155105,
    "percentage_bucket_counter_generic": {
        "rest": 100.0,
        "5": 83.54506351905572,
        "10": 93.36801040312093,
        "15": 97.39921976592979,
        "20": 99.77993398019406
    },
    "mean_add_points_generic": 93.05791737521257,
    "mean_add_points_gpr": 94.14634634634635,
    "mean_budget_gpr": 66.48529845352328,
    "mean_budget_hybrid": 66.48566846485684,
    "mean_add_points_hybrid": 94.14654654654655,
    "point_map_generic": {
        "(4, 10)": 1.0,
        "(4, 20)": 2.0,
        "(4, 30)": 3.0,
        "(4, 40)": 4.0,
        "(4, 50)": 5.0,
        "(8, 10)": 6.0565,
        "(8, 20)": 9.9885,
        "(8, 30)": 11.0944,
        "(8, 40)": 12.4362,
        "(8, 50)": 13.8631,
        "(16, 10)": 7.08,
        "(16, 20)": 13.0757,
        "(16, 30)": 14.728,
        "(16, 40)": 16.3136,
        "(16, 50)": 17.6692,
        "(32, 10)": 8.1272,
        "(32, 20)": 17.0279,
        "(32, 30)": 18.7408,
        "(32, 40)": 20.231,
        "(32, 50)": 21.440452361889513,
        "(64, 10)": 9.108211202569764,
        "(64, 20)": 21.2058,
        "(64, 30)": 22.738250652741513,
        "(64, 40)": 23.997714938588974,
        "(64, 50)": 0
    },
    "base_point_cost": 4.446068947260631,
    "min_points": 9,
    "budget": 69.0
}