{
    "percentage_bucket_counter_full": {
        "rest": 100.0,
        "5": 85.67,
        "10": 93.36,
        "15": 97.7,
        "20": 99.92999999999999
    },
    "percentage_bucket_counter_generic": {
        "rest": 100.0,
        "5": 83.19,
        "10": 91.82000000000001,
        "15": 96.17,
        "20": 98.9
    },
    "mean_budget_generic": 34.466940230331616,
    "mean_add_points_generic": 86.50380152060825,
    "nr_func_modeled_generic": 9996,
    "percentage_bucket_counter_gpr": {
        "rest": 100.0,
        "5": 83.85000000000001,
        "10": 93.60000000000001,
        "15": 97.61999999999999,
        "20": 99.74
    },
    "mean_add_points_gpr": 88.1063531765883,
    "mean_budget_gpr": 41.09663591020469,
    "nr_func_modeled_gpr": 9995,
    "percentage_bucket_counter_hybrid": {
        "rest": 100.0,
        "5": 83.85000000000001,
        "10": 93.60000000000001,
        "15": 97.61999999999999,
        "20": 99.74
    },
    "mean_budget_hybrid": 41.09653089443002,
    "mean_add_points_hybrid": 88.10675337668835,
    "nr_func_modeled_hybrid": 9995,
    "point_map_generic": {
        "(4, 10)": 1.0,
        "(4, 20)": 2.0,
        "(4, 30)": 3.0,
        "(4, 40)": 4.0,
        "(4, 50)": 5.0,
        "(8, 10)": 6.0565,
        "(8, 20)": 9.9885,
        "(8, 30)": 11.0944,
        "(8, 40)": 12.4362,
        "(8, 50)": 13.8631,
        "(16, 10)": 7.08,
        "(16, 20)": 13.0757,
        "(16, 30)": 14.728,
        "(16, 40)": 16.3136,
        "(16, 50)": 17.6692,
        "(32, 10)": 8.088565697091274,
        "(32, 20)": 17.026913456728366,
        "(32, 30)": 18.739811282874925,
        "(32, 40)": 20.193073593073592,
        "(32, 50)": 21.244000518874042,
        "(64, 10)": 9.0,
        "(64, 20)": 20.749269243260798,
        "(64, 30)": 22.544091181763648,
        "(64, 40)": 24.0,
        "(64, 50)": 0
    },
    "base_point_cost": 4.446068947260631,
    "min_points": 9,
    "budget": 43.0
}