{
    "percentage_bucket_counter_full": {
        "rest": 100.0,
        "5": 85.66569970991299,
        "10": 93.35800740222066,
        "15": 97.69930979293788,
        "20": 99.92997899369811
    },
    "percentage_bucket_counter_gpr": {
        "rest": 100.0,
        "5": 85.5826992390869,
        "10": 93.66239487384863,
        "15": 97.80736884261113,
        "20": 99.93992791349619
    },
    "percentage_bucket_counter_hybrid": {
        "rest": 100.0,
        "5": 85.5826992390869,
        "10": 93.66239487384863,
        "15": 97.80736884261113,
        "20": 99.93992791349619
    },
    "mean_budget_generic": 57.10925387798666,
    "percentage_bucket_counter_generic": {
        "rest": 100.0,
        "5": 83.7851355406622,
        "10": 93.39801940582174,
        "15": 97.3892167650295,
        "20": 99.75992797839352
    },
    "mean_add_points_generic": 92.47894368310493,
    "mean_add_points_gpr": 93.55186223468162,
    "mean_budget_gpr": 63.62879280401684,
    "mean_budget_hybrid": 63.62886536882797,
    "mean_add_points_hybrid": 93.55196235482579,
    "point_map_generic": {
        "(4, 10)": 1.0,
        "(4, 20)": 2.0,
        "(4, 30)": 3.0,
        "(4, 40)": 4.0,
        "(4, 50)": 5.0,
        "(8, 10)": 6.0565,
        "(8, 20)": 9.9885,
        "(8, 30)": 11.0944,
        "(8, 40)": 12.4362,
        "(8, 50)": 13.8631,
        "(16, 10)": 7.08,
        "(16, 20)": 13.0757,
        "(16, 30)": 14.728,
        "(16, 40)": 16.3136,
        "(16, 50)": 17.6692,
        "(32, 10)": 8.1272,
        "(32, 20)": 17.0279,
        "(32, 30)": 18.7408,
        "(32, 40)": 20.231,
        "(32, 50)": 21.440296266639976,
        "(64, 10)": 9.092854989448297,
        "(64, 20)": 21.205084576118505,
        "(64, 30)": 22.709490461241245,
        "(64, 40)": 23.997317236753858,
        "(64, 50)": 0
    },
    "base_point_cost": 4.446068947260631,
    "min_points": 9,
    "budget": 66.0
}