{
    "percentage_bucket_counter_full": {
        "rest": 100.0,
        "5": 85.67,
        "10": 93.36,
        "15": 97.7,
        "20": 99.92999999999999
    },
    "percentage_bucket_counter_generic": {
        "rest": 100.0,
        "5": 83.58,
        "10": 92.78,
        "15": 96.71,
        "20": 99.22999999999999
    },
    "mean_budget_generic": 42.573981045656424,
    "mean_add_points_generic": 88.94308292487746,
    "nr_func_modeled_generic": 9997,
    "percentage_bucket_counter_gpr": {
        "rest": 100.0,
        "5": 83.81,
        "10": 93.57,
        "15": 97.67,
        "20": 99.78
    },
    "mean_add_points_gpr": 90.23904780956191,
    "mean_budget_gpr": 48.977152325274744,
    "nr_func_modeled_gpr": 9998,
    "percentage_bucket_counter_hybrid": {
        "rest": 100.0,
        "5": 83.81,
        "10": 93.57,
        "15": 97.67,
        "20": 99.78
    },
    "mean_budget_hybrid": 48.976894221863034,
    "mean_add_points_hybrid": 90.23944788957792,
    "nr_func_modeled_hybrid": 9998,
    "point_map_generic": {
        "(4, 10)": 1.0,
        "(4, 20)": 2.0,
        "(4, 30)": 3.0,
        "(4, 40)": 4.0,
        "(4, 50)": 5.0,
        "(8, 10)": 6.0565,
        "(8, 20)": 9.9885,
        "(8, 30)": 11.0944,
        "(8, 40)": 12.4362,
        "(8, 50)": 13.8631,
        "(16, 10)": 7.08,
        "(16, 20)": 13.0757,
        "(16, 30)": 14.728,
        "(16, 40)": 16.3136,
        "(16, 50)": 17.6692,
        "(32, 10)": 8.119471683009806,
        "(32, 20)": 17.0279,
        "(32, 30)": 18.7408,
        "(32, 40)": 20.23093093093093,
        "(32, 50)": 21.24066587395957,
        "(64, 10)": 9.0,
        "(64, 20)": 21.07047216349542,
        "(64, 30)": 22.57337278106509,
        "(64, 40)": 24.0,
        "(64, 50)": 0
    },
    "base_point_cost": 4.446068947260631,
    "min_points": 9,
    "budget": 51.0
}