{
    "percentage_bucket_counter_full": {
        "rest": 100.0,
        "5": 85.65996197338137,
        "10": 93.35534874412087,
        "15": 97.69838887221056,
        "20": 99.92995096567597
    },
    "percentage_bucket_counter_gpr": {
        "rest": 100.0,
        "5": 84.60921039430119,
        "10": 93.61894251028394,
        "15": 97.51178890338116,
        "20": 99.498344536972
    },
    "percentage_bucket_counter_hybrid": {
        "rest": 100.0,
        "5": 84.60921039430119,
        "10": 93.61894251028394,
        "15": 97.51178890338116,
        "20": 99.498344536972
    },
    "mean_budget_generic": 28.958447568886008,
    "percentage_bucket_counter_generic": {
        "rest": 100.0,
        "5": 83.01811267887521,
        "10": 90.9536675672971,
        "15": 95.80706494546183,
        "20": 98.44891423996798
    },
    "mean_add_points_generic": 83.68738116681678,
    "mean_add_points_gpr": 85.21450787599078,
    "mean_budget_gpr": 32.41871334138235,
    "mean_budget_hybrid": 32.41866488671315,
    "mean_add_points_hybrid": 85.21521019363901,
    "point_map_generic": {
        "(4, 10)": 1.0,
        "(4, 20)": 2.0,
        "(4, 30)": 3.0,
        "(4, 40)": 4.0,
        "(4, 50)": 5.0,
        "(8, 10)": 6.0565,
        "(8, 20)": 9.9885,
        "(8, 30)": 11.0944,
        "(8, 40)": 12.4362,
        "(8, 50)": 13.8631,
        "(16, 10)": 7.08,
        "(16, 20)": 13.075115023004601,
        "(16, 30)": 14.728,
        "(16, 40)": 16.31342537014806,
        "(16, 50)": 17.599753314831947,
        "(32, 10)": 8.0795944996487,
        "(32, 20)": 17.005710206995005,
        "(32, 30)": 18.71951087544638,
        "(32, 40)": 20.138300760043432,
        "(32, 50)": 21.22407529722589,
        "(64, 10)": 9.0,
        "(64, 20)": 20.65506452874462,
        "(64, 30)": 22.342512077294685,
        "(64, 40)": 0,
        "(64, 50)": 0
    },
    "base_point_cost": 4.446068947260631,
    "min_points": 9,
    "budget": 34.0
}