{
    "percentage_bucket_counter_full": {
        "rest": 100.0,
        "5": 85.66856685668567,
        "10": 93.35933593359336,
        "15": 97.6997699769977,
        "20": 99.92999299929993
    },
    "percentage_bucket_counter_gpr": {
        "rest": 100.0,
        "5": 84.55992790627816,
        "10": 93.81195554220486,
        "15": 97.71703214178432,
        "20": 99.77971362771602
    },
    "percentage_bucket_counter_hybrid": {
        "rest": 100.0,
        "5": 84.55992790627816,
        "10": 93.81195554220486,
        "15": 97.71703214178432,
        "20": 99.77971362771602
    },
    "mean_budget_generic": 46.87357888248936,
    "percentage_bucket_counter_generic": {
        "rest": 100.0,
        "5": 83.45834583458345,
        "10": 92.96929692969297,
        "15": 96.92969296929694,
        "20": 99.52995299529952
    },
    "mean_add_points_generic": 90.01940194019402,
    "mean_add_points_gpr": 91.4273555622309,
    "mean_budget_gpr": 53.738944387785466,
    "mean_budget_hybrid": 53.73883164753642,
    "mean_add_points_hybrid": 91.42745569240012,
    "point_map_generic": {
        "(4, 10)": 1.0,
        "(4, 20)": 2.0,
        "(4, 30)": 3.0,
        "(4, 40)": 4.0,
        "(4, 50)": 5.0,
        "(8, 10)": 6.0565,
        "(8, 20)": 9.9885,
        "(8, 30)": 11.0944,
        "(8, 40)": 12.4362,
        "(8, 50)": 13.8631,
        "(16, 10)": 7.08,
        "(16, 20)": 13.0757,
        "(16, 30)": 14.728,
        "(16, 40)": 16.3136,
        "(16, 50)": 17.6692,
        "(32, 10)": 8.124624924984998,
        "(32, 20)": 17.0279,
        "(32, 30)": 18.7408,
        "(32, 40)": 20.231,
        "(32, 50)": 21.260785867965122,
        "(64, 10)": 9.0,
        "(64, 20)": 21.147030394157447,
        "(64, 30)": 22.583217753120667,
        "(64, 40)": 23.99362549800797,
        "(64, 50)": 0
    },
    "base_point_cost": 4.446068947260631,
    "min_points": 9,
    "budget": 56.0
}