{
    "percentage_bucket_counter_full": {
        "rest": 100.0,
        "5": 78.53185595567868,
        "10": 87.67313019390582,
        "15": 95.98337950138504,
        "20": 99.86149584487535
    },
    "percentage_bucket_counter_gpr": {
        "rest": 100.0,
        "5": 69.95403259506895,
        "10": 79.39824488090264,
        "15": 89.00961136648559,
        "20": 93.1884663602173
    },
    "percentage_bucket_counter_hybrid": {
        "rest": 100.0,
        "5": 69.828666945257,
        "10": 79.314667781028,
        "15": 88.92603426661096,
        "20": 93.10488926034267
    },
    "mean_budget_generic": 0.8810901809811703,
    "percentage_bucket_counter_generic": {
        "rest": 100.0,
        "5": 64.75069252077562,
        "10": 78.46260387811634,
        "15": 89.26592797783933,
        "20": 92.65927977839335
    },
    "mean_add_points_generic": 57.609418282548475,
    "mean_add_points_gpr": 55.47430004178855,
    "mean_budget_gpr": 0.9624672034510777,
    "mean_budget_hybrid": 0.9623313760347547,
    "mean_add_points_hybrid": 55.4797325532804,
    "point_map_generic": {
        "(4, 10)": 1.0,
        "(4, 20)": 2.0,
        "(4, 30)": 3.0,
        "(4, 40)": 4.0,
        "(4, 50)": 5.0,
        "(8, 10)": 6.0,
        "(8, 20)": 9.85578231292517,
        "(8, 30)": 10.785407725321889,
        "(8, 40)": 12.257372654155496,
        "(8, 50)": 13.577464788732394,
        "(16, 10)": 7.0,
        "(16, 20)": 12.712808273667463,
        "(16, 30)": 14.400943396226415,
        "(16, 40)": 16.024242424242424,
        "(16, 50)": 17.322580645161292,
        "(32, 10)": 8.0,
        "(32, 20)": 15.587692307692308,
        "(32, 30)": 8.174603174603174,
        "(32, 40)": 0,
        "(32, 50)": 0,
        "(64, 10)": 9.0,
        "(64, 20)": 9.0,
        "(64, 30)": 9.0,
        "(64, 40)": 0,
        "(64, 50)": 0
    },
    "base_point_cost": 0.45590375511977205,
    "min_points": 9,
    "budget": 0.9999999999999999
}