{
    "percentage_bucket_counter_full": {
        "rest": 100.0,
        "5": 82.33701782088879,
        "10": 89.60072185878637,
        "15": 96.5034965034965,
        "20": 99.84209339048049
    },
    "percentage_bucket_counter_gpr": {
        "rest": 100.0,
        "5": 80.31374961550293,
        "10": 83.95878191325747,
        "15": 90.95662872962166,
        "20": 93.1559520147647
    },
    "percentage_bucket_counter_hybrid": {
        "rest": 100.0,
        "5": 79.53288260602336,
        "10": 83.15918869084204,
        "15": 90.15058389674248,
        "20": 92.37861094038107
    },
    "mean_budget_generic": 5.172294846458191,
    "percentage_bucket_counter_generic": {
        "rest": 100.0,
        "5": 73.78750281976089,
        "10": 79.4044665012407,
        "15": 87.86374915407174,
        "20": 90.88653282201669
    },
    "mean_add_points_generic": 67.58673584480036,
    "mean_add_points_gpr": 62.58581974776992,
    "mean_budget_gpr": 5.816126877459026,
    "mean_budget_hybrid": 5.814915190177846,
    "mean_add_points_hybrid": 62.56453595574677,
    "point_map_generic": {
        "(4, 10)": 1.0,
        "(4, 20)": 2.0,
        "(4, 30)": 3.0,
        "(4, 40)": 4.0,
        "(4, 50)": 5.0,
        "(8, 10)": 6.0,
        "(8, 20)": 9.951576062128826,
        "(8, 30)": 10.956013916500995,
        "(8, 40)": 12.20726607422896,
        "(8, 50)": 13.517800212539852,
        "(16, 10)": 7.0,
        "(16, 20)": 13.106166086524118,
        "(16, 30)": 14.8177025527192,
        "(16, 40)": 16.218769617074702,
        "(16, 50)": 17.380860876249038,
        "(32, 10)": 8.0,
        "(32, 20)": 16.952808241940843,
        "(32, 30)": 18.607105538140022,
        "(32, 40)": 20.0,
        "(32, 50)": 21.0,
        "(64, 10)": 9.0,
        "(64, 20)": 17.253658536585366,
        "(64, 30)": 9.0,
        "(64, 40)": 0,
        "(64, 50)": 0
    },
    "base_point_cost": 2.243231626211472,
    "min_points": 9,
    "budget": 6.0
}