{
    "percentage_bucket_counter_full": {
        "rest": 100.0,
        "5": 85.67,
        "10": 93.36,
        "15": 97.7,
        "20": 99.92999999999999
    },
    "percentage_bucket_counter_generic": {
        "rest": 100.0,
        "5": 83.59,
        "10": 92.83,
        "15": 96.78,
        "20": 99.36
    },
    "mean_budget_generic": 44.35780020596582,
    "mean_add_points_generic": 89.39561868560568,
    "nr_func_modeled_generic": 9997,
    "percentage_bucket_counter_gpr": {
        "rest": 100.0,
        "5": 83.97,
        "10": 93.65,
        "15": 97.69,
        "20": 99.78
    },
    "mean_add_points_gpr": 90.71738695478192,
    "mean_budget_gpr": 50.84672637249729,
    "nr_func_modeled_gpr": 9996,
    "percentage_bucket_counter_hybrid": {
        "rest": 100.0,
        "5": 83.97,
        "10": 93.65,
        "15": 97.69,
        "20": 99.78
    },
    "mean_budget_hybrid": 50.846669971492865,
    "mean_add_points_hybrid": 90.71788715486194,
    "nr_func_modeled_hybrid": 9996,
    "point_map_generic": {
        "(4, 10)": 1.0,
        "(4, 20)": 2.0,
        "(4, 30)": 3.0,
        "(4, 40)": 4.0,
        "(4, 50)": 5.0,
        "(8, 10)": 6.0565,
        "(8, 20)": 9.9885,
        "(8, 30)": 11.0944,
        "(8, 40)": 12.4362,
        "(8, 50)": 13.8631,
        "(16, 10)": 7.08,
        "(16, 20)": 13.0757,
        "(16, 30)": 14.728,
        "(16, 40)": 16.3136,
        "(16, 50)": 17.6692,
        "(32, 10)": 8.119471683009806,
        "(32, 20)": 17.0279,
        "(32, 30)": 18.7408,
        "(32, 40)": 20.23089235694278,
        "(32, 50)": 21.245823110176424,
        "(64, 10)": 9.0,
        "(64, 20)": 21.106145880234127,
        "(64, 30)": 22.57616753150482,
        "(64, 40)": 24.0,
        "(64, 50)": 0
    },
    "base_point_cost": 4.446068947260631,
    "min_points": 9,
    "budget": 53.0
}