{
    "percentage_bucket_counter_full": {
        "rest": 100.0,
        "5": 85.66569970991299,
        "10": 93.35800740222066,
        "15": 97.69930979293788,
        "20": 99.92997899369811
    },
    "percentage_bucket_counter_gpr": {
        "rest": 100.0,
        "5": 84.59535256410257,
        "10": 93.93028846153845,
        "15": 97.75641025641025,
        "20": 99.81971153846155
    },
    "percentage_bucket_counter_hybrid": {
        "rest": 100.0,
        "5": 84.59535256410257,
        "10": 93.93028846153845,
        "15": 97.75641025641025,
        "20": 99.81971153846155
    },
    "mean_budget_generic": 44.35780020596582,
    "percentage_bucket_counter_generic": {
        "rest": 100.0,
        "5": 83.6150845253576,
        "10": 92.85785735720717,
        "15": 96.80904271281385,
        "20": 99.38981694508352
    },
    "mean_add_points_generic": 89.39561868560568,
    "mean_add_points_gpr": 90.7196514423077,
    "mean_budget_gpr": 50.846674383335724,
    "mean_budget_hybrid": 50.84665671860734,
    "mean_add_points_hybrid": 90.72025240384616,
    "point_map_generic": {
        "(4, 10)": 1.0,
        "(4, 20)": 2.0,
        "(4, 30)": 3.0,
        "(4, 40)": 4.0,
        "(4, 50)": 5.0,
        "(8, 10)": 6.0565,
        "(8, 20)": 9.9885,
        "(8, 30)": 11.0944,
        "(8, 40)": 12.4362,
        "(8, 50)": 13.8631,
        "(16, 10)": 7.08,
        "(16, 20)": 13.0757,
        "(16, 30)": 14.728,
        "(16, 40)": 16.3136,
        "(16, 50)": 17.6692,
        "(32, 10)": 8.119471683009806,
        "(32, 20)": 17.0279,
        "(32, 30)": 18.7408,
        "(32, 40)": 20.23089235694278,
        "(32, 50)": 21.245823110176424,
        "(64, 10)": 9.0,
        "(64, 20)": 21.106145880234127,
        "(64, 30)": 22.57616753150482,
        "(64, 40)": 24.0,
        "(64, 50)": 0
    },
    "base_point_cost": 4.446068947260631,
    "min_points": 9,
    "budget": 53.0
}