{
    "percentage_bucket_counter_full": {
        "rest": 100.0,
        "5": 85.67,
        "10": 93.36,
        "15": 97.7,
        "20": 99.92999999999999
    },
    "percentage_bucket_counter_gpr": {
        "rest": 100.0,
        "5": 85.9287429943955,
        "10": 93.58486789431545,
        "15": 97.82826261008807,
        "20": 99.93995196156925
    },
    "percentage_bucket_counter_hybrid": {
        "rest": 100.0,
        "5": 85.9287429943955,
        "10": 93.58486789431545,
        "15": 97.82826261008807,
        "20": 99.93995196156925
    },
    "mean_budget_generic": 71.89437359678617,
    "percentage_bucket_counter_generic": {
        "rest": 100.0,
        "5": 83.71,
        "10": 93.46,
        "15": 97.57000000000001,
        "20": 99.81
    },
    "mean_add_points_generic": 95.9988,
    "mean_add_points_gpr": 97.68384707766214,
    "mean_budget_gpr": 85.70813787637977,
    "mean_budget_hybrid": 85.70813787637977,
    "mean_add_points_hybrid": 97.68384707766214,
    "point_map_generic": {
        "(4, 10)": 1.0,
        "(4, 20)": 2.0,
        "(4, 30)": 3.0,
        "(4, 40)": 4.0,
        "(4, 50)": 5.0,
        "(8, 10)": 6.0565,
        "(8, 20)": 9.9885,
        "(8, 30)": 11.0944,
        "(8, 40)": 12.4362,
        "(8, 50)": 13.8631,
        "(16, 10)": 7.08,
        "(16, 20)": 13.0757,
        "(16, 30)": 14.728,
        "(16, 40)": 16.3136,
        "(16, 50)": 17.6692,
        "(32, 10)": 8.1272,
        "(32, 20)": 17.0279,
        "(32, 30)": 18.7408,
        "(32, 40)": 20.231,
        "(32, 50)": 21.4425,
        "(64, 10)": 9.112393376818867,
        "(64, 20)": 21.2058,
        "(64, 30)": 22.7594,
        "(64, 40)": 23.995699569956997,
        "(64, 50)": 24.0
    },
    "base_point_cost": 4.446068947260631,
    "min_points": 9,
    "budget": 89.0
}