{
    "percentage_bucket_counter_full": {
        "rest": 100.0,
        "5": 85.67,
        "10": 93.36,
        "15": 97.7,
        "20": 99.92999999999999
    },
    "percentage_bucket_counter_generic": {
        "rest": 100.0,
        "5": 37.76,
        "10": 40.1,
        "15": 44.04,
        "20": 45.48
    },
    "mean_budget_generic": 6.063647769265867,
    "mean_add_points_generic": 67.96519627681101,
    "nr_func_modeled_generic": 4942,
    "percentage_bucket_counter_gpr": {
        "rest": 100.0,
        "5": 56.879999999999995,
        "10": 59.69,
        "15": 64.24,
        "20": 65.69
    },
    "mean_add_points_gpr": 63.30754985754986,
    "mean_budget_gpr": 6.786620937624267,
    "nr_func_modeled_gpr": 7020,
    "percentage_bucket_counter_hybrid": {
        "rest": 100.0,
        "5": 56.279999999999994,
        "10": 59.099999999999994,
        "15": 63.660000000000004,
        "20": 65.11
    },
    "mean_budget_hybrid": 6.7863801694138,
    "mean_add_points_hybrid": 63.29484624145786,
    "nr_func_modeled_hybrid": 7024,
    "point_map_generic": {
        "(4, 10)": 1.0,
        "(4, 20)": 2.0,
        "(4, 30)": 3.0,
        "(4, 40)": 4.0,
        "(4, 50)": 5.0,
        "(8, 10)": 6.0,
        "(8, 20)": 9.956910569105691,
        "(8, 30)": 11.004875886524824,
        "(8, 40)": 12.192382338670548,
        "(8, 50)": 13.484132841328414,
        "(16, 10)": 7.0,
        "(16, 20)": 13.050602409638554,
        "(16, 30)": 14.832910106653124,
        "(16, 40)": 16.2175006989097,
        "(16, 50)": 17.38458950201884,
        "(32, 10)": 8.0,
        "(32, 20)": 16.91858724932655,
        "(32, 30)": 18.647424511545292,
        "(32, 40)": 20.006932409012133,
        "(32, 50)": 21.003968253968253,
        "(64, 10)": 9.0,
        "(64, 20)": 18.458452722063036,
        "(64, 30)": 9.0,
        "(64, 40)": 0,
        "(64, 50)": 0
    },
    "base_point_cost": 2.4536775956674997,
    "min_points": 9,
    "budget": 7.0
}