{
    "percentage_bucket_counter_full": {
        "rest": 100.0,
        "5": 85.66856685668567,
        "10": 93.35933593359336,
        "15": 97.6997699769977,
        "20": 99.92999299929993
    },
    "percentage_bucket_counter_gpr": {
        "rest": 100.0,
        "5": 84.52130325814537,
        "10": 93.9749373433584,
        "15": 97.7844611528822,
        "20": 99.80952380952381
    },
    "percentage_bucket_counter_hybrid": {
        "rest": 100.0,
        "5": 84.52130325814537,
        "10": 93.9749373433584,
        "15": 97.7844611528822,
        "20": 99.80952380952381
    },
    "mean_budget_generic": 36.3294405904276,
    "percentage_bucket_counter_generic": {
        "rest": 100.0,
        "5": 83.27832783278328,
        "10": 92.0992099209921,
        "15": 96.21962196219623,
        "20": 98.999899989999
    },
    "mean_add_points_generic": 87.12391239123913,
    "mean_add_points_gpr": 88.68270676691729,
    "mean_budget_gpr": 43.113324667476,
    "mean_budget_hybrid": 43.11370534917744,
    "mean_add_points_hybrid": 88.68390977443609,
    "point_map_generic": {
        "(4, 10)": 1.0,
        "(4, 20)": 2.0,
        "(4, 30)": 3.0,
        "(4, 40)": 4.0,
        "(4, 50)": 5.0,
        "(8, 10)": 6.0565,
        "(8, 20)": 9.9885,
        "(8, 30)": 11.0944,
        "(8, 40)": 12.4362,
        "(8, 50)": 13.8631,
        "(16, 10)": 7.08,
        "(16, 20)": 13.0757,
        "(16, 30)": 14.728,
        "(16, 40)": 16.3136,
        "(16, 50)": 17.6692,
        "(32, 10)": 8.097524305903578,
        "(32, 20)": 17.02730819245774,
        "(32, 30)": 18.740670335167582,
        "(32, 40)": 20.218516984258493,
        "(32, 50)": 21.242458808618505,
        "(64, 10)": 9.0,
        "(64, 20)": 20.839245621912887,
        "(64, 30)": 22.566441136671177,
        "(64, 40)": 24.0,
        "(64, 50)": 0
    },
    "base_point_cost": 4.446068947260631,
    "min_points": 9,
    "budget": 45.0
}