{
    "percentage_bucket_counter_full": {
        "rest": 100.0,
        "5": 85.66856685668567,
        "10": 93.35933593359336,
        "15": 97.6997699769977,
        "20": 99.92999299929993
    },
    "percentage_bucket_counter_gpr": {
        "rest": 100.0,
        "5": 84.52512285628322,
        "10": 93.95246214020659,
        "15": 97.76351419115434,
        "20": 99.80944739745262
    },
    "percentage_bucket_counter_hybrid": {
        "rest": 100.0,
        "5": 84.5235707121364,
        "10": 93.9518555667001,
        "15": 97.76328986960883,
        "20": 99.80942828485456
    },
    "mean_budget_generic": 37.346951371068066,
    "percentage_bucket_counter_generic": {
        "rest": 100.0,
        "5": 83.31833183318332,
        "10": 92.18921892189219,
        "15": 96.2996299629963,
        "20": 99.01990199019902
    },
    "mean_add_points_generic": 87.43634363436344,
    "mean_add_points_gpr": 88.9598836626216,
    "mean_budget_gpr": 44.113137337617665,
    "mean_budget_hybrid": 44.11291798339361,
    "mean_add_points_hybrid": 88.96158475426279,
    "point_map_generic": {
        "(4, 10)": 1.0,
        "(4, 20)": 2.0,
        "(4, 30)": 3.0,
        "(4, 40)": 4.0,
        "(4, 50)": 5.0,
        "(8, 10)": 6.0565,
        "(8, 20)": 9.9885,
        "(8, 30)": 11.0944,
        "(8, 40)": 12.4362,
        "(8, 50)": 13.8631,
        "(16, 10)": 7.08,
        "(16, 20)": 13.0757,
        "(16, 30)": 14.728,
        "(16, 40)": 16.3136,
        "(16, 50)": 17.6692,
        "(32, 10)": 8.10011023148612,
        "(32, 20)": 17.02750550110022,
        "(32, 30)": 18.740722216665,
        "(32, 40)": 20.223986071282262,
        "(32, 50)": 21.240025094102887,
        "(64, 10)": 9.0,
        "(64, 20)": 20.892191722372353,
        "(64, 30)": 22.568823831535695,
        "(64, 40)": 24.0,
        "(64, 50)": 0
    },
    "base_point_cost": 4.446068947260631,
    "min_points": 9,
    "budget": 46.0
}