{
    "percentage_bucket_counter_full": {
        "rest": 100.0,
        "5": 85.67,
        "10": 93.36,
        "15": 97.7,
        "20": 99.92999999999999
    },
    "percentage_bucket_counter_gpr": {
        "rest": 100.0,
        "5": 84.9929873772791,
        "10": 93.65858545381687,
        "15": 97.77599679422961,
        "20": 99.90983770787417
    },
    "percentage_bucket_counter_hybrid": {
        "rest": 100.0,
        "5": 84.9929873772791,
        "10": 93.65858545381687,
        "15": 97.77599679422961,
        "20": 99.90983770787417
    },
    "mean_budget_generic": 52.325908530768196,
    "percentage_bucket_counter_generic": {
        "rest": 100.0,
        "5": 83.41,
        "10": 92.99,
        "15": 97.11999999999999,
        "20": 99.69
    },
    "mean_add_points_generic": 91.3624,
    "mean_add_points_gpr": 92.70126227208976,
    "mean_budget_gpr": 59.50958531600443,
    "mean_budget_hybrid": 59.50970052170993,
    "mean_add_points_hybrid": 92.70136245241434,
    "point_map_generic": {
        "(4, 10)": 1.0,
        "(4, 20)": 2.0,
        "(4, 30)": 3.0,
        "(4, 40)": 4.0,
        "(4, 50)": 5.0,
        "(8, 10)": 6.0565,
        "(8, 20)": 9.9885,
        "(8, 30)": 11.0944,
        "(8, 40)": 12.4362,
        "(8, 50)": 13.8631,
        "(16, 10)": 7.08,
        "(16, 20)": 13.0757,
        "(16, 30)": 14.728,
        "(16, 40)": 16.3136,
        "(16, 50)": 17.6692,
        "(32, 10)": 8.1272,
        "(32, 20)": 17.0279,
        "(32, 30)": 18.7408,
        "(32, 40)": 20.231,
        "(32, 50)": 21.40092355053874,
        "(64, 10)": 9.026857835218093,
        "(64, 20)": 21.19631653511435,
        "(64, 30)": 22.633957097215884,
        "(64, 40)": 23.996524761077325,
        "(64, 50)": 0
    },
    "base_point_cost": 4.446068947260631,
    "min_points": 9,
    "budget": 62.0
}