{
    "percentage_bucket_counter_full": {
        "rest": 100.0,
        "5": 85.66569970991299,
        "10": 93.35800740222066,
        "15": 97.69930979293788,
        "20": 99.92997899369811
    },
    "percentage_bucket_counter_gpr": {
        "rest": 100.0,
        "5": 84.22849111534987,
        "10": 92.99267141853228,
        "15": 96.92801927517317,
        "20": 99.33741592209617
    },
    "percentage_bucket_counter_hybrid": {
        "rest": 100.0,
        "5": 84.22849111534987,
        "10": 92.99267141853228,
        "15": 96.92801927517317,
        "20": 99.33741592209617
    },
    "mean_budget_generic": 25.82198397524876,
    "percentage_bucket_counter_generic": {
        "rest": 100.0,
        "5": 82.82484745423628,
        "10": 90.27708312493749,
        "15": 95.77873362008602,
        "20": 98.27948384515355
    },
    "mean_add_points_generic": 81.62008602580774,
    "mean_add_points_gpr": 83.62845095873908,
    "mean_budget_gpr": 28.57385312307322,
    "mean_budget_hybrid": 28.57392978676088,
    "mean_add_points_hybrid": 83.63045878927818,
    "point_map_generic": {
        "(4, 10)": 1.0,
        "(4, 20)": 2.0,
        "(4, 30)": 3.0,
        "(4, 40)": 4.0,
        "(4, 50)": 5.0,
        "(8, 10)": 6.0565,
        "(8, 20)": 9.9885,
        "(8, 30)": 11.0944,
        "(8, 40)": 12.4362,
        "(8, 50)": 13.8631,
        "(16, 10)": 7.078615723144629,
        "(16, 20)": 13.073944366619973,
        "(16, 30)": 14.727891156462585,
        "(16, 40)": 16.314285714285713,
        "(16, 50)": 17.450798324085607,
        "(32, 10)": 8.078498293515358,
        "(32, 20)": 16.965868136527455,
        "(32, 30)": 18.69552449195348,
        "(32, 40)": 20.150030807147257,
        "(32, 50)": 21.243809140326153,
        "(64, 10)": 9.0,
        "(64, 20)": 20.561574176431574,
        "(64, 30)": 22.135278514588858,
        "(64, 40)": 0,
        "(64, 50)": 0
    },
    "base_point_cost": 4.446068947260631,
    "min_points": 9,
    "budget": 30.0
}