{
    "percentage_bucket_counter_full": {
        "rest": 100.0,
        "5": 70.8108108108108,
        "10": 84.32432432432432,
        "15": 94.5945945945946,
        "20": 100.0
    },
    "percentage_bucket_counter_gpr": {
        "rest": 100.0,
        "5": 49.06542056074766,
        "10": 62.383177570093466,
        "15": 80.37383177570094,
        "20": 86.21495327102804
    },
    "percentage_bucket_counter_hybrid": {
        "rest": 100.0,
        "5": 51.27020785219399,
        "10": 63.972286374133944,
        "15": 81.75519630484989,
        "20": 87.52886836027713
    },
    "mean_budget_generic": 0.2848368479800701,
    "percentage_bucket_counter_generic": {
        "rest": 100.0,
        "5": 41.62162162162162,
        "10": 56.75675675675676,
        "15": 77.29729729729729,
        "20": 81.62162162162161
    },
    "mean_add_points_generic": 49.96756756756757,
    "mean_add_points_gpr": 50.544392523364486,
    "mean_budget_gpr": 0.2932801168192351,
    "mean_budget_hybrid": 0.2930232836859447,
    "mean_add_points_hybrid": 50.364896073903004,
    "point_map_generic": {
        "(4, 10)": 1.0,
        "(4, 20)": 2.0,
        "(4, 30)": 3.0,
        "(4, 40)": 4.0,
        "(4, 50)": 5.0,
        "(8, 10)": 6.0,
        "(8, 20)": 9.17509727626459,
        "(8, 30)": 9.680851063829786,
        "(8, 40)": 12.113821138211382,
        "(8, 50)": 13.692307692307692,
        "(16, 10)": 7.0,
        "(16, 20)": 11.077844311377245,
        "(16, 30)": 9.778947368421052,
        "(16, 40)": 16.0,
        "(16, 50)": 0,
        "(32, 10)": 8.0,
        "(32, 20)": 8.0,
        "(32, 30)": 8.0,
        "(32, 40)": 0,
        "(32, 50)": 0,
        "(64, 10)": 9.0,
        "(64, 20)": 9.0,
        "(64, 30)": 9.0,
        "(64, 40)": 0,
        "(64, 50)": 0
    },
    "base_point_cost": 0.20111422875041124,
    "min_points": 9,
    "budget": 0.30000000000000004
}