{
    "percentage_bucket_counter_full": {
        "rest": 100.0,
        "5": 85.67,
        "10": 93.36,
        "15": 97.7,
        "20": 99.92999999999999
    },
    "percentage_bucket_counter_gpr": {
        "rest": 100.0,
        "5": 84.63852401484007,
        "10": 93.71302516795348,
        "15": 97.57344831043818,
        "20": 99.53875463752131
    },
    "percentage_bucket_counter_hybrid": {
        "rest": 100.0,
        "5": 84.63698355395107,
        "10": 93.71239470517449,
        "15": 97.57320497392699,
        "20": 99.53870838347373
    },
    "mean_budget_generic": 29.60491895503703,
    "percentage_bucket_counter_generic": {
        "rest": 100.0,
        "5": 83.1,
        "10": 91.25,
        "15": 95.94,
        "20": 98.59
    },
    "mean_add_points_generic": 84.0756,
    "mean_add_points_gpr": 85.5847789030382,
    "mean_budget_gpr": 33.41797909907154,
    "mean_budget_hybrid": 33.417820860259674,
    "mean_add_points_hybrid": 85.58724428399519,
    "point_map_generic": {
        "(4, 10)": 1.0,
        "(4, 20)": 2.0,
        "(4, 30)": 3.0,
        "(4, 40)": 4.0,
        "(4, 50)": 5.0,
        "(8, 10)": 6.0565,
        "(8, 20)": 9.9885,
        "(8, 30)": 11.0944,
        "(8, 40)": 12.4362,
        "(8, 50)": 13.8631,
        "(16, 10)": 7.08,
        "(16, 20)": 13.075115023004601,
        "(16, 30)": 14.728,
        "(16, 40)": 16.31339401820546,
        "(16, 50)": 17.618228105906315,
        "(32, 10)": 8.0795944996487,
        "(32, 20)": 17.011256464861574,
        "(32, 30)": 18.72416728743216,
        "(32, 40)": 20.138892559799128,
        "(32, 50)": 21.221059308594988,
        "(64, 10)": 9.0,
        "(64, 20)": 20.668271082017714,
        "(64, 30)": 22.380736029077692,
        "(64, 40)": 0,
        "(64, 50)": 0
    },
    "base_point_cost": 4.446068947260631,
    "min_points": 9,
    "budget": 35.0
}