{
    "percentage_bucket_counter_full": {
        "rest": 100.0,
        "5": 85.66713342668534,
        "10": 93.35867173434687,
        "15": 97.69953990798159,
        "20": 99.92998599719944
    },
    "percentage_bucket_counter_gpr": {
        "rest": 100.0,
        "5": 84.61769716404449,
        "10": 93.96733139593145,
        "15": 97.7452650566189,
        "20": 99.7895580719511
    },
    "percentage_bucket_counter_hybrid": {
        "rest": 100.0,
        "5": 84.61769716404449,
        "10": 93.96733139593145,
        "15": 97.7452650566189,
        "20": 99.7895580719511
    },
    "mean_budget_generic": 33.32020498093142,
    "percentage_bucket_counter_generic": {
        "rest": 100.0,
        "5": 83.24664932986597,
        "10": 91.72834566913383,
        "15": 96.10922184436888,
        "20": 98.90978195639127
    },
    "mean_add_points_generic": 86.00520104020804,
    "mean_add_points_gpr": 87.53011323779938,
    "mean_budget_gpr": 39.2026160285778,
    "mean_budget_hybrid": 39.20270717775742,
    "mean_add_points_hybrid": 87.53081471089287,
    "point_map_generic": {
        "(4, 10)": 1.0,
        "(4, 20)": 2.0,
        "(4, 30)": 3.0,
        "(4, 40)": 4.0,
        "(4, 50)": 5.0,
        "(8, 10)": 6.0565,
        "(8, 20)": 9.9885,
        "(8, 30)": 11.0944,
        "(8, 40)": 12.4362,
        "(8, 50)": 13.8631,
        "(16, 10)": 7.08,
        "(16, 20)": 13.0757,
        "(16, 30)": 14.728,
        "(16, 40)": 16.3136,
        "(16, 50)": 17.65878107457899,
        "(32, 10)": 8.087270538669877,
        "(32, 20)": 17.026423781403263,
        "(32, 30)": 18.738736014514664,
        "(32, 40)": 20.176510676965016,
        "(32, 50)": 21.239349549791694,
        "(64, 10)": 9.0,
        "(64, 20)": 20.72494133422729,
        "(64, 30)": 22.50539391958156,
        "(64, 40)": 0,
        "(64, 50)": 0
    },
    "base_point_cost": 4.446068947260631,
    "min_points": 9,
    "budget": 41.0
}