{
    "percentage_bucket_counter_full": {
        "rest": 100.0,
        "5": 85.66283141570786,
        "10": 93.35667833916959,
        "15": 97.69884942471235,
        "20": 99.92996498249124
    },
    "percentage_bucket_counter_gpr": {
        "rest": 100.0,
        "5": 85.90295147573786,
        "10": 93.58679339669835,
        "15": 97.8289144572286,
        "20": 99.93996998499249
    },
    "percentage_bucket_counter_hybrid": {
        "rest": 100.0,
        "5": 85.90295147573786,
        "10": 93.58679339669835,
        "15": 97.8289144572286,
        "20": 99.93996998499249
    },
    "mean_budget_generic": 67.56715918702598,
    "percentage_bucket_counter_generic": {
        "rest": 100.0,
        "5": 83.63181590795398,
        "10": 93.39669834917459,
        "15": 97.49874937468735,
        "20": 99.7798899449725
    },
    "mean_add_points_generic": 94.90185092546272,
    "mean_add_points_gpr": 96.3191595797899,
    "mean_budget_gpr": 78.11269733406955,
    "mean_budget_hybrid": 78.11269733406955,
    "mean_add_points_hybrid": 96.3191595797899,
    "point_map_generic": {
        "(4, 10)": 1.0,
        "(4, 20)": 2.0,
        "(4, 30)": 3.0,
        "(4, 40)": 4.0,
        "(4, 50)": 5.0,
        "(8, 10)": 6.0565,
        "(8, 20)": 9.9885,
        "(8, 30)": 11.0944,
        "(8, 40)": 12.4362,
        "(8, 50)": 13.8631,
        "(16, 10)": 7.08,
        "(16, 20)": 13.0757,
        "(16, 30)": 14.728,
        "(16, 40)": 16.3136,
        "(16, 50)": 17.6692,
        "(32, 10)": 8.1272,
        "(32, 20)": 17.0279,
        "(32, 30)": 18.7408,
        "(32, 40)": 20.231,
        "(32, 50)": 21.4425,
        "(64, 10)": 9.112393376818867,
        "(64, 20)": 21.2058,
        "(64, 30)": 22.7594,
        "(64, 40)": 23.99410231792621,
        "(64, 50)": 0
    },
    "base_point_cost": 4.446068947260631,
    "min_points": 9,
    "budget": 81.0
}