{
    "percentage_bucket_counter_full": {
        "rest": 100.0,
        "5": 85.65852682145717,
        "10": 93.35468374699761,
        "15": 97.69815852682146,
        "20": 99.92994395516413
    },
    "percentage_bucket_counter_gpr": {
        "rest": 100.0,
        "5": 85.1944667201283,
        "10": 93.68484362469928,
        "15": 97.8047313552526,
        "20": 99.90978348035284
    },
    "percentage_bucket_counter_hybrid": {
        "rest": 100.0,
        "5": 85.1944667201283,
        "10": 93.68484362469928,
        "15": 97.8047313552526,
        "20": 99.90978348035284
    },
    "mean_budget_generic": 53.693803369496166,
    "percentage_bucket_counter_generic": {
        "rest": 100.0,
        "5": 83.5968775020016,
        "10": 93.14451561248998,
        "15": 97.22778222578063,
        "20": 99.69975980784628
    },
    "mean_add_points_generic": 91.68694955964772,
    "mean_add_points_gpr": 92.92963111467522,
    "mean_budget_gpr": 60.596134701642384,
    "mean_budget_hybrid": 60.59598959698293,
    "mean_add_points_hybrid": 92.92963111467522,
    "point_map_generic": {
        "(4, 10)": 1.0,
        "(4, 20)": 2.0,
        "(4, 30)": 3.0,
        "(4, 40)": 4.0,
        "(4, 50)": 5.0,
        "(8, 10)": 6.0565,
        "(8, 20)": 9.9885,
        "(8, 30)": 11.0944,
        "(8, 40)": 12.4362,
        "(8, 50)": 13.8631,
        "(16, 10)": 7.08,
        "(16, 20)": 13.0757,
        "(16, 30)": 14.728,
        "(16, 40)": 16.3136,
        "(16, 50)": 17.6692,
        "(32, 10)": 8.1272,
        "(32, 20)": 17.0279,
        "(32, 30)": 18.7408,
        "(32, 40)": 20.231,
        "(32, 50)": 21.41732683323177,
        "(64, 10)": 9.07606399034108,
        "(64, 20)": 21.199395161290322,
        "(64, 30)": 22.658868566567417,
        "(64, 40)": 23.996743996743998,
        "(64, 50)": 0
    },
    "base_point_cost": 4.446068947260631,
    "min_points": 9,
    "budget": 63.0
}