{
    "percentage_bucket_counter_full": {
        "rest": 100.0,
        "5": 75.94799566630553,
        "10": 86.13217768147345,
        "15": 95.34127843987,
        "20": 99.78331527627302
    },
    "percentage_bucket_counter_gpr": {
        "rest": 100.0,
        "5": 66.02002503128911,
        "10": 78.53566958698373,
        "15": 90.9261576971214,
        "20": 93.42928660826033
    },
    "percentage_bucket_counter_hybrid": {
        "rest": 100.0,
        "5": 65.52154903185509,
        "10": 77.95128044971892,
        "15": 90.44347282948158,
        "20": 92.9419113054341
    },
    "mean_budget_generic": 0.6296401668981259,
    "percentage_bucket_counter_generic": {
        "rest": 100.0,
        "5": 57.96316359696642,
        "10": 74.3228602383532,
        "15": 87.86565547128927,
        "20": 92.95774647887323
    },
    "mean_add_points_generic": 55.16793066088841,
    "mean_add_points_gpr": 54.04443053817272,
    "mean_budget_gpr": 0.6804912777688181,
    "mean_budget_hybrid": 0.6802573072750306,
    "mean_add_points_hybrid": 54.06870705808869,
    "point_map_generic": {
        "(4, 10)": 1.0,
        "(4, 20)": 2.0,
        "(4, 30)": 3.0,
        "(4, 40)": 4.0,
        "(4, 50)": 5.0,
        "(8, 10)": 6.0,
        "(8, 20)": 9.784552845528456,
        "(8, 30)": 10.666304347826086,
        "(8, 40)": 12.211711711711711,
        "(8, 50)": 13.628774422735347,
        "(16, 10)": 7.0,
        "(16, 20)": 12.539141414141413,
        "(16, 30)": 13.96881496881497,
        "(16, 40)": 16.007751937984494,
        "(16, 50)": 17.333333333333332,
        "(32, 10)": 8.0,
        "(32, 20)": 13.705479452054794,
        "(32, 30)": 8.0,
        "(32, 40)": 0,
        "(32, 50)": 0,
        "(64, 10)": 9.0,
        "(64, 20)": 9.0,
        "(64, 30)": 9.0,
        "(64, 40)": 0,
        "(64, 50)": 0
    },
    "base_point_cost": 0.358678509971202,
    "min_points": 9,
    "budget": 0.7
}