{
    "percentage_bucket_counter_full": {
        "rest": 100.0,
        "5": 85.69996993686743,
        "10": 93.38611083274877,
        "15": 97.69515983565488,
        "20": 99.92985269065036
    },
    "percentage_bucket_counter_gpr": {
        "rest": 100.0,
        "5": 83.49738850944154,
        "10": 91.77380474085979,
        "15": 96.1329851345922,
        "20": 98.83487344314986
    },
    "percentage_bucket_counter_hybrid": {
        "rest": 100.0,
        "5": 83.49738850944154,
        "10": 91.77380474085979,
        "15": 96.1329851345922,
        "20": 98.83487344314986
    },
    "mean_budget_generic": 21.714331919569446,
    "percentage_bucket_counter_generic": {
        "rest": 100.0,
        "5": 82.87403547449644,
        "10": 89.59815612786852,
        "15": 95.53061429000903,
        "20": 97.86551758693255
    },
    "mean_add_points_generic": 77.96131876941577,
    "mean_add_points_gpr": 81.17948975492166,
    "mean_budget_gpr": 23.867057444918544,
    "mean_budget_hybrid": 23.8670731946658,
    "mean_add_points_hybrid": 81.18220168742467,
    "point_map_generic": {
        "(4, 10)": 1.0,
        "(4, 20)": 2.0,
        "(4, 30)": 3.0,
        "(4, 40)": 4.0,
        "(4, 50)": 5.0,
        "(8, 10)": 6.053721488595438,
        "(8, 20)": 9.987896368910674,
        "(8, 30)": 11.0944,
        "(8, 40)": 12.436243624362437,
        "(8, 50)": 13.864104873411389,
        "(16, 10)": 7.073073073073073,
        "(16, 20)": 13.061529150695986,
        "(16, 30)": 14.72396996143698,
        "(16, 40)": 16.318067226890758,
        "(16, 50)": 17.359843370240345,
        "(32, 10)": 8.066525977288714,
        "(32, 20)": 16.855782960495002,
        "(32, 30)": 18.672249494657812,
        "(32, 40)": 20.180698967434473,
        "(32, 50)": 21.266777133388565,
        "(64, 10)": 9.0,
        "(64, 20)": 20.46247300215983,
        "(64, 30)": 21.608381502890172,
        "(64, 40)": 0,
        "(64, 50)": 0
    },
    "base_point_cost": 4.446068947260631,
    "min_points": 9,
    "budget": 25.0
}