{
    "percentage_bucket_counter_full": {
        "rest": 100.0,
        "5": 85.67,
        "10": 93.36,
        "15": 97.7,
        "20": 99.92999999999999
    },
    "percentage_bucket_counter_generic": {
        "rest": 100.0,
        "5": 1.54,
        "10": 2.02,
        "15": 2.3800000000000003,
        "20": 2.5700000000000003
    },
    "mean_budget_generic": 0.36850293627604946,
    "mean_add_points_generic": 53.36551724137931,
    "nr_func_modeled_generic": 290,
    "percentage_bucket_counter_gpr": {
        "rest": 100.0,
        "5": 6.800000000000001,
        "10": 8.48,
        "15": 9.83,
        "20": 10.299999999999999
    },
    "mean_add_points_gpr": 48.748681898066785,
    "mean_budget_gpr": 0.38974268855840394,
    "nr_func_modeled_gpr": 1138,
    "percentage_bucket_counter_hybrid": {
        "rest": 100.0,
        "5": 6.75,
        "10": 8.37,
        "15": 9.83,
        "20": 10.299999999999999
    },
    "mean_budget_hybrid": 0.3896792838780905,
    "mean_add_points_hybrid": 48.76186291739894,
    "nr_func_modeled_hybrid": 1138,
    "point_map_generic": {
        "(4, 10)": 1.0,
        "(4, 20)": 2.0,
        "(4, 30)": 3.0,
        "(4, 40)": 4.0,
        "(4, 50)": 5.0,
        "(8, 10)": 6.0,
        "(8, 20)": 9.456410256410257,
        "(8, 30)": 10.157608695652174,
        "(8, 40)": 12.229166666666666,
        "(8, 50)": 13.713450292397662,
        "(16, 10)": 7.0,
        "(16, 20)": 11.795918367346939,
        "(16, 30)": 12.165714285714285,
        "(16, 40)": 16.0,
        "(16, 50)": 0,
        "(32, 10)": 8.0,
        "(32, 20)": 9.05,
        "(32, 30)": 8.0,
        "(32, 40)": 0,
        "(32, 50)": 0,
        "(64, 10)": 9.0,
        "(64, 20)": 9.0,
        "(64, 30)": 9.0,
        "(64, 40)": 0,
        "(64, 50)": 0
    },
    "base_point_cost": 0.2494505544380711,
    "min_points": 9,
    "budget": 0.4
}