{
    "percentage_bucket_counter_full": {
        "rest": 0,
        "5": 0,
        "10": 0,
        "15": 0,
        "20": 0
    },
    "percentage_bucket_counter_generic": {
        "rest": 100.0,
        "5": 0.96,
        "10": 1.13,
        "15": 1.52,
        "20": 1.5699999999999998
    },
    "mean_budget_generic": 0.29038437588030447,
    "mean_add_points_generic": 36.0,
    "nr_func_modeled_generic": 345,
    "percentage_bucket_counter_gpr": {
        "rest": 100.0,
        "5": 5.52,
        "10": 5.99,
        "15": 7.04,
        "20": 7.33
    },
    "mean_budget_gpr": 0.2494505544380711,
    "mean_add_points_gpr": 18.0,
    "nr_func_modeled_gpr": 1201,
    "percentage_bucket_counter_hybrid": {
        "rest": 100.0,
        "5": 5.52,
        "10": 5.99,
        "15": 7.04,
        "20": 7.33
    },
    "mean_budget_hybrid": 0.2494505544380711,
    "mean_add_points_hybrid": 18.0,
    "nr_func_modeled_hybrid": 1201,
    "percentage_bucket_counter_random": {
        "rest": 100.0,
        "5": 0.96,
        "10": 1.13,
        "15": 1.52,
        "20": 1.5699999999999998
    },
    "mean_budget_random": 0.3125331603941019,
    "mean_add_points_random": 36.823188405797104,
    "nr_func_modeled_random": 345,
    "percentage_bucket_counter_grid": {
        "rest": 100.0,
        "5": 0.96,
        "10": 1.13,
        "15": 1.52,
        "20": 1.5699999999999998
    },
    "mean_budget_grid": 0.29038437588030447,
    "mean_add_points_grid": 36.0,
    "nr_func_modeled_grid": 345,
    "percentage_bucket_counter_bayesian": {
        "rest": 100.0,
        "5": 6.239999999999999,
        "10": 7.41,
        "15": 8.37,
        "20": 8.86
    },
    "mean_budget_bayesian": 0.3962824155789032,
    "mean_add_points_bayesian": 47.207778915046056,
    "nr_func_modeled_bayesian": 977,
    "point_map_generic": {
        "(4, 10)": 1.0,
        "(4, 20)": 2.0,
        "(4, 30)": 3.0,
        "(4, 40)": 4.0,
        "(4, 50)": 5.0,
        "(8, 10)": 6.0,
        "(8, 20)": 6.0,
        "(8, 30)": 6.0,
        "(8, 40)": 0,
        "(8, 50)": 0,
        "(16, 10)": 7.0,
        "(16, 20)": 7.0,
        "(16, 30)": 7.0,
        "(16, 40)": 0,
        "(16, 50)": 0,
        "(32, 10)": 8.0,
        "(32, 20)": 8.0,
        "(32, 30)": 8.0,
        "(32, 40)": 0,
        "(32, 50)": 0,
        "(64, 10)": 9.0,
        "(64, 20)": 9.0,
        "(64, 30)": 9.0,
        "(64, 40)": 0,
        "(64, 50)": 0
    },
    "base_point_cost": 0.2494505544380711,
    "min_points": 9,
    "budget": 0.4
}