{
    "percentage_bucket_counter_full": {
        "rest": 0,
        "5": 0,
        "10": 0,
        "15": 0,
        "20": 0
    },
    "percentage_bucket_counter_generic": {
        "rest": 100.0,
        "5": 22.42,
        "10": 24.88,
        "15": 27.97,
        "20": 29.630000000000003
    },
    "mean_budget_generic": 3.1198219211672846,
    "mean_add_points_generic": 36.0,
    "nr_func_modeled_generic": 5307,
    "percentage_bucket_counter_gpr": {
        "rest": 100.0,
        "5": 32.019999999999996,
        "10": 34.75,
        "15": 38.06,
        "20": 39.900000000000006
    },
    "mean_budget_gpr": 2.743087384618671,
    "mean_add_points_gpr": 18.0,
    "nr_func_modeled_gpr": 7462,
    "percentage_bucket_counter_hybrid": {
        "rest": 100.0,
        "5": 32.019999999999996,
        "10": 34.75,
        "15": 38.06,
        "20": 39.900000000000006
    },
    "mean_budget_hybrid": 2.743087384618671,
    "mean_add_points_hybrid": 18.0,
    "nr_func_modeled_hybrid": 7462,
    "percentage_bucket_counter_random": {
        "rest": 100.0,
        "5": 22.42,
        "10": 24.88,
        "15": 27.97,
        "20": 29.630000000000003
    },
    "mean_budget_random": 6.978410025586381,
    "mean_add_points_random": 42.51950254381006,
    "nr_func_modeled_random": 5307,
    "percentage_bucket_counter_grid": {
        "rest": 100.0,
        "5": 27.810000000000002,
        "10": 32.910000000000004,
        "15": 36.85,
        "20": 38.800000000000004
    },
    "mean_budget_grid": 4.8688486262918484,
    "mean_add_points_grid": 37.82811911044101,
    "nr_func_modeled_grid": 5306,
    "percentage_bucket_counter_bayesian": {
        "rest": 100.0,
        "5": 59.72,
        "10": 61.69,
        "15": 66.27,
        "20": 68.28999999999999
    },
    "mean_budget_bayesian": 7.864676533156938,
    "mean_add_points_bayesian": 61.36856988957716,
    "nr_func_modeled_bayesian": 7426,
    "point_map_generic": {
        "(4, 10)": 1.0,
        "(4, 20)": 2.0,
        "(4, 30)": 3.0,
        "(4, 40)": 4.0,
        "(4, 50)": 5.0,
        "(8, 10)": 6.0,
        "(8, 20)": 6.0,
        "(8, 30)": 6.0,
        "(8, 40)": 0,
        "(8, 50)": 0,
        "(16, 10)": 7.0,
        "(16, 20)": 7.0,
        "(16, 30)": 7.0,
        "(16, 40)": 0,
        "(16, 50)": 0,
        "(32, 10)": 8.0,
        "(32, 20)": 8.0,
        "(32, 30)": 8.0,
        "(32, 40)": 0,
        "(32, 50)": 0,
        "(64, 10)": 9.0,
        "(64, 20)": 9.0,
        "(64, 30)": 9.0,
        "(64, 40)": 0,
        "(64, 50)": 0
    },
    "base_point_cost": 2.743087384618671,
    "min_points": 9,
    "budget": 8.0
}