{
    "percentage_bucket_counter_full": {
        "rest": 0,
        "5": 0,
        "10": 0,
        "15": 0,
        "20": 0
    },
    "percentage_bucket_counter_generic": {
        "rest": 100.0,
        "5": 26.46,
        "10": 29.099999999999998,
        "15": 32.47,
        "20": 34.32
    },
    "mean_budget_generic": 3.974640686503874,
    "mean_add_points_generic": 36.0,
    "nr_func_modeled_generic": 6193,
    "percentage_bucket_counter_gpr": {
        "rest": 100.0,
        "5": 37.580000000000005,
        "10": 41.089999999999996,
        "15": 44.57,
        "20": 46.71
    },
    "mean_budget_gpr": 4.34210566814601,
    "mean_add_points_gpr": 18.0,
    "nr_func_modeled_gpr": 9822,
    "percentage_bucket_counter_hybrid": {
        "rest": 100.0,
        "5": 37.580000000000005,
        "10": 41.089999999999996,
        "15": 44.57,
        "20": 46.71
    },
    "mean_budget_hybrid": 4.34210566814601,
    "mean_add_points_hybrid": 18.0,
    "nr_func_modeled_hybrid": 9822,
    "percentage_bucket_counter_random": {
        "rest": 100.0,
        "5": 26.46,
        "10": 29.099999999999998,
        "15": 32.47,
        "20": 34.32
    },
    "mean_budget_random": 8.948360236691864,
    "mean_add_points_random": 44.204262877442275,
    "nr_func_modeled_random": 6193,
    "percentage_bucket_counter_grid": {
        "rest": 100.0,
        "5": 34.57,
        "10": 40.23,
        "15": 44.72,
        "20": 47.27
    },
    "mean_budget_grid": 6.1409201359649925,
    "mean_add_points_grid": 38.03778459551106,
    "nr_func_modeled_grid": 6193,
    "percentage_bucket_counter_bayesian": {
        "rest": 100.0,
        "5": 77.75,
        "10": 82.86,
        "15": 88.51,
        "20": 91.29
    },
    "mean_budget_bayesian": 9.840823896168724,
    "mean_add_points_bayesian": 59.1367530188874,
    "nr_func_modeled_bayesian": 9689,
    "point_map_generic": {
        "(4, 10)": 1.0,
        "(4, 20)": 2.0,
        "(4, 30)": 3.0,
        "(4, 40)": 4.0,
        "(4, 50)": 5.0,
        "(8, 10)": 6.0,
        "(8, 20)": 6.0,
        "(8, 30)": 6.0,
        "(8, 40)": 0,
        "(8, 50)": 0,
        "(16, 10)": 7.0,
        "(16, 20)": 7.0,
        "(16, 30)": 7.0,
        "(16, 40)": 0,
        "(16, 50)": 0,
        "(32, 10)": 8.0,
        "(32, 20)": 8.0,
        "(32, 30)": 8.0,
        "(32, 40)": 0,
        "(32, 50)": 0,
        "(64, 10)": 9.0,
        "(64, 20)": 9.0,
        "(64, 30)": 9.0,
        "(64, 40)": 0,
        "(64, 50)": 0
    },
    "base_point_cost": 4.34210566814601,
    "min_points": 9,
    "budget": 10.0
}