{
    "percentage_bucket_counter_full": {
        "rest": 0,
        "5": 0,
        "10": 0,
        "15": 0,
        "20": 0
    },
    "percentage_bucket_counter_generic": {
        "rest": 100.0,
        "5": 36.38,
        "10": 40.17,
        "15": 43.9,
        "20": 46.129999999999995
    },
    "mean_budget_generic": 8.87604734320838,
    "mean_add_points_generic": 36.0,
    "nr_func_modeled_generic": 9986,
    "percentage_bucket_counter_gpr": {
        "rest": 100.0,
        "5": 38.54,
        "10": 42.08,
        "15": 45.59,
        "20": 47.77
    },
    "mean_budget_gpr": 4.446068947260631,
    "mean_add_points_gpr": 18.0,
    "nr_func_modeled_gpr": 10000,
    "percentage_bucket_counter_hybrid": {
        "rest": 100.0,
        "5": 38.54,
        "10": 42.08,
        "15": 45.59,
        "20": 47.77
    },
    "mean_budget_hybrid": 4.446068947260631,
    "mean_add_points_hybrid": 18.0,
    "nr_func_modeled_hybrid": 10000,
    "percentage_bucket_counter_random": {
        "rest": 100.0,
        "5": 36.38,
        "10": 40.17,
        "15": 43.9,
        "20": 46.129999999999995
    },
    "mean_budget_random": 19.42440537612905,
    "mean_add_points_random": 49.366112557580614,
    "nr_func_modeled_random": 9986,
    "percentage_bucket_counter_grid": {
        "rest": 100.0,
        "5": 60.760000000000005,
        "10": 67.36,
        "15": 71.46000000000001,
        "20": 74.25
    },
    "mean_budget_grid": 15.63469799586565,
    "mean_add_points_grid": 39.56183603928643,
    "nr_func_modeled_grid": 9978,
    "percentage_bucket_counter_bayesian": {
        "rest": 100.0,
        "5": 83.91,
        "10": 91.52,
        "15": 96.61,
        "20": 98.76
    },
    "mean_budget_bayesian": 20.51928270684909,
    "mean_add_points_bayesian": 77.13211890701632,
    "nr_func_modeled_bayesian": 9991,
    "point_map_generic": {
        "(4, 10)": 1.0,
        "(4, 20)": 2.0,
        "(4, 30)": 3.0,
        "(4, 40)": 4.0,
        "(4, 50)": 5.0,
        "(8, 10)": 6.0,
        "(8, 20)": 6.0,
        "(8, 30)": 6.0,
        "(8, 40)": 0,
        "(8, 50)": 0,
        "(16, 10)": 7.0,
        "(16, 20)": 7.0,
        "(16, 30)": 7.0,
        "(16, 40)": 0,
        "(16, 50)": 0,
        "(32, 10)": 8.0,
        "(32, 20)": 8.0,
        "(32, 30)": 8.0,
        "(32, 40)": 0,
        "(32, 50)": 0,
        "(64, 10)": 9.0,
        "(64, 20)": 9.0,
        "(64, 30)": 9.0,
        "(64, 40)": 0,
        "(64, 50)": 0
    },
    "base_point_cost": 4.446068947260631,
    "min_points": 9,
    "budget": 21.0
}