{
    "percentage_bucket_counter_full": {
        "rest": 0,
        "5": 0,
        "10": 0,
        "15": 0,
        "20": 0
    },
    "percentage_bucket_counter_generic": {
        "rest": 100.0,
        "5": 0.03,
        "10": 0.03,
        "15": 0.03,
        "20": 0.04
    },
    "mean_budget_generic": 0.1731040092083594,
    "mean_add_points_generic": 36.0,
    "nr_func_modeled_generic": 41,
    "percentage_bucket_counter_gpr": {
        "rest": 100.0,
        "5": 1.09,
        "10": 1.26,
        "15": 1.6500000000000001,
        "20": 1.7000000000000002
    },
    "mean_budget_gpr": 0.14517611394271712,
    "mean_add_points_gpr": 18.0,
    "nr_func_modeled_gpr": 345,
    "percentage_bucket_counter_hybrid": {
        "rest": 100.0,
        "5": 1.09,
        "10": 1.26,
        "15": 1.6500000000000001,
        "20": 1.7000000000000002
    },
    "mean_budget_hybrid": 0.14517611394271712,
    "mean_add_points_hybrid": 18.0,
    "nr_func_modeled_hybrid": 345,
    "percentage_bucket_counter_random": {
        "rest": 100.0,
        "5": 0.03,
        "10": 0.03,
        "15": 0.03,
        "20": 0.04
    },
    "mean_budget_random": 0.18476180319904595,
    "mean_add_points_random": 36.829268292682926,
    "nr_func_modeled_random": 41,
    "percentage_bucket_counter_grid": {
        "rest": 100.0,
        "5": 0.03,
        "10": 0.03,
        "15": 0.03,
        "20": 0.04
    },
    "mean_budget_grid": 0.1731040092083594,
    "mean_add_points_grid": 36.0,
    "nr_func_modeled_grid": 41,
    "percentage_bucket_counter_bayesian": {
        "rest": 100.0,
        "5": 0.8200000000000001,
        "10": 1.32,
        "15": 1.6199999999999999,
        "20": 1.72
    },
    "mean_budget_bayesian": 0.19851832072598638,
    "mean_add_points_bayesian": 45.5699481865285,
    "nr_func_modeled_bayesian": 193,
    "point_map_generic": {
        "(4, 10)": 1.0,
        "(4, 20)": 2.0,
        "(4, 30)": 3.0,
        "(4, 40)": 4.0,
        "(4, 50)": 5.0,
        "(8, 10)": 6.0,
        "(8, 20)": 6.0,
        "(8, 30)": 6.0,
        "(8, 40)": 0,
        "(8, 50)": 0,
        "(16, 10)": 7.0,
        "(16, 20)": 7.0,
        "(16, 30)": 7.0,
        "(16, 40)": 0,
        "(16, 50)": 0,
        "(32, 10)": 8.0,
        "(32, 20)": 8.0,
        "(32, 30)": 8.0,
        "(32, 40)": 0,
        "(32, 50)": 0,
        "(64, 10)": 9.0,
        "(64, 20)": 9.0,
        "(64, 30)": 9.0,
        "(64, 40)": 0,
        "(64, 50)": 0
    },
    "base_point_cost": 0.14517611394271712,
    "min_points": 9,
    "budget": 0.2
}