{
    "percentage_bucket_counter_full": {
        "rest": 0,
        "5": 0,
        "10": 0,
        "15": 0,
        "20": 0
    },
    "percentage_bucket_counter_generic": {
        "rest": 100.0,
        "5": 36.480000000000004,
        "10": 40.29,
        "15": 44.019999999999996,
        "20": 46.25
    },
    "mean_budget_generic": 8.891005285791003,
    "mean_add_points_generic": 36.0,
    "nr_func_modeled_generic": 9998,
    "percentage_bucket_counter_gpr": {
        "rest": 100.0,
        "5": 38.54,
        "10": 42.08,
        "15": 45.59,
        "20": 47.77
    },
    "mean_budget_gpr": 4.446068947260631,
    "mean_add_points_gpr": 18.0,
    "nr_func_modeled_gpr": 10000,
    "percentage_bucket_counter_hybrid": {
        "rest": 100.0,
        "5": 38.54,
        "10": 42.08,
        "15": 45.59,
        "20": 47.77
    },
    "mean_budget_hybrid": 4.446068947260631,
    "mean_add_points_hybrid": 18.0,
    "nr_func_modeled_hybrid": 10000,
    "percentage_bucket_counter_random": {
        "rest": 100.0,
        "5": 36.480000000000004,
        "10": 40.29,
        "15": 44.019999999999996,
        "20": 46.25
    },
    "mean_budget_random": 20.281887158166665,
    "mean_add_points_random": 50.149229845969195,
    "nr_func_modeled_random": 9998,
    "percentage_bucket_counter_grid": {
        "rest": 100.0,
        "5": 62.129999999999995,
        "10": 68.78999999999999,
        "15": 72.69,
        "20": 75.55
    },
    "mean_budget_grid": 16.225647659940826,
    "mean_add_points_grid": 39.75827913956979,
    "nr_func_modeled_grid": 9995,
    "percentage_bucket_counter_bayesian": {
        "rest": 100.0,
        "5": 83.78,
        "10": 91.60000000000001,
        "15": 96.56,
        "20": 98.78
    },
    "mean_budget_bayesian": 21.49666442735658,
    "mean_add_points_bayesian": 77.81983967935872,
    "nr_func_modeled_bayesian": 9980,
    "point_map_generic": {
        "(4, 10)": 1.0,
        "(4, 20)": 2.0,
        "(4, 30)": 3.0,
        "(4, 40)": 4.0,
        "(4, 50)": 5.0,
        "(8, 10)": 6.0,
        "(8, 20)": 6.0,
        "(8, 30)": 6.0,
        "(8, 40)": 0,
        "(8, 50)": 0,
        "(16, 10)": 7.0,
        "(16, 20)": 7.0,
        "(16, 30)": 7.0,
        "(16, 40)": 0,
        "(16, 50)": 0,
        "(32, 10)": 8.0,
        "(32, 20)": 8.0,
        "(32, 30)": 8.0,
        "(32, 40)": 0,
        "(32, 50)": 0,
        "(64, 10)": 9.0,
        "(64, 20)": 9.0,
        "(64, 30)": 9.0,
        "(64, 40)": 0,
        "(64, 50)": 0
    },
    "base_point_cost": 4.446068947260631,
    "min_points": 9,
    "budget": 22.0
}