{
    "percentage_bucket_counter_random": {
        "rest": 100.0,
        "5": 17.4,
        "10": 26.8,
        "15": 30.42,
        "20": 33.56
    },
    "mean_budget_random": 70.628074,
    "mean_add_points_random": 83.6045,
    "nr_func_modeled_random": 10000,
    "percentage_bucket_counter_grid": {
        "rest": 100.0,
        "5": 37.38,
        "10": 70.07,
        "15": 90.08,
        "20": 95.73
    },
    "mean_budget_grid": 59.452207932280686,
    "mean_add_points_grid": 50.98849654896469,
    "nr_func_modeled_grid": 9997,
    "percentage_bucket_counter_bayesian": {
        "rest": 100.0,
        "5": 49.78,
        "10": 69.64,
        "15": 86.53,
        "20": 93.44
    },
    "mean_budget_bayesian": 72.37667063464914,
    "mean_add_points_bayesian": 94.82328232823282,
    "nr_func_modeled_bayesian": 9999,
    "percentage_bucket_counter_full": {
        "rest": 100.0,
        "5": 22.43,
        "10": 49.28,
        "15": 70.16,
        "20": 83.6
    },
    "percentage_bucket_counter_generic": {
        "rest": 100.0,
        "5": 78.13,
        "10": 86.61999999999999,
        "15": 96.15,
        "20": 98.42999999999999
    },
    "mean_budget_generic": 62.5911496080356,
    "mean_add_points_generic": 93.96559311862373,
    "nr_func_modeled_generic": 9998,
    "percentage_bucket_counter_gpr": {
        "rest": 100.0,
        "5": 59.38,
        "10": 73.98,
        "15": 89.17,
        "20": 94.12
    },
    "mean_add_points_gpr": 95.25865173034607,
    "mean_budget_gpr": 71.1845502194612,
    "nr_func_modeled_gpr": 9998,
    "percentage_bucket_counter_hybrid": {
        "rest": 100.0,
        "5": 59.38,
        "10": 73.98,
        "15": 89.17,
        "20": 94.12
    },
    "mean_budget_hybrid": 71.1845502194612,
    "mean_add_points_hybrid": 95.25865173034607,
    "nr_func_modeled_hybrid": 9998,
    "point_map_generic": {
        "(4, 10)": 1.0,
        "(4, 20)": 2.0,
        "(4, 30)": 3.0,
        "(4, 40)": 4.0,
        "(4, 50)": 5.0,
        "(8, 10)": 6.6207,
        "(8, 20)": 10.0906,
        "(8, 30)": 10.4159,
        "(8, 40)": 12.4088,
        "(8, 50)": 13.8404,
        "(16, 10)": 8.0016,
        "(16, 20)": 13.2134,
        "(16, 30)": 13.7465,
        "(16, 40)": 16.3638,
        "(16, 50)": 17.6802,
        "(32, 10)": 9.7104,
        "(32, 20)": 16.9046,
        "(32, 30)": 17.2507,
        "(32, 40)": 20.3594,
        "(32, 50)": 21.2516,
        "(64, 10)": 10.314743589743589,
        "(64, 20)": 21.1224,
        "(64, 30)": 20.882021907345994,
        "(64, 40)": 23.88900785153462,
        "(64, 50)": 0
    },
    "base_point_cost": 4.439734963034415,
    "min_points": 9,
    "budget": 74.0
}