{
    "percentage_bucket_counter_random": {
        "rest": 100.0,
        "5": 17.4,
        "10": 26.8,
        "15": 30.42,
        "20": 33.56
    },
    "mean_budget_random": 66.31669599999998,
    "mean_add_points_random": 81.3646,
    "nr_func_modeled_random": 10000,
    "percentage_bucket_counter_grid": {
        "rest": 100.0,
        "5": 42.52,
        "10": 72.28,
        "15": 91.08000000000001,
        "20": 95.81
    },
    "mean_budget_grid": 54.74181113088394,
    "mean_add_points_grid": 49.48339335734294,
    "nr_func_modeled_grid": 9996,
    "percentage_bucket_counter_bayesian": {
        "rest": 100.0,
        "5": 52.26,
        "10": 71.53,
        "15": 88.03999999999999,
        "20": 94.08
    },
    "mean_budget_bayesian": 67.25999079096498,
    "mean_add_points_bayesian": 93.79205841168233,
    "nr_func_modeled_bayesian": 9998,
    "percentage_bucket_counter_full": {
        "rest": 100.0,
        "5": 22.43,
        "10": 49.28,
        "15": 70.16,
        "20": 83.6
    },
    "percentage_bucket_counter_generic": {
        "rest": 100.0,
        "5": 78.18,
        "10": 87.74,
        "15": 96.31,
        "20": 98.72999999999999
    },
    "mean_budget_generic": 59.27359586956835,
    "mean_add_points_generic": 93.21904380876175,
    "nr_func_modeled_generic": 9998,
    "percentage_bucket_counter_gpr": {
        "rest": 100.0,
        "5": 64.33,
        "10": 76.79,
        "15": 90.02,
        "20": 94.6
    },
    "mean_add_points_gpr": 94.33586717343469,
    "mean_budget_gpr": 66.29001279873923,
    "nr_func_modeled_gpr": 9998,
    "percentage_bucket_counter_hybrid": {
        "rest": 100.0,
        "5": 64.33,
        "10": 76.79,
        "15": 90.02,
        "20": 94.6
    },
    "mean_budget_hybrid": 66.29001279873923,
    "mean_add_points_hybrid": 94.33586717343469,
    "nr_func_modeled_hybrid": 9998,
    "point_map_generic": {
        "(4, 10)": 1.0,
        "(4, 20)": 2.0,
        "(4, 30)": 3.0,
        "(4, 40)": 4.0,
        "(4, 50)": 5.0,
        "(8, 10)": 6.6207,
        "(8, 20)": 10.0906,
        "(8, 30)": 10.4159,
        "(8, 40)": 12.4088,
        "(8, 50)": 13.8404,
        "(16, 10)": 8.0016,
        "(16, 20)": 13.2134,
        "(16, 30)": 13.7465,
        "(16, 40)": 16.3638,
        "(16, 50)": 17.6802,
        "(32, 10)": 9.7104,
        "(32, 20)": 16.9046,
        "(32, 30)": 17.2507,
        "(32, 40)": 20.3594,
        "(32, 50)": 21.2516,
        "(64, 10)": 10.227409638554217,
        "(64, 20)": 21.122024404880975,
        "(64, 30)": 20.787064258714825,
        "(64, 40)": 23.86855791962175,
        "(64, 50)": 0
    },
    "base_point_cost": 4.439734963034415,
    "min_points": 9,
    "budget": 69.0
}