{
    "percentage_bucket_counter_random": {
        "rest": 100.0,
        "5": 4.859999999999999,
        "10": 8.44,
        "15": 9.790000000000001,
        "20": 11.5
    },
    "mean_budget_random": 1.7620647808073444,
    "mean_add_points_random": 37.582146578673154,
    "nr_func_modeled_random": 2879,
    "percentage_bucket_counter_grid": {
        "rest": 100.0,
        "5": 5.28,
        "10": 9.21,
        "15": 10.76,
        "20": 12.76
    },
    "mean_budget_grid": 1.4502514700235485,
    "mean_add_points_grid": 36.46314325452017,
    "nr_func_modeled_grid": 2876,
    "percentage_bucket_counter_bayesian": {
        "rest": 100.0,
        "5": 25.069999999999997,
        "10": 29.409999999999997,
        "15": 33.85,
        "20": 36.84
    },
    "mean_budget_bayesian": 2.95851799273041,
    "mean_add_points_bayesian": 58.49756775538568,
    "nr_func_modeled_bayesian": 4317,
    "percentage_bucket_counter_full": {
        "rest": 100.0,
        "5": 22.43,
        "10": 49.28,
        "15": 70.16,
        "20": 83.6
    },
    "percentage_bucket_counter_generic": {
        "rest": 100.0,
        "5": 13.4,
        "10": 20.16,
        "15": 22.78,
        "20": 25.080000000000002
    },
    "mean_budget_generic": 2.5524389124009916,
    "mean_add_points_generic": 66.12718378756115,
    "nr_func_modeled_generic": 2862,
    "percentage_bucket_counter_gpr": {
        "rest": 100.0,
        "5": 24.59,
        "10": 31.14,
        "15": 35.120000000000005,
        "20": 37.980000000000004
    },
    "mean_add_points_gpr": 60.84010963910461,
    "mean_budget_gpr": 2.8929082351268494,
    "nr_func_modeled_gpr": 4378,
    "percentage_bucket_counter_hybrid": {
        "rest": 100.0,
        "5": 24.490000000000002,
        "10": 30.97,
        "15": 34.99,
        "20": 37.86
    },
    "mean_budget_hybrid": 2.8922975387524725,
    "mean_add_points_hybrid": 60.8423937871174,
    "nr_func_modeled_hybrid": 4378,
    "point_map_generic": {
        "(4, 10)": 1.0,
        "(4, 20)": 2.0,
        "(4, 30)": 3.0,
        "(4, 40)": 4.0,
        "(4, 50)": 5.0,
        "(8, 10)": 6.0,
        "(8, 20)": 9.828533154722036,
        "(8, 30)": 9.352340223330957,
        "(8, 40)": 12.256177325581396,
        "(8, 50)": 13.539468464894883,
        "(16, 10)": 7.0,
        "(16, 20)": 12.897032534858777,
        "(16, 30)": 11.97975161987041,
        "(16, 40)": 16.19153674832962,
        "(16, 50)": 17.42042931162102,
        "(32, 10)": 8.0,
        "(32, 20)": 16.317266949152543,
        "(32, 30)": 11.705910390848427,
        "(32, 40)": 20.0,
        "(32, 50)": 0,
        "(64, 10)": 9.0,
        "(64, 20)": 9.0,
        "(64, 30)": 9.0,
        "(64, 40)": 0,
        "(64, 50)": 0
    },
    "base_point_cost": 1.174690500753453,
    "min_points": 9,
    "budget": 3.0
}