{
    "percentage_bucket_counter_random": {
        "rest": 100.0,
        "5": 17.4,
        "10": 26.8,
        "15": 30.42,
        "20": 33.56
    },
    "mean_budget_random": 53.527565,
    "mean_add_points_random": 75.5361,
    "nr_func_modeled_random": 10000,
    "percentage_bucket_counter_grid": {
        "rest": 100.0,
        "5": 58.940000000000005,
        "10": 81.65,
        "15": 92.7,
        "20": 96.97
    },
    "mean_budget_grid": 45.025086773330315,
    "mean_add_points_grid": 46.591177353205964,
    "nr_func_modeled_grid": 9997,
    "percentage_bucket_counter_bayesian": {
        "rest": 100.0,
        "5": 55.379999999999995,
        "10": 74.32,
        "15": 88.25,
        "20": 93.56
    },
    "mean_budget_bayesian": 55.65149725034973,
    "mean_add_points_bayesian": 90.7812343703111,
    "nr_func_modeled_bayesian": 9997,
    "percentage_bucket_counter_full": {
        "rest": 100.0,
        "5": 22.43,
        "10": 49.28,
        "15": 70.16,
        "20": 83.6
    },
    "percentage_bucket_counter_generic": {
        "rest": 100.0,
        "5": 77.17,
        "10": 90.7,
        "15": 96.16,
        "20": 98.97
    },
    "mean_budget_generic": 47.550359840385234,
    "mean_add_points_generic": 90.41568313662732,
    "nr_func_modeled_generic": 9998,
    "percentage_bucket_counter_gpr": {
        "rest": 100.0,
        "5": 76.19,
        "10": 84.95,
        "15": 94.35,
        "20": 97.19
    },
    "mean_add_points_gpr": 91.85701420852511,
    "mean_budget_gpr": 54.68768007137116,
    "nr_func_modeled_gpr": 9994,
    "percentage_bucket_counter_hybrid": {
        "rest": 100.0,
        "5": 76.19,
        "10": 84.95,
        "15": 94.35,
        "20": 97.19
    },
    "mean_budget_hybrid": 54.68768007137116,
    "mean_add_points_hybrid": 91.85701420852511,
    "nr_func_modeled_hybrid": 9994,
    "point_map_generic": {
        "(4, 10)": 1.0,
        "(4, 20)": 2.0,
        "(4, 30)": 3.0,
        "(4, 40)": 4.0,
        "(4, 50)": 5.0,
        "(8, 10)": 6.6207,
        "(8, 20)": 10.0906,
        "(8, 30)": 10.4159,
        "(8, 40)": 12.4088,
        "(8, 50)": 13.8404,
        "(16, 10)": 8.0016,
        "(16, 20)": 13.2134,
        "(16, 30)": 13.7465,
        "(16, 40)": 16.3638,
        "(16, 50)": 17.6802,
        "(32, 10)": 9.708141628325665,
        "(32, 20)": 16.9046,
        "(32, 30)": 17.2507,
        "(32, 40)": 20.359207762328698,
        "(32, 50)": 21.117977528089888,
        "(64, 10)": 9.0,
        "(64, 20)": 21.072771440642164,
        "(64, 30)": 20.091649413388545,
        "(64, 40)": 24.0,
        "(64, 50)": 0
    },
    "base_point_cost": 4.439734963034415,
    "min_points": 9,
    "budget": 57.0
}