{
    "percentage_bucket_counter_random": {
        "rest": 100.0,
        "5": 4.15,
        "10": 6.909999999999999,
        "15": 7.84,
        "20": 9.370000000000001
    },
    "mean_budget_random": 0.974053812589952,
    "mean_add_points_random": 36.96652719665272,
    "nr_func_modeled_random": 2390,
    "percentage_bucket_counter_grid": {
        "rest": 100.0,
        "5": 4.15,
        "10": 6.909999999999999,
        "15": 7.86,
        "20": 9.4
    },
    "mean_budget_grid": 0.9167762790137116,
    "mean_add_points_grid": 36.01338912133891,
    "nr_func_modeled_grid": 2390,
    "percentage_bucket_counter_bayesian": {
        "rest": 100.0,
        "5": 18.16,
        "10": 23.23,
        "15": 25.91,
        "20": 28.67
    },
    "mean_budget_bayesian": 1.9713132555548074,
    "mean_add_points_bayesian": 59.557704304429194,
    "nr_func_modeled_bayesian": 3206,
    "percentage_bucket_counter_full": {
        "rest": 100.0,
        "5": 22.43,
        "10": 49.28,
        "15": 70.16,
        "20": 83.6
    },
    "percentage_bucket_counter_generic": {
        "rest": 100.0,
        "5": 9.36,
        "10": 15.440000000000001,
        "15": 17.990000000000002,
        "20": 20.4
    },
    "mean_budget_generic": 1.7291541825329098,
    "mean_add_points_generic": 62.789630259243516,
    "nr_func_modeled_generic": 2353,
    "percentage_bucket_counter_gpr": {
        "rest": 100.0,
        "5": 15.310000000000002,
        "10": 22.2,
        "15": 25.4,
        "20": 28.54
    },
    "mean_add_points_gpr": 61.55722614298865,
    "mean_budget_gpr": 1.9253608145600916,
    "nr_func_modeled_gpr": 3259,
    "percentage_bucket_counter_hybrid": {
        "rest": 100.0,
        "5": 15.310000000000002,
        "10": 22.18,
        "15": 25.319999999999997,
        "20": 28.43
    },
    "mean_budget_hybrid": 1.925272630642608,
    "mean_add_points_hybrid": 61.57985257985258,
    "nr_func_modeled_hybrid": 3256,
    "point_map_generic": {
        "(4, 10)": 1.0,
        "(4, 20)": 2.0,
        "(4, 30)": 3.0,
        "(4, 40)": 4.0,
        "(4, 50)": 5.0,
        "(8, 10)": 6.0,
        "(8, 20)": 9.7952,
        "(8, 30)": 9.12466197944835,
        "(8, 40)": 12.271162790697675,
        "(8, 50)": 13.527070063694268,
        "(16, 10)": 7.0,
        "(16, 20)": 12.759964958388085,
        "(16, 30)": 11.357887874837028,
        "(16, 40)": 16.133333333333333,
        "(16, 50)": 17.401937046004843,
        "(32, 10)": 8.0,
        "(32, 20)": 16.01740506329114,
        "(32, 30)": 9.972861356932153,
        "(32, 40)": 20.0,
        "(32, 50)": 0,
        "(64, 10)": 9.0,
        "(64, 20)": 9.0,
        "(64, 30)": 9.0,
        "(64, 40)": 0,
        "(64, 50)": 0
    },
    "base_point_cost": 0.7470289276090094,
    "min_points": 9,
    "budget": 2.0
}