{
    "percentage_bucket_counter_random": {
        "rest": 100.0,
        "5": 17.09,
        "10": 26.400000000000002,
        "15": 29.95,
        "20": 33.08
    },
    "mean_budget_random": 18.541017414904545,
    "mean_add_points_random": 48.9590684544813,
    "nr_func_modeled_random": 9919,
    "percentage_bucket_counter_grid": {
        "rest": 100.0,
        "5": 46.23,
        "10": 58.86,
        "15": 65.95,
        "20": 69.39
    },
    "mean_budget_grid": 15.127969875526869,
    "mean_add_points_grid": 39.475892677022394,
    "nr_func_modeled_grid": 9914,
    "percentage_bucket_counter_bayesian": {
        "rest": 100.0,
        "5": 73.82,
        "10": 89.52,
        "15": 96.56,
        "20": 98.4
    },
    "mean_budget_bayesian": 19.521130359254958,
    "mean_add_points_bayesian": 76.69001803968732,
    "nr_func_modeled_bayesian": 9978,
    "percentage_bucket_counter_full": {
        "rest": 100.0,
        "5": 22.43,
        "10": 49.28,
        "15": 70.16,
        "20": 83.6
    },
    "percentage_bucket_counter_generic": {
        "rest": 100.0,
        "5": 70.23,
        "10": 82.96,
        "15": 92.5,
        "20": 94.65
    },
    "mean_budget_generic": 17.571017919660292,
    "mean_add_points_generic": 71.86127401415571,
    "nr_func_modeled_generic": 9890,
    "percentage_bucket_counter_gpr": {
        "rest": 100.0,
        "5": 71.61999999999999,
        "10": 88.02,
        "15": 95.54,
        "20": 97.47
    },
    "mean_add_points_gpr": 78.05188301282051,
    "mean_budget_gpr": 19.2097392968433,
    "nr_func_modeled_gpr": 9984,
    "percentage_bucket_counter_hybrid": {
        "rest": 100.0,
        "5": 71.61999999999999,
        "10": 88.02,
        "15": 95.54,
        "20": 97.47
    },
    "mean_budget_hybrid": 19.2097392968433,
    "mean_add_points_hybrid": 78.05188301282051,
    "nr_func_modeled_hybrid": 9984,
    "point_map_generic": {
        "(4, 10)": 1.0,
        "(4, 20)": 2.0,
        "(4, 30)": 3.0,
        "(4, 40)": 4.0,
        "(4, 50)": 5.0,
        "(8, 10)": 6.572150363783347,
        "(8, 20)": 10.073971761817067,
        "(8, 30)": 10.408432147562582,
        "(8, 40)": 12.434287505223569,
        "(8, 50)": 13.903239602266652,
        "(16, 10)": 7.684565171615077,
        "(16, 20)": 13.014412544678889,
        "(16, 30)": 13.581271885236642,
        "(16, 40)": 16.238352679281284,
        "(16, 50)": 17.44540825947577,
        "(32, 10)": 8.0,
        "(32, 20)": 16.454310868245294,
        "(32, 30)": 16.48640761787744,
        "(32, 40)": 20.185391895171076,
        "(32, 50)": 21.226166328600407,
        "(64, 10)": 9.0,
        "(64, 20)": 20.035667539267017,
        "(64, 30)": 10.566326530612244,
        "(64, 40)": 0,
        "(64, 50)": 0
    },
    "base_point_cost": 4.439734963034415,
    "min_points": 9,
    "budget": 20.0
}