{
    "percentage_bucket_counter_random": {
        "rest": 100.0,
        "5": 13.56,
        "10": 21.33,
        "15": 24.66,
        "20": 27.62
    },
    "mean_budget_random": 16.445497636549806,
    "mean_add_points_random": 50.112953888679485,
    "nr_func_modeled_random": 7959,
    "percentage_bucket_counter_grid": {
        "rest": 100.0,
        "5": 38.9,
        "10": 50.019999999999996,
        "15": 56.97,
        "20": 60.64000000000001
    },
    "mean_budget_grid": 12.7858374649569,
    "mean_add_points_grid": 39.82298214734725,
    "nr_func_modeled_grid": 7954,
    "percentage_bucket_counter_bayesian": {
        "rest": 100.0,
        "5": 72.71,
        "10": 89.24,
        "15": 96.63000000000001,
        "20": 98.1
    },
    "mean_budget_bayesian": 17.54136351713779,
    "mean_add_points_bayesian": 74.91650777722027,
    "nr_func_modeled_bayesian": 9965,
    "percentage_bucket_counter_full": {
        "rest": 100.0,
        "5": 22.43,
        "10": 49.28,
        "15": 70.16,
        "20": 83.6
    },
    "percentage_bucket_counter_generic": {
        "rest": 100.0,
        "5": 56.169999999999995,
        "10": 64.63,
        "15": 73.13,
        "20": 75.27000000000001
    },
    "mean_budget_generic": 15.406073157992877,
    "mean_add_points_generic": 73.21550855991944,
    "nr_func_modeled_generic": 7944,
    "percentage_bucket_counter_gpr": {
        "rest": 100.0,
        "5": 69.3,
        "10": 87.21,
        "15": 95.44,
        "20": 97.37
    },
    "mean_add_points_gpr": 76.30681362725451,
    "mean_budget_gpr": 17.300499570892782,
    "nr_func_modeled_gpr": 9980,
    "percentage_bucket_counter_hybrid": {
        "rest": 100.0,
        "5": 69.3,
        "10": 87.21,
        "15": 95.44,
        "20": 97.37
    },
    "mean_budget_hybrid": 17.300502378770744,
    "mean_add_points_hybrid": 76.30681362725451,
    "nr_func_modeled_hybrid": 9980,
    "point_map_generic": {
        "(4, 10)": 1.0,
        "(4, 20)": 2.0,
        "(4, 30)": 3.0,
        "(4, 40)": 4.0,
        "(4, 50)": 5.0,
        "(8, 10)": 6.004710870333294,
        "(8, 20)": 9.935967983991995,
        "(8, 30)": 10.358926818627985,
        "(8, 40)": 12.498741221677488,
        "(8, 50)": 13.894705795605368,
        "(16, 10)": 7.004240282685513,
        "(16, 20)": 12.825013419216317,
        "(16, 30)": 13.490452876376988,
        "(16, 40)": 16.20576380491737,
        "(16, 50)": 17.478331308221954,
        "(32, 10)": 8.0,
        "(32, 20)": 16.462804582862674,
        "(32, 30)": 16.41575003985334,
        "(32, 40)": 20.1652219595482,
        "(32, 50)": 21.203717754172988,
        "(64, 10)": 9.0,
        "(64, 20)": 19.93440779610195,
        "(64, 30)": 9.417015341701534,
        "(64, 40)": 0,
        "(64, 50)": 0
    },
    "base_point_cost": 4.439734963034415,
    "min_points": 9,
    "budget": 18.0
}