{
    "percentage_bucket_counter_random": {
        "rest": 100.0,
        "5": 17.4,
        "10": 26.8,
        "15": 30.42,
        "20": 33.56
    },
    "mean_budget_random": 55.17862000000001,
    "mean_add_points_random": 76.3475,
    "nr_func_modeled_random": 10000,
    "percentage_bucket_counter_grid": {
        "rest": 100.0,
        "5": 53.81,
        "10": 77.53999999999999,
        "15": 91.44,
        "20": 96.19
    },
    "mean_budget_grid": 47.45728323625031,
    "mean_add_points_grid": 47.09430943094309,
    "nr_func_modeled_grid": 9999,
    "percentage_bucket_counter_bayesian": {
        "rest": 100.0,
        "5": 55.96,
        "10": 74.77000000000001,
        "15": 88.87,
        "20": 94.14
    },
    "mean_budget_bayesian": 57.628851116637385,
    "mean_add_points_bayesian": 91.31055527763883,
    "nr_func_modeled_bayesian": 9995,
    "percentage_bucket_counter_full": {
        "rest": 100.0,
        "5": 22.43,
        "10": 49.28,
        "15": 70.16,
        "20": 83.6
    },
    "percentage_bucket_counter_generic": {
        "rest": 100.0,
        "5": 77.0,
        "10": 90.42,
        "15": 96.09,
        "20": 98.88
    },
    "mean_budget_generic": 49.33763407619941,
    "mean_add_points_generic": 90.88086425927779,
    "nr_func_modeled_generic": 9997,
    "percentage_bucket_counter_gpr": {
        "rest": 100.0,
        "5": 74.32,
        "10": 83.3,
        "15": 93.76,
        "20": 96.78999999999999
    },
    "mean_add_points_gpr": 92.2976488244122,
    "mean_budget_gpr": 56.69143063133657,
    "nr_func_modeled_gpr": 9995,
    "percentage_bucket_counter_hybrid": {
        "rest": 100.0,
        "5": 74.32,
        "10": 83.3,
        "15": 93.76,
        "20": 96.78999999999999
    },
    "mean_budget_hybrid": 56.69143063133657,
    "mean_add_points_hybrid": 92.2976488244122,
    "nr_func_modeled_hybrid": 9995,
    "point_map_generic": {
        "(4, 10)": 1.0,
        "(4, 20)": 2.0,
        "(4, 30)": 3.0,
        "(4, 40)": 4.0,
        "(4, 50)": 5.0,
        "(8, 10)": 6.6207,
        "(8, 20)": 10.0906,
        "(8, 30)": 10.4159,
        "(8, 40)": 12.4088,
        "(8, 50)": 13.8404,
        "(16, 10)": 8.0016,
        "(16, 20)": 13.2134,
        "(16, 30)": 13.7465,
        "(16, 40)": 16.3638,
        "(16, 50)": 17.6802,
        "(32, 10)": 9.7104,
        "(32, 20)": 16.9046,
        "(32, 30)": 17.2507,
        "(32, 40)": 20.3594,
        "(32, 50)": 21.184612189803758,
        "(64, 10)": 9.0,
        "(64, 20)": 21.094481691593604,
        "(64, 30)": 20.168256954710387,
        "(64, 40)": 24.0,
        "(64, 50)": 0
    },
    "base_point_cost": 4.439734963034415,
    "min_points": 9,
    "budget": 59.0
}