{
    "percentage_bucket_counter_random": {
        "rest": 100.0,
        "5": 17.4,
        "10": 26.8,
        "15": 30.42,
        "20": 33.56
    },
    "mean_budget_random": 32.114029,
    "mean_add_points_random": 62.1214,
    "nr_func_modeled_random": 10000,
    "percentage_bucket_counter_grid": {
        "rest": 100.0,
        "5": 61.8,
        "10": 77.35,
        "15": 83.48,
        "20": 86.67
    },
    "mean_budget_grid": 23.583146487878956,
    "mean_add_points_grid": 41.97938556989893,
    "nr_func_modeled_grid": 9993,
    "percentage_bucket_counter_bayesian": {
        "rest": 100.0,
        "5": 68.52000000000001,
        "10": 80.93,
        "15": 92.72,
        "20": 96.61999999999999
    },
    "mean_budget_bayesian": 33.11893183730179,
    "mean_add_points_bayesian": 83.86053026513257,
    "nr_func_modeled_bayesian": 9995,
    "percentage_bucket_counter_full": {
        "rest": 100.0,
        "5": 22.43,
        "10": 49.28,
        "15": 70.16,
        "20": 83.6
    },
    "percentage_bucket_counter_generic": {
        "rest": 100.0,
        "5": 73.49,
        "10": 87.96000000000001,
        "15": 95.96000000000001,
        "20": 97.91
    },
    "mean_budget_generic": 28.85773892162423,
    "mean_add_points_generic": 83.92718543708742,
    "nr_func_modeled_generic": 9998,
    "percentage_bucket_counter_gpr": {
        "rest": 100.0,
        "5": 79.88,
        "10": 93.17,
        "15": 97.7,
        "20": 99.58
    },
    "mean_add_points_gpr": 85.46305566680016,
    "mean_budget_gpr": 32.465998052523396,
    "nr_func_modeled_gpr": 9988,
    "percentage_bucket_counter_hybrid": {
        "rest": 100.0,
        "5": 79.88,
        "10": 93.17,
        "15": 97.7,
        "20": 99.58
    },
    "mean_budget_hybrid": 32.465998052523396,
    "mean_add_points_hybrid": 85.46305566680016,
    "nr_func_modeled_hybrid": 9988,
    "point_map_generic": {
        "(4, 10)": 1.0,
        "(4, 20)": 2.0,
        "(4, 30)": 3.0,
        "(4, 40)": 4.0,
        "(4, 50)": 5.0,
        "(8, 10)": 6.6207,
        "(8, 20)": 10.0906,
        "(8, 30)": 10.4159,
        "(8, 40)": 12.4088,
        "(8, 50)": 13.8404,
        "(16, 10)": 8.0016,
        "(16, 20)": 13.212842568513702,
        "(16, 30)": 13.745849169833967,
        "(16, 40)": 16.363645458183274,
        "(16, 50)": 17.62025186853691,
        "(32, 10)": 9.519397210060076,
        "(32, 20)": 16.880603096984515,
        "(32, 30)": 17.131916257209998,
        "(32, 40)": 20.239802224969097,
        "(32, 50)": 20.99629801018047,
        "(64, 10)": 9.0,
        "(64, 20)": 20.510520275439937,
        "(64, 30)": 17.428451882845188,
        "(64, 40)": 0,
        "(64, 50)": 0
    },
    "base_point_cost": 4.439734963034415,
    "min_points": 9,
    "budget": 34.0
}