{
    "percentage_bucket_counter_random": {
        "rest": 100.0,
        "5": 6.909999999999999,
        "10": 11.33,
        "15": 13.43,
        "20": 15.64
    },
    "mean_budget_random": 4.072800691917123,
    "mean_add_points_random": 39.827427988784095,
    "nr_func_modeled_random": 3923,
    "percentage_bucket_counter_grid": {
        "rest": 100.0,
        "5": 7.249999999999999,
        "10": 13.34,
        "15": 17.59,
        "20": 20.52
    },
    "mean_budget_grid": 3.0136696243563397,
    "mean_add_points_grid": 37.357489155396784,
    "nr_func_modeled_grid": 3919,
    "percentage_bucket_counter_bayesian": {
        "rest": 100.0,
        "5": 37.37,
        "10": 43.28,
        "15": 49.120000000000005,
        "20": 51.85999999999999
    },
    "mean_budget_bayesian": 4.928120806517231,
    "mean_add_points_bayesian": 59.14506737647646,
    "nr_func_modeled_bayesian": 6011,
    "percentage_bucket_counter_full": {
        "rest": 100.0,
        "5": 22.43,
        "10": 49.28,
        "15": 70.16,
        "20": 83.6
    },
    "percentage_bucket_counter_generic": {
        "rest": 100.0,
        "5": 21.15,
        "10": 27.22,
        "15": 31.56,
        "20": 34.2
    },
    "mean_budget_generic": 4.252173067393986,
    "mean_add_points_generic": 67.73805855161787,
    "nr_func_modeled_generic": 3894,
    "percentage_bucket_counter_gpr": {
        "rest": 100.0,
        "5": 39.1,
        "10": 45.62,
        "15": 50.82,
        "20": 54.53
    },
    "mean_add_points_gpr": 61.48294049777485,
    "mean_budget_gpr": 4.8440885889228325,
    "nr_func_modeled_gpr": 6067,
    "percentage_bucket_counter_hybrid": {
        "rest": 100.0,
        "5": 38.190000000000005,
        "10": 44.68,
        "15": 49.85,
        "20": 53.54
    },
    "mean_budget_hybrid": 4.842986173536445,
    "mean_add_points_hybrid": 61.45967741935484,
    "nr_func_modeled_hybrid": 6076,
    "point_map_generic": {
        "(4, 10)": 1.0,
        "(4, 20)": 2.0,
        "(4, 30)": 3.0,
        "(4, 40)": 4.0,
        "(4, 50)": 5.0,
        "(8, 10)": 6.0,
        "(8, 20)": 9.870510875063227,
        "(8, 30)": 9.616613418530351,
        "(8, 40)": 12.207726763717805,
        "(8, 50)": 13.516072980017377,
        "(16, 10)": 7.0,
        "(16, 20)": 13.053630363036303,
        "(16, 30)": 12.574058033780858,
        "(16, 40)": 16.23527311674402,
        "(16, 50)": 17.410587188612098,
        "(32, 10)": 8.0,
        "(32, 20)": 16.58632040965618,
        "(32, 30)": 13.686050536517826,
        "(32, 40)": 20.0,
        "(32, 50)": 21.0,
        "(64, 10)": 9.0,
        "(64, 20)": 12.07865168539326,
        "(64, 30)": 9.0,
        "(64, 40)": 0,
        "(64, 50)": 0
    },
    "base_point_cost": 1.95602449224869,
    "min_points": 9,
    "budget": 5.0
}