{
    "percentage_bucket_counter_full": {
        "rest": 100.0,
        "5": 86.98698698698699,
        "10": 94.49449449449449,
        "15": 97.8978978978979,
        "20": 99.8998998998999
    },
    "percentage_bucket_counter_gpr": {
        "rest": 100.0,
        "5": 87.12273641851107,
        "10": 94.46680080482898,
        "15": 97.88732394366197,
        "20": 99.89939637826963
    },
    "percentage_bucket_counter_hybrid": {
        "rest": 100.0,
        "5": 87.12273641851107,
        "10": 94.46680080482898,
        "15": 97.88732394366197,
        "20": 99.89939637826963
    },
    "mean_budget_generic": 65.23647958228587,
    "percentage_bucket_counter_generic": {
        "rest": 100.0,
        "5": 84.98498498498499,
        "10": 94.3943943943944,
        "15": 97.7977977977978,
        "20": 99.8998998998999
    },
    "mean_add_points_generic": 85.37437437437437,
    "mean_add_points_gpr": 86.8682092555332,
    "mean_budget_gpr": 74.95946575427725,
    "mean_budget_hybrid": 74.9608250336582,
    "mean_add_points_hybrid": 86.8682092555332,
    "point_map_generic": {
        "(4, 10)": 1.0,
        "(4, 20)": 2.0,
        "(4, 30)": 3.0,
        "(4, 40)": 4.0,
        "(4, 50)": 5.0,
        "(8, 10)": 6.072,
        "(8, 20)": 10.015,
        "(8, 30)": 11.057,
        "(8, 40)": 12.383,
        "(8, 50)": 13.767,
        "(16, 10)": 7.084,
        "(16, 20)": 13.185,
        "(16, 30)": 14.717,
        "(16, 40)": 16.287,
        "(16, 50)": 17.582,
        "(32, 10)": 8.146,
        "(32, 20)": 17.16,
        "(32, 30)": 18.712,
        "(32, 40)": 20.219,
        "(32, 50)": 21.378,
        "(64, 10)": 9.056451612903226,
        "(64, 20)": 21.343,
        "(64, 30)": 22.725,
        "(64, 40)": 23.98671096345515,
        "(64, 50)": 0
    },
    "base_point_cost": 2.212710401388016,
    "min_points": 9,
    "budget": 78.0
}