{
    "percentage_bucket_counter_full": {
        "rest": 100.0,
        "5": 87.0,
        "10": 94.5,
        "15": 97.89999999999999,
        "20": 99.9
    },
    "percentage_bucket_counter_gpr": {
        "rest": 100.0,
        "5": 87.0741482965932,
        "10": 94.68937875751503,
        "15": 97.89579158316634,
        "20": 99.8997995991984
    },
    "percentage_bucket_counter_hybrid": {
        "rest": 100.0,
        "5": 87.0741482965932,
        "10": 94.68937875751503,
        "15": 97.89579158316634,
        "20": 99.8997995991984
    },
    "mean_budget_generic": 60.94559074357831,
    "percentage_bucket_counter_generic": {
        "rest": 100.0,
        "5": 85.0,
        "10": 94.39999999999999,
        "15": 97.8,
        "20": 99.9
    },
    "mean_add_points_generic": 84.392,
    "mean_add_points_gpr": 85.55410821643287,
    "mean_budget_gpr": 67.81127719941311,
    "mean_budget_hybrid": 67.81469728708986,
    "mean_add_points_hybrid": 85.55511022044088,
    "point_map_generic": {
        "(4, 10)": 1.0,
        "(4, 20)": 2.0,
        "(4, 30)": 3.0,
        "(4, 40)": 4.0,
        "(4, 50)": 5.0,
        "(8, 10)": 6.072,
        "(8, 20)": 10.015,
        "(8, 30)": 11.057,
        "(8, 40)": 12.383,
        "(8, 50)": 13.767,
        "(16, 10)": 7.084,
        "(16, 20)": 13.185,
        "(16, 30)": 14.717,
        "(16, 40)": 16.287,
        "(16, 50)": 17.582,
        "(32, 10)": 8.146,
        "(32, 20)": 17.16,
        "(32, 30)": 18.712,
        "(32, 40)": 20.219,
        "(32, 50)": 21.378,
        "(64, 10)": 9.056451612903226,
        "(64, 20)": 21.343,
        "(64, 30)": 22.713839750260146,
        "(64, 40)": 23.99746835443038,
        "(64, 50)": 0
    },
    "base_point_cost": 2.212710401388016,
    "min_points": 9,
    "budget": 71.0
}