{
    "percentage_bucket_counter_full": {
        "rest": 100.0,
        "5": 87.0,
        "10": 94.5,
        "15": 97.89999999999999,
        "20": 99.9
    },
    "percentage_bucket_counter_gpr": {
        "rest": 100.0,
        "5": 85.54216867469879,
        "10": 94.27710843373494,
        "15": 97.59036144578313,
        "20": 99.79919678714859
    },
    "percentage_bucket_counter_hybrid": {
        "rest": 100.0,
        "5": 85.54216867469879,
        "10": 94.27710843373494,
        "15": 97.59036144578313,
        "20": 99.79919678714859
    },
    "mean_budget_generic": 36.103651246026075,
    "percentage_bucket_counter_generic": {
        "rest": 100.0,
        "5": 84.8,
        "10": 93.2,
        "15": 96.8,
        "20": 99.1
    },
    "mean_add_points_generic": 78.192,
    "mean_add_points_gpr": 79.77911646586345,
    "mean_budget_gpr": 42.8499492245944,
    "mean_budget_hybrid": 42.849487032778384,
    "mean_add_points_hybrid": 79.78012048192771,
    "point_map_generic": {
        "(4, 10)": 1.0,
        "(4, 20)": 2.0,
        "(4, 30)": 3.0,
        "(4, 40)": 4.0,
        "(4, 50)": 5.0,
        "(8, 10)": 6.072,
        "(8, 20)": 10.015,
        "(8, 30)": 11.057,
        "(8, 40)": 12.383,
        "(8, 50)": 13.767,
        "(16, 10)": 7.084,
        "(16, 20)": 13.185,
        "(16, 30)": 14.717,
        "(16, 40)": 16.287,
        "(16, 50)": 17.582,
        "(32, 10)": 8.06841046277666,
        "(32, 20)": 17.16,
        "(32, 30)": 18.712,
        "(32, 40)": 20.206825232678387,
        "(32, 50)": 21.194271481942714,
        "(64, 10)": 9.0,
        "(64, 20)": 21.038863976083707,
        "(64, 30)": 22.45744680851064,
        "(64, 40)": 24.0,
        "(64, 50)": 0
    },
    "base_point_cost": 2.212710401388016,
    "min_points": 9,
    "budget": 45.0
}