{
    "percentage_bucket_counter_full": {
        "rest": 100.0,
        "5": 100.0,
        "10": 100.0,
        "15": 100.0,
        "20": 100.0
    },
    "percentage_bucket_counter_generic": {
        "rest": 100.0,
        "5": 100.0,
        "10": 100.0,
        "15": 100.0,
        "20": 100.0
    },
    "percentage_bucket_counter_gpr": {
        "rest": 100.0,
        "5": 100.0,
        "10": 100.0,
        "15": 100.0,
        "20": 100.0
    },
    "percentage_bucket_counter_hybrid": {
        "rest": 100.0,
        "5": 100.0,
        "10": 100.0,
        "15": 100.0,
        "20": 100.0
    },
    "budget": 64,
    "mean_budget_generic": 59.576461789692345,
    "mean_add_points_generic": 42.0,
    "nr_func_modeled_generic": 5,
    "mean_add_points_gpr": 42.0,
    "mean_budget_gpr": 58.52141352722998,
    "nr_func_modeled_gpr": 5,
    "mean_budget_hybrid": 58.52141352722998,
    "mean_add_points_hybrid": 42.0,
    "nr_func_modeled_hybrid": 5,
    "base_point_cost": 9.483930015258435,
    "min_points": 9,
    "filter": 1.0
}