{
    "percentage_bucket_counter_full": {
        "rest": 100.0,
        "5": 100.0,
        "10": 100.0,
        "15": 100.0,
        "20": 100.0
    },
    "percentage_bucket_counter_generic": {
        "rest": 100.0,
        "5": 0.0,
        "10": 80.0,
        "15": 100.0,
        "20": 100.0
    },
    "percentage_bucket_counter_gpr": {
        "rest": 100.0,
        "5": 0.0,
        "10": 100.0,
        "15": 100.0,
        "20": 100.0
    },
    "percentage_bucket_counter_hybrid": {
        "rest": 100.0,
        "5": 0.0,
        "10": 100.0,
        "15": 100.0,
        "20": 100.0
    },
    "budget": 38,
    "mean_budget_generic": 37.0388039050644,
    "mean_add_points_generic": 35.6,
    "nr_func_modeled_generic": 5,
    "mean_add_points_gpr": 36.0,
    "mean_budget_gpr": 36.86097228755174,
    "nr_func_modeled_gpr": 5,
    "mean_budget_hybrid": 35.73513898528982,
    "mean_add_points_hybrid": 36.0,
    "nr_func_modeled_hybrid": 5,
    "base_point_cost": 9.483930015258435,
    "min_points": 9,
    "filter": 1.0
}