{
    "percentage_bucket_counter_full": {
        "rest": 0,
        "5": 0,
        "10": 0,
        "15": 0,
        "20": 0
    },
    "percentage_bucket_counter_generic": {
        "rest": 100.0,
        "5": 6.800000000000001,
        "10": 8.5,
        "15": 9.4,
        "20": 10.100000000000001
    },
    "mean_budget_generic": 0.03322352022559525,
    "mean_add_points_generic": 52.0,
    "nr_func_modeled_generic": 290,
    "percentage_bucket_counter_gpr": {
        "rest": 100.0,
        "5": 8.6,
        "10": 10.100000000000001,
        "15": 11.4,
        "20": 12.0
    },
    "mean_budget_gpr": 0.02771635538129845,
    "mean_add_points_gpr": 26.0,
    "nr_func_modeled_gpr": 365,
    "percentage_bucket_counter_hybrid": {
        "rest": 100.0,
        "5": 8.6,
        "10": 10.100000000000001,
        "15": 11.4,
        "20": 12.0
    },
    "mean_budget_hybrid": 0.02771635538129845,
    "mean_add_points_hybrid": 26.0,
    "nr_func_modeled_hybrid": 365,
    "percentage_bucket_counter_random": {
        "rest": 100.0,
        "5": 6.800000000000001,
        "10": 8.5,
        "15": 9.4,
        "20": 10.100000000000001
    },
    "mean_budget_random": 0.058521545034336535,
    "mean_add_points_random": 56.48275862068966,
    "nr_func_modeled_random": 290,
    "percentage_bucket_counter_grid": {
        "rest": 100.0,
        "5": 8.200000000000001,
        "10": 11.200000000000001,
        "15": 13.600000000000001,
        "20": 14.2
    },
    "mean_budget_grid": 0.061922604387588634,
    "mean_add_points_grid": 54.98233215547703,
    "nr_func_modeled_grid": 283,
    "percentage_bucket_counter_bayesian": {
        "rest": 100.0,
        "5": 0.6,
        "10": 0.6,
        "15": 0.7000000000000001,
        "20": 0.8
    },
    "mean_budget_bayesian": 0.09974411316140938,
    "mean_add_points_bayesian": 217.75,
    "nr_func_modeled_bayesian": 8,
    "point_map_generic": {
        "(4, 10, 1000)": 1.155155155155155,
        "(4, 10, 2000)": 9.89879759519038,
        "(4, 10, 3000)": 10.938816449348044,
        "(4, 10, 4000)": 12.015045135406218,
        "(4, 10, 5000)": 12.887775551102205,
        "(4, 20, 1000)": 2.0091743119266057,
        "(4, 20, 2000)": 3.066666666666667,
        "(4, 20, 3000)": 4.8,
        "(4, 20, 4000)": 12.333333333333334,
        "(4, 20, 5000)": 13.333333333333334,
        "(4, 30, 1000)": 3.0,
        "(4, 30, 2000)": 3.0,
        "(4, 30, 3000)": 3.0,
        "(4, 30, 4000)": 0,
        "(4, 30, 5000)": 0,
        "(4, 40, 1000)": 4.0,
        "(4, 40, 2000)": 4.0,
        "(4, 40, 3000)": 4.0,
        "(4, 40, 4000)": 0,
        "(4, 40, 5000)": 0,
        "(4, 50, 1000)": 5.0,
        "(4, 50, 2000)": 5.0,
        "(4, 50, 3000)": 5.0,
        "(4, 50, 4000)": 0,
        "(4, 50, 5000)": 0,
        "(8, 10, 1000)": 6.007253886010362,
        "(8, 10, 2000)": 0,
        "(8, 10, 3000)": 0,
        "(8, 10, 4000)": 0,
        "(8, 10, 5000)": 7.0,
        "(8, 20, 1000)": 6.0,
        "(8, 20, 2000)": 0,
        "(8, 20, 3000)": 0,
        "(8, 20, 4000)": 0,
        "(8, 20, 5000)": 0,
        "(8, 30, 1000)": 0,
        "(8, 30, 2000)": 0,
        "(8, 30, 3000)": 0,
        "(8, 30, 4000)": 0,
        "(8, 30, 5000)": 0,
        "(8, 40, 1000)": 0,
        "(8, 40, 2000)": 0,
        "(8, 40, 3000)": 0,
        "(8, 40, 4000)": 0,
        "(8, 40, 5000)": 0,
        "(8, 50, 1000)": 0,
        "(8, 50, 2000)": 0,
        "(8, 50, 3000)": 0,
        "(8, 50, 4000)": 0,
        "(8, 50, 5000)": 0,
        "(16, 10, 1000)": 7.007253886010362,
        "(16, 10, 2000)": 0,
        "(16, 10, 3000)": 0,
        "(16, 10, 4000)": 0,
        "(16, 10, 5000)": 8.0,
        "(16, 20, 1000)": 7.0,
        "(16, 20, 2000)": 0,
        "(16, 20, 3000)": 0,
        "(16, 20, 4000)": 0,
        "(16, 20, 5000)": 0,
        "(16, 30, 1000)": 0,
        "(16, 30, 2000)": 0,
        "(16, 30, 3000)": 0,
        "(16, 30, 4000)": 0,
        "(16, 30, 5000)": 0,
        "(16, 40, 1000)": 0,
        "(16, 40, 2000)": 0,
        "(16, 40, 3000)": 0,
        "(16, 40, 4000)": 0,
        "(16, 40, 5000)": 0,
        "(16, 50, 1000)": 0,
        "(16, 50, 2000)": 0,
        "(16, 50, 3000)": 0,
        "(16, 50, 4000)": 0,
        "(16, 50, 5000)": 0,
        "(32, 10, 1000)": 8.007253886010362,
        "(32, 10, 2000)": 0,
        "(32, 10, 3000)": 0,
        "(32, 10, 4000)": 0,
        "(32, 10, 5000)": 9.0,
        "(32, 20, 1000)": 8.0,
        "(32, 20, 2000)": 0,
        "(32, 20, 3000)": 0,
        "(32, 20, 4000)": 0,
        "(32, 20, 5000)": 0,
        "(32, 30, 1000)": 0,
        "(32, 30, 2000)": 0,
        "(32, 30, 3000)": 0,
        "(32, 30, 4000)": 0,
        "(32, 30, 5000)": 0,
        "(32, 40, 1000)": 0,
        "(32, 40, 2000)": 0,
        "(32, 40, 3000)": 0,
        "(32, 40, 4000)": 0,
        "(32, 40, 5000)": 0,
        "(32, 50, 1000)": 0,
        "(32, 50, 2000)": 0,
        "(32, 50, 3000)": 0,
        "(32, 50, 4000)": 0,
        "(32, 50, 5000)": 0,
        "(64, 10, 1000)": 9.007253886010362,
        "(64, 10, 2000)": 0,
        "(64, 10, 3000)": 0,
        "(64, 10, 4000)": 0,
        "(64, 10, 5000)": 10.0,
        "(64, 20, 1000)": 9.0,
        "(64, 20, 2000)": 0,
        "(64, 20, 3000)": 0,
        "(64, 20, 4000)": 0,
        "(64, 20, 5000)": 0,
        "(64, 30, 1000)": 0,
        "(64, 30, 2000)": 0,
        "(64, 30, 3000)": 0,
        "(64, 30, 4000)": 0,
        "(64, 30, 5000)": 0,
        "(64, 40, 1000)": 0,
        "(64, 40, 2000)": 0,
        "(64, 40, 3000)": 0,
        "(64, 40, 4000)": 0,
        "(64, 40, 5000)": 0,
        "(64, 50, 1000)": 0,
        "(64, 50, 2000)": 0,
        "(64, 50, 3000)": 0,
        "(64, 50, 4000)": 0,
        "(64, 50, 5000)": 0
    },
    "base_point_cost": 0.02771635538129845,
    "min_points": 13,
    "budget": 0.1
}