{
    "percentage_bucket_counter_full": {
        "rest": 100.0,
        "5": 87.95180722891565,
        "10": 95.28112449799197,
        "15": 98.29317269076306,
        "20": 99.69879518072288
    },
    "percentage_bucket_counter_gpr": {
        "rest": 100.0,
        "5": 85.20833333333333,
        "10": 91.14583333333334,
        "15": 96.25,
        "20": 97.70833333333333
    },
    "percentage_bucket_counter_hybrid": {
        "rest": 100.0,
        "5": 85.20833333333333,
        "10": 91.14583333333334,
        "15": 96.25,
        "20": 97.70833333333333
    },
    "mean_budget_generic": 18.28314399193616,
    "percentage_bucket_counter_generic": {
        "rest": 100.0,
        "5": 85.8433734939759,
        "10": 90.96385542168674,
        "15": 96.08433734939759,
        "20": 97.59036144578313
    },
    "mean_add_points_generic": 388.04417670682733,
    "mean_add_points_gpr": 392.06041666666664,
    "mean_budget_gpr": 18.84282773059092,
    "mean_budget_hybrid": 18.84282773059092,
    "mean_add_points_hybrid": 392.06041666666664,
    "point_map_generic": {
        "(4, 10, 1000)": 1.137,
        "(4, 10, 2000)": 9.957,
        "(4, 10, 3000)": 10.978,
        "(4, 10, 4000)": 12.035,
        "(4, 10, 5000)": 12.943,
        "(4, 20, 1000)": 2.193,
        "(4, 20, 2000)": 14.383,
        "(4, 20, 3000)": 16.8,
        "(4, 20, 4000)": 19.819,
        "(4, 20, 5000)": 22.988,
        "(4, 30, 1000)": 3.213,
        "(4, 30, 2000)": 18.316,
        "(4, 30, 3000)": 22.14,
        "(4, 30, 4000)": 25.925,
        "(4, 30, 5000)": 29.448,
        "(4, 40, 1000)": 4.309,
        "(4, 40, 2000)": 23.075,
        "(4, 40, 3000)": 27.595,
        "(4, 40, 4000)": 32.072,
        "(4, 40, 5000)": 35.47,
        "(4, 50, 1000)": 5.376,
        "(4, 50, 2000)": 28.362,
        "(4, 50, 3000)": 33.255,
        "(4, 50, 4000)": 37.745,
        "(4, 50, 5000)": 41.261,
        "(8, 10, 1000)": 6.337,
        "(8, 10, 2000)": 21.89,
        "(8, 10, 3000)": 26.207,
        "(8, 10, 4000)": 30.342,
        "(8, 10, 5000)": 33.832,
        "(8, 20, 1000)": 23.078,
        "(8, 20, 2000)": 30.332,
        "(8, 20, 3000)": 35.737,
        "(8, 20, 4000)": 39.954,
        "(8, 20, 5000)": 43.842,
        "(8, 30, 1000)": 30.295,
        "(8, 30, 2000)": 38.113,
        "(8, 30, 3000)": 43.859,
        "(8, 30, 4000)": 48.271,
        "(8, 30, 5000)": 52.205,
        "(8, 40, 1000)": 36.904,
        "(8, 40, 2000)": 45.204,
        "(8, 40, 3000)": 50.698,
        "(8, 40, 4000)": 55.291,
        "(8, 40, 5000)": 58.761,
        "(8, 50, 1000)": 42.786,
        "(8, 50, 2000)": 50.933,
        "(8, 50, 3000)": 56.754,
        "(8, 50, 4000)": 60.661,
        "(8, 50, 5000)": 64.37837837837837,
        "(16, 10, 1000)": 7.735,
        "(16, 10, 2000)": 41.86,
        "(16, 10, 3000)": 47.338,
        "(16, 10, 4000)": 51.59315206445116,
        "(16, 10, 5000)": 54.38253638253638,
        "(16, 20, 1000)": 44.346,
        "(16, 20, 2000)": 52.888,
        "(16, 20, 3000)": 58.874,
        "(16, 20, 4000)": 63.04883011190234,
        "(16, 20, 5000)": 66.56842105263158,
        "(16, 30, 1000)": 52.688,
        "(16, 30, 2000)": 61.636,
        "(16, 30, 3000)": 67.535,
        "(16, 30, 4000)": 71.7079463364293,
        "(16, 30, 5000)": 75.05662393162393,
        "(16, 40, 1000)": 59.17755102040816,
        "(16, 40, 2000)": 68.00211864406779,
        "(16, 40, 3000)": 73.59375,
        "(16, 40, 4000)": 78.35191637630662,
        "(16, 40, 5000)": 81.79667063020214,
        "(16, 50, 1000)": 62.596351197263395,
        "(16, 50, 2000)": 72.05549132947976,
        "(16, 50, 3000)": 78.16725978647686,
        "(16, 50, 4000)": 83.21375,
        "(16, 50, 5000)": 86.19654714475432,
        "(32, 10, 1000)": 8.802208835341366,
        "(32, 10, 2000)": 64.17561521252796,
        "(32, 10, 3000)": 69.17734553775743,
        "(32, 10, 4000)": 73.3566265060241,
        "(32, 10, 5000)": 75.5724907063197,
        "(32, 20, 1000)": 67.41847826086956,
        "(32, 20, 2000)": 76.72488038277513,
        "(32, 20, 3000)": 82.55708908406524,
        "(32, 20, 4000)": 86.65189048239895,
        "(32, 20, 5000)": 90.17948717948718,
        "(32, 30, 1000)": 75.04223602484473,
        "(32, 30, 2000)": 85.40437158469945,
        "(32, 30, 3000)": 91.63480741797433,
        "(32, 30, 4000)": 96.34384858044164,
        "(32, 30, 5000)": 99.15189873417721,
        "(32, 40, 1000)": 80.03611111111111,
        "(32, 40, 2000)": 91.27853881278538,
        "(32, 40, 3000)": 97.70743801652893,
        "(32, 40, 4000)": 101.89442231075697,
        "(32, 40, 5000)": 103.53316953316953,
        "(32, 50, 1000)": 84.20389805097452,
        "(32, 50, 2000)": 95.59487179487179,
        "(32, 50, 3000)": 101.71115537848605,
        "(32, 50, 4000)": 104.41794871794872,
        "(32, 50, 5000)": 106.3202846975089,
        "(64, 10, 1000)": 9.466127401415571,
        "(64, 10, 2000)": 81.31628787878788,
        "(64, 10, 3000)": 88.33268101761253,
        "(64, 10, 4000)": 91.75510204081633,
        "(64, 10, 5000)": 91.11779448621554,
        "(64, 20, 1000)": 84.92996108949416,
        "(64, 20, 2000)": 97.69248291571753,
        "(64, 20, 3000)": 104.14450867052022,
        "(64, 20, 4000)": 106.66255144032922,
        "(64, 20, 5000)": 108.73170731707317,
        "(64, 30, 1000)": 92.57446808510639,
        "(64, 30, 2000)": 105.6826923076923,
        "(64, 30, 3000)": 112.84375,
        "(64, 30, 4000)": 115.71428571428571,
        "(64, 30, 5000)": 0,
        "(64, 40, 1000)": 95.86842105263158,
        "(64, 40, 2000)": 108.49450549450549,
        "(64, 40, 3000)": 118.0,
        "(64, 40, 4000)": 0,
        "(64, 40, 5000)": 0,
        "(64, 50, 1000)": 98.37979094076655,
        "(64, 50, 2000)": 111.05357142857143,
        "(64, 50, 3000)": 0,
        "(64, 50, 4000)": 0,
        "(64, 50, 5000)": 0
    },
    "base_point_cost": 0.8147229837570119,
    "min_points": 13,
    "budget": 19.0
}