{
    "percentage_bucket_counter_full": {
        "rest": 100.0,
        "5": 87.8391959798995,
        "10": 95.27638190954774,
        "15": 98.29145728643216,
        "20": 99.69849246231156
    },
    "percentage_bucket_counter_gpr": {
        "rest": 100.0,
        "5": 85.02617801047121,
        "10": 90.99476439790575,
        "15": 96.2303664921466,
        "20": 97.69633507853403
    },
    "percentage_bucket_counter_hybrid": {
        "rest": 100.0,
        "5": 85.02617801047121,
        "10": 90.99476439790575,
        "15": 96.2303664921466,
        "20": 97.69633507853403
    },
    "mean_budget_generic": 16.401474482332198,
    "percentage_bucket_counter_generic": {
        "rest": 100.0,
        "5": 85.82914572864323,
        "10": 90.95477386934674,
        "15": 95.77889447236181,
        "20": 97.48743718592965
    },
    "mean_add_points_generic": 379.7507537688442,
    "mean_add_points_gpr": 383.9780104712042,
    "mean_budget_gpr": 16.86202273684466,
    "mean_budget_hybrid": 16.86202273684466,
    "mean_add_points_hybrid": 383.9780104712042,
    "point_map_generic": {
        "(4, 10, 1000)": 1.137,
        "(4, 10, 2000)": 9.957,
        "(4, 10, 3000)": 10.978,
        "(4, 10, 4000)": 12.035,
        "(4, 10, 5000)": 12.943,
        "(4, 20, 1000)": 2.193,
        "(4, 20, 2000)": 14.383,
        "(4, 20, 3000)": 16.8,
        "(4, 20, 4000)": 19.819,
        "(4, 20, 5000)": 22.988,
        "(4, 30, 1000)": 3.213,
        "(4, 30, 2000)": 18.316,
        "(4, 30, 3000)": 22.14,
        "(4, 30, 4000)": 25.925,
        "(4, 30, 5000)": 29.448,
        "(4, 40, 1000)": 4.309,
        "(4, 40, 2000)": 23.075,
        "(4, 40, 3000)": 27.595,
        "(4, 40, 4000)": 32.072,
        "(4, 40, 5000)": 35.47,
        "(4, 50, 1000)": 5.376,
        "(4, 50, 2000)": 28.362,
        "(4, 50, 3000)": 33.255,
        "(4, 50, 4000)": 37.745,
        "(4, 50, 5000)": 41.261,
        "(8, 10, 1000)": 6.337,
        "(8, 10, 2000)": 21.89,
        "(8, 10, 3000)": 26.207,
        "(8, 10, 4000)": 30.342,
        "(8, 10, 5000)": 33.832,
        "(8, 20, 1000)": 23.078,
        "(8, 20, 2000)": 30.332,
        "(8, 20, 3000)": 35.737,
        "(8, 20, 4000)": 39.954,
        "(8, 20, 5000)": 43.842,
        "(8, 30, 1000)": 30.295,
        "(8, 30, 2000)": 38.113,
        "(8, 30, 3000)": 43.859,
        "(8, 30, 4000)": 48.271,
        "(8, 30, 5000)": 52.205,
        "(8, 40, 1000)": 36.904,
        "(8, 40, 2000)": 45.204,
        "(8, 40, 3000)": 50.698,
        "(8, 40, 4000)": 55.291,
        "(8, 40, 5000)": 58.761,
        "(8, 50, 1000)": 42.752752752752755,
        "(8, 50, 2000)": 50.906906906906904,
        "(8, 50, 3000)": 56.58006042296073,
        "(8, 50, 4000)": 60.620240480961925,
        "(8, 50, 5000)": 64.22222222222223,
        "(16, 10, 1000)": 7.735,
        "(16, 10, 2000)": 41.86,
        "(16, 10, 3000)": 47.338,
        "(16, 10, 4000)": 51.20781893004115,
        "(16, 10, 5000)": 54.02439024390244,
        "(16, 20, 1000)": 44.346,
        "(16, 20, 2000)": 52.888,
        "(16, 20, 3000)": 58.85470941883767,
        "(16, 20, 4000)": 62.90758047767394,
        "(16, 20, 5000)": 66.46030042918454,
        "(16, 30, 1000)": 52.67767767767768,
        "(16, 30, 2000)": 61.62788365095286,
        "(16, 30, 3000)": 67.5397148676171,
        "(16, 30, 4000)": 71.77078891257996,
        "(16, 30, 5000)": 75.16150442477876,
        "(16, 40, 1000)": 58.26264800861141,
        "(16, 40, 2000)": 67.69469026548673,
        "(16, 40, 3000)": 73.58971428571428,
        "(16, 40, 4000)": 78.48658536585366,
        "(16, 40, 5000)": 82.10506329113925,
        "(16, 50, 1000)": 62.301162790697674,
        "(16, 50, 2000)": 71.9191438763377,
        "(16, 50, 3000)": 78.26492537313433,
        "(16, 50, 4000)": 83.40526315789474,
        "(16, 50, 5000)": 86.1410437235543,
        "(32, 10, 1000)": 8.669014084507042,
        "(32, 10, 2000)": 63.978359908883824,
        "(32, 10, 3000)": 68.761620977354,
        "(32, 10, 4000)": 73.02010050251256,
        "(32, 10, 5000)": 75.3542199488491,
        "(32, 20, 1000)": 67.01824401368302,
        "(32, 20, 2000)": 76.62138364779874,
        "(32, 20, 3000)": 82.5348525469169,
        "(32, 20, 4000)": 86.76923076923077,
        "(32, 20, 5000)": 90.24316109422493,
        "(32, 30, 1000)": 74.84147952443857,
        "(32, 30, 2000)": 85.40028694404592,
        "(32, 30, 3000)": 91.87906976744186,
        "(32, 30, 4000)": 96.54871794871795,
        "(32, 30, 5000)": 99.30382293762575,
        "(32, 40, 1000)": 79.86873156342183,
        "(32, 40, 2000)": 91.2950558213716,
        "(32, 40, 3000)": 97.85387323943662,
        "(32, 40, 4000)": 101.83981693363845,
        "(32, 40, 5000)": 103.53257790368272,
        "(32, 50, 1000)": 83.86178861788618,
        "(32, 50, 2000)": 95.48892988929889,
        "(32, 50, 3000)": 101.73719376391982,
        "(32, 50, 4000)": 104.65349544072949,
        "(32, 50, 5000)": 106.47368421052632,
        "(64, 10, 1000)": 9.37246963562753,
        "(64, 10, 2000)": 81.16409266409266,
        "(64, 10, 3000)": 87.98971193415638,
        "(64, 10, 4000)": 91.42243436754177,
        "(64, 10, 5000)": 90.18131868131869,
        "(64, 20, 1000)": 84.22199592668025,
        "(64, 20, 2000)": 97.57349397590362,
        "(64, 20, 3000)": 103.98039215686275,
        "(64, 20, 4000)": 106.85446009389672,
        "(64, 20, 5000)": 108.66906474820144,
        "(64, 30, 1000)": 91.9801488833747,
        "(64, 30, 2000)": 105.25978647686833,
        "(64, 30, 3000)": 112.81927710843374,
        "(64, 30, 4000)": 116.33333333333333,
        "(64, 30, 5000)": 0,
        "(64, 40, 1000)": 95.19384615384615,
        "(64, 40, 2000)": 108.2603550295858,
        "(64, 40, 3000)": 0,
        "(64, 40, 4000)": 0,
        "(64, 40, 5000)": 0,
        "(64, 50, 1000)": 97.94181818181818,
        "(64, 50, 2000)": 110.63636363636364,
        "(64, 50, 3000)": 0,
        "(64, 50, 4000)": 0,
        "(64, 50, 5000)": 0
    },
    "base_point_cost": 0.8147229837570119,
    "min_points": 13,
    "budget": 17.0
}