{
    "percentage_bucket_counter_full": {
        "rest": 100.0,
        "5": 9.836065573770492,
        "10": 15.846994535519126,
        "15": 19.672131147540984,
        "20": 22.404371584699454
    },
    "percentage_bucket_counter_generic": {
        "rest": 100.0,
        "5": 4.371584699453552,
        "10": 9.289617486338798,
        "15": 13.114754098360656,
        "20": 14.754098360655737
    },
    "percentage_bucket_counter_gpr": {
        "rest": 100.0,
        "5": 4.371584699453552,
        "10": 10.92896174863388,
        "15": 15.300546448087433,
        "20": 16.939890710382514
    },
    "percentage_bucket_counter_hybrid": {
        "rest": 100.0,
        "5": 4.371584699453552,
        "10": 10.92896174863388,
        "15": 15.300546448087433,
        "20": 16.939890710382514
    },
    "budget": 21,
    "mean_budget_generic": 19.482733477447628,
    "mean_add_points_generic": 5.300546448087432,
    "mean_budget_gpr": 20.331383589024473,
    "mean_add_points_gpr": 5.961748633879782,
    "mean_budget_hybrid": 20.31900910120423,
    "mean_add_points_hybrid": 5.961748633879782,
    "base_point_cost": 20.587261022717612,
    "min_points": 9,
    "filter": 0
}