{
    "percentage_bucket_counter_full": {
        "rest": 100.0,
        "5": 9.836065573770492,
        "10": 15.846994535519126,
        "15": 19.672131147540984,
        "20": 22.404371584699454
    },
    "percentage_bucket_counter_generic": {
        "rest": 100.0,
        "5": 4.371584699453552,
        "10": 9.289617486338798,
        "15": 13.114754098360656,
        "20": 16.39344262295082
    },
    "percentage_bucket_counter_gpr": {
        "rest": 100.0,
        "5": 4.371584699453552,
        "10": 9.836065573770492,
        "15": 14.207650273224044,
        "20": 17.48633879781421
    },
    "percentage_bucket_counter_hybrid": {
        "rest": 100.0,
        "5": 4.371584699453552,
        "10": 9.836065573770492,
        "15": 14.207650273224044,
        "20": 17.48633879781421
    },
    "budget": 23,
    "mean_budget_generic": 20.602633547292978,
    "mean_add_points_generic": 6.180327868852459,
    "mean_budget_gpr": 21.627946845316913,
    "mean_add_points_gpr": 6.972677595628415,
    "mean_budget_hybrid": 21.594649670404053,
    "mean_add_points_hybrid": 6.972677595628415,
    "base_point_cost": 20.587261022717612,
    "min_points": 9,
    "filter": 0
}