{
    "percentage_bucket_counter_full": {
        "rest": 100.0,
        "5": 9.836065573770492,
        "10": 15.846994535519126,
        "15": 19.672131147540984,
        "20": 22.404371584699454
    },
    "percentage_bucket_counter_generic": {
        "rest": 100.0,
        "5": 5.46448087431694,
        "10": 12.568306010928962,
        "15": 16.39344262295082,
        "20": 19.672131147540984
    },
    "percentage_bucket_counter_gpr": {
        "rest": 100.0,
        "5": 5.46448087431694,
        "10": 12.021857923497267,
        "15": 14.754098360655737,
        "20": 19.12568306010929
    },
    "percentage_bucket_counter_hybrid": {
        "rest": 100.0,
        "5": 5.46448087431694,
        "10": 12.021857923497267,
        "15": 14.754098360655737,
        "20": 19.12568306010929
    },
    "budget": 48,
    "mean_budget_generic": 40.467671367604346,
    "mean_add_points_generic": 11.437158469945356,
    "mean_budget_gpr": 41.861913374046516,
    "mean_add_points_gpr": 11.98360655737705,
    "mean_budget_hybrid": 41.861913374046516,
    "mean_add_points_hybrid": 11.98360655737705,
    "base_point_cost": 20.587261022717612,
    "min_points": 9,
    "filter": 0
}