{
    "percentage_bucket_counter_full": {
        "rest": 100.0,
        "5": 9.836065573770492,
        "10": 15.846994535519126,
        "15": 19.672131147540984,
        "20": 22.404371584699454
    },
    "percentage_bucket_counter_generic": {
        "rest": 100.0,
        "5": 9.836065573770492,
        "10": 14.754098360655737,
        "15": 18.0327868852459,
        "20": 20.76502732240437
    },
    "percentage_bucket_counter_gpr": {
        "rest": 100.0,
        "5": 8.19672131147541,
        "10": 15.300546448087433,
        "15": 16.39344262295082,
        "20": 19.672131147540984
    },
    "percentage_bucket_counter_hybrid": {
        "rest": 100.0,
        "5": 8.19672131147541,
        "10": 15.300546448087433,
        "15": 16.39344262295082,
        "20": 19.672131147540984
    },
    "budget": 69,
    "mean_budget_generic": 60.644241696265475,
    "mean_add_points_generic": 13.333333333333334,
    "mean_budget_gpr": 60.36710523427326,
    "mean_add_points_gpr": 13.650273224043715,
    "mean_budget_hybrid": 60.36584127915034,
    "mean_add_points_hybrid": 13.650273224043715,
    "base_point_cost": 20.587261022717612,
    "min_points": 9,
    "filter": 0
}