{
    "percentage_bucket_counter_full": {
        "rest": 100.0,
        "5": 9.836065573770492,
        "10": 15.846994535519126,
        "15": 19.672131147540984,
        "20": 22.404371584699454
    },
    "percentage_bucket_counter_generic": {
        "rest": 100.0,
        "5": 9.836065573770492,
        "10": 14.754098360655737,
        "15": 18.0327868852459,
        "20": 20.76502732240437
    },
    "percentage_bucket_counter_gpr": {
        "rest": 100.0,
        "5": 8.19672131147541,
        "10": 15.300546448087433,
        "15": 16.39344262295082,
        "20": 20.21857923497268
    },
    "percentage_bucket_counter_hybrid": {
        "rest": 100.0,
        "5": 8.19672131147541,
        "10": 15.300546448087433,
        "15": 16.39344262295082,
        "20": 20.21857923497268
    },
    "budget": 65,
    "mean_budget_generic": 56.49693725087171,
    "mean_add_points_generic": 13.010928961748634,
    "mean_budget_gpr": 56.603329342567626,
    "mean_add_points_gpr": 13.3551912568306,
    "mean_budget_hybrid": 56.603329342567626,
    "mean_add_points_hybrid": 13.3551912568306,
    "base_point_cost": 20.587261022717612,
    "min_points": 9,
    "filter": 0
}