{
    "percentage_bucket_counter_full": {
        "rest": 100.0,
        "5": 73.02248126561199,
        "10": 86.17818484596171,
        "15": 95.75353871773522,
        "20": 99.0008326394671
    },
    "percentage_bucket_counter_gpr": {
        "rest": 100.0,
        "5": 68.43137254901961,
        "10": 79.41176470588235,
        "15": 88.23529411764706,
        "20": 93.08823529411765
    },
    "percentage_bucket_counter_hybrid": {
        "rest": 100.0,
        "5": 68.18627450980392,
        "10": 79.2156862745098,
        "15": 87.99019607843137,
        "20": 92.84313725490196
    },
    "mean_budget_generic": 0.7139663240599805,
    "percentage_bucket_counter_generic": {
        "rest": 100.0,
        "5": 60.61615320566195,
        "10": 75.10407993338885,
        "15": 85.17901748542882,
        "20": 91.09075770191507
    },
    "mean_add_points_generic": 55.603663613655286,
    "mean_add_points_gpr": 54.284803921568624,
    "mean_budget_gpr": 0.7700673190756991,
    "mean_budget_hybrid": 0.7698293005214434,
    "mean_add_points_hybrid": 54.28235294117647,
    "point_map_generic": {
        "(4, 10)": 1.0,
        "(4, 20)": 2.0,
        "(4, 30)": 3.0,
        "(4, 40)": 4.0,
        "(4, 50)": 5.0,
        "(8, 10)": 6.0,
        "(8, 20)": 9.793047696038803,
        "(8, 30)": 9.69068660774983,
        "(8, 40)": 12.224,
        "(8, 50)": 13.56100981767181,
        "(16, 10)": 7.0,
        "(16, 20)": 12.610441767068274,
        "(16, 30)": 11.646036916395223,
        "(16, 40)": 16.006191950464395,
        "(16, 50)": 17.330188679245282,
        "(32, 10)": 8.0,
        "(32, 20)": 14.259615384615385,
        "(32, 30)": 8.0,
        "(32, 40)": 0,
        "(32, 50)": 0,
        "(64, 10)": 9.0,
        "(64, 20)": 9.0,
        "(64, 30)": 9.0,
        "(64, 40)": 0,
        "(64, 50)": 0
    },
    "base_point_cost": 0.3793567330893222,
    "min_points": 9,
    "budget": 0.7999999999999999
}