{
    "percentage_bucket_counter_full": {
        "rest": 100.0,
        "5": 84.01360544217688,
        "10": 92.82713085234093,
        "15": 97.61904761904762,
        "20": 99.73989595838336
    },
    "percentage_bucket_counter_gpr": {
        "rest": 100.0,
        "5": 84.27912572688992,
        "10": 93.6534990976539,
        "15": 97.67395227591739,
        "20": 99.7794265089232
    },
    "percentage_bucket_counter_hybrid": {
        "rest": 100.0,
        "5": 84.27912572688992,
        "10": 93.6534990976539,
        "15": 97.67395227591739,
        "20": 99.7794265089232
    },
    "mean_budget_generic": 33.85946420143749,
    "percentage_bucket_counter_generic": {
        "rest": 100.0,
        "5": 83.55342136854742,
        "10": 91.88675470188076,
        "15": 96.21848739495799,
        "20": 98.95958383353342
    },
    "mean_add_points_generic": 86.27611044417768,
    "mean_add_points_gpr": 87.8584319229998,
    "mean_budget_gpr": 40.179486539315775,
    "mean_budget_hybrid": 40.1794024269851,
    "mean_add_points_hybrid": 87.85883296571085,
    "point_map_generic": {
        "(4, 10)": 1.0,
        "(4, 20)": 2.0,
        "(4, 30)": 3.0,
        "(4, 40)": 4.0,
        "(4, 50)": 5.0,
        "(8, 10)": 6.1905,
        "(8, 20)": 10.0165,
        "(8, 30)": 10.9303,
        "(8, 40)": 12.4321,
        "(8, 50)": 13.8607,
        "(16, 10)": 7.3091,
        "(16, 20)": 13.1081,
        "(16, 30)": 14.4762,
        "(16, 40)": 16.3181,
        "(16, 50)": 17.670534106821364,
        "(32, 10)": 8.450441412520064,
        "(32, 20)": 17.017512258581007,
        "(32, 30)": 18.37701126307321,
        "(32, 40)": 20.2021821420619,
        "(32, 50)": 21.21375147618423,
        "(64, 10)": 9.0,
        "(64, 20)": 20.718796250616673,
        "(64, 30)": 21.29118558152633,
        "(64, 40)": 0,
        "(64, 50)": 0
    },
    "base_point_cost": 4.44915138586133,
    "min_points": 9,
    "budget": 42.0
}