{
    "percentage_bucket_counter_full": {
        "rest": 100.0,
        "5": 84.02,
        "10": 92.83,
        "15": 97.61999999999999,
        "20": 99.74
    },
    "percentage_bucket_counter_generic": {
        "rest": 100.0,
        "5": 20.25,
        "10": 23.14,
        "15": 25.569999999999997,
        "20": 26.61
    },
    "mean_budget_generic": 2.554141218082358,
    "mean_add_points_generic": 65.93282015395381,
    "nr_func_modeled_generic": 2858,
    "percentage_bucket_counter_gpr": {
        "rest": 100.0,
        "5": 31.78,
        "10": 34.42,
        "15": 37.82,
        "20": 39.71
    },
    "mean_add_points_gpr": 60.44708814865171,
    "mean_budget_gpr": 2.8952555572512098,
    "nr_func_modeled_gpr": 4413,
    "percentage_bucket_counter_hybrid": {
        "rest": 100.0,
        "5": 31.71,
        "10": 34.35,
        "15": 37.75,
        "20": 39.61
    },
    "mean_budget_hybrid": 2.8947156330251893,
    "mean_add_points_hybrid": 60.43737259343148,
    "nr_func_modeled_hybrid": 4415,
    "point_map_generic": {
        "(4, 10)": 1.0,
        "(4, 20)": 2.0,
        "(4, 30)": 3.0,
        "(4, 40)": 4.0,
        "(4, 50)": 5.0,
        "(8, 10)": 6.0,
        "(8, 20)": 9.912568306010929,
        "(8, 30)": 10.408296943231441,
        "(8, 40)": 12.271501457725947,
        "(8, 50)": 13.564439140811455,
        "(16, 10)": 7.0,
        "(16, 20)": 13.005124450951683,
        "(16, 30)": 13.814623338257016,
        "(16, 40)": 16.15872125630959,
        "(16, 50)": 17.391464311994113,
        "(32, 10)": 8.0,
        "(32, 20)": 16.68261114237479,
        "(32, 30)": 15.01688555347092,
        "(32, 40)": 20.0,
        "(32, 50)": 0,
        "(64, 10)": 9.0,
        "(64, 20)": 9.0,
        "(64, 30)": 9.0,
        "(64, 40)": 0,
        "(64, 50)": 0
    },
    "base_point_cost": 1.1984103313560135,
    "min_points": 9,
    "budget": 3.0
}