{
    "percentage_bucket_counter_full": {
        "rest": 100.0,
        "5": 71.2742980561555,
        "10": 85.7451403887689,
        "15": 95.35637149028078,
        "20": 99.13606911447084
    },
    "percentage_bucket_counter_gpr": {
        "rest": 100.0,
        "5": 66.58291457286433,
        "10": 78.83165829145729,
        "15": 89.13316582914574,
        "20": 93.15326633165829
    },
    "percentage_bucket_counter_hybrid": {
        "rest": 100.0,
        "5": 65.47394852479597,
        "10": 77.5894538606403,
        "15": 88.70056497175142,
        "20": 92.71814187068425
    },
    "mean_budget_generic": 0.6301753504779833,
    "percentage_bucket_counter_generic": {
        "rest": 100.0,
        "5": 57.34341252699784,
        "10": 74.08207343412528,
        "15": 85.85313174946005,
        "20": 91.792656587473
    },
    "mean_add_points_generic": 55.45572354211663,
    "mean_add_points_gpr": 54.12248743718593,
    "mean_budget_gpr": 0.6803233437728874,
    "mean_budget_hybrid": 0.6800585407357673,
    "mean_add_points_hybrid": 54.1713747645951,
    "point_map_generic": {
        "(4, 10)": 1.0,
        "(4, 20)": 2.0,
        "(4, 30)": 3.0,
        "(4, 40)": 4.0,
        "(4, 50)": 5.0,
        "(8, 10)": 6.0,
        "(8, 20)": 9.742713567839196,
        "(8, 30)": 9.462889066241022,
        "(8, 40)": 12.211711711711711,
        "(8, 50)": 13.628774422735347,
        "(16, 10)": 7.0,
        "(16, 20)": 12.462686567164178,
        "(16, 30)": 11.163975155279504,
        "(16, 40)": 16.007751937984494,
        "(16, 50)": 17.333333333333332,
        "(32, 10)": 8.0,
        "(32, 20)": 13.305732484076433,
        "(32, 30)": 8.0,
        "(32, 40)": 0,
        "(32, 50)": 0,
        "(64, 10)": 9.0,
        "(64, 20)": 9.0,
        "(64, 30)": 9.0,
        "(64, 40)": 0,
        "(64, 50)": 0
    },
    "base_point_cost": 0.35860389455437836,
    "min_points": 9,
    "budget": 0.7
}