{
    "percentage_bucket_counter_full": {
        "rest": 100.0,
        "5": 84.01401401401401,
        "10": 92.83283283283284,
        "15": 97.61761761761761,
        "20": 99.73973973973975
    },
    "percentage_bucket_counter_gpr": {
        "rest": 100.0,
        "5": 84.1091492776886,
        "10": 92.91733547351525,
        "15": 96.90008025682182,
        "20": 99.28772070626003
    },
    "percentage_bucket_counter_hybrid": {
        "rest": 100.0,
        "5": 84.11074330424316,
        "10": 92.91804594242151,
        "15": 96.90039121275956,
        "20": 99.28779215568262
    },
    "mean_budget_generic": 25.80653450209645,
    "percentage_bucket_counter_generic": {
        "rest": 100.0,
        "5": 82.83283283283284,
        "10": 90.43043043043043,
        "15": 95.93593593593593,
        "20": 98.38838838838839
    },
    "mean_add_points_generic": 81.63963963963964,
    "mean_add_points_gpr": 83.64666934189407,
    "mean_budget_gpr": 28.569678675065312,
    "mean_budget_hybrid": 28.569850605030652,
    "mean_add_points_hybrid": 83.64580198615708,
    "point_map_generic": {
        "(4, 10)": 1.0,
        "(4, 20)": 2.0,
        "(4, 30)": 3.0,
        "(4, 40)": 4.0,
        "(4, 50)": 5.0,
        "(8, 10)": 6.1905,
        "(8, 20)": 10.0165,
        "(8, 30)": 10.9303,
        "(8, 40)": 12.4321,
        "(8, 50)": 13.8607,
        "(16, 10)": 7.307761552310462,
        "(16, 20)": 13.106363818290975,
        "(16, 30)": 14.475737868934468,
        "(16, 40)": 16.318881400261542,
        "(16, 50)": 17.45576923076923,
        "(32, 10)": 8.383427533306419,
        "(32, 20)": 16.956553989615344,
        "(32, 30)": 18.276603200560682,
        "(32, 40)": 20.15398915569326,
        "(32, 50)": 21.224915557321676,
        "(64, 10)": 9.0,
        "(64, 20)": 20.53668208856576,
        "(64, 30)": 19.829533116178066,
        "(64, 40)": 0,
        "(64, 50)": 0
    },
    "base_point_cost": 4.44915138586133,
    "min_points": 9,
    "budget": 30.0
}