{
    "percentage_bucket_counter_full": {
        "rest": 100.0,
        "5": 84.01680336067213,
        "10": 92.82856571314262,
        "15": 97.61952390478096,
        "20": 99.73994798959792
    },
    "percentage_bucket_counter_gpr": {
        "rest": 100.0,
        "5": 84.53680520781171,
        "10": 93.45017526289435,
        "15": 97.59639459188783,
        "20": 99.83975963945919
    },
    "percentage_bucket_counter_hybrid": {
        "rest": 100.0,
        "5": 84.53680520781171,
        "10": 93.45017526289435,
        "15": 97.59639459188783,
        "20": 99.83975963945919
    },
    "mean_budget_generic": 49.35829917679233,
    "percentage_bucket_counter_generic": {
        "rest": 100.0,
        "5": 83.65673134626925,
        "10": 93.08861772354471,
        "15": 96.93938787757551,
        "20": 99.6999399879976
    },
    "mean_add_points_generic": 90.66533306661333,
    "mean_add_points_gpr": 92.1093640460691,
    "mean_budget_gpr": 56.63329250984547,
    "mean_budget_hybrid": 56.633379470881806,
    "mean_add_points_hybrid": 92.10946419629444,
    "point_map_generic": {
        "(4, 10)": 1.0,
        "(4, 20)": 2.0,
        "(4, 30)": 3.0,
        "(4, 40)": 4.0,
        "(4, 50)": 5.0,
        "(8, 10)": 6.1905,
        "(8, 20)": 10.0165,
        "(8, 30)": 10.9303,
        "(8, 40)": 12.4321,
        "(8, 50)": 13.8607,
        "(16, 10)": 7.3091,
        "(16, 20)": 13.1081,
        "(16, 30)": 14.4762,
        "(16, 40)": 16.3181,
        "(16, 50)": 17.6714,
        "(32, 10)": 8.4904,
        "(32, 20)": 17.0188,
        "(32, 30)": 18.3805,
        "(32, 40)": 20.254,
        "(32, 50)": 21.316842217257154,
        "(64, 10)": 9.0,
        "(64, 20)": 21.164646150657962,
        "(64, 30)": 21.892811704834607,
        "(64, 40)": 23.99830985915493,
        "(64, 50)": 0
    },
    "base_point_cost": 4.44915138586133,
    "min_points": 9,
    "budget": 59.0
}