{
    "percentage_bucket_counter_full": {
        "rest": 100.0,
        "5": 84.02,
        "10": 92.83,
        "15": 97.61999999999999,
        "20": 99.74
    },
    "percentage_bucket_counter_generic": {
        "rest": 100.0,
        "5": 83.13000000000001,
        "10": 91.53999999999999,
        "15": 96.07,
        "20": 98.65
    },
    "mean_budget_generic": 30.237091850636226,
    "mean_add_points_generic": 84.44977991196478,
    "nr_func_modeled_generic": 9996,
    "percentage_bucket_counter_gpr": {
        "rest": 100.0,
        "5": 84.35000000000001,
        "10": 93.58,
        "15": 97.46000000000001,
        "20": 99.53
    },
    "mean_add_points_gpr": 85.9429543634908,
    "mean_budget_gpr": 34.35640558358394,
    "nr_func_modeled_gpr": 9992,
    "percentage_bucket_counter_hybrid": {
        "rest": 100.0,
        "5": 84.35000000000001,
        "10": 93.58,
        "15": 97.46000000000001,
        "20": 99.53
    },
    "mean_budget_hybrid": 34.35631087035541,
    "mean_add_points_hybrid": 85.943354683747,
    "nr_func_modeled_hybrid": 9992,
    "point_map_generic": {
        "(4, 10)": 1.0,
        "(4, 20)": 2.0,
        "(4, 30)": 3.0,
        "(4, 40)": 4.0,
        "(4, 50)": 5.0,
        "(8, 10)": 6.1905,
        "(8, 20)": 10.0165,
        "(8, 30)": 10.9303,
        "(8, 40)": 12.4321,
        "(8, 50)": 13.8607,
        "(16, 10)": 7.3091,
        "(16, 20)": 13.1081,
        "(16, 30)": 14.4762,
        "(16, 40)": 16.317963592718545,
        "(16, 50)": 17.646940215747556,
        "(32, 10)": 8.432633376871294,
        "(32, 20)": 17.006766309836397,
        "(32, 30)": 18.351481520259657,
        "(32, 40)": 20.15077808290833,
        "(32, 50)": 21.19378787878788,
        "(64, 10)": 9.0,
        "(64, 20)": 20.659819072747833,
        "(64, 30)": 20.807649461567024,
        "(64, 40)": 0,
        "(64, 50)": 0
    },
    "base_point_cost": 4.44915138586133,
    "min_points": 9,
    "budget": 36.0
}