{
    "percentage_bucket_counter_full": {
        "rest": 100.0,
        "5": 84.02,
        "10": 92.83,
        "15": 97.61999999999999,
        "20": 99.74
    },
    "percentage_bucket_counter_gpr": {
        "rest": 100.0,
        "5": 84.38721314760998,
        "10": 93.49634231886964,
        "15": 97.63503357049804,
        "20": 99.80960016033671
    },
    "percentage_bucket_counter_hybrid": {
        "rest": 100.0,
        "5": 84.38721314760998,
        "10": 93.49634231886964,
        "15": 97.63503357049804,
        "20": 99.80960016033671
    },
    "mean_budget_generic": 46.86359830779747,
    "percentage_bucket_counter_generic": {
        "rest": 100.0,
        "5": 83.82,
        "10": 93.07,
        "15": 96.89,
        "20": 99.63
    },
    "mean_add_points_generic": 90.0404,
    "mean_add_points_gpr": 91.45044593646658,
    "mean_budget_gpr": 53.746099066389334,
    "mean_budget_hybrid": 53.74589298628227,
    "mean_add_points_hybrid": 91.45044593646658,
    "point_map_generic": {
        "(4, 10)": 1.0,
        "(4, 20)": 2.0,
        "(4, 30)": 3.0,
        "(4, 40)": 4.0,
        "(4, 50)": 5.0,
        "(8, 10)": 6.1905,
        "(8, 20)": 10.0165,
        "(8, 30)": 10.9303,
        "(8, 40)": 12.4321,
        "(8, 50)": 13.8607,
        "(16, 10)": 7.3091,
        "(16, 20)": 13.1081,
        "(16, 30)": 14.4762,
        "(16, 40)": 16.3181,
        "(16, 50)": 17.6714,
        "(32, 10)": 8.487897579515904,
        "(32, 20)": 17.0188,
        "(32, 30)": 18.3805,
        "(32, 40)": 20.253925392539255,
        "(32, 50)": 21.234623631644283,
        "(64, 10)": 9.0,
        "(64, 20)": 21.134235395189002,
        "(64, 30)": 21.861256544502616,
        "(64, 40)": 23.997635933806148,
        "(64, 50)": 0
    },
    "base_point_cost": 4.44915138586133,
    "min_points": 9,
    "budget": 56.0
}