{
    "percentage_bucket_counter_full": {
        "rest": 100.0,
        "5": 83.78129790495656,
        "10": 92.72355646397547,
        "15": 97.59836484414922,
        "20": 99.73428717424629
    },
    "percentage_bucket_counter_gpr": {
        "rest": 100.0,
        "5": 82.84880796700533,
        "10": 90.5341514938135,
        "15": 95.92596318277839,
        "20": 98.53133487576703
    },
    "percentage_bucket_counter_hybrid": {
        "rest": 100.0,
        "5": 82.84708249496981,
        "10": 90.53319919517102,
        "15": 95.92555331991952,
        "20": 98.53118712273641
    },
    "mean_budget_generic": 17.53735067797229,
    "percentage_bucket_counter_generic": {
        "rest": 100.0,
        "5": 81.52273888605008,
        "10": 87.41951967296883,
        "15": 93.9908022483393,
        "20": 96.24936126724577
    },
    "mean_add_points_generic": 70.97107818088912,
    "mean_add_points_gpr": 77.84216879589579,
    "mean_budget_gpr": 19.190682403206303,
    "mean_budget_hybrid": 19.190640387975332,
    "mean_add_points_hybrid": 77.84657947686117,
    "point_map_generic": {
        "(4, 10)": 1.0,
        "(4, 20)": 2.0,
        "(4, 30)": 3.0,
        "(4, 40)": 4.0,
        "(4, 50)": 5.0,
        "(8, 10)": 6.13673139158576,
        "(8, 20)": 9.998337144044896,
        "(8, 30)": 10.927674587527239,
        "(8, 40)": 12.472506187452922,
        "(8, 50)": 13.93630289532294,
        "(16, 10)": 7.113524083985179,
        "(16, 20)": 12.888050766283525,
        "(16, 30)": 14.350557620817844,
        "(16, 40)": 16.24268707482993,
        "(16, 50)": 17.456069480912948,
        "(32, 10)": 8.0,
        "(32, 20)": 16.598208770846202,
        "(32, 30)": 18.059008509064004,
        "(32, 40)": 20.174975562072337,
        "(32, 50)": 21.23478561549101,
        "(64, 10)": 9.0,
        "(64, 20)": 20.230637422892393,
        "(64, 30)": 11.951020408163265,
        "(64, 40)": 0,
        "(64, 50)": 0
    },
    "base_point_cost": 4.44915138586133,
    "min_points": 9,
    "budget": 20.0
}