{
    "percentage_bucket_counter_full": {
        "rest": 100.0,
        "5": 84.02,
        "10": 92.83,
        "15": 97.61999999999999,
        "20": 99.74
    },
    "percentage_bucket_counter_generic": {
        "rest": 100.0,
        "5": 82.95,
        "10": 91.06,
        "15": 95.94,
        "20": 98.47
    },
    "mean_budget_generic": 28.971302119623765,
    "mean_add_points_generic": 83.72308923569427,
    "nr_func_modeled_generic": 9996,
    "percentage_bucket_counter_gpr": {
        "rest": 100.0,
        "5": 84.34,
        "10": 93.46,
        "15": 97.42,
        "20": 99.42999999999999
    },
    "mean_add_points_gpr": 85.23116181326928,
    "mean_budget_gpr": 32.417490854619004,
    "nr_func_modeled_gpr": 9993,
    "percentage_bucket_counter_hybrid": {
        "rest": 100.0,
        "5": 84.34,
        "10": 93.46,
        "15": 97.42,
        "20": 99.42999999999999
    },
    "mean_budget_hybrid": 32.41747686691606,
    "mean_add_points_hybrid": 85.23166216351446,
    "nr_func_modeled_hybrid": 9993,
    "point_map_generic": {
        "(4, 10)": 1.0,
        "(4, 20)": 2.0,
        "(4, 30)": 3.0,
        "(4, 40)": 4.0,
        "(4, 50)": 5.0,
        "(8, 10)": 6.1905,
        "(8, 20)": 10.0165,
        "(8, 30)": 10.9303,
        "(8, 40)": 12.4321,
        "(8, 50)": 13.8607,
        "(16, 10)": 7.3091,
        "(16, 20)": 13.10752150430086,
        "(16, 30)": 14.4762,
        "(16, 40)": 16.317927170868348,
        "(16, 50)": 17.603349085679064,
        "(32, 10)": 8.425957575148287,
        "(32, 20)": 16.99684028131689,
        "(32, 30)": 18.330667819321373,
        "(32, 40)": 20.15116755428103,
        "(32, 50)": 21.19533670308169,
        "(64, 10)": 9.0,
        "(64, 20)": 20.634929906542055,
        "(64, 30)": 20.562396694214875,
        "(64, 40)": 0,
        "(64, 50)": 0
    },
    "base_point_cost": 4.44915138586133,
    "min_points": 9,
    "budget": 34.0
}