{
    "percentage_bucket_counter_full": {
        "rest": 100.0,
        "5": 84.01401401401401,
        "10": 92.82282282282283,
        "15": 97.61761761761761,
        "20": 99.73973973973975
    },
    "percentage_bucket_counter_gpr": {
        "rest": 100.0,
        "5": 83.44536972007626,
        "10": 91.9032808267282,
        "15": 96.11718671616333,
        "20": 98.88632487207786
    },
    "percentage_bucket_counter_hybrid": {
        "rest": 100.0,
        "5": 83.44536972007626,
        "10": 91.9032808267282,
        "15": 96.11718671616333,
        "20": 98.88632487207786
    },
    "mean_budget_generic": 22.545615300935154,
    "percentage_bucket_counter_generic": {
        "rest": 100.0,
        "5": 82.66266266266267,
        "10": 89.83983983983984,
        "15": 95.81581581581582,
        "20": 98.16816816816817
    },
    "mean_add_points_generic": 78.83923923923923,
    "mean_add_points_gpr": 81.74626266680045,
    "mean_budget_gpr": 24.775277112895026,
    "mean_budget_hybrid": 24.775212086423615,
    "mean_add_points_hybrid": 81.74776763318953,
    "point_map_generic": {
        "(4, 10)": 1.0,
        "(4, 20)": 2.0,
        "(4, 30)": 3.0,
        "(4, 40)": 4.0,
        "(4, 50)": 5.0,
        "(8, 10)": 6.188456536961088,
        "(8, 20)": 10.016103220644128,
        "(8, 30)": 10.9303,
        "(8, 40)": 12.4321,
        "(8, 50)": 13.86078607860786,
        "(16, 10)": 7.304413089162414,
        "(16, 20)": 13.098159509202453,
        "(16, 30)": 14.47108689070542,
        "(16, 40)": 16.324207046182458,
        "(16, 50)": 17.37734871063885,
        "(32, 10)": 8.303437055114907,
        "(32, 20)": 16.87737697360839,
        "(32, 30)": 18.197275277147053,
        "(32, 40)": 20.17554975773388,
        "(32, 50)": 21.26321243523316,
        "(64, 10)": 9.0,
        "(64, 20)": 20.448116833205226,
        "(64, 30)": 18.29541595925297,
        "(64, 40)": 0,
        "(64, 50)": 0
    },
    "base_point_cost": 4.44915138586133,
    "min_points": 9,
    "budget": 26.0
}