{
    "percentage_bucket_counter_full": {
        "rest": 100.0,
        "5": 82.19274977895668,
        "10": 90.48629531388153,
        "15": 96.9053934571176,
        "20": 99.54022988505747
    },
    "percentage_bucket_counter_gpr": {
        "rest": 100.0,
        "5": 81.24201380015333,
        "10": 86.17429082545361,
        "15": 92.40991566572961,
        "20": 94.42882698696651
    },
    "percentage_bucket_counter_hybrid": {
        "rest": 100.0,
        "5": 80.68587455379908,
        "10": 85.61958184599693,
        "15": 91.85364609892912,
        "20": 93.90617032126465
    },
    "mean_budget_generic": 7.8183348814294815,
    "percentage_bucket_counter_generic": {
        "rest": 100.0,
        "5": 78.81520778072503,
        "10": 83.46595932802829,
        "15": 90.29177718832891,
        "20": 92.9973474801061
    },
    "mean_add_points_generic": 69.1763041556145,
    "mean_add_points_gpr": 64.15244058267314,
    "mean_budget_gpr": 8.73044993185166,
    "mean_budget_hybrid": 8.730371552347306,
    "mean_add_points_hybrid": 64.07075471698113,
    "point_map_generic": {
        "(4, 10)": 1.0,
        "(4, 20)": 2.0,
        "(4, 30)": 3.0,
        "(4, 40)": 4.0,
        "(4, 50)": 5.0,
        "(8, 10)": 6.0,
        "(8, 20)": 9.954674220963172,
        "(8, 30)": 10.793525809273842,
        "(8, 40)": 12.180184228263311,
        "(8, 50)": 13.44620253164557,
        "(16, 10)": 7.0,
        "(16, 20)": 12.99178134556575,
        "(16, 30)": 14.295416666666666,
        "(16, 40)": 16.21636716852841,
        "(16, 50)": 17.396807616914028,
        "(32, 10)": 8.0,
        "(32, 20)": 16.67391304347826,
        "(32, 30)": 17.635467980295566,
        "(32, 40)": 20.033868092691623,
        "(32, 50)": 21.057632398753896,
        "(64, 10)": 9.0,
        "(64, 20)": 19.19247467438495,
        "(64, 30)": 9.0,
        "(64, 40)": 0,
        "(64, 50)": 0
    },
    "base_point_cost": 3.1482664074037245,
    "min_points": 9,
    "budget": 9.0
}