{
    "percentage_bucket_counter_full": {
        "rest": 100.0,
        "5": 59.375,
        "10": 93.75,
        "15": 96.875,
        "20": 100.0
    },
    "percentage_bucket_counter_gpr": {
        "rest": 100.0,
        "5": 34.78260869565217,
        "10": 66.95652173913044,
        "15": 92.17391304347827,
        "20": 96.52173913043478
    },
    "percentage_bucket_counter_hybrid": {
        "rest": 100.0,
        "5": 35.08771929824561,
        "10": 67.54385964912281,
        "15": 92.98245614035088,
        "20": 97.36842105263158
    },
    "mean_budget_generic": 0.1902135092585215,
    "percentage_bucket_counter_generic": {
        "rest": 100.0,
        "5": 12.5,
        "10": 28.125,
        "15": 46.875,
        "20": 59.375
    },
    "mean_add_points_generic": 49.625,
    "mean_add_points_gpr": 51.76521739130435,
    "mean_budget_gpr": 0.19495338679934934,
    "mean_budget_hybrid": 0.19493223785114866,
    "mean_add_points_hybrid": 51.80701754385965,
    "point_map_generic": {
        "(4, 10)": 1.0,
        "(4, 20)": 2.0,
        "(4, 30)": 3.0,
        "(4, 40)": 4.0,
        "(4, 50)": 5.0,
        "(8, 10)": 6.0,
        "(8, 20)": 7.561904761904762,
        "(8, 30)": 6.42654028436019,
        "(8, 40)": 12.0,
        "(8, 50)": 13.928571428571429,
        "(16, 10)": 7.0,
        "(16, 20)": 8.685393258426966,
        "(16, 30)": 7.020671834625323,
        "(16, 40)": 0,
        "(16, 50)": 0,
        "(32, 10)": 8.0,
        "(32, 20)": 8.0,
        "(32, 30)": 8.0,
        "(32, 40)": 0,
        "(32, 50)": 0,
        "(64, 10)": 9.0,
        "(64, 20)": 9.0,
        "(64, 30)": 9.0,
        "(64, 40)": 0,
        "(64, 50)": 0
    },
    "base_point_cost": 0.14525909832693873,
    "min_points": 9,
    "budget": 0.2
}