{
    "percentage_bucket_counter_full": {
        "rest": 100.0,
        "5": 76.0593220338983,
        "10": 87.07627118644068,
        "15": 95.84745762711864,
        "20": 98.9406779661017
    },
    "percentage_bucket_counter_gpr": {
        "rest": 100.0,
        "5": 71.64325383861483,
        "10": 80.20254818686703,
        "15": 88.76184253511924,
        "20": 92.5187847108788
    },
    "percentage_bucket_counter_hybrid": {
        "rest": 100.0,
        "5": 71.3026444662096,
        "10": 79.88899771465883,
        "15": 88.47535096310807,
        "20": 92.26248775710089
    },
    "mean_budget_generic": 1.7291955736877005,
    "percentage_bucket_counter_generic": {
        "rest": 100.0,
        "5": 69.70338983050848,
        "10": 79.53389830508475,
        "15": 87.5,
        "20": 92.54237288135593
    },
    "mean_add_points_generic": 62.63559322033898,
    "mean_add_points_gpr": 62.30970271153218,
    "mean_budget_gpr": 1.9256191619291958,
    "mean_budget_hybrid": 1.925243021541418,
    "mean_add_points_hybrid": 62.26673196212863,
    "point_map_generic": {
        "(4, 10)": 1.0,
        "(4, 20)": 2.0,
        "(4, 30)": 3.0,
        "(4, 40)": 4.0,
        "(4, 50)": 5.0,
        "(8, 10)": 6.0,
        "(8, 20)": 9.894952810832992,
        "(8, 30)": 10.296625880608083,
        "(8, 40)": 12.284575714955462,
        "(8, 50)": 13.536887452880991,
        "(16, 10)": 7.0,
        "(16, 20)": 12.892744479495269,
        "(16, 30)": 13.474771744353676,
        "(16, 40)": 16.10016694490818,
        "(16, 50)": 17.362971985383677,
        "(32, 10)": 8.0,
        "(32, 20)": 16.517841601392515,
        "(32, 30)": 12.624624624624625,
        "(32, 40)": 20.0,
        "(32, 50)": 0,
        "(64, 10)": 9.0,
        "(64, 20)": 9.0,
        "(64, 30)": 9.0,
        "(64, 40)": 0,
        "(64, 50)": 0
    },
    "base_point_cost": 0.7433353158138895,
    "min_points": 9,
    "budget": 2.0
}