{
    "percentage_bucket_counter_full": {
        "rest": 100.0,
        "5": 84.02,
        "10": 92.83,
        "15": 97.61999999999999,
        "20": 99.74
    },
    "percentage_bucket_counter_gpr": {
        "rest": 100.0,
        "5": 85.6255634578784,
        "10": 93.35870980667134,
        "15": 97.71611739957929,
        "20": 99.91986376840629
    },
    "percentage_bucket_counter_hybrid": {
        "rest": 100.0,
        "5": 85.6255634578784,
        "10": 93.35870980667134,
        "15": 97.71611739957929,
        "20": 99.91986376840629
    },
    "mean_budget_generic": 62.317360706213606,
    "percentage_bucket_counter_generic": {
        "rest": 100.0,
        "5": 83.98,
        "10": 93.32000000000001,
        "15": 97.3,
        "20": 99.8
    },
    "mean_add_points_generic": 93.6948,
    "mean_add_points_gpr": 94.91275167785236,
    "mean_budget_gpr": 70.0550127457711,
    "mean_budget_hybrid": 70.054943944416,
    "mean_add_points_hybrid": 94.91275167785236,
    "point_map_generic": {
        "(4, 10)": 1.0,
        "(4, 20)": 2.0,
        "(4, 30)": 3.0,
        "(4, 40)": 4.0,
        "(4, 50)": 5.0,
        "(8, 10)": 6.1905,
        "(8, 20)": 10.0165,
        "(8, 30)": 10.9303,
        "(8, 40)": 12.4321,
        "(8, 50)": 13.8607,
        "(16, 10)": 7.3091,
        "(16, 20)": 13.1081,
        "(16, 30)": 14.4762,
        "(16, 40)": 16.3181,
        "(16, 50)": 17.6714,
        "(32, 10)": 8.4904,
        "(32, 20)": 17.0188,
        "(32, 30)": 18.3805,
        "(32, 40)": 20.254,
        "(32, 50)": 21.4156,
        "(64, 10)": 9.574957325032633,
        "(64, 20)": 21.1944,
        "(64, 30)": 22.29321018978991,
        "(64, 40)": 23.994802259887006,
        "(64, 50)": 0
    },
    "base_point_cost": 4.44915138586133,
    "min_points": 9,
    "budget": 73.0
}