{
    "percentage_bucket_counter_full": {
        "rest": 100.0,
        "5": 84.0268053610722,
        "10": 92.8385677135427,
        "15": 97.62952590518104,
        "20": 99.749949989998
    },
    "percentage_bucket_counter_gpr": {
        "rest": 100.0,
        "5": 84.13717035997192,
        "10": 93.54256492529831,
        "15": 97.67371904141181,
        "20": 99.80948561115011
    },
    "percentage_bucket_counter_hybrid": {
        "rest": 100.0,
        "5": 84.1471974330693,
        "10": 93.54256492529831,
        "15": 97.67371904141181,
        "20": 99.80948561115011
    },
    "mean_budget_generic": 40.54995204533342,
    "percentage_bucket_counter_generic": {
        "rest": 100.0,
        "5": 83.8867773554711,
        "10": 92.66853370674136,
        "15": 96.53930786157231,
        "20": 99.249849969994
    },
    "mean_add_points_generic": 88.40608121624325,
    "mean_add_points_gpr": 89.75634212373409,
    "mean_budget_gpr": 47.013455751878325,
    "mean_budget_hybrid": 47.013477219912915,
    "mean_add_points_hybrid": 89.75684347738895,
    "point_map_generic": {
        "(4, 10)": 1.0,
        "(4, 20)": 2.0,
        "(4, 30)": 3.0,
        "(4, 40)": 4.0,
        "(4, 50)": 5.0,
        "(8, 10)": 6.1905,
        "(8, 20)": 10.0165,
        "(8, 30)": 10.9303,
        "(8, 40)": 12.4321,
        "(8, 50)": 13.8607,
        "(16, 10)": 7.3091,
        "(16, 20)": 13.1081,
        "(16, 30)": 14.4762,
        "(16, 40)": 16.3181,
        "(16, 50)": 17.6714,
        "(32, 10)": 8.481637146002202,
        "(32, 20)": 17.0188,
        "(32, 30)": 18.3805,
        "(32, 40)": 20.252987847745306,
        "(32, 50)": 21.207176627469995,
        "(64, 10)": 9.0,
        "(64, 20)": 21.002625328166022,
        "(64, 30)": 21.680499597099114,
        "(64, 40)": 24.0,
        "(64, 50)": 0
    },
    "base_point_cost": 4.44915138586133,
    "min_points": 9,
    "budget": 49.0
}