{
    "percentage_bucket_counter_full": {
        "rest": 100.0,
        "5": 84.01680336067213,
        "10": 92.82856571314262,
        "15": 97.61952390478096,
        "20": 99.73994798959792
    },
    "percentage_bucket_counter_gpr": {
        "rest": 100.0,
        "5": 85.65421964160576,
        "10": 93.36269896886576,
        "15": 97.70747822604865,
        "20": 99.9199119030934
    },
    "percentage_bucket_counter_hybrid": {
        "rest": 100.0,
        "5": 85.65421964160576,
        "10": 93.36269896886576,
        "15": 97.70747822604865,
        "20": 99.9199119030934
    },
    "mean_budget_generic": 60.330462580237594,
    "percentage_bucket_counter_generic": {
        "rest": 100.0,
        "5": 83.97679535907182,
        "10": 93.31866373274656,
        "15": 97.29945989197839,
        "20": 99.7999599919984
    },
    "mean_add_points_generic": 93.24464892978595,
    "mean_add_points_gpr": 94.34908399239163,
    "mean_budget_gpr": 67.31443076661415,
    "mean_budget_hybrid": 67.31438826402402,
    "mean_add_points_hybrid": 94.34908399239163,
    "point_map_generic": {
        "(4, 10)": 1.0,
        "(4, 20)": 2.0,
        "(4, 30)": 3.0,
        "(4, 40)": 4.0,
        "(4, 50)": 5.0,
        "(8, 10)": 6.1905,
        "(8, 20)": 10.0165,
        "(8, 30)": 10.9303,
        "(8, 40)": 12.4321,
        "(8, 50)": 13.8607,
        "(16, 10)": 7.3091,
        "(16, 20)": 13.1081,
        "(16, 30)": 14.4762,
        "(16, 40)": 16.3181,
        "(16, 50)": 17.6714,
        "(32, 10)": 8.4904,
        "(32, 20)": 17.0188,
        "(32, 30)": 18.3805,
        "(32, 40)": 20.254,
        "(32, 50)": 21.4156,
        "(64, 10)": 9.556058320764203,
        "(64, 20)": 21.194219421942194,
        "(64, 30)": 22.26376995454065,
        "(64, 40)": 23.99757281553398,
        "(64, 50)": 0
    },
    "base_point_cost": 4.44915138586133,
    "min_points": 9,
    "budget": 70.0
}