{
    "percentage_bucket_counter_full": {
        "rest": 100.0,
        "5": 84.01840184018403,
        "10": 92.82928292829283,
        "15": 97.61976197619762,
        "20": 99.73997399739974
    },
    "percentage_bucket_counter_gpr": {
        "rest": 100.0,
        "5": 85.64708237413672,
        "10": 93.38404564107698,
        "15": 97.73796416775097,
        "20": 99.91992793514163
    },
    "percentage_bucket_counter_hybrid": {
        "rest": 100.0,
        "5": 85.64708237413672,
        "10": 93.38404564107698,
        "15": 97.73796416775097,
        "20": 99.91992793514163
    },
    "mean_budget_generic": 61.66184103705867,
    "percentage_bucket_counter_generic": {
        "rest": 100.0,
        "5": 84.00840084008401,
        "10": 93.31933193319331,
        "15": 97.2997299729973,
        "20": 99.7999799979998
    },
    "mean_add_points_generic": 93.54375437543754,
    "mean_add_points_gpr": 94.71774597137424,
    "mean_budget_gpr": 69.0340226494051,
    "mean_budget_hybrid": 69.0340226494051,
    "mean_add_points_hybrid": 94.71774597137424,
    "point_map_generic": {
        "(4, 10)": 1.0,
        "(4, 20)": 2.0,
        "(4, 30)": 3.0,
        "(4, 40)": 4.0,
        "(4, 50)": 5.0,
        "(8, 10)": 6.1905,
        "(8, 20)": 10.0165,
        "(8, 30)": 10.9303,
        "(8, 40)": 12.4321,
        "(8, 50)": 13.8607,
        "(16, 10)": 7.3091,
        "(16, 20)": 13.1081,
        "(16, 30)": 14.4762,
        "(16, 40)": 16.3181,
        "(16, 50)": 17.6714,
        "(32, 10)": 8.4904,
        "(32, 20)": 17.0188,
        "(32, 30)": 18.3805,
        "(32, 40)": 20.254,
        "(32, 50)": 21.4156,
        "(64, 10)": 9.56956303365143,
        "(64, 20)": 21.1944,
        "(64, 30)": 22.285670325161554,
        "(64, 40)": 23.995668912415784,
        "(64, 50)": 0
    },
    "base_point_cost": 4.44915138586133,
    "min_points": 9,
    "budget": 72.0
}