{
    "percentage_bucket_counter_full": {
        "rest": 100.0,
        "5": 84.02,
        "10": 92.83,
        "15": 97.61999999999999,
        "20": 99.74
    },
    "percentage_bucket_counter_generic": {
        "rest": 100.0,
        "5": 83.87,
        "10": 92.65,
        "15": 96.52,
        "20": 99.22999999999999
    },
    "mean_budget_generic": 40.54995204533342,
    "mean_add_points_generic": 88.40608121624325,
    "nr_func_modeled_generic": 9998,
    "percentage_bucket_counter_gpr": {
        "rest": 100.0,
        "5": 84.11,
        "10": 93.5,
        "15": 97.61999999999999,
        "20": 99.75
    },
    "mean_add_points_gpr": 89.75437718859429,
    "mean_budget_gpr": 47.01193798784996,
    "nr_func_modeled_gpr": 9995,
    "percentage_bucket_counter_hybrid": {
        "rest": 100.0,
        "5": 84.11999999999999,
        "10": 93.5,
        "15": 97.61999999999999,
        "20": 99.75
    },
    "mean_budget_hybrid": 47.011942133397014,
    "mean_add_points_hybrid": 89.75497748874437,
    "nr_func_modeled_hybrid": 9995,
    "point_map_generic": {
        "(4, 10)": 1.0,
        "(4, 20)": 2.0,
        "(4, 30)": 3.0,
        "(4, 40)": 4.0,
        "(4, 50)": 5.0,
        "(8, 10)": 6.1905,
        "(8, 20)": 10.0165,
        "(8, 30)": 10.9303,
        "(8, 40)": 12.4321,
        "(8, 50)": 13.8607,
        "(16, 10)": 7.3091,
        "(16, 20)": 13.1081,
        "(16, 30)": 14.4762,
        "(16, 40)": 16.3181,
        "(16, 50)": 17.6714,
        "(32, 10)": 8.481637146002202,
        "(32, 20)": 17.0188,
        "(32, 30)": 18.3805,
        "(32, 40)": 20.252987847745306,
        "(32, 50)": 21.207176627469995,
        "(64, 10)": 9.0,
        "(64, 20)": 21.002625328166022,
        "(64, 30)": 21.680499597099114,
        "(64, 40)": 24.0,
        "(64, 50)": 0
    },
    "base_point_cost": 4.44915138586133,
    "min_points": 9,
    "budget": 49.0
}