{
    "percentage_bucket_counter_full": {
        "rest": 100.0,
        "5": 84.02,
        "10": 92.83,
        "15": 97.61999999999999,
        "20": 99.74
    },
    "percentage_bucket_counter_generic": {
        "rest": 100.0,
        "5": 0.04,
        "10": 0.09,
        "15": 0.15,
        "20": 0.19
    },
    "mean_budget_generic": 0.1902135092585215,
    "mean_add_points_generic": 49.625,
    "nr_func_modeled_generic": 32,
    "percentage_bucket_counter_gpr": {
        "rest": 100.0,
        "5": 1.32,
        "10": 1.96,
        "15": 2.45,
        "20": 2.59
    },
    "mean_add_points_gpr": 46.541806020066886,
    "mean_budget_gpr": 0.19532336667861902,
    "nr_func_modeled_gpr": 299,
    "percentage_bucket_counter_hybrid": {
        "rest": 100.0,
        "5": 1.3,
        "10": 1.8900000000000001,
        "15": 2.39,
        "20": 2.53
    },
    "mean_budget_hybrid": 0.19538368991275795,
    "mean_add_points_hybrid": 46.714285714285715,
    "nr_func_modeled_hybrid": 294,
    "point_map_generic": {
        "(4, 10)": 1.0,
        "(4, 20)": 2.0,
        "(4, 30)": 3.0,
        "(4, 40)": 4.0,
        "(4, 50)": 5.0,
        "(8, 10)": 6.0,
        "(8, 20)": 7.561904761904762,
        "(8, 30)": 6.42654028436019,
        "(8, 40)": 12.0,
        "(8, 50)": 13.928571428571429,
        "(16, 10)": 7.0,
        "(16, 20)": 8.685393258426966,
        "(16, 30)": 7.020671834625323,
        "(16, 40)": 0,
        "(16, 50)": 0,
        "(32, 10)": 8.0,
        "(32, 20)": 8.0,
        "(32, 30)": 8.0,
        "(32, 40)": 0,
        "(32, 50)": 0,
        "(64, 10)": 9.0,
        "(64, 20)": 9.0,
        "(64, 30)": 9.0,
        "(64, 40)": 0,
        "(64, 50)": 0
    },
    "base_point_cost": 0.14525909832693873,
    "min_points": 9,
    "budget": 0.2
}