{
    "percentage_bucket_counter_full": {
        "rest": 100.0,
        "5": 84.01360544217688,
        "10": 92.82713085234093,
        "15": 97.61904761904762,
        "20": 99.73989595838336
    },
    "percentage_bucket_counter_gpr": {
        "rest": 100.0,
        "5": 84.37311935807422,
        "10": 93.44032096288866,
        "15": 97.35205616850551,
        "20": 99.44834503510532
    },
    "percentage_bucket_counter_hybrid": {
        "rest": 100.0,
        "5": 84.37311935807422,
        "10": 93.44032096288866,
        "15": 97.35205616850551,
        "20": 99.44834503510532
    },
    "mean_budget_generic": 28.262781916259467,
    "percentage_bucket_counter_generic": {
        "rest": 100.0,
        "5": 82.96318527410963,
        "10": 91.03641456582633,
        "15": 95.97839135654262,
        "20": 98.49939975990397
    },
    "mean_add_points_generic": 83.26690676270508,
    "mean_add_points_gpr": 84.87382146439317,
    "mean_budget_gpr": 31.454325434565135,
    "mean_budget_hybrid": 31.454297769757794,
    "mean_add_points_hybrid": 84.87452357071214,
    "point_map_generic": {
        "(4, 10)": 1.0,
        "(4, 20)": 2.0,
        "(4, 30)": 3.0,
        "(4, 40)": 4.0,
        "(4, 50)": 5.0,
        "(8, 10)": 6.1905,
        "(8, 20)": 10.0165,
        "(8, 30)": 10.9303,
        "(8, 40)": 12.4321,
        "(8, 50)": 13.8607,
        "(16, 10)": 7.3091,
        "(16, 20)": 13.107232169650896,
        "(16, 30)": 14.475947594759475,
        "(16, 40)": 16.31795436349079,
        "(16, 50)": 17.585021294276515,
        "(32, 10)": 8.420438543552605,
        "(32, 20)": 16.98744985083839,
        "(32, 30)": 18.315882482880493,
        "(32, 40)": 20.14868845560387,
        "(32, 50)": 21.19993164730007,
        "(64, 10)": 9.0,
        "(64, 20)": 20.615093588211867,
        "(64, 30)": 20.42257217847769,
        "(64, 40)": 0,
        "(64, 50)": 0
    },
    "base_point_cost": 4.44915138586133,
    "min_points": 9,
    "budget": 33.0
}