{
    "percentage_bucket_counter_full": {
        "rest": 100.0,
        "5": 84.0152045613684,
        "10": 92.82784835450634,
        "15": 97.61928578573573,
        "20": 99.73992197659298
    },
    "percentage_bucket_counter_gpr": {
        "rest": 100.0,
        "5": 84.84119827672578,
        "10": 93.40747420098187,
        "15": 97.67558360885683,
        "20": 99.88979060214407
    },
    "percentage_bucket_counter_hybrid": {
        "rest": 100.0,
        "5": 84.84119827672578,
        "10": 93.40747420098187,
        "15": 97.67558360885683,
        "20": 99.88979060214407
    },
    "mean_budget_generic": 52.34700673425119,
    "percentage_bucket_counter_generic": {
        "rest": 100.0,
        "5": 83.84515354606383,
        "10": 93.10793237971392,
        "15": 97.0591177353206,
        "20": 99.75992797839352
    },
    "mean_add_points_generic": 91.3962188656597,
    "mean_add_points_gpr": 92.72718164512574,
    "mean_budget_gpr": 59.55021632838205,
    "mean_budget_hybrid": 59.55015584482829,
    "mean_add_points_hybrid": 92.72718164512574,
    "point_map_generic": {
        "(4, 10)": 1.0,
        "(4, 20)": 2.0,
        "(4, 30)": 3.0,
        "(4, 40)": 4.0,
        "(4, 50)": 5.0,
        "(8, 10)": 6.1905,
        "(8, 20)": 10.0165,
        "(8, 30)": 10.9303,
        "(8, 40)": 12.4321,
        "(8, 50)": 13.8607,
        "(16, 10)": 7.3091,
        "(16, 20)": 13.1081,
        "(16, 30)": 14.4762,
        "(16, 40)": 16.3181,
        "(16, 50)": 17.6714,
        "(32, 10)": 8.4904,
        "(32, 20)": 17.0188,
        "(32, 30)": 18.3805,
        "(32, 40)": 20.254,
        "(32, 50)": 21.378491763020566,
        "(64, 10)": 9.098981077147016,
        "(64, 20)": 21.184173244282533,
        "(64, 30)": 21.99262152777778,
        "(64, 40)": 23.998699045967044,
        "(64, 50)": 0
    },
    "base_point_cost": 4.44915138586133,
    "min_points": 9,
    "budget": 62.0
}