{
    "percentage_bucket_counter_full": {
        "rest": 100.0,
        "5": 82.16663959720644,
        "10": 90.54734448595096,
        "15": 96.91408153321423,
        "20": 99.57771642033458
    },
    "percentage_bucket_counter_gpr": {
        "rest": 100.0,
        "5": 80.87784588441332,
        "10": 86.55866900175131,
        "15": 92.63353765323993,
        "20": 94.8555166374781
    },
    "percentage_bucket_counter_hybrid": {
        "rest": 100.0,
        "5": 80.3129074315515,
        "10": 85.9626249456758,
        "15": 92.02520643198609,
        "20": 94.18730986527596
    },
    "mean_budget_generic": 8.744665658151353,
    "percentage_bucket_counter_generic": {
        "rest": 100.0,
        "5": 79.12944615884359,
        "10": 83.70959883059932,
        "15": 90.74224459964269,
        "20": 93.12977099236642
    },
    "mean_add_points_generic": 69.13561799577717,
    "mean_add_points_gpr": 62.651379159369526,
    "mean_budget_gpr": 9.718561531962052,
    "mean_budget_hybrid": 9.71970026501602,
    "mean_add_points_hybrid": 62.453172533681006,
    "point_map_generic": {
        "(4, 10)": 1.0,
        "(4, 20)": 2.0,
        "(4, 30)": 3.0,
        "(4, 40)": 4.0,
        "(4, 50)": 5.0,
        "(8, 10)": 6.0,
        "(8, 20)": 9.958217724824546,
        "(8, 30)": 10.825309933988086,
        "(8, 40)": 12.224795081967214,
        "(8, 50)": 13.420985284708893,
        "(16, 10)": 7.0,
        "(16, 20)": 12.983742710726277,
        "(16, 30)": 14.316883621527102,
        "(16, 40)": 16.20841035120148,
        "(16, 50)": 17.39545810493344,
        "(32, 10)": 8.0,
        "(32, 20)": 16.643526785714286,
        "(32, 30)": 17.745213963963963,
        "(32, 40)": 20.052442159383034,
        "(32, 50)": 21.086206896551722,
        "(64, 10)": 9.0,
        "(64, 20)": 19.516273849607185,
        "(64, 30)": 9.0,
        "(64, 40)": 0,
        "(64, 50)": 0
    },
    "base_point_cost": 4.345870034173547,
    "min_points": 9,
    "budget": 10.0
}