{
    "percentage_bucket_counter_full": {
        "rest": 100.0,
        "5": 75.0,
        "10": 100.0,
        "15": 100.0,
        "20": 100.0
    },
    "percentage_bucket_counter_generic": {
        "rest": 100.0,
        "5": 75.0,
        "10": 100.0,
        "15": 100.0,
        "20": 100.0
    },
    "mean_budget_generic": 5.864951289128221,
    "mean_add_points_generic": 572.5,
    "nr_func_modeled_generic": 4,
    "percentage_bucket_counter_gpr": {
        "rest": 100.0,
        "5": 50.0,
        "10": 100.0,
        "15": 100.0,
        "20": 100.0
    },
    "mean_add_points_gpr": 563.0,
    "mean_budget_gpr": 5.974323162476821,
    "nr_func_modeled_gpr": 4,
    "percentage_bucket_counter_hybrid": {
        "rest": 100.0,
        "5": 25.0,
        "10": 75.0,
        "15": 75.0,
        "20": 75.0
    },
    "mean_budget_hybrid": 5.987572540705007,
    "mean_add_points_hybrid": 554.3333333333334,
    "nr_func_modeled_hybrid": 3,
    "base_point_cost": 0.20490511850076626,
    "min_points": 13,
    "budget": 6
}