{
    "percentage_bucket_counter_full": {
        "rest": 100.0,
        "5": 75.0,
        "10": 100.0,
        "15": 100.0,
        "20": 100.0
    },
    "percentage_bucket_counter_generic": {
        "rest": 100.0,
        "5": 75.0,
        "10": 100.0,
        "15": 100.0,
        "20": 100.0
    },
    "mean_budget_generic": 83.31384638586754,
    "mean_add_points_generic": 738.75,
    "nr_func_modeled_generic": 4,
    "percentage_bucket_counter_gpr": {
        "rest": 100.0,
        "5": 75.0,
        "10": 100.0,
        "15": 100.0,
        "20": 100.0
    },
    "mean_add_points_gpr": 738.75,
    "mean_budget_gpr": 84.28286769178138,
    "nr_func_modeled_gpr": 4,
    "percentage_bucket_counter_hybrid": {
        "rest": 100.0,
        "5": 75.0,
        "10": 100.0,
        "15": 100.0,
        "20": 100.0
    },
    "mean_budget_hybrid": 84.55795103264026,
    "mean_add_points_hybrid": 739.0,
    "nr_func_modeled_hybrid": 4,
    "base_point_cost": 0.20490511850076626,
    "min_points": 13,
    "budget": 85
}