{
    "percentage_bucket_counter_full": {
        "rest": 100.0,
        "5": 75.0,
        "10": 100.0,
        "15": 100.0,
        "20": 100.0
    },
    "percentage_bucket_counter_generic": {
        "rest": 100.0,
        "5": 75.0,
        "10": 100.0,
        "15": 100.0,
        "20": 100.0
    },
    "mean_budget_generic": 71.38518117746965,
    "mean_add_points_generic": 728.75,
    "nr_func_modeled_generic": 4,
    "percentage_bucket_counter_gpr": {
        "rest": 100.0,
        "5": 75.0,
        "10": 100.0,
        "15": 100.0,
        "20": 100.0
    },
    "mean_add_points_gpr": 728.25,
    "mean_budget_gpr": 72.40505257506463,
    "nr_func_modeled_gpr": 4,
    "percentage_bucket_counter_hybrid": {
        "rest": 100.0,
        "5": 75.0,
        "10": 100.0,
        "15": 100.0,
        "20": 100.0
    },
    "mean_budget_hybrid": 72.48471525951027,
    "mean_add_points_hybrid": 728.25,
    "nr_func_modeled_hybrid": 4,
    "base_point_cost": 0.20490511850076626,
    "min_points": 13,
    "budget": 73
}