{
    "percentage_bucket_counter_full": {
        "rest": 100.0,
        "5": 91.0,
        "10": 95.0,
        "15": 99.0,
        "20": 100.0
    },
    "percentage_bucket_counter_generic": {
        "rest": 100.0,
        "5": 86.0,
        "10": 92.0,
        "15": 96.0,
        "20": 99.0
    },
    "percentage_bucket_counter_gpr": {
        "rest": 100.0,
        "5": 86.0,
        "10": 92.0,
        "15": 96.0,
        "20": 99.0
    },
    "percentage_bucket_counter_hybrid": {
        "rest": 100.0,
        "5": 86.0,
        "10": 92.0,
        "15": 96.0,
        "20": 99.0
    },
    "mean_budget_generic": 28.85545043504374,
    "mean_add_points_generic": 91.47,
    "mean_budget_gpr": 28.855384736669127,
    "mean_add_points_gpr": 91.47,
    "mean_budget_hybrid": 28.855384736669127,
    "mean_add_points_hybrid": 91.47,
    "base_point_cost": 1.571089522987936,
    "min_points": 13,
    "budget": 30
}