{
    "percentage_bucket_counter_random": {
        "rest": 100.0,
        "5": 27.85,
        "10": 31.790000000000003,
        "15": 35.3,
        "20": 38.33
    },
    "mean_budget_random": 60.238686,
    "mean_add_points_random": 78.6597,
    "nr_func_modeled_random": 10000,
    "percentage_bucket_counter_grid": {
        "rest": 100.0,
        "5": 75.25,
        "10": 89.83,
        "15": 96.50999999999999,
        "20": 99.33999999999999
    },
    "mean_budget_grid": 50.97189290531398,
    "mean_add_points_grid": 48.16363272654531,
    "nr_func_modeled_grid": 9998,
    "percentage_bucket_counter_bayesian": {
        "rest": 100.0,
        "5": 79.89,
        "10": 89.56,
        "15": 97.50999999999999,
        "20": 99.6
    },
    "mean_budget_bayesian": 61.493865890506484,
    "mean_add_points_bayesian": 92.24754950990199,
    "nr_func_modeled_bayesian": 9998,
    "percentage_bucket_counter_full": {
        "rest": 100.0,
        "5": 66.01,
        "10": 83.21,
        "15": 94.85,
        "20": 97.81
    },
    "percentage_bucket_counter_generic": {
        "rest": 100.0,
        "5": 82.72,
        "10": 91.81,
        "15": 96.95,
        "20": 99.49
    },
    "mean_budget_generic": 53.886771118703514,
    "mean_add_points_generic": 91.83358335833583,
    "nr_func_modeled_generic": 9999,
    "percentage_bucket_counter_gpr": {
        "rest": 100.0,
        "5": 82.89,
        "10": 90.96,
        "15": 97.53,
        "20": 99.67
    },
    "mean_add_points_gpr": 93.02820282028203,
    "mean_budget_gpr": 60.64687901142128,
    "nr_func_modeled_gpr": 9999,
    "percentage_bucket_counter_hybrid": {
        "rest": 100.0,
        "5": 82.89,
        "10": 90.96,
        "15": 97.53,
        "20": 99.67
    },
    "mean_budget_hybrid": 60.64687901142128,
    "mean_add_points_hybrid": 93.02820282028203,
    "nr_func_modeled_hybrid": 9999,
    "point_map_generic": {
        "(4, 10)": 1.0,
        "(4, 20)": 2.0,
        "(4, 30)": 3.0,
        "(4, 40)": 4.0,
        "(4, 50)": 5.0,
        "(8, 10)": 6.4367,
        "(8, 20)": 10.0649,
        "(8, 30)": 10.6304,
        "(8, 40)": 12.4214,
        "(8, 50)": 13.8531,
        "(16, 10)": 7.7179,
        "(16, 20)": 13.1682,
        "(16, 30)": 14.0342,
        "(16, 40)": 16.3348,
        "(16, 50)": 17.6749,
        "(32, 10)": 9.1805,
        "(32, 20)": 16.9737,
        "(32, 30)": 17.7255,
        "(32, 40)": 20.3053,
        "(32, 50)": 21.32946167053833,
        "(64, 10)": 9.488389674910897,
        "(64, 20)": 21.157178841309825,
        "(64, 30)": 21.070549422662097,
        "(64, 40)": 23.97326203208556,
        "(64, 50)": 0
    },
    "base_point_cost": 4.450699586865215,
    "min_points": 9,
    "budget": 63.0
}