{
    "percentage_bucket_counter_random": {
        "rest": 100.0,
        "5": 27.85,
        "10": 31.790000000000003,
        "15": 35.3,
        "20": 38.33
    },
    "mean_budget_random": 66.31212599999999,
    "mean_add_points_random": 81.2188,
    "nr_func_modeled_random": 10000,
    "percentage_bucket_counter_grid": {
        "rest": 100.0,
        "5": 74.74,
        "10": 89.45,
        "15": 96.49,
        "20": 99.36
    },
    "mean_budget_grid": 54.95943034950231,
    "mean_add_points_grid": 49.546954695469545,
    "nr_func_modeled_grid": 9999,
    "percentage_bucket_counter_bayesian": {
        "rest": 100.0,
        "5": 78.89,
        "10": 89.29,
        "15": 97.41,
        "20": 99.56
    },
    "mean_budget_bayesian": 67.23112677165183,
    "mean_add_points_bayesian": 93.70304060812163,
    "nr_func_modeled_bayesian": 9998,
    "percentage_bucket_counter_full": {
        "rest": 100.0,
        "5": 66.01,
        "10": 83.21,
        "15": 94.85,
        "20": 97.81
    },
    "percentage_bucket_counter_generic": {
        "rest": 100.0,
        "5": 82.75,
        "10": 91.89,
        "15": 97.11,
        "20": 99.49
    },
    "mean_budget_generic": 59.43656146557554,
    "mean_add_points_generic": 93.11873562068621,
    "nr_func_modeled_generic": 9997,
    "percentage_bucket_counter_gpr": {
        "rest": 100.0,
        "5": 82.34,
        "10": 90.07,
        "15": 97.50999999999999,
        "20": 99.65
    },
    "mean_add_points_gpr": 94.22636791037311,
    "mean_budget_gpr": 66.37986167273053,
    "nr_func_modeled_gpr": 9997,
    "percentage_bucket_counter_hybrid": {
        "rest": 100.0,
        "5": 82.34,
        "10": 90.07,
        "15": 97.50999999999999,
        "20": 99.65
    },
    "mean_budget_hybrid": 66.37986167273053,
    "mean_add_points_hybrid": 94.22636791037311,
    "nr_func_modeled_hybrid": 9997,
    "point_map_generic": {
        "(4, 10)": 1.0,
        "(4, 20)": 2.0,
        "(4, 30)": 3.0,
        "(4, 40)": 4.0,
        "(4, 50)": 5.0,
        "(8, 10)": 6.4367,
        "(8, 20)": 10.0649,
        "(8, 30)": 10.6304,
        "(8, 40)": 12.4214,
        "(8, 50)": 13.8531,
        "(16, 10)": 7.7179,
        "(16, 20)": 13.1682,
        "(16, 30)": 14.0342,
        "(16, 40)": 16.3348,
        "(16, 50)": 17.6749,
        "(32, 10)": 9.1805,
        "(32, 20)": 16.9737,
        "(32, 30)": 17.7255,
        "(32, 40)": 20.3053,
        "(32, 50)": 21.3461,
        "(64, 10)": 10.070690367920628,
        "(64, 20)": 21.163516351635163,
        "(64, 30)": 21.373997647813535,
        "(64, 40)": 23.948024396711748,
        "(64, 50)": 0
    },
    "base_point_cost": 4.450699586865215,
    "min_points": 9,
    "budget": 69.0
}