{
    "percentage_bucket_counter_random": {
        "rest": 100.0,
        "5": 19.97,
        "10": 23.01,
        "15": 25.94,
        "20": 28.549999999999997
    },
    "mean_budget_random": 10.846424195058578,
    "mean_add_points_random": 46.13268511593119,
    "nr_func_modeled_random": 6685,
    "percentage_bucket_counter_grid": {
        "rest": 100.0,
        "5": 33.09,
        "10": 40.45,
        "15": 45.2,
        "20": 48.38
    },
    "mean_budget_grid": 7.4410861956407075,
    "mean_add_points_grid": 38.42812266267764,
    "nr_func_modeled_grid": 6685,
    "percentage_bucket_counter_bayesian": {
        "rest": 100.0,
        "5": 82.55,
        "10": 88.31,
        "15": 95.27,
        "20": 97.50999999999999
    },
    "mean_budget_bayesian": 11.784067929542772,
    "mean_add_points_bayesian": 66.09616738758676,
    "nr_func_modeled_bayesian": 9941,
    "percentage_bucket_counter_full": {
        "rest": 100.0,
        "5": 66.01,
        "10": 83.21,
        "15": 94.85,
        "20": 97.81
    },
    "percentage_bucket_counter_generic": {
        "rest": 100.0,
        "5": 53.21,
        "10": 56.36,
        "15": 61.519999999999996,
        "20": 63.05
    },
    "mean_budget_generic": 10.461194277405452,
    "mean_add_points_generic": 70.88355342136855,
    "nr_func_modeled_generic": 6664,
    "percentage_bucket_counter_gpr": {
        "rest": 100.0,
        "5": 81.2,
        "10": 87.46000000000001,
        "15": 95.25,
        "20": 97.25
    },
    "mean_add_points_gpr": 67.832129239414,
    "mean_budget_gpr": 11.622643191029022,
    "nr_func_modeled_gpr": 9966,
    "percentage_bucket_counter_hybrid": {
        "rest": 100.0,
        "5": 81.10000000000001,
        "10": 87.33999999999999,
        "15": 95.13000000000001,
        "20": 97.13000000000001
    },
    "mean_budget_hybrid": 11.622139860954764,
    "mean_add_points_hybrid": 67.84422362742146,
    "nr_func_modeled_hybrid": 9963,
    "point_map_generic": {
        "(4, 10)": 1.0,
        "(4, 20)": 2.0,
        "(4, 30)": 3.0,
        "(4, 40)": 4.0,
        "(4, 50)": 5.0,
        "(8, 10)": 6.0,
        "(8, 20)": 9.94642059830332,
        "(8, 30)": 10.468484275880686,
        "(8, 40)": 12.420543293718167,
        "(8, 50)": 13.394111675126904,
        "(16, 10)": 7.0,
        "(16, 20)": 12.943420015760442,
        "(16, 30)": 13.672097109088005,
        "(16, 40)": 16.19902707275804,
        "(16, 50)": 17.418077803203662,
        "(32, 10)": 8.0,
        "(32, 20)": 16.586220472440946,
        "(32, 30)": 16.63736263736264,
        "(32, 40)": 20.082644628099175,
        "(32, 50)": 21.129342202512934,
        "(64, 10)": 9.0,
        "(64, 20)": 19.694855532064835,
        "(64, 30)": 9.0,
        "(64, 40)": 0,
        "(64, 50)": 0
    },
    "base_point_cost": 4.450699586865215,
    "min_points": 9,
    "budget": 12.0
}