{
    "percentage_bucket_counter_random": {
        "rest": 100.0,
        "5": 27.85,
        "10": 31.790000000000003,
        "15": 35.3,
        "20": 38.33
    },
    "mean_budget_random": 37.802054,
    "mean_add_points_random": 65.6182,
    "nr_func_modeled_random": 10000,
    "percentage_bucket_counter_grid": {
        "rest": 100.0,
        "5": 80.16,
        "10": 92.84,
        "15": 96.81,
        "20": 99.59
    },
    "mean_budget_grid": 30.921849441594013,
    "mean_add_points_grid": 43.60996099609961,
    "nr_func_modeled_grid": 9999,
    "percentage_bucket_counter_bayesian": {
        "rest": 100.0,
        "5": 82.28999999999999,
        "10": 90.12,
        "15": 97.18,
        "20": 99.33
    },
    "mean_budget_bayesian": 38.98493018577399,
    "mean_add_points_bayesian": 85.89085634253702,
    "nr_func_modeled_bayesian": 9996,
    "percentage_bucket_counter_full": {
        "rest": 100.0,
        "5": 66.01,
        "10": 83.21,
        "15": 94.85,
        "20": 97.81
    },
    "percentage_bucket_counter_generic": {
        "rest": 100.0,
        "5": 82.78999999999999,
        "10": 90.38000000000001,
        "15": 96.24000000000001,
        "20": 98.66
    },
    "mean_budget_generic": 32.67445743230895,
    "mean_add_points_generic": 85.82236447289458,
    "nr_func_modeled_generic": 9998,
    "percentage_bucket_counter_gpr": {
        "rest": 100.0,
        "5": 84.03,
        "10": 93.61,
        "15": 97.32,
        "20": 99.6
    },
    "mean_add_points_gpr": 87.32161106101593,
    "mean_budget_gpr": 38.20998343323243,
    "nr_func_modeled_gpr": 9981,
    "percentage_bucket_counter_hybrid": {
        "rest": 100.0,
        "5": 84.03,
        "10": 93.61,
        "15": 97.32,
        "20": 99.6
    },
    "mean_budget_hybrid": 38.21002905412815,
    "mean_add_points_hybrid": 87.32191163210099,
    "nr_func_modeled_hybrid": 9981,
    "point_map_generic": {
        "(4, 10)": 1.0,
        "(4, 20)": 2.0,
        "(4, 30)": 3.0,
        "(4, 40)": 4.0,
        "(4, 50)": 5.0,
        "(8, 10)": 6.4367,
        "(8, 20)": 10.0649,
        "(8, 30)": 10.6304,
        "(8, 40)": 12.4214,
        "(8, 50)": 13.8531,
        "(16, 10)": 7.7179,
        "(16, 20)": 13.1682,
        "(16, 30)": 14.0342,
        "(16, 40)": 16.3348,
        "(16, 50)": 17.664494787489975,
        "(32, 10)": 9.12748643761302,
        "(32, 20)": 16.97176611934321,
        "(32, 30)": 17.711845562967454,
        "(32, 40)": 20.23362624487405,
        "(32, 50)": 21.12867151711129,
        "(64, 10)": 9.0,
        "(64, 20)": 20.65193837819536,
        "(64, 30)": 19.366057838660577,
        "(64, 40)": 0,
        "(64, 50)": 0
    },
    "base_point_cost": 4.450699586865215,
    "min_points": 9,
    "budget": 40.0
}