{
    "percentage_bucket_counter_random": {
        "rest": 100.0,
        "5": 27.85,
        "10": 31.790000000000003,
        "15": 35.3,
        "20": 38.33
    },
    "mean_budget_random": 70.64536300000002,
    "mean_add_points_random": 83.5172,
    "nr_func_modeled_random": 10000,
    "percentage_bucket_counter_grid": {
        "rest": 100.0,
        "5": 73.0,
        "10": 89.34,
        "15": 96.45,
        "20": 99.32
    },
    "mean_budget_grid": 59.61508236094167,
    "mean_add_points_grid": 51.06753376688344,
    "nr_func_modeled_grid": 9995,
    "percentage_bucket_counter_bayesian": {
        "rest": 100.0,
        "5": 78.0,
        "10": 89.05,
        "15": 97.39,
        "20": 99.55000000000001
    },
    "mean_budget_bayesian": 72.37022101645262,
    "mean_add_points_bayesian": 94.7328,
    "nr_func_modeled_bayesian": 10000,
    "percentage_bucket_counter_full": {
        "rest": 100.0,
        "5": 66.01,
        "10": 83.21,
        "15": 94.85,
        "20": 97.81
    },
    "percentage_bucket_counter_generic": {
        "rest": 100.0,
        "5": 82.85,
        "10": 91.58,
        "15": 97.1,
        "20": 99.48
    },
    "mean_budget_generic": 62.8801492764542,
    "mean_add_points_generic": 93.9015606242497,
    "nr_func_modeled_generic": 9996,
    "percentage_bucket_counter_gpr": {
        "rest": 100.0,
        "5": 81.13,
        "10": 89.66,
        "15": 97.43,
        "20": 99.59
    },
    "mean_add_points_gpr": 95.16908454227114,
    "mean_budget_gpr": 71.16191013230306,
    "nr_func_modeled_gpr": 9995,
    "percentage_bucket_counter_hybrid": {
        "rest": 100.0,
        "5": 81.13,
        "10": 89.66,
        "15": 97.43,
        "20": 99.59
    },
    "mean_budget_hybrid": 71.16191013230306,
    "mean_add_points_hybrid": 95.16908454227114,
    "nr_func_modeled_hybrid": 9995,
    "point_map_generic": {
        "(4, 10)": 1.0,
        "(4, 20)": 2.0,
        "(4, 30)": 3.0,
        "(4, 40)": 4.0,
        "(4, 50)": 5.0,
        "(8, 10)": 6.4367,
        "(8, 20)": 10.0649,
        "(8, 30)": 10.6304,
        "(8, 40)": 12.4214,
        "(8, 50)": 13.8531,
        "(16, 10)": 7.7179,
        "(16, 20)": 13.1682,
        "(16, 30)": 14.0342,
        "(16, 40)": 16.3348,
        "(16, 50)": 17.6749,
        "(32, 10)": 9.1805,
        "(32, 20)": 16.9737,
        "(32, 30)": 17.7255,
        "(32, 40)": 20.3053,
        "(32, 50)": 21.3461,
        "(64, 10)": 10.15432795974946,
        "(64, 20)": 21.163516351635163,
        "(64, 30)": 21.468633571644347,
        "(64, 40)": 23.951032448377582,
        "(64, 50)": 0
    },
    "base_point_cost": 4.450699586865215,
    "min_points": 9,
    "budget": 74.0
}