{
    "percentage_bucket_counter_random": {
        "rest": 100.0,
        "5": 27.85,
        "10": 31.790000000000003,
        "15": 35.3,
        "20": 38.33
    },
    "mean_budget_random": 23.576528999999997,
    "mean_add_points_random": 53.323,
    "nr_func_modeled_random": 10000,
    "percentage_bucket_counter_grid": {
        "rest": 100.0,
        "5": 64.03,
        "10": 71.87,
        "15": 75.6,
        "20": 78.46
    },
    "mean_budget_grid": 17.885049840488954,
    "mean_add_points_grid": 40.32086417283457,
    "nr_func_modeled_grid": 9998,
    "percentage_bucket_counter_bayesian": {
        "rest": 100.0,
        "5": 82.17999999999999,
        "10": 90.3,
        "15": 96.55,
        "20": 99.16
    },
    "mean_budget_bayesian": 24.392457450725907,
    "mean_add_points_bayesian": 79.7511013215859,
    "nr_func_modeled_bayesian": 9988,
    "percentage_bucket_counter_full": {
        "rest": 100.0,
        "5": 66.01,
        "10": 83.21,
        "15": 94.85,
        "20": 97.81
    },
    "percentage_bucket_counter_generic": {
        "rest": 100.0,
        "5": 81.41000000000001,
        "10": 88.51,
        "15": 95.93,
        "20": 97.95
    },
    "mean_budget_generic": 21.720522238894613,
    "mean_add_points_generic": 78.07527527527527,
    "nr_func_modeled_generic": 9990,
    "percentage_bucket_counter_gpr": {
        "rest": 100.0,
        "5": 82.71,
        "10": 91.73,
        "15": 96.2,
        "20": 98.55000000000001
    },
    "mean_add_points_gpr": 81.26706023614169,
    "mean_budget_gpr": 23.85907487878442,
    "nr_func_modeled_gpr": 9994,
    "percentage_bucket_counter_hybrid": {
        "rest": 100.0,
        "5": 82.69999999999999,
        "10": 91.73,
        "15": 96.2,
        "20": 98.55000000000001
    },
    "mean_budget_hybrid": 23.859099494934718,
    "mean_add_points_hybrid": 81.26786071642985,
    "nr_func_modeled_hybrid": 9994,
    "point_map_generic": {
        "(4, 10)": 1.0,
        "(4, 20)": 2.0,
        "(4, 30)": 3.0,
        "(4, 40)": 4.0,
        "(4, 50)": 5.0,
        "(8, 10)": 6.434730419125738,
        "(8, 20)": 10.064512902580516,
        "(8, 30)": 10.6304,
        "(8, 40)": 12.42144214421442,
        "(8, 50)": 13.85361216730038,
        "(16, 10)": 7.709722639431261,
        "(16, 20)": 13.153038562487382,
        "(16, 30)": 14.020375063355296,
        "(16, 40)": 16.336703528172723,
        "(16, 50)": 17.364631180761958,
        "(32, 10)": 8.636660349547274,
        "(32, 20)": 16.798391864727446,
        "(32, 30)": 17.327769551756628,
        "(32, 40)": 20.189360857483127,
        "(32, 50)": 21.24122340425532,
        "(64, 10)": 9.0,
        "(64, 20)": 20.363854138940646,
        "(64, 30)": 14.732250300842358,
        "(64, 40)": 0,
        "(64, 50)": 0
    },
    "base_point_cost": 4.450699586865215,
    "min_points": 9,
    "budget": 25.0
}