{
    "percentage_bucket_counter_random": {
        "rest": 100.0,
        "5": 27.79,
        "10": 31.730000000000004,
        "15": 35.24,
        "20": 38.269999999999996
    },
    "mean_budget_random": 19.43017589462514,
    "mean_add_points_random": 49.497997997998,
    "nr_func_modeled_random": 9990,
    "percentage_bucket_counter_grid": {
        "rest": 100.0,
        "5": 58.67,
        "10": 65.46,
        "15": 69.87,
        "20": 72.59
    },
    "mean_budget_grid": 15.679219217732985,
    "mean_add_points_grid": 39.59551461754105,
    "nr_func_modeled_grid": 9988,
    "percentage_bucket_counter_bayesian": {
        "rest": 100.0,
        "5": 83.48,
        "10": 91.56,
        "15": 96.66,
        "20": 98.71
    },
    "mean_budget_bayesian": 20.516094602919964,
    "mean_add_points_bayesian": 77.27158021229721,
    "nr_func_modeled_bayesian": 9986,
    "percentage_bucket_counter_full": {
        "rest": 100.0,
        "5": 66.01,
        "10": 83.21,
        "15": 94.85,
        "20": 97.81
    },
    "percentage_bucket_counter_generic": {
        "rest": 100.0,
        "5": 81.17,
        "10": 87.19,
        "15": 95.13000000000001,
        "20": 97.02
    },
    "mean_budget_generic": 18.399591752943316,
    "mean_add_points_generic": 73.28093041908963,
    "nr_func_modeled_generic": 9974,
    "percentage_bucket_counter_gpr": {
        "rest": 100.0,
        "5": 81.82000000000001,
        "10": 89.74,
        "15": 95.95,
        "20": 98.08
    },
    "mean_add_points_gpr": 78.66513164480929,
    "mean_budget_gpr": 20.134956441930065,
    "nr_func_modeled_gpr": 9989,
    "percentage_bucket_counter_hybrid": {
        "rest": 100.0,
        "5": 81.82000000000001,
        "10": 89.74,
        "15": 95.95,
        "20": 98.08
    },
    "mean_budget_hybrid": 20.134938511904863,
    "mean_add_points_hybrid": 78.66553208529382,
    "nr_func_modeled_hybrid": 9989,
    "point_map_generic": {
        "(4, 10)": 1.0,
        "(4, 20)": 2.0,
        "(4, 30)": 3.0,
        "(4, 40)": 4.0,
        "(4, 50)": 5.0,
        "(8, 10)": 6.413990365315135,
        "(8, 20)": 10.057442305754309,
        "(8, 30)": 10.627759298457816,
        "(8, 40)": 12.43137454249695,
        "(8, 50)": 13.875836507773087,
        "(16, 10)": 7.604703247480403,
        "(16, 20)": 13.065323366915827,
        "(16, 30)": 13.94046705405109,
        "(16, 40)": 16.25997548685823,
        "(16, 50)": 17.40220433869839,
        "(32, 10)": 8.00760371240076,
        "(32, 20)": 16.56438396254024,
        "(32, 30)": 17.097695553391755,
        "(32, 40)": 20.188357785139612,
        "(32, 50)": 21.240498034076015,
        "(64, 10)": 9.0,
        "(64, 20)": 20.21164863144494,
        "(64, 30)": 11.513036164844408,
        "(64, 40)": 0,
        "(64, 50)": 0
    },
    "base_point_cost": 4.450699586865215,
    "min_points": 9,
    "budget": 21.0
}