{
    "percentage_bucket_counter_random": {
        "rest": 100.0,
        "5": 27.85,
        "10": 31.790000000000003,
        "15": 35.3,
        "20": 38.33
    },
    "mean_budget_random": 94.79163299999999,
    "mean_add_points_random": 94.9252,
    "nr_func_modeled_random": 10000,
    "percentage_bucket_counter_grid": {
        "rest": 100.0,
        "5": 64.92999999999999,
        "10": 86.18,
        "15": 94.42,
        "20": 97.57000000000001
    },
    "mean_budget_grid": 94.44922477747025,
    "mean_add_points_grid": 70.84148177893786,
    "nr_func_modeled_grid": 9961,
    "percentage_bucket_counter_bayesian": {
        "rest": 100.0,
        "5": 71.95,
        "10": 85.76,
        "15": 96.14,
        "20": 98.97
    },
    "mean_budget_bayesian": 92.49770245532547,
    "mean_add_points_bayesian": 98.94269426942694,
    "nr_func_modeled_bayesian": 9999,
    "percentage_bucket_counter_full": {
        "rest": 100.0,
        "5": 66.01,
        "10": 83.21,
        "15": 94.85,
        "20": 97.81
    },
    "percentage_bucket_counter_generic": {
        "rest": 100.0,
        "5": 82.82000000000001,
        "10": 91.53999999999999,
        "15": 97.28999999999999,
        "20": 99.58
    },
    "mean_budget_generic": 71.49867694913284,
    "mean_add_points_generic": 96.0,
    "nr_func_modeled_generic": 10000,
    "percentage_bucket_counter_gpr": {
        "rest": 100.0,
        "5": 75.46000000000001,
        "10": 88.35,
        "15": 97.16,
        "20": 99.49
    },
    "mean_add_points_gpr": 98.94269426942694,
    "mean_budget_gpr": 92.47747163399302,
    "nr_func_modeled_gpr": 9999,
    "percentage_bucket_counter_hybrid": {
        "rest": 100.0,
        "5": 75.46000000000001,
        "10": 88.35,
        "15": 97.16,
        "20": 99.49
    },
    "mean_budget_hybrid": 92.47747163399302,
    "mean_add_points_hybrid": 98.94269426942694,
    "nr_func_modeled_hybrid": 9999,
    "point_map_generic": {
        "(4, 10)": 1.0,
        "(4, 20)": 2.0,
        "(4, 30)": 3.0,
        "(4, 40)": 4.0,
        "(4, 50)": 5.0,
        "(8, 10)": 6.4367,
        "(8, 20)": 10.0649,
        "(8, 30)": 10.6304,
        "(8, 40)": 12.4214,
        "(8, 50)": 13.8531,
        "(16, 10)": 7.7179,
        "(16, 20)": 13.1682,
        "(16, 30)": 14.0342,
        "(16, 40)": 16.3348,
        "(16, 50)": 17.6749,
        "(32, 10)": 9.1805,
        "(32, 20)": 16.9737,
        "(32, 30)": 17.7255,
        "(32, 40)": 20.3053,
        "(32, 50)": 21.3461,
        "(64, 10)": 10.468038133467134,
        "(64, 20)": 21.1637,
        "(64, 30)": 21.4792,
        "(64, 40)": 23.9741,
        "(64, 50)": 24.0
    },
    "base_point_cost": 4.450699586865215,
    "min_points": 9,
    "budget": 96.0
}