{
    "percentage_bucket_counter_random": {
        "rest": 100.0,
        "5": 27.85,
        "10": 31.790000000000003,
        "15": 35.3,
        "20": 38.33
    },
    "mean_budget_random": 33.105401,
    "mean_add_points_random": 62.5773,
    "nr_func_modeled_random": 10000,
    "percentage_bucket_counter_grid": {
        "rest": 100.0,
        "5": 73.59,
        "10": 84.04,
        "15": 87.33999999999999,
        "20": 89.97
    },
    "mean_budget_grid": 24.74076969855403,
    "mean_add_points_grid": 42.21337069655725,
    "nr_func_modeled_grid": 9992,
    "percentage_bucket_counter_bayesian": {
        "rest": 100.0,
        "5": 81.58999999999999,
        "10": 90.01,
        "15": 96.81,
        "20": 99.19
    },
    "mean_budget_bayesian": 34.0804002162147,
    "mean_add_points_bayesian": 84.14455901491641,
    "nr_func_modeled_bayesian": 9989,
    "percentage_bucket_counter_full": {
        "rest": 100.0,
        "5": 66.01,
        "10": 83.21,
        "15": 94.85,
        "20": 97.81
    },
    "percentage_bucket_counter_generic": {
        "rest": 100.0,
        "5": 82.04,
        "10": 89.72,
        "15": 96.15,
        "20": 98.33
    },
    "mean_budget_generic": 29.558720214518427,
    "mean_add_points_generic": 84.16333066453163,
    "nr_func_modeled_generic": 9992,
    "percentage_bucket_counter_gpr": {
        "rest": 100.0,
        "5": 83.77,
        "10": 94.05,
        "15": 97.37,
        "20": 99.57000000000001
    },
    "mean_add_points_gpr": 85.68248723340342,
    "mean_budget_gpr": 33.432724504660385,
    "nr_func_modeled_gpr": 9987,
    "percentage_bucket_counter_hybrid": {
        "rest": 100.0,
        "5": 83.77,
        "10": 94.05,
        "15": 97.37,
        "20": 99.57000000000001
    },
    "mean_budget_hybrid": 33.432800670147024,
    "mean_add_points_hybrid": 85.68268749374187,
    "nr_func_modeled_hybrid": 9987,
    "point_map_generic": {
        "(4, 10)": 1.0,
        "(4, 20)": 2.0,
        "(4, 30)": 3.0,
        "(4, 40)": 4.0,
        "(4, 50)": 5.0,
        "(8, 10)": 6.4367,
        "(8, 20)": 10.0649,
        "(8, 30)": 10.6304,
        "(8, 40)": 12.4214,
        "(8, 50)": 13.8531,
        "(16, 10)": 7.7179,
        "(16, 20)": 13.167633526705341,
        "(16, 30)": 14.0342,
        "(16, 40)": 16.334600380114033,
        "(16, 50)": 17.628673106253178,
        "(32, 10)": 9.070389820238336,
        "(32, 20)": 16.957129826695045,
        "(32, 30)": 17.64885496183206,
        "(32, 40)": 20.195128479657388,
        "(32, 50)": 21.107817539548456,
        "(64, 10)": 9.0,
        "(64, 20)": 20.595124738145117,
        "(64, 30)": 18.58975960037465,
        "(64, 40)": 0,
        "(64, 50)": 0
    },
    "base_point_cost": 4.450699586865215,
    "min_points": 9,
    "budget": 35.0
}