{
    "percentage_bucket_counter_random": {
        "rest": 100.0,
        "5": 27.85,
        "10": 31.790000000000003,
        "15": 35.3,
        "20": 38.33
    },
    "mean_budget_random": 30.459757999999997,
    "mean_add_points_random": 60.179,
    "nr_func_modeled_random": 10000,
    "percentage_bucket_counter_grid": {
        "rest": 100.0,
        "5": 69.73,
        "10": 78.84,
        "15": 82.32000000000001,
        "20": 85.1
    },
    "mean_budget_grid": 21.881100327009857,
    "mean_add_points_grid": 41.4832,
    "nr_func_modeled_grid": 10000,
    "percentage_bucket_counter_bayesian": {
        "rest": 100.0,
        "5": 81.04,
        "10": 89.72,
        "15": 96.75,
        "20": 99.39
    },
    "mean_budget_bayesian": 31.168264638747765,
    "mean_add_points_bayesian": 82.95799579957996,
    "nr_func_modeled_bayesian": 9999,
    "percentage_bucket_counter_full": {
        "rest": 100.0,
        "5": 66.01,
        "10": 83.21,
        "15": 94.85,
        "20": 97.81
    },
    "percentage_bucket_counter_generic": {
        "rest": 100.0,
        "5": 81.86,
        "10": 89.27000000000001,
        "15": 96.09,
        "20": 98.2
    },
    "mean_budget_generic": 27.471104075649887,
    "mean_add_points_generic": 82.86045813744123,
    "nr_func_modeled_generic": 9997,
    "percentage_bucket_counter_gpr": {
        "rest": 100.0,
        "5": 83.48,
        "10": 93.83,
        "15": 97.31,
        "20": 99.38
    },
    "mean_add_points_gpr": 84.55088561993395,
    "mean_budget_gpr": 30.49142725363149,
    "nr_func_modeled_gpr": 9993,
    "percentage_bucket_counter_hybrid": {
        "rest": 100.0,
        "5": 83.48,
        "10": 93.83,
        "15": 97.31,
        "20": 99.38
    },
    "mean_budget_hybrid": 30.491386142884707,
    "mean_add_points_hybrid": 84.550985689983,
    "nr_func_modeled_hybrid": 9993,
    "point_map_generic": {
        "(4, 10)": 1.0,
        "(4, 20)": 2.0,
        "(4, 30)": 3.0,
        "(4, 40)": 4.0,
        "(4, 50)": 5.0,
        "(8, 10)": 6.4367,
        "(8, 20)": 10.0649,
        "(8, 30)": 10.6304,
        "(8, 40)": 12.4214,
        "(8, 50)": 13.8531,
        "(16, 10)": 7.7179,
        "(16, 20)": 13.167350205061519,
        "(16, 30)": 14.03370674134827,
        "(16, 40)": 16.334568395754054,
        "(16, 50)": 17.556956659955496,
        "(32, 10)": 9.007923608289314,
        "(32, 20)": 16.93340927920464,
        "(32, 30)": 17.57540525433203,
        "(32, 40)": 20.188646288209608,
        "(32, 50)": 21.119576535925027,
        "(64, 10)": 9.0,
        "(64, 20)": 20.529888551165147,
        "(64, 30)": 17.929931728350702,
        "(64, 40)": 0,
        "(64, 50)": 0
    },
    "base_point_cost": 4.450699586865215,
    "min_points": 9,
    "budget": 32.0
}