{
    "percentage_bucket_counter_random": {
        "rest": 100.0,
        "5": 27.85,
        "10": 31.790000000000003,
        "15": 35.3,
        "20": 38.33
    },
    "mean_budget_random": 54.313196999999995,
    "mean_add_points_random": 75.7761,
    "nr_func_modeled_random": 10000,
    "percentage_bucket_counter_grid": {
        "rest": 100.0,
        "5": 76.4,
        "10": 90.34,
        "15": 96.61,
        "20": 99.37
    },
    "mean_budget_grid": 46.817383305205304,
    "mean_add_points_grid": 46.902360944377754,
    "nr_func_modeled_grid": 9996,
    "percentage_bucket_counter_bayesian": {
        "rest": 100.0,
        "5": 77.51,
        "10": 88.38000000000001,
        "15": 97.39,
        "20": 99.53999999999999
    },
    "mean_budget_bayesian": 56.62048605750525,
    "mean_add_points_bayesian": 90.91345672836418,
    "nr_func_modeled_bayesian": 9995,
    "percentage_bucket_counter_full": {
        "rest": 100.0,
        "5": 66.01,
        "10": 83.21,
        "15": 94.85,
        "20": 97.81
    },
    "percentage_bucket_counter_generic": {
        "rest": 100.0,
        "5": 82.57,
        "10": 91.69,
        "15": 96.75,
        "20": 99.44
    },
    "mean_budget_generic": 48.409979802014604,
    "mean_add_points_generic": 90.501300260052,
    "nr_func_modeled_generic": 9998,
    "percentage_bucket_counter_gpr": {
        "rest": 100.0,
        "5": 82.89999999999999,
        "10": 91.45,
        "15": 97.28,
        "20": 99.49
    },
    "mean_add_points_gpr": 91.9485691414849,
    "mean_budget_gpr": 55.589751350553875,
    "nr_func_modeled_gpr": 9994,
    "percentage_bucket_counter_hybrid": {
        "rest": 100.0,
        "5": 82.89999999999999,
        "10": 91.45,
        "15": 97.28,
        "20": 99.49
    },
    "mean_budget_hybrid": 55.58974533104681,
    "mean_add_points_hybrid": 91.9485691414849,
    "nr_func_modeled_hybrid": 9994,
    "point_map_generic": {
        "(4, 10)": 1.0,
        "(4, 20)": 2.0,
        "(4, 30)": 3.0,
        "(4, 40)": 4.0,
        "(4, 50)": 5.0,
        "(8, 10)": 6.4367,
        "(8, 20)": 10.0649,
        "(8, 30)": 10.6304,
        "(8, 40)": 12.4214,
        "(8, 50)": 13.8531,
        "(16, 10)": 7.7179,
        "(16, 20)": 13.1682,
        "(16, 30)": 14.0342,
        "(16, 40)": 16.3348,
        "(16, 50)": 17.6749,
        "(32, 10)": 9.178135627125425,
        "(32, 20)": 16.9737,
        "(32, 30)": 17.7255,
        "(32, 40)": 20.305230523052305,
        "(32, 50)": 21.22465016146394,
        "(64, 10)": 9.0,
        "(64, 20)": 21.124175479007434,
        "(64, 30)": 20.774769500951265,
        "(64, 40)": 23.99939283545841,
        "(64, 50)": 0
    },
    "base_point_cost": 4.450699586865215,
    "min_points": 9,
    "budget": 58.0
}