{
    "percentage_bucket_counter_random": {
        "rest": 100.0,
        "5": 27.85,
        "10": 31.790000000000003,
        "15": 35.3,
        "20": 38.33
    },
    "mean_budget_random": 43.483731,
    "mean_add_points_random": 69.307,
    "nr_func_modeled_random": 10000,
    "percentage_bucket_counter_grid": {
        "rest": 100.0,
        "5": 78.91,
        "10": 92.11,
        "15": 96.84,
        "20": 99.56
    },
    "mean_budget_grid": 36.01488959935931,
    "mean_add_points_grid": 44.667333466693336,
    "nr_func_modeled_grid": 9998,
    "percentage_bucket_counter_bayesian": {
        "rest": 100.0,
        "5": 82.08,
        "10": 89.75999999999999,
        "15": 97.24000000000001,
        "20": 99.56
    },
    "mean_budget_bayesian": 44.89488340756322,
    "mean_add_points_bayesian": 87.77863359007702,
    "nr_func_modeled_bayesian": 9997,
    "percentage_bucket_counter_full": {
        "rest": 100.0,
        "5": 66.01,
        "10": 83.21,
        "15": 94.85,
        "20": 97.81
    },
    "percentage_bucket_counter_generic": {
        "rest": 100.0,
        "5": 82.94,
        "10": 91.47,
        "15": 96.17,
        "20": 98.72999999999999
    },
    "mean_budget_generic": 37.40337952825772,
    "mean_add_points_generic": 87.54594594594595,
    "nr_func_modeled_generic": 9990,
    "percentage_bucket_counter_gpr": {
        "rest": 100.0,
        "5": 83.66,
        "10": 93.26,
        "15": 97.37,
        "20": 99.66000000000001
    },
    "mean_add_points_gpr": 89.060354318887,
    "mean_budget_gpr": 44.10830540789133,
    "nr_func_modeled_gpr": 9991,
    "percentage_bucket_counter_hybrid": {
        "rest": 100.0,
        "5": 83.66,
        "10": 93.26,
        "15": 97.37,
        "20": 99.66000000000001
    },
    "mean_budget_hybrid": 44.108369200848564,
    "mean_add_points_hybrid": 89.06055449904915,
    "nr_func_modeled_hybrid": 9991,
    "point_map_generic": {
        "(4, 10)": 1.0,
        "(4, 20)": 2.0,
        "(4, 30)": 3.0,
        "(4, 40)": 4.0,
        "(4, 50)": 5.0,
        "(8, 10)": 6.4367,
        "(8, 20)": 10.0649,
        "(8, 30)": 10.6304,
        "(8, 40)": 12.4214,
        "(8, 50)": 13.8531,
        "(16, 10)": 7.7179,
        "(16, 20)": 13.1682,
        "(16, 30)": 14.0342,
        "(16, 40)": 16.3348,
        "(16, 50)": 17.6749,
        "(32, 10)": 9.157014028056112,
        "(32, 20)": 16.973294658931785,
        "(32, 30)": 17.72511753526058,
        "(32, 40)": 20.293773119605426,
        "(32, 50)": 21.130434782608695,
        "(64, 10)": 9.0,
        "(64, 20)": 20.846885934219735,
        "(64, 30)": 20.06213317142279,
        "(64, 40)": 24.0,
        "(64, 50)": 0
    },
    "base_point_cost": 4.450699586865215,
    "min_points": 9,
    "budget": 46.0
}