{
    "percentage_bucket_counter_random": {
        "rest": 100.0,
        "5": 27.85,
        "10": 31.790000000000003,
        "15": 35.3,
        "20": 38.33
    },
    "mean_budget_random": 40.49283,
    "mean_add_points_random": 67.2312,
    "nr_func_modeled_random": 10000,
    "percentage_bucket_counter_grid": {
        "rest": 100.0,
        "5": 79.47,
        "10": 92.53,
        "15": 96.81,
        "20": 99.55000000000001
    },
    "mean_budget_grid": 33.45916630368226,
    "mean_add_points_grid": 44.136841052315695,
    "nr_func_modeled_grid": 9997,
    "percentage_bucket_counter_bayesian": {
        "rest": 100.0,
        "5": 81.98,
        "10": 89.78,
        "15": 97.28,
        "20": 99.37
    },
    "mean_budget_bayesian": 41.89640297761726,
    "mean_add_points_bayesian": 86.85388310648518,
    "nr_func_modeled_bayesian": 9992,
    "percentage_bucket_counter_full": {
        "rest": 100.0,
        "5": 66.01,
        "10": 83.21,
        "15": 94.85,
        "20": 97.81
    },
    "percentage_bucket_counter_generic": {
        "rest": 100.0,
        "5": 82.95,
        "10": 90.79,
        "15": 96.19,
        "20": 98.65
    },
    "mean_budget_generic": 34.47984534695447,
    "mean_add_points_generic": 86.60876525915549,
    "nr_func_modeled_generic": 9994,
    "percentage_bucket_counter_gpr": {
        "rest": 100.0,
        "5": 83.87,
        "10": 93.53,
        "15": 97.43,
        "20": 99.67
    },
    "mean_add_points_gpr": 88.21721721721721,
    "mean_budget_gpr": 41.122334888566094,
    "nr_func_modeled_gpr": 9990,
    "percentage_bucket_counter_hybrid": {
        "rest": 100.0,
        "5": 83.87,
        "10": 93.53,
        "15": 97.43,
        "20": 99.67
    },
    "mean_budget_hybrid": 41.122293741857796,
    "mean_add_points_hybrid": 88.21731731731732,
    "nr_func_modeled_hybrid": 9990,
    "point_map_generic": {
        "(4, 10)": 1.0,
        "(4, 20)": 2.0,
        "(4, 30)": 3.0,
        "(4, 40)": 4.0,
        "(4, 50)": 5.0,
        "(8, 10)": 6.4367,
        "(8, 20)": 10.0649,
        "(8, 30)": 10.6304,
        "(8, 40)": 12.4214,
        "(8, 50)": 13.8531,
        "(16, 10)": 7.7179,
        "(16, 20)": 13.1682,
        "(16, 30)": 14.0342,
        "(16, 40)": 16.3348,
        "(16, 50)": 17.6749,
        "(32, 10)": 9.145135406218657,
        "(32, 20)": 16.972889155662266,
        "(32, 30)": 17.721023582538887,
        "(32, 40)": 20.26205473501303,
        "(32, 50)": 21.133913711432594,
        "(64, 10)": 9.0,
        "(64, 20)": 20.69810116483166,
        "(64, 30)": 19.707921928817452,
        "(64, 40)": 24.0,
        "(64, 50)": 0
    },
    "base_point_cost": 4.450699586865215,
    "min_points": 9,
    "budget": 43.0
}