{
    "percentage_bucket_counter_random": {
        "rest": 100.0,
        "5": 27.38,
        "10": 31.25,
        "15": 34.71,
        "20": 37.7
    },
    "mean_budget_random": 18.55731263313357,
    "mean_add_points_random": 48.835393030794165,
    "nr_func_modeled_random": 9872,
    "percentage_bucket_counter_grid": {
        "rest": 100.0,
        "5": 56.830000000000005,
        "10": 63.71,
        "15": 68.14,
        "20": 70.81
    },
    "mean_budget_grid": 15.073944445305806,
    "mean_add_points_grid": 39.446515397082656,
    "nr_func_modeled_grid": 9872,
    "percentage_bucket_counter_bayesian": {
        "rest": 100.0,
        "5": 83.59,
        "10": 91.32000000000001,
        "15": 96.65,
        "20": 98.64
    },
    "mean_budget_bayesian": 19.52288003039543,
    "mean_add_points_bayesian": 76.55277388343681,
    "nr_func_modeled_bayesian": 9986,
    "percentage_bucket_counter_full": {
        "rest": 100.0,
        "5": 66.01,
        "10": 83.21,
        "15": 94.85,
        "20": 97.81
    },
    "percentage_bucket_counter_generic": {
        "rest": 100.0,
        "5": 79.25,
        "10": 84.96000000000001,
        "15": 93.15,
        "20": 94.95
    },
    "mean_budget_generic": 17.542098709156026,
    "mean_add_points_generic": 71.27657410232936,
    "nr_func_modeled_generic": 9831,
    "percentage_bucket_counter_gpr": {
        "rest": 100.0,
        "5": 81.58999999999999,
        "10": 89.53,
        "15": 95.85000000000001,
        "20": 98.06
    },
    "mean_add_points_gpr": 77.90167217382597,
    "mean_budget_gpr": 19.19623617189742,
    "nr_func_modeled_gpr": 9987,
    "percentage_bucket_counter_hybrid": {
        "rest": 100.0,
        "5": 81.58999999999999,
        "10": 89.53,
        "15": 95.85000000000001,
        "20": 98.06
    },
    "mean_budget_hybrid": 19.196273223888465,
    "mean_add_points_hybrid": 77.90217282467208,
    "nr_func_modeled_hybrid": 9987,
    "point_map_generic": {
        "(4, 10)": 1.0,
        "(4, 20)": 2.0,
        "(4, 30)": 3.0,
        "(4, 40)": 4.0,
        "(4, 50)": 5.0,
        "(8, 10)": 6.379621189101591,
        "(8, 20)": 10.044582043343654,
        "(8, 30)": 10.622739809990806,
        "(8, 40)": 12.455240522459382,
        "(8, 50)": 13.922470433639948,
        "(16, 10)": 7.37610712779418,
        "(16, 20)": 12.935850396496626,
        "(16, 30)": 13.870500233754091,
        "(16, 40)": 16.243606775157755,
        "(16, 50)": 17.455969853232844,
        "(32, 10)": 8.0,
        "(32, 20)": 16.54316822573225,
        "(32, 30)": 17.069875518672198,
        "(32, 40)": 20.180864046863558,
        "(32, 50)": 21.229130882858126,
        "(64, 10)": 9.0,
        "(64, 20)": 20.14102995624369,
        "(64, 30)": 10.580527752502276,
        "(64, 40)": 0,
        "(64, 50)": 0
    },
    "base_point_cost": 4.450699586865215,
    "min_points": 9,
    "budget": 20.0
}