{
    "percentage_bucket_counter_random": {
        "rest": 100.0,
        "5": 27.85,
        "10": 31.790000000000003,
        "15": 35.3,
        "20": 38.33
    },
    "mean_budget_random": 72.858712,
    "mean_add_points_random": 84.7384,
    "nr_func_modeled_random": 10000,
    "percentage_bucket_counter_grid": {
        "rest": 100.0,
        "5": 70.37,
        "10": 89.17,
        "15": 96.49,
        "20": 99.42999999999999
    },
    "mean_budget_grid": 63.53184103303608,
    "mean_add_points_grid": 52.408922676803044,
    "nr_func_modeled_grid": 9997,
    "percentage_bucket_counter_bayesian": {
        "rest": 100.0,
        "5": 77.06,
        "10": 88.66000000000001,
        "15": 97.24000000000001,
        "20": 99.52
    },
    "mean_budget_bayesian": 76.25399652288901,
    "mean_add_points_bayesian": 95.59371874374875,
    "nr_func_modeled_bayesian": 9998,
    "percentage_bucket_counter_full": {
        "rest": 100.0,
        "5": 66.01,
        "10": 83.21,
        "15": 94.85,
        "20": 97.81
    },
    "percentage_bucket_counter_generic": {
        "rest": 100.0,
        "5": 82.75,
        "10": 91.51,
        "15": 97.14,
        "20": 99.52
    },
    "mean_budget_generic": 65.0808331603086,
    "mean_add_points_generic": 94.418,
    "nr_func_modeled_generic": 10000,
    "percentage_bucket_counter_gpr": {
        "rest": 100.0,
        "5": 79.46,
        "10": 89.37,
        "15": 97.44,
        "20": 99.6
    },
    "mean_add_points_gpr": 95.88237647529506,
    "mean_budget_gpr": 75.31497543804899,
    "nr_func_modeled_gpr": 9998,
    "percentage_bucket_counter_hybrid": {
        "rest": 100.0,
        "5": 79.46,
        "10": 89.37,
        "15": 97.44,
        "20": 99.6
    },
    "mean_budget_hybrid": 75.31497543804899,
    "mean_add_points_hybrid": 95.88237647529506,
    "nr_func_modeled_hybrid": 9998,
    "point_map_generic": {
        "(4, 10)": 1.0,
        "(4, 20)": 2.0,
        "(4, 30)": 3.0,
        "(4, 40)": 4.0,
        "(4, 50)": 5.0,
        "(8, 10)": 6.4367,
        "(8, 20)": 10.0649,
        "(8, 30)": 10.6304,
        "(8, 40)": 12.4214,
        "(8, 50)": 13.8531,
        "(16, 10)": 7.7179,
        "(16, 20)": 13.1682,
        "(16, 30)": 14.0342,
        "(16, 40)": 16.3348,
        "(16, 50)": 17.6749,
        "(32, 10)": 9.1805,
        "(32, 20)": 16.9737,
        "(32, 30)": 17.7255,
        "(32, 40)": 20.3053,
        "(32, 50)": 21.3461,
        "(64, 10)": 10.158283719975364,
        "(64, 20)": 21.1637,
        "(64, 30)": 21.47904790479048,
        "(64, 40)": 23.959232233502537,
        "(64, 50)": 0
    },
    "base_point_cost": 4.450699586865215,
    "min_points": 9,
    "budget": 78.0
}