{
    "percentage_bucket_counter_random": {
        "rest": 100.0,
        "5": 36.5,
        "10": 40.31,
        "15": 44.04,
        "20": 46.27
    },
    "mean_budget_random": 41.347322999999996,
    "mean_add_points_random": 67.6009,
    "nr_func_modeled_random": 10000,
    "percentage_bucket_counter_grid": {
        "rest": 100.0,
        "5": 82.21000000000001,
        "10": 92.91,
        "15": 96.78,
        "20": 99.71
    },
    "mean_budget_grid": 34.34294916412125,
    "mean_add_points_grid": 44.28762876287629,
    "nr_func_modeled_grid": 9999,
    "percentage_bucket_counter_bayesian": {
        "rest": 100.0,
        "5": 85.65,
        "10": 93.46,
        "15": 97.68,
        "20": 99.85000000000001
    },
    "mean_budget_bayesian": 42.866514771697936,
    "mean_add_points_bayesian": 87.03282297608325,
    "nr_func_modeled_bayesian": 9993,
    "percentage_bucket_counter_full": {
        "rest": 100.0,
        "5": 85.67,
        "10": 93.36,
        "15": 97.7,
        "20": 99.92999999999999
    },
    "percentage_bucket_counter_generic": {
        "rest": 100.0,
        "5": 83.24000000000001,
        "10": 91.96,
        "15": 96.2,
        "20": 98.95
    },
    "mean_budget_generic": 35.29966939550784,
    "mean_add_points_generic": 86.79375875175035,
    "nr_func_modeled_generic": 9998,
    "percentage_bucket_counter_gpr": {
        "rest": 100.0,
        "5": 83.78,
        "10": 93.60000000000001,
        "15": 97.61,
        "20": 99.72999999999999
    },
    "mean_add_points_gpr": 88.39763858314988,
    "mean_budget_gpr": 42.09387921805469,
    "nr_func_modeled_gpr": 9994,
    "percentage_bucket_counter_hybrid": {
        "rest": 100.0,
        "5": 83.78,
        "10": 93.60000000000001,
        "15": 97.61,
        "20": 99.72999999999999
    },
    "mean_budget_hybrid": 42.09395802593054,
    "mean_add_points_hybrid": 88.39833900340204,
    "nr_func_modeled_hybrid": 9994,
    "point_map_generic": {
        "(4, 10)": 1.0,
        "(4, 20)": 2.0,
        "(4, 30)": 3.0,
        "(4, 40)": 4.0,
        "(4, 50)": 5.0,
        "(8, 10)": 6.0565,
        "(8, 20)": 9.9885,
        "(8, 30)": 11.0944,
        "(8, 40)": 12.4362,
        "(8, 50)": 13.8631,
        "(16, 10)": 7.08,
        "(16, 20)": 13.0757,
        "(16, 30)": 14.728,
        "(16, 40)": 16.3136,
        "(16, 50)": 17.6692,
        "(32, 10)": 8.093643473029879,
        "(32, 20)": 17.02730819245774,
        "(32, 30)": 18.740384615384617,
        "(32, 40)": 20.20283868234297,
        "(32, 50)": 21.242924830323986,
        "(64, 10)": 9.0,
        "(64, 20)": 20.785018844221106,
        "(64, 30)": 22.555365784230002,
        "(64, 40)": 24.0,
        "(64, 50)": 0
    },
    "base_point_cost": 4.446068947260631,
    "min_points": 9,
    "budget": 44.0
}