{
    "percentage_bucket_counter_random": {
        "rest": 100.0,
        "5": 36.5,
        "10": 40.31,
        "15": 44.04,
        "20": 46.27
    },
    "mean_budget_random": 79.20478200000001,
    "mean_add_points_random": 86.4975,
    "nr_func_modeled_random": 10000,
    "percentage_bucket_counter_grid": {
        "rest": 100.0,
        "5": 83.17999999999999,
        "10": 92.43,
        "15": 96.83,
        "20": 99.68
    },
    "mean_budget_grid": 66.61433329992987,
    "mean_add_points_grid": 53.5244195356285,
    "nr_func_modeled_grid": 9992,
    "percentage_bucket_counter_bayesian": {
        "rest": 100.0,
        "5": 85.74000000000001,
        "10": 93.47,
        "15": 97.76,
        "20": 99.94
    },
    "mean_budget_bayesian": 78.69514457971914,
    "mean_add_points_bayesian": 96.1821,
    "nr_func_modeled_bayesian": 10000,
    "percentage_bucket_counter_full": {
        "rest": 100.0,
        "5": 85.67,
        "10": 93.36,
        "15": 97.7,
        "20": 99.92999999999999
    },
    "percentage_bucket_counter_generic": {
        "rest": 100.0,
        "5": 83.59,
        "10": 93.35,
        "15": 97.45,
        "20": 99.72999999999999
    },
    "mean_budget_generic": 67.56715918702598,
    "mean_add_points_generic": 94.90185092546272,
    "nr_func_modeled_generic": 9995,
    "percentage_bucket_counter_gpr": {
        "rest": 100.0,
        "5": 85.76,
        "10": 93.44,
        "15": 97.77,
        "20": 99.92999999999999
    },
    "mean_add_points_gpr": 96.31813181318132,
    "mean_budget_gpr": 78.11139942502662,
    "nr_func_modeled_gpr": 9999,
    "percentage_bucket_counter_hybrid": {
        "rest": 100.0,
        "5": 85.76,
        "10": 93.44,
        "15": 97.77,
        "20": 99.92999999999999
    },
    "mean_budget_hybrid": 78.11139942502662,
    "mean_add_points_hybrid": 96.31813181318132,
    "nr_func_modeled_hybrid": 9999,
    "point_map_generic": {
        "(4, 10)": 1.0,
        "(4, 20)": 2.0,
        "(4, 30)": 3.0,
        "(4, 40)": 4.0,
        "(4, 50)": 5.0,
        "(8, 10)": 6.0565,
        "(8, 20)": 9.9885,
        "(8, 30)": 11.0944,
        "(8, 40)": 12.4362,
        "(8, 50)": 13.8631,
        "(16, 10)": 7.08,
        "(16, 20)": 13.0757,
        "(16, 30)": 14.728,
        "(16, 40)": 16.3136,
        "(16, 50)": 17.6692,
        "(32, 10)": 8.1272,
        "(32, 20)": 17.0279,
        "(32, 30)": 18.7408,
        "(32, 40)": 20.231,
        "(32, 50)": 21.4425,
        "(64, 10)": 9.112393376818867,
        "(64, 20)": 21.2058,
        "(64, 30)": 22.7594,
        "(64, 40)": 23.99410231792621,
        "(64, 50)": 0
    },
    "base_point_cost": 4.446068947260631,
    "min_points": 9,
    "budget": 81.0
}