{
    "percentage_bucket_counter_random": {
        "rest": 100.0,
        "5": 36.5,
        "10": 40.31,
        "15": 44.04,
        "20": 46.27
    },
    "mean_budget_random": 69.412357,
    "mean_add_points_random": 82.9302,
    "nr_func_modeled_random": 10000,
    "percentage_bucket_counter_grid": {
        "rest": 100.0,
        "5": 82.52000000000001,
        "10": 92.41,
        "15": 96.78999999999999,
        "20": 99.72999999999999
    },
    "mean_budget_grid": 57.684588621817475,
    "mean_add_points_grid": 50.45073522056617,
    "nr_func_modeled_grid": 9997,
    "percentage_bucket_counter_bayesian": {
        "rest": 100.0,
        "5": 85.72,
        "10": 93.47,
        "15": 97.74000000000001,
        "20": 99.9
    },
    "mean_budget_bayesian": 70.21832617737027,
    "mean_add_points_bayesian": 94.21908763505402,
    "nr_func_modeled_bayesian": 9996,
    "percentage_bucket_counter_full": {
        "rest": 100.0,
        "5": 85.67,
        "10": 93.36,
        "15": 97.7,
        "20": 99.92999999999999
    },
    "percentage_bucket_counter_generic": {
        "rest": 100.0,
        "5": 83.59,
        "10": 93.34,
        "15": 97.39,
        "20": 99.75
    },
    "mean_budget_generic": 61.720869351304884,
    "mean_add_points_generic": 93.53005901770531,
    "nr_func_modeled_generic": 9997,
    "percentage_bucket_counter_gpr": {
        "rest": 100.0,
        "5": 85.84,
        "10": 93.46,
        "15": 97.78999999999999,
        "20": 99.94
    },
    "mean_add_points_gpr": 94.6921,
    "mean_budget_gpr": 69.03406959986336,
    "nr_func_modeled_gpr": 10000,
    "percentage_bucket_counter_hybrid": {
        "rest": 100.0,
        "5": 85.84,
        "10": 93.46,
        "15": 97.78999999999999,
        "20": 99.94
    },
    "mean_budget_hybrid": 69.03402818813737,
    "mean_add_points_hybrid": 94.6921,
    "nr_func_modeled_hybrid": 10000,
    "point_map_generic": {
        "(4, 10)": 1.0,
        "(4, 20)": 2.0,
        "(4, 30)": 3.0,
        "(4, 40)": 4.0,
        "(4, 50)": 5.0,
        "(8, 10)": 6.0565,
        "(8, 20)": 9.9885,
        "(8, 30)": 11.0944,
        "(8, 40)": 12.4362,
        "(8, 50)": 13.8631,
        "(16, 10)": 7.08,
        "(16, 20)": 13.0757,
        "(16, 30)": 14.728,
        "(16, 40)": 16.3136,
        "(16, 50)": 17.6692,
        "(32, 10)": 8.1272,
        "(32, 20)": 17.0279,
        "(32, 30)": 18.7408,
        "(32, 40)": 20.231,
        "(32, 50)": 21.4425,
        "(64, 10)": 9.110999598554796,
        "(64, 20)": 21.2058,
        "(64, 30)": 22.7528251489624,
        "(64, 40)": 23.995640590942116,
        "(64, 50)": 0
    },
    "base_point_cost": 4.446068947260631,
    "min_points": 9,
    "budget": 72.0
}