{
    "percentage_bucket_counter_random": {
        "rest": 100.0,
        "5": 36.5,
        "10": 40.31,
        "15": 44.04,
        "20": 46.27
    },
    "mean_budget_random": 43.492422999999995,
    "mean_add_points_random": 69.1003,
    "nr_func_modeled_random": 10000,
    "percentage_bucket_counter_grid": {
        "rest": 100.0,
        "5": 82.19999999999999,
        "10": 92.88,
        "15": 96.77,
        "20": 99.68
    },
    "mean_budget_grid": 36.03753323769994,
    "mean_add_points_grid": 44.637454981992796,
    "nr_func_modeled_grid": 9996,
    "percentage_bucket_counter_bayesian": {
        "rest": 100.0,
        "5": 85.68,
        "10": 93.47,
        "15": 97.72,
        "20": 99.88
    },
    "mean_budget_bayesian": 44.88993005785481,
    "mean_add_points_bayesian": 87.68654327163581,
    "nr_func_modeled_bayesian": 9995,
    "percentage_bucket_counter_full": {
        "rest": 100.0,
        "5": 85.67,
        "10": 93.36,
        "15": 97.7,
        "20": 99.92999999999999
    },
    "percentage_bucket_counter_generic": {
        "rest": 100.0,
        "5": 83.31,
        "10": 92.17999999999999,
        "15": 96.28999999999999,
        "20": 99.00999999999999
    },
    "mean_budget_generic": 37.346951371068066,
    "mean_add_points_generic": 87.43634363436344,
    "nr_func_modeled_generic": 9999,
    "percentage_bucket_counter_gpr": {
        "rest": 100.0,
        "5": 83.78,
        "10": 93.61,
        "15": 97.61999999999999,
        "20": 99.74
    },
    "mean_add_points_gpr": 88.95537768884442,
    "mean_budget_gpr": 44.11193682813307,
    "nr_func_modeled_gpr": 9995,
    "percentage_bucket_counter_hybrid": {
        "rest": 100.0,
        "5": 83.78,
        "10": 93.61,
        "15": 97.61999999999999,
        "20": 99.74
    },
    "mean_budget_hybrid": 44.11178322071792,
    "mean_add_points_hybrid": 88.95617808904453,
    "nr_func_modeled_hybrid": 9995,
    "point_map_generic": {
        "(4, 10)": 1.0,
        "(4, 20)": 2.0,
        "(4, 30)": 3.0,
        "(4, 40)": 4.0,
        "(4, 50)": 5.0,
        "(8, 10)": 6.0565,
        "(8, 20)": 9.9885,
        "(8, 30)": 11.0944,
        "(8, 40)": 12.4362,
        "(8, 50)": 13.8631,
        "(16, 10)": 7.08,
        "(16, 20)": 13.0757,
        "(16, 30)": 14.728,
        "(16, 40)": 16.3136,
        "(16, 50)": 17.6692,
        "(32, 10)": 8.10011023148612,
        "(32, 20)": 17.02750550110022,
        "(32, 30)": 18.740722216665,
        "(32, 40)": 20.223986071282262,
        "(32, 50)": 21.240025094102887,
        "(64, 10)": 9.0,
        "(64, 20)": 20.892191722372353,
        "(64, 30)": 22.568823831535695,
        "(64, 40)": 24.0,
        "(64, 50)": 0
    },
    "base_point_cost": 4.446068947260631,
    "min_points": 9,
    "budget": 46.0
}