{
    "percentage_bucket_counter_random": {
        "rest": 100.0,
        "5": 36.5,
        "10": 40.31,
        "15": 44.04,
        "20": 46.27
    },
    "mean_budget_random": 42.298148999999995,
    "mean_add_points_random": 68.2235,
    "nr_func_modeled_random": 10000,
    "percentage_bucket_counter_grid": {
        "rest": 100.0,
        "5": 82.22,
        "10": 92.94,
        "15": 96.81,
        "20": 99.72
    },
    "mean_budget_grid": 35.22307499792226,
    "mean_add_points_grid": 44.4708,
    "nr_func_modeled_grid": 10000,
    "percentage_bucket_counter_bayesian": {
        "rest": 100.0,
        "5": 85.72,
        "10": 93.47,
        "15": 97.7,
        "20": 99.85000000000001
    },
    "mean_budget_bayesian": 43.8761335571609,
    "mean_add_points_bayesian": 87.35701420852511,
    "nr_func_modeled_bayesian": 9994,
    "percentage_bucket_counter_full": {
        "rest": 100.0,
        "5": 85.67,
        "10": 93.36,
        "15": 97.7,
        "20": 99.92999999999999
    },
    "percentage_bucket_counter_generic": {
        "rest": 100.0,
        "5": 83.27,
        "10": 92.09,
        "15": 96.21,
        "20": 98.99
    },
    "mean_budget_generic": 36.3294405904276,
    "mean_add_points_generic": 87.12391239123913,
    "nr_func_modeled_generic": 9999,
    "percentage_bucket_counter_gpr": {
        "rest": 100.0,
        "5": 83.71,
        "10": 93.58,
        "15": 97.59,
        "20": 99.71
    },
    "mean_add_points_gpr": 88.68034427542034,
    "mean_budget_gpr": 43.11116342632865,
    "nr_func_modeled_gpr": 9992,
    "percentage_bucket_counter_hybrid": {
        "rest": 100.0,
        "5": 83.71,
        "10": 93.58,
        "15": 97.59,
        "20": 99.71
    },
    "mean_budget_hybrid": 43.11160531090637,
    "mean_add_points_hybrid": 88.68174539631705,
    "nr_func_modeled_hybrid": 9992,
    "point_map_generic": {
        "(4, 10)": 1.0,
        "(4, 20)": 2.0,
        "(4, 30)": 3.0,
        "(4, 40)": 4.0,
        "(4, 50)": 5.0,
        "(8, 10)": 6.0565,
        "(8, 20)": 9.9885,
        "(8, 30)": 11.0944,
        "(8, 40)": 12.4362,
        "(8, 50)": 13.8631,
        "(16, 10)": 7.08,
        "(16, 20)": 13.0757,
        "(16, 30)": 14.728,
        "(16, 40)": 16.3136,
        "(16, 50)": 17.6692,
        "(32, 10)": 8.097524305903578,
        "(32, 20)": 17.02730819245774,
        "(32, 30)": 18.740670335167582,
        "(32, 40)": 20.218516984258493,
        "(32, 50)": 21.242458808618505,
        "(64, 10)": 9.0,
        "(64, 20)": 20.839245621912887,
        "(64, 30)": 22.566441136671177,
        "(64, 40)": 24.0,
        "(64, 50)": 0
    },
    "base_point_cost": 4.446068947260631,
    "min_points": 9,
    "budget": 45.0
}