{
    "percentage_bucket_counter_random": {
        "rest": 100.0,
        "5": 36.5,
        "10": 40.31,
        "15": 44.04,
        "20": 46.27
    },
    "mean_budget_random": 23.541871,
    "mean_add_points_random": 53.0856,
    "nr_func_modeled_random": 10000,
    "percentage_bucket_counter_grid": {
        "rest": 100.0,
        "5": 64.94,
        "10": 72.16,
        "15": 75.78,
        "20": 78.73
    },
    "mean_budget_grid": 17.905523042432158,
    "mean_add_points_grid": 40.29974987493747,
    "nr_func_modeled_grid": 9995,
    "percentage_bucket_counter_bayesian": {
        "rest": 100.0,
        "5": 83.89,
        "10": 92.25,
        "15": 96.8,
        "20": 99.42999999999999
    },
    "mean_budget_bayesian": 24.360802947541675,
    "mean_add_points_bayesian": 79.63747372635372,
    "nr_func_modeled_bayesian": 9991,
    "percentage_bucket_counter_full": {
        "rest": 100.0,
        "5": 85.67,
        "10": 93.36,
        "15": 97.7,
        "20": 99.92999999999999
    },
    "percentage_bucket_counter_generic": {
        "rest": 100.0,
        "5": 82.69999999999999,
        "10": 89.41,
        "15": 95.33,
        "20": 97.66
    },
    "mean_budget_generic": 21.714331919569446,
    "mean_add_points_generic": 77.96131876941577,
    "nr_func_modeled_generic": 9979,
    "percentage_bucket_counter_gpr": {
        "rest": 100.0,
        "5": 83.31,
        "10": 91.74,
        "15": 96.11,
        "20": 98.82
    },
    "mean_add_points_gpr": 81.15971597159717,
    "mean_budget_gpr": 23.86617166688281,
    "nr_func_modeled_gpr": 9999,
    "percentage_bucket_counter_hybrid": {
        "rest": 100.0,
        "5": 83.31,
        "10": 91.74,
        "15": 96.11,
        "20": 98.82
    },
    "mean_budget_hybrid": 23.866187351188067,
    "mean_add_points_hybrid": 81.16261626162617,
    "nr_func_modeled_hybrid": 9999,
    "point_map_generic": {
        "(4, 10)": 1.0,
        "(4, 20)": 2.0,
        "(4, 30)": 3.0,
        "(4, 40)": 4.0,
        "(4, 50)": 5.0,
        "(8, 10)": 6.053721488595438,
        "(8, 20)": 9.987896368910674,
        "(8, 30)": 11.0944,
        "(8, 40)": 12.436243624362437,
        "(8, 50)": 13.864104873411389,
        "(16, 10)": 7.073073073073073,
        "(16, 20)": 13.061529150695986,
        "(16, 30)": 14.72396996143698,
        "(16, 40)": 16.318067226890758,
        "(16, 50)": 17.359843370240345,
        "(32, 10)": 8.066525977288714,
        "(32, 20)": 16.855782960495002,
        "(32, 30)": 18.672249494657812,
        "(32, 40)": 20.180698967434473,
        "(32, 50)": 21.266777133388565,
        "(64, 10)": 9.0,
        "(64, 20)": 20.46247300215983,
        "(64, 30)": 21.608381502890172,
        "(64, 40)": 0,
        "(64, 50)": 0
    },
    "base_point_cost": 4.446068947260631,
    "min_points": 9,
    "budget": 25.0
}