{
    "percentage_bucket_counter_random": {
        "rest": 100.0,
        "5": 30.740000000000002,
        "10": 33.79,
        "15": 37.3,
        "20": 39.2
    },
    "mean_budget_random": 15.38642389737365,
    "mean_add_points_random": 49.321090201168076,
    "nr_func_modeled_random": 7705,
    "percentage_bucket_counter_grid": {
        "rest": 100.0,
        "5": 50.51,
        "10": 56.26,
        "15": 60.24,
        "20": 62.77
    },
    "mean_budget_grid": 11.691319423141215,
    "mean_add_points_grid": 39.547649961049075,
    "nr_func_modeled_grid": 7702,
    "percentage_bucket_counter_bayesian": {
        "rest": 100.0,
        "5": 83.75,
        "10": 90.66,
        "15": 96.03,
        "20": 98.3
    },
    "mean_budget_bayesian": 16.59985088860888,
    "mean_add_points_bayesian": 73.60344827586206,
    "nr_func_modeled_bayesian": 9976,
    "percentage_bucket_counter_full": {
        "rest": 100.0,
        "5": 85.67,
        "10": 93.36,
        "15": 97.7,
        "20": 99.92999999999999
    },
    "percentage_bucket_counter_generic": {
        "rest": 100.0,
        "5": 63.660000000000004,
        "10": 67.16,
        "15": 72.44,
        "20": 73.55000000000001
    },
    "mean_budget_generic": 14.591807888957684,
    "mean_add_points_generic": 72.84100962789488,
    "nr_func_modeled_generic": 7686,
    "percentage_bucket_counter_gpr": {
        "rest": 100.0,
        "5": 82.82000000000001,
        "10": 90.02,
        "15": 95.65,
        "20": 98.17
    },
    "mean_add_points_gpr": 74.99529293940911,
    "mean_budget_gpr": 16.384593239425897,
    "nr_func_modeled_gpr": 9985,
    "percentage_bucket_counter_hybrid": {
        "rest": 100.0,
        "5": 82.82000000000001,
        "10": 90.02,
        "15": 95.65,
        "20": 98.17
    },
    "mean_budget_hybrid": 16.384541289549873,
    "mean_add_points_hybrid": 75.00020030045067,
    "nr_func_modeled_hybrid": 9985,
    "point_map_generic": {
        "(4, 10)": 1.0,
        "(4, 20)": 2.0,
        "(4, 30)": 3.0,
        "(4, 40)": 4.0,
        "(4, 50)": 5.0,
        "(8, 10)": 6.0,
        "(8, 20)": 9.97238864287575,
        "(8, 30)": 11.121344448855366,
        "(8, 40)": 12.549065420560748,
        "(8, 50)": 13.7338736913205,
        "(16, 10)": 7.0,
        "(16, 20)": 12.851944098519441,
        "(16, 30)": 14.669226136705811,
        "(16, 40)": 16.18590644448906,
        "(16, 50)": 17.452526487367564,
        "(32, 10)": 8.0,
        "(32, 20)": 16.628893306825713,
        "(32, 30)": 18.71510152284264,
        "(32, 40)": 20.141258741258742,
        "(32, 50)": 21.205658783783782,
        "(64, 10)": 9.0,
        "(64, 20)": 20.17861688587187,
        "(64, 30)": 10.420289855072463,
        "(64, 40)": 0,
        "(64, 50)": 0
    },
    "base_point_cost": 4.446068947260631,
    "min_points": 9,
    "budget": 17.0
}