{
    "percentage_bucket_counter_random": {
        "rest": 100.0,
        "5": 36.5,
        "10": 40.31,
        "15": 44.04,
        "20": 46.27
    },
    "mean_budget_random": 64.23924999999998,
    "mean_add_points_random": 80.2246,
    "nr_func_modeled_random": 10000,
    "percentage_bucket_counter_grid": {
        "rest": 100.0,
        "5": 82.46,
        "10": 92.43,
        "15": 96.78999999999999,
        "20": 99.72999999999999
    },
    "mean_budget_grid": 53.775669605517244,
    "mean_add_points_grid": 49.11484593837535,
    "nr_func_modeled_grid": 9996,
    "percentage_bucket_counter_bayesian": {
        "rest": 100.0,
        "5": 85.76,
        "10": 93.41000000000001,
        "15": 97.74000000000001,
        "20": 99.91
    },
    "mean_budget_bayesian": 65.16159396449247,
    "mean_add_points_bayesian": 93.15464639391817,
    "nr_func_modeled_bayesian": 9997,
    "percentage_bucket_counter_full": {
        "rest": 100.0,
        "5": 85.67,
        "10": 93.36,
        "15": 97.7,
        "20": 99.92999999999999
    },
    "percentage_bucket_counter_generic": {
        "rest": 100.0,
        "5": 83.71,
        "10": 93.38,
        "15": 97.38,
        "20": 99.74
    },
    "mean_budget_generic": 58.03130599712587,
    "mean_add_points_generic": 92.69653930786157,
    "nr_func_modeled_generic": 9998,
    "percentage_bucket_counter_gpr": {
        "rest": 100.0,
        "5": 85.61999999999999,
        "10": 93.47,
        "15": 97.76,
        "20": 99.9
    },
    "mean_add_points_gpr": 93.74549819927971,
    "mean_budget_gpr": 64.57047325132477,
    "nr_func_modeled_gpr": 9996,
    "percentage_bucket_counter_hybrid": {
        "rest": 100.0,
        "5": 85.61999999999999,
        "10": 93.47,
        "15": 97.76,
        "20": 99.9
    },
    "mean_budget_hybrid": 64.5704890099218,
    "mean_add_points_hybrid": 93.74549819927971,
    "nr_func_modeled_hybrid": 9996,
    "point_map_generic": {
        "(4, 10)": 1.0,
        "(4, 20)": 2.0,
        "(4, 30)": 3.0,
        "(4, 40)": 4.0,
        "(4, 50)": 5.0,
        "(8, 10)": 6.0565,
        "(8, 20)": 9.9885,
        "(8, 30)": 11.0944,
        "(8, 40)": 12.4362,
        "(8, 50)": 13.8631,
        "(16, 10)": 7.08,
        "(16, 20)": 13.0757,
        "(16, 30)": 14.728,
        "(16, 40)": 16.3136,
        "(16, 50)": 17.6692,
        "(32, 10)": 8.1272,
        "(32, 20)": 17.0279,
        "(32, 30)": 18.7408,
        "(32, 40)": 20.231,
        "(32, 50)": 21.440452361889513,
        "(64, 10)": 9.09983929288871,
        "(64, 20)": 21.205402701350675,
        "(64, 30)": 22.7222029788708,
        "(64, 40)": 23.997449792795663,
        "(64, 50)": 0
    },
    "base_point_cost": 4.446068947260631,
    "min_points": 9,
    "budget": 67.0
}