{
    "percentage_bucket_counter_random": {
        "rest": 100.0,
        "5": 36.5,
        "10": 40.31,
        "15": 44.04,
        "20": 46.27
    },
    "mean_budget_random": 74.205663,
    "mean_add_points_random": 85.0002,
    "nr_func_modeled_random": 10000,
    "percentage_bucket_counter_grid": {
        "rest": 100.0,
        "5": 82.89999999999999,
        "10": 92.45,
        "15": 96.83,
        "20": 99.7
    },
    "mean_budget_grid": 64.23044933147294,
    "mean_add_points_grid": 52.75645387232339,
    "nr_func_modeled_grid": 9994,
    "percentage_bucket_counter_bayesian": {
        "rest": 100.0,
        "5": 85.74000000000001,
        "10": 93.47,
        "15": 97.76,
        "20": 99.94
    },
    "mean_budget_bayesian": 77.13515081380051,
    "mean_add_points_bayesian": 95.7414,
    "nr_func_modeled_bayesian": 10000,
    "percentage_bucket_counter_full": {
        "rest": 100.0,
        "5": 85.67,
        "10": 93.36,
        "15": 97.7,
        "20": 99.92999999999999
    },
    "percentage_bucket_counter_generic": {
        "rest": 100.0,
        "5": 83.6,
        "10": 93.35,
        "15": 97.39999999999999,
        "20": 99.78
    },
    "mean_budget_generic": 65.88647344425635,
    "mean_add_points_generic": 94.5052,
    "nr_func_modeled_generic": 10000,
    "percentage_bucket_counter_gpr": {
        "rest": 100.0,
        "5": 85.77,
        "10": 93.45,
        "15": 97.78,
        "20": 99.94
    },
    "mean_add_points_gpr": 95.9771,
    "mean_budget_gpr": 76.26358340347647,
    "nr_func_modeled_gpr": 10000,
    "percentage_bucket_counter_hybrid": {
        "rest": 100.0,
        "5": 85.77,
        "10": 93.45,
        "15": 97.78,
        "20": 99.94
    },
    "mean_budget_hybrid": 76.26358340347647,
    "mean_add_points_hybrid": 95.9771,
    "nr_func_modeled_hybrid": 10000,
    "point_map_generic": {
        "(4, 10)": 1.0,
        "(4, 20)": 2.0,
        "(4, 30)": 3.0,
        "(4, 40)": 4.0,
        "(4, 50)": 5.0,
        "(8, 10)": 6.0565,
        "(8, 20)": 9.9885,
        "(8, 30)": 11.0944,
        "(8, 40)": 12.4362,
        "(8, 50)": 13.8631,
        "(16, 10)": 7.08,
        "(16, 20)": 13.0757,
        "(16, 30)": 14.728,
        "(16, 40)": 16.3136,
        "(16, 50)": 17.6692,
        "(32, 10)": 8.1272,
        "(32, 20)": 17.0279,
        "(32, 30)": 18.7408,
        "(32, 40)": 20.231,
        "(32, 50)": 21.4425,
        "(64, 10)": 9.112393376818867,
        "(64, 20)": 21.2058,
        "(64, 30)": 22.7594,
        "(64, 40)": 23.99348999682439,
        "(64, 50)": 0
    },
    "base_point_cost": 4.446068947260631,
    "min_points": 9,
    "budget": 79.0
}