{
    "percentage_bucket_counter_random": {
        "rest": 100.0,
        "5": 36.5,
        "10": 40.31,
        "15": 44.04,
        "20": 46.27
    },
    "mean_budget_random": 36.117598,
    "mean_add_points_random": 64.3953,
    "nr_func_modeled_random": 10000,
    "percentage_bucket_counter_grid": {
        "rest": 100.0,
        "5": 81.12,
        "10": 91.39,
        "15": 95.43,
        "20": 98.27
    },
    "mean_budget_grid": 28.814973653647836,
    "mean_add_points_grid": 43.12525010004001,
    "nr_func_modeled_grid": 9996,
    "percentage_bucket_counter_bayesian": {
        "rest": 100.0,
        "5": 85.13,
        "10": 93.24,
        "15": 97.59,
        "20": 99.89
    },
    "mean_budget_bayesian": 36.995807554381635,
    "mean_add_points_bayesian": 85.16771677167716,
    "nr_func_modeled_bayesian": 9999,
    "percentage_bucket_counter_full": {
        "rest": 100.0,
        "5": 85.67,
        "10": 93.36,
        "15": 97.7,
        "20": 99.92999999999999
    },
    "percentage_bucket_counter_generic": {
        "rest": 100.0,
        "5": 83.17,
        "10": 91.59,
        "15": 96.00999999999999,
        "20": 98.76
    },
    "mean_budget_generic": 31.493862573444154,
    "mean_add_points_generic": 85.11291129112911,
    "nr_func_modeled_generic": 9999,
    "percentage_bucket_counter_gpr": {
        "rest": 100.0,
        "5": 83.98,
        "10": 93.56,
        "15": 97.58,
        "20": 99.63
    },
    "mean_add_points_gpr": 86.58829414707354,
    "mean_budget_gpr": 36.30922063657989,
    "nr_func_modeled_gpr": 9995,
    "percentage_bucket_counter_hybrid": {
        "rest": 100.0,
        "5": 83.98,
        "10": 93.56,
        "15": 97.58,
        "20": 99.63
    },
    "mean_budget_hybrid": 36.309213548199985,
    "mean_add_points_hybrid": 86.58909454727363,
    "nr_func_modeled_hybrid": 9995,
    "point_map_generic": {
        "(4, 10)": 1.0,
        "(4, 20)": 2.0,
        "(4, 30)": 3.0,
        "(4, 40)": 4.0,
        "(4, 50)": 5.0,
        "(8, 10)": 6.0565,
        "(8, 20)": 9.9885,
        "(8, 30)": 11.0944,
        "(8, 40)": 12.4362,
        "(8, 50)": 13.8631,
        "(16, 10)": 7.08,
        "(16, 20)": 13.0757,
        "(16, 30)": 14.728,
        "(16, 40)": 16.3136,
        "(16, 50)": 17.65660415204092,
        "(32, 10)": 8.0795944996487,
        "(32, 20)": 17.021109770808202,
        "(32, 30)": 18.73461656598751,
        "(32, 40)": 20.145766477412984,
        "(32, 50)": 21.230027349935224,
        "(64, 10)": 9.0,
        "(64, 20)": 20.6974395961053,
        "(64, 30)": 22.437028657616892,
        "(64, 40)": 0,
        "(64, 50)": 0
    },
    "base_point_cost": 4.446068947260631,
    "min_points": 9,
    "budget": 38.0
}