{
    "percentage_bucket_counter_full": {
        "rest": 100.0,
        "5": 44.68,
        "10": 72.34,
        "15": 92.66,
        "20": 98.47
    },
    "percentage_bucket_counter_generic": {
        "rest": 100.0,
        "5": 59.46,
        "10": 82.19999999999999,
        "15": 93.44,
        "20": 97.74000000000001
    },
    "percentage_bucket_counter_gpr": {
        "rest": 100.0,
        "5": 59.199999999999996,
        "10": 81.97,
        "15": 93.44,
        "20": 97.75
    },
    "percentage_bucket_counter_hybrid": {
        "rest": 100.0,
        "5": 59.199999999999996,
        "10": 81.96,
        "15": 93.44,
        "20": 97.75
    },
    "mean_budget_generic": 29.03723575841902,
    "mean_add_points_generic": 11.8872,
    "mean_budget_gpr": 29.037972937382712,
    "mean_add_points_gpr": 10.8873,
    "mean_budget_hybrid": 29.037924285870023,
    "mean_add_points_hybrid": 10.8878,
    "base_point_cost": 8.712563912945027,
    "min_points": 9,
    "budget": 34
}