{
    "percentage_bucket_counter_full": {
        "rest": 100.0,
        "5": 44.68,
        "10": 72.34,
        "15": 92.66,
        "20": 98.47
    },
    "percentage_bucket_counter_generic": {
        "rest": 100.0,
        "5": 59.34,
        "10": 80.76,
        "15": 89.5,
        "20": 94.56
    },
    "percentage_bucket_counter_gpr": {
        "rest": 100.0,
        "5": 59.07,
        "10": 80.5,
        "15": 89.29,
        "20": 94.51
    },
    "percentage_bucket_counter_hybrid": {
        "rest": 100.0,
        "5": 59.07,
        "10": 80.49,
        "15": 89.29,
        "20": 94.51
    },
    "mean_budget_generic": 20.038724314608316,
    "mean_add_points_generic": 9.9817,
    "mean_budget_gpr": 20.040745305627283,
    "mean_add_points_gpr": 8.9826,
    "mean_budget_hybrid": 20.040720437322534,
    "mean_add_points_hybrid": 8.9826,
    "base_point_cost": 8.712563912945027,
    "min_points": 9,
    "budget": 23
}