{
    "percentage_bucket_counter_full": {
        "rest": 100.0,
        "5": 44.68,
        "10": 72.34,
        "15": 92.66,
        "20": 98.47
    },
    "percentage_bucket_counter_generic": {
        "rest": 100.0,
        "5": 59.78,
        "10": 82.58,
        "15": 93.56,
        "20": 98.00999999999999
    },
    "percentage_bucket_counter_gpr": {
        "rest": 100.0,
        "5": 59.39,
        "10": 82.33,
        "15": 93.54,
        "20": 98.0
    },
    "percentage_bucket_counter_hybrid": {
        "rest": 100.0,
        "5": 59.39,
        "10": 82.33,
        "15": 93.54,
        "20": 98.0
    },
    "mean_budget_generic": 30.993156105494958,
    "mean_add_points_generic": 12.1606,
    "mean_budget_gpr": 30.99229917103206,
    "mean_add_points_gpr": 11.161,
    "mean_budget_hybrid": 30.99229917103206,
    "mean_add_points_hybrid": 11.161,
    "base_point_cost": 8.712563912945027,
    "min_points": 9,
    "budget": 37
}