{
    "percentage_bucket_counter_full": {
        "rest": 100.0,
        "5": 44.68,
        "10": 72.34,
        "15": 92.66,
        "20": 98.47
    },
    "percentage_bucket_counter_generic": {
        "rest": 100.0,
        "5": 51.68000000000001,
        "10": 80.7,
        "15": 94.17999999999999,
        "20": 98.27
    },
    "percentage_bucket_counter_gpr": {
        "rest": 100.0,
        "5": 52.449999999999996,
        "10": 81.31,
        "15": 94.39999999999999,
        "20": 98.3
    },
    "percentage_bucket_counter_hybrid": {
        "rest": 100.0,
        "5": 52.449999999999996,
        "10": 81.31,
        "15": 94.39999999999999,
        "20": 98.3
    },
    "mean_budget_generic": 40.333885373417345,
    "mean_add_points_generic": 13.0599,
    "mean_budget_gpr": 40.340769085887636,
    "mean_add_points_gpr": 12.0609,
    "mean_budget_hybrid": 40.340769085887636,
    "mean_add_points_hybrid": 12.0609,
    "base_point_cost": 8.712563912945027,
    "min_points": 9,
    "budget": 49
}