{
    "percentage_bucket_counter_full": {
        "rest": 100.0,
        "5": 44.68,
        "10": 72.34,
        "15": 92.66,
        "20": 98.47
    },
    "percentage_bucket_counter_generic": {
        "rest": 100.0,
        "5": 49.26,
        "10": 80.0,
        "15": 96.06,
        "20": 99.32
    },
    "percentage_bucket_counter_gpr": {
        "rest": 100.0,
        "5": 48.68,
        "10": 79.42,
        "15": 95.63000000000001,
        "20": 99.06
    },
    "percentage_bucket_counter_hybrid": {
        "rest": 100.0,
        "5": 48.68,
        "10": 79.42,
        "15": 95.63000000000001,
        "20": 99.06
    },
    "mean_budget_generic": 69.74412204733994,
    "mean_add_points_generic": 14.7978,
    "mean_budget_gpr": 69.79015760465145,
    "mean_add_points_gpr": 13.8007,
    "mean_budget_hybrid": 69.79015760465145,
    "mean_add_points_hybrid": 13.8007,
    "base_point_cost": 8.712563912945027,
    "min_points": 9,
    "budget": 82
}