{
    "percentage_bucket_counter_full": {
        "rest": 100.0,
        "5": 44.68,
        "10": 72.34,
        "15": 92.66,
        "20": 98.47
    },
    "percentage_bucket_counter_generic": {
        "rest": 100.0,
        "5": 42.63,
        "10": 56.14,
        "15": 62.25000000000001,
        "20": 65.5
    },
    "percentage_bucket_counter_gpr": {
        "rest": 100.0,
        "5": 54.98,
        "10": 71.14,
        "15": 78.94,
        "20": 82.77
    },
    "percentage_bucket_counter_hybrid": {
        "rest": 100.0,
        "5": 54.98,
        "10": 71.14,
        "15": 78.95,
        "20": 82.77
    },
    "mean_budget_generic": 9.51544898791812,
    "mean_add_points_generic": 3.3052,
    "mean_budget_gpr": 9.769792836694114,
    "mean_add_points_gpr": 2.9797,
    "mean_budget_hybrid": 9.769792123182564,
    "mean_add_points_hybrid": 2.9797,
    "base_point_cost": 8.712563912945027,
    "min_points": 9,
    "budget": 4
}