{
    "percentage_bucket_counter_full": {
        "rest": 100.0,
        "5": 44.68,
        "10": 72.34,
        "15": 92.66,
        "20": 98.47
    },
    "percentage_bucket_counter_generic": {
        "rest": 100.0,
        "5": 47.42,
        "10": 79.36999999999999,
        "15": 94.06,
        "20": 98.11999999999999
    },
    "percentage_bucket_counter_gpr": {
        "rest": 100.0,
        "5": 48.38,
        "10": 80.08,
        "15": 94.28,
        "20": 98.15
    },
    "percentage_bucket_counter_hybrid": {
        "rest": 100.0,
        "5": 48.38,
        "10": 80.08,
        "15": 94.28,
        "20": 98.15
    },
    "mean_budget_generic": 43.21208392735782,
    "mean_add_points_generic": 13.2584,
    "mean_budget_gpr": 43.20900429851586,
    "mean_add_points_gpr": 12.259,
    "mean_budget_hybrid": 43.20900429851586,
    "mean_add_points_hybrid": 12.259,
    "base_point_cost": 8.712563912945027,
    "min_points": 9,
    "budget": 52
}