{
    "percentage_bucket_counter_full": {
        "rest": 100.0,
        "5": 44.68,
        "10": 72.34,
        "15": 92.66,
        "20": 98.47
    },
    "percentage_bucket_counter_generic": {
        "rest": 100.0,
        "5": 43.09,
        "10": 78.13,
        "15": 94.85,
        "20": 98.28
    },
    "percentage_bucket_counter_gpr": {
        "rest": 100.0,
        "5": 44.31,
        "10": 79.21000000000001,
        "15": 95.1,
        "20": 98.28
    },
    "percentage_bucket_counter_hybrid": {
        "rest": 100.0,
        "5": 44.31,
        "10": 79.21000000000001,
        "15": 95.1,
        "20": 98.28
    },
    "mean_budget_generic": 52.219041353325956,
    "mean_add_points_generic": 13.8038,
    "mean_budget_gpr": 52.22644210572537,
    "mean_add_points_gpr": 12.8049,
    "mean_budget_hybrid": 52.22644210572537,
    "mean_add_points_hybrid": 12.8049,
    "base_point_cost": 8.712563912945027,
    "min_points": 9,
    "budget": 62
}