{
    "percentage_bucket_counter_full": {
        "rest": 100.0,
        "5": 44.68,
        "10": 72.34,
        "15": 92.66,
        "20": 98.47
    },
    "percentage_bucket_counter_generic": {
        "rest": 100.0,
        "5": 55.11000000000001,
        "10": 81.53,
        "15": 93.82000000000001,
        "20": 98.18
    },
    "percentage_bucket_counter_gpr": {
        "rest": 100.0,
        "5": 55.589999999999996,
        "10": 81.78,
        "15": 94.0,
        "20": 98.2
    },
    "percentage_bucket_counter_hybrid": {
        "rest": 100.0,
        "5": 55.589999999999996,
        "10": 81.78,
        "15": 94.0,
        "20": 98.2
    },
    "mean_budget_generic": 37.44078923920237,
    "mean_add_points_generic": 12.8357,
    "mean_budget_gpr": 37.45198065660045,
    "mean_add_points_gpr": 11.8369,
    "mean_budget_hybrid": 37.45198065660045,
    "mean_add_points_hybrid": 11.8369,
    "base_point_cost": 8.712563912945027,
    "min_points": 9,
    "budget": 46
}