{
    "percentage_bucket_counter_full": {
        "rest": 100.0,
        "5": 44.68,
        "10": 72.34,
        "15": 92.66,
        "20": 98.47
    },
    "percentage_bucket_counter_generic": {
        "rest": 100.0,
        "5": 46.79,
        "10": 77.48,
        "15": 95.3,
        "20": 99.31
    },
    "percentage_bucket_counter_gpr": {
        "rest": 100.0,
        "5": 47.11,
        "10": 77.88000000000001,
        "15": 95.43,
        "20": 99.31
    },
    "percentage_bucket_counter_hybrid": {
        "rest": 100.0,
        "5": 47.11,
        "10": 77.88000000000001,
        "15": 95.43,
        "20": 99.31
    },
    "mean_budget_generic": 64.41302060328246,
    "mean_add_points_generic": 14.4918,
    "mean_budget_gpr": 64.40911082890122,
    "mean_add_points_gpr": 13.4918,
    "mean_budget_hybrid": 64.40911082890122,
    "mean_add_points_hybrid": 13.4918,
    "base_point_cost": 8.712563912945027,
    "min_points": 9,
    "budget": 76
}