{
    "percentage_bucket_counter_full": {
        "rest": 100.0,
        "5": 44.68,
        "10": 72.34,
        "15": 92.66,
        "20": 98.47
    },
    "percentage_bucket_counter_generic": {
        "rest": 100.0,
        "5": 41.36,
        "10": 74.68,
        "15": 94.42,
        "20": 98.38
    },
    "percentage_bucket_counter_gpr": {
        "rest": 100.0,
        "5": 41.949999999999996,
        "10": 75.39,
        "15": 94.55,
        "20": 98.38
    },
    "percentage_bucket_counter_hybrid": {
        "rest": 100.0,
        "5": 41.949999999999996,
        "10": 75.39,
        "15": 94.55,
        "20": 98.38
    },
    "mean_budget_generic": 59.723627138203945,
    "mean_add_points_generic": 14.2368,
    "mean_budget_gpr": 59.71967039428486,
    "mean_add_points_gpr": 13.2369,
    "mean_budget_hybrid": 59.71967039428486,
    "mean_add_points_hybrid": 13.2369,
    "base_point_cost": 8.712563912945027,
    "min_points": 9,
    "budget": 69
}