{
    "percentage_bucket_counter_full": {
        "rest": 100.0,
        "5": 38.88888888888889,
        "10": 44.44444444444444,
        "15": 44.44444444444444,
        "20": 50.0
    },
    "percentage_bucket_counter_generic": {
        "rest": 100.0,
        "5": 16.666666666666664,
        "10": 38.88888888888889,
        "15": 55.55555555555556,
        "20": 61.111111111111114
    },
    "mean_budget_generic": 73.65373830223074,
    "mean_add_points_generic": 114.44444444444444,
    "nr_func_modeled_generic": 18,
    "percentage_bucket_counter_gpr": {
        "rest": 100.0,
        "5": 5.555555555555555,
        "10": 44.44444444444444,
        "15": 61.111111111111114,
        "20": 61.111111111111114
    },
    "mean_add_points_gpr": 115.77777777777777,
    "mean_budget_gpr": 83.17946885426745,
    "nr_func_modeled_gpr": 18,
    "percentage_bucket_counter_hybrid": {
        "rest": 100.0,
        "5": 5.555555555555555,
        "10": 44.44444444444444,
        "15": 61.111111111111114,
        "20": 61.111111111111114
    },
    "mean_budget_hybrid": 83.18263441787762,
    "mean_add_points_hybrid": 115.77777777777777,
    "nr_func_modeled_hybrid": 18,
    "base_point_cost": 11.330600953895996,
    "min_points": 9,
    "budget": 86
}