{
    "percentage_bucket_counter_full": {
        "rest": 100.0,
        "5": 38.88888888888889,
        "10": 44.44444444444444,
        "15": 44.44444444444444,
        "20": 50.0
    },
    "percentage_bucket_counter_generic": {
        "rest": 100.0,
        "5": 0.0,
        "10": 11.11111111111111,
        "15": 27.77777777777778,
        "20": 44.44444444444444
    },
    "mean_budget_generic": 51.766397537397076,
    "mean_add_points_generic": 101.11111111111111,
    "nr_func_modeled_generic": 18,
    "percentage_bucket_counter_gpr": {
        "rest": 100.0,
        "5": 38.88888888888889,
        "10": 50.0,
        "15": 50.0,
        "20": 61.111111111111114
    },
    "mean_add_points_gpr": 105.55555555555556,
    "mean_budget_gpr": 55.079486904131755,
    "nr_func_modeled_gpr": 18,
    "percentage_bucket_counter_hybrid": {
        "rest": 100.0,
        "5": 33.33333333333333,
        "10": 38.88888888888889,
        "15": 50.0,
        "20": 61.111111111111114
    },
    "mean_budget_hybrid": 54.951569264594866,
    "mean_add_points_hybrid": 105.44444444444444,
    "nr_func_modeled_hybrid": 18,
    "base_point_cost": 11.330600953895996,
    "min_points": 9,
    "budget": 56
}