{
    "percentage_bucket_counter_full": {
        "rest": 100.0,
        "5": 38.88888888888889,
        "10": 44.44444444444444,
        "15": 44.44444444444444,
        "20": 50.0
    },
    "percentage_bucket_counter_generic": {
        "rest": 100.0,
        "5": 11.11111111111111,
        "10": 11.11111111111111,
        "15": 27.77777777777778,
        "20": 44.44444444444444
    },
    "mean_budget_generic": 43.65492713603399,
    "mean_add_points_generic": 89.72222222222223,
    "nr_func_modeled_generic": 18,
    "percentage_bucket_counter_gpr": {
        "rest": 100.0,
        "5": 16.666666666666664,
        "10": 22.22222222222222,
        "15": 38.88888888888889,
        "20": 50.0
    },
    "mean_add_points_gpr": 99.88888888888889,
    "mean_budget_gpr": 46.428683060796594,
    "nr_func_modeled_gpr": 18,
    "percentage_bucket_counter_hybrid": {
        "rest": 100.0,
        "5": 16.666666666666664,
        "10": 22.22222222222222,
        "15": 38.88888888888889,
        "20": 50.0
    },
    "mean_budget_hybrid": 46.46855267320129,
    "mean_add_points_hybrid": 99.94444444444444,
    "nr_func_modeled_hybrid": 18,
    "base_point_cost": 11.330600953895997,
    "min_points": 9,
    "budget": 47
}