{
    "percentage_bucket_counter_full": {
        "rest": 100.0,
        "5": 38.88888888888889,
        "10": 44.44444444444444,
        "15": 44.44444444444444,
        "20": 50.0
    },
    "percentage_bucket_counter_generic": {
        "rest": 100.0,
        "5": 0.0,
        "10": 0.0,
        "15": 0.0,
        "20": 5.555555555555555
    },
    "mean_budget_generic": 20.654624757263207,
    "mean_add_points_generic": 89.16666666666667,
    "nr_func_modeled_generic": 6,
    "percentage_bucket_counter_gpr": {
        "rest": 100.0,
        "5": 11.11111111111111,
        "10": 11.11111111111111,
        "15": 22.22222222222222,
        "20": 44.44444444444444
    },
    "mean_add_points_gpr": 65.5,
    "mean_budget_gpr": 23.851219076806675,
    "nr_func_modeled_gpr": 18,
    "percentage_bucket_counter_hybrid": {
        "rest": 100.0,
        "5": 11.11111111111111,
        "10": 11.11111111111111,
        "15": 22.22222222222222,
        "20": 44.44444444444444
    },
    "mean_budget_hybrid": 23.848478840737613,
    "mean_add_points_hybrid": 68.16666666666667,
    "nr_func_modeled_hybrid": 18,
    "base_point_cost": 11.330600953895996,
    "min_points": 9,
    "budget": 24
}